X_nm,Y_nm,Z_compact,Z_exploded,Layer,Fitted_Peak_Brightness_au
7.273974858206178,10.051401559319832,8.0,14.4,1,119.88660624358032
6.48172919150412,9.7273371523551,8.0,14.4,1,147.03559726371495
7.019523290196496,9.290549781405332,8.0,14.4,1,118.40908577646071
6.483166306144238,9.335944639548416,8.0,14.4,1,142.4601329329776
6.7614303624528,9.293002903206691,8.0,14.4,1,120.0187613170388
7.440799484634743,7.905825461516376,8.0,14.4,1,133.25835016088516
6.229976951693678,8.94383529231316,8.0,14.4,1,150.14306038602086
7.435972610869634,8.701989176097216,8.0,14.4,1,132.7384116317706
6.48849202949086,8.907748894019019,8.0,14.4,1,121.88668382777848
6.627140233141879,9.13579279352773,8.0,14.4,1,161.87397898186407
7.695111747821334,9.066690931556373,8.0,14.4,1,90.48596593770743
7.572733898955364,8.500781578346269,8.0,14.4,1,145.6155667000961
7.009214130458787,10.085068755714993,8.0,14.4,1,142.33147909977788
6.627870904577017,9.529704114488956,8.0,14.4,1,144.3880978248199
5.840515939099351,8.772526968206915,8.0,14.4,1,136.86317623919007
7.539782009158068,10.451244835483948,8.0,14.4,1,86.68572365522151
6.90496219523513,8.7050591770465,8.0,14.4,1,112.51151722541084
7.264690385422578,10.45941026845455,8.0,14.4,1,117.51861418118848
6.374152989168769,9.129547870284265,8.0,14.4,1,151.80052948845528
7.149025347757077,10.299145031643002,8.0,14.4,1,134.5971541217698
6.511894795652747,7.747176904019597,8.0,14.4,1,157.90262343885018
7.703022755416681,9.452625270658766,8.0,14.4,1,111.23127638983028
7.830637807685715,8.448621371913848,8.0,14.4,1,86.79700064045255
7.683543434950396,10.268260470467029,8.0,14.4,1,132.23737669382632
7.567222296799607,8.912473554721732,8.0,14.4,1,114.20935308260292
8.069565968525954,9.597907462100885,8.0,14.4,1,114.7109059920462
7.305372331261378,9.66277980888615,8.0,14.4,1,96.19855699537544
6.37164011993973,8.347730020082679,8.0,14.4,1,134.24409721683645
7.410015910908753,10.28015139316337,8.0,14.4,1,116.97505594332942
7.41866410301726,9.460630094702964,8.0,14.4,1,139.4260393067472
6.894928317419099,9.910422770827848,8.0,14.4,1,148.78978771444673
6.773141775622605,8.521202399645382,8.0,14.4,1,146.21859546304836
6.094293279873661,9.146874870335246,8.0,14.4,1,154.29647857116254
6.336098754902629,8.740530505110616,8.0,14.4,1,141.82743271690964
6.619046722205472,9.91759888041173,8.0,14.4,1,133.53874790965727
6.636036271455104,8.716718971877405,8.0,14.4,1,131.3675174356986
6.738404705167904,10.067191057401628,8.0,14.4,1,132.97803813741564
5.848034203427814,7.572484808724045,8.0,14.4,1,94.4810336745012
5.83842633148083,8.364582819728628,8.0,14.4,1,112.29786669451308
8.482986935087775,10.190857131095475,8.0,14.4,1,136.49488323030226
7.816669142734201,8.83983060471546,8.0,14.4,1,100.91181374012574
7.535452354542879,10.036025736193965,8.0,14.4,1,136.5342840051609
8.085676547187887,10.016694790333464,8.0,14.4,1,78.51690051948344
6.217265948154132,8.554547475179987,8.0,14.4,1,137.3124316894615
5.8442410927624975,7.973041892196672,8.0,14.4,1,113.42484077595448
7.7242492185971665,7.891884895651661,8.0,14.4,1,111.53412944894475
6.349069111624068,9.538083271085014,8.0,14.4,1,124.7362278584636
6.216289364350601,9.33667549325325,8.0,14.4,1,127.46287567041328
7.16727359345014,9.097361412668688,8.0,14.4,1,114.55147219505037
7.172205351087309,8.31884725198343,8.0,14.4,1,117.55491110610976
7.816517127818371,9.218918185320414,8.0,14.4,1,92.5876990505808
7.148522417387308,9.888770706147538,8.0,14.4,1,142.44708949520668
7.801104284264726,10.044463525506078,8.0,14.4,1,83.01568110823615
6.760938778645486,8.930846323952643,8.0,14.4,1,111.51473644811722
7.550564858850001,9.65128651039347,8.0,14.4,1,102.18345967320208
8.491680294432811,9.394626754457368,8.0,14.4,1,121.99876206592565
6.890027088789058,9.104937077389152,8.0,14.4,1,123.62084078175202
7.965596060904924,9.44769128413773,8.0,14.4,1,131.01872587645963
7.027840923322272,9.686563728453727,8.0,14.4,1,98.8448079269174
6.514933977856342,7.345445440562678,8.0,14.4,1,103.6404342573208
8.220243349415647,9.40094170631987,8.0,14.4,1,84.96340787284441
7.824529379313988,8.066831879313888,8.0,14.4,1,109.20946009984952
5.957858967977664,8.973316878921805,8.0,14.4,1,92.5990772242402
6.897866611040898,9.507235113952492,8.0,14.4,1,118.58676391329443
8.344169258218999,9.987667031836937,8.0,14.4,1,124.90561874925184
6.106522325567985,8.763804913306055,8.0,14.4,1,139.6187686727215
8.768578850723356,10.181676813691624,8.0,14.4,1,57.6059886077499
6.500859757085134,8.522769054739328,8.0,14.4,1,142.34707945686813
7.312189235860497,8.496508790277415,8.0,14.4,1,102.52799920839328
7.293427971408917,8.0764775090106,8.0,14.4,1,92.2682545540074
6.768723179384945,8.115884782699522,8.0,14.4,1,115.89641662419687
7.022135323372319,8.875133806409908,8.0,14.4,1,79.84260359511406
7.154060265433628,8.699222591587077,8.0,14.4,1,115.24650397137026
7.437888500779461,9.07912358718866,8.0,14.4,1,131.67203902595526
7.034981850456072,7.710879619045821,8.0,14.4,1,82.05841912610354
7.293160177467697,8.88916610783314,8.0,14.4,1,111.3176824327592
7.284365818151789,9.280877484957722,8.0,14.4,1,89.90790853865748
8.486369372716343,9.7966741378517,8.0,14.4,1,90.2235717380334
7.679155316224442,9.855518104645606,8.0,14.4,1,115.21924554475568
7.698408589370778,8.271861669190276,8.0,14.4,1,126.22111559861617
7.832979592829131,9.670121034525158,8.0,14.4,1,70.68483345342496
5.97546178533487,7.3810649842640705,8.0,14.4,1,72.24983789869732
6.379337296553626,7.146332341031267,8.0,14.4,1,96.51575357564133
8.232901699361554,9.030031039046392,8.0,14.4,1,81.62622930911077
6.650799120662444,8.329096769221911,8.0,14.4,1,131.77033924765266
6.763027876786185,9.71398586743662,8.0,14.4,1,128.57779484696033
7.022070373832116,7.316744875937851,8.0,14.4,1,73.52405546144813
5.9681739167406045,8.547112626327428,8.0,14.4,1,110.52888166945596
8.334175438453729,10.405706865264726,8.0,14.4,1,87.36297298625063
5.981289650917296,7.772363111232681,8.0,14.4,1,94.61928133771548
6.747630008908411,7.309127991058763,8.0,14.4,1,92.96988700945636
7.316619072767321,7.7233317037098175,8.0,14.4,1,108.41218918054274
7.417783840977893,9.866148271701372,8.0,14.4,1,109.33298457081698
7.422590218703462,8.292823409500928,8.0,14.4,1,103.88554612374048
6.494785510927251,6.939583988078874,8.0,14.4,1,58.5345332771812
7.568744835369398,7.683185892410727,8.0,14.4,1,106.94739495153804
7.921400336449297,10.223496419938336,8.0,14.4,1,83.98551071870891
6.900160481868686,8.313499724920804,8.0,14.4,1,153.60793847052847
7.707616202071541,7.504360447917403,8.0,14.4,1,93.6952253921522
6.490499588869838,8.124115084235818,8.0,14.4,1,96.76678447104597
7.029881435246931,8.490386009673719,8.0,14.4,1,126.01457604413832
8.077980281816808,9.216651843866844,8.0,14.4,1,60.61823433247958
7.959051361361698,9.0196792884,8.0,14.4,1,100.35053272136736
8.752032691562635,9.779360040849554,8.0,14.4,1,115.00482904703595
7.1584570428153,9.486177726142635,8.0,14.4,1,97.96063170551534
8.079538925828084,8.80095715895381,8.0,14.4,1,100.93068095239768
8.613463343138418,7.565042608685126,8.0,14.4,1,122.5270970895568
7.558019302549512,9.251227414895624,8.0,14.4,1,106.82603983534504
8.056034968434952,10.427390691087169,8.0,14.4,1,63.867145564044336
6.085766306564264,8.339952195447426,8.0,14.4,1,119.00054794432722
7.815214497944279,7.665566350576638,8.0,14.4,1,84.42057763515463
6.915580302764019,7.523626403494073,8.0,14.4,1,80.22757994337786
7.55236967823942,7.2817403801862755,8.0,14.4,1,72.41838990386242
8.60643823664744,10.357088288150884,8.0,14.4,1,59.46703492415435
8.074116298097909,8.39643817772433,8.0,14.4,1,101.04298560515753
7.706246471030811,8.664487463956673,8.0,14.4,1,93.30924475051656
8.474377856827182,10.56794843443301,8.0,14.4,1,94.13455112059528
6.369687389515812,7.939446085320672,8.0,14.4,1,82.62903683325001
6.897288630432855,7.903054077123442,8.0,14.4,1,108.0600945192233
6.773125311872912,7.731974018824469,8.0,14.4,1,65.90052863140399
9.302409177142131,9.32282768013107,8.0,14.4,1,42.22640448867904
7.422528388703913,7.073500703787701,8.0,14.4,1,60.786708619914975
7.647653242780578,10.491502837058327,8.0,14.4,1,73.26442006189247
8.07479953055402,7.616860701709088,8.0,14.4,1,117.1286271569538
8.224051244533307,8.20638821149607,8.0,14.4,1,81.5941297329552
5.7155268375289126,8.189055907794403,8.0,14.4,1,71.46430690361171
7.183753607544396,7.539176374900031,8.0,14.4,1,68.1589570972385
8.216029763265315,7.815774057441663,8.0,14.4,1,63.38361455567056
7.949161797100001,9.83880632648365,8.0,14.4,1,77.44409830672849
7.041602786179461,6.920204793332059,8.0,14.4,1,98.00315304677856
6.622836027693782,7.930984316391357,8.0,14.4,1,79.04496507501294
6.224562555268081,8.141428464826292,8.0,14.4,1,84.22914476831878
6.373142546618749,7.548408086761128,8.0,14.4,1,72.36378965836579
7.961892921654471,7.846665441549999,8.0,14.4,1,80.55582089825175
9.173089715370644,8.354122491457844,8.0,14.4,1,61.83452226044064
9.611901006702036,9.018028511881331,8.0,14.4,1,85.03979791008692
8.88299241733446,9.57771500195,8.0,14.4,1,33.37436797300319
9.170023389750668,9.58154562323421,8.0,14.4,1,52.757692843184586
8.481661614342752,8.983830527566035,8.0,14.4,1,86.26933429089459
8.471972278866254,7.756307983878231,8.0,14.4,1,83.46769927620569
8.351942485397569,7.590791458863554,8.0,14.4,1,86.08703204052061
7.312426274747204,6.906771940802831,8.0,14.4,1,52.59508960290032
6.248034981405037,7.36933158414546,8.0,14.4,1,59.2227315424348
6.649965570979913,7.5477076126592655,8.0,14.4,1,83.91072835475698
6.64310589058702,7.132259775123331,8.0,14.4,1,95.0705564160048
8.193148795125527,10.21219944026667,8.0,14.4,1,79.78257366257999
7.177598556790981,7.105761220098071,8.0,14.4,1,96.70819057657664
9.122393176983046,7.502002256499376,8.0,14.4,1,62.7751230389115
8.625797191078707,9.154796406520743,8.0,14.4,1,69.38451024663357
7.823176648250601,7.222402741537366,8.0,14.4,1,64.79860233921372
6.925745059796919,6.729995029848289,8.0,14.4,1,105.46076206001024
7.56213702105409,8.068729044805886,8.0,14.4,1,112.44582483273292
6.106380020206322,7.960166224772188,8.0,14.4,1,82.21687751115026
8.321765821384602,8.645388409127177,8.0,14.4,1,64.94629380028877
7.284900011422003,7.347205126892843,8.0,14.4,1,66.706593641427
8.976270916746167,7.664117142915031,8.0,14.4,1,92.4711484779773
8.7462123722708,9.376740062643098,8.0,14.4,1,63.955388158758446
9.016757788224432,8.955895510700781,8.0,14.4,1,68.53541773470262
10.156054811042193,9.300978498558464,8.0,14.4,1,111.04720604583372
7.955588644060957,7.05658920575929,8.0,14.4,1,55.59698080045449
7.5601359460006545,6.847301992949864,8.0,14.4,1,99.64198905221572
7.959018213623269,8.64385931804944,8.0,14.4,1,58.52743868223251
8.32889389085082,9.600491969848695,8.0,14.4,1,69.85140415561783
5.965709800856904,8.129730259321265,8.0,14.4,1,82.42107453739311
7.182136477834478,7.91542019355788,8.0,14.4,1,92.487733632844
9.03432420564452,7.051064828820361,8.0,14.4,1,91.74194189840932
8.987422446119963,8.09295520281874,8.0,14.4,1,68.75862847689876
8.071556077370328,7.221573469634817,8.0,14.4,1,94.7879944789462
9.017799049904042,9.77821455219182,8.0,14.4,1,39.09853764943912
8.22299340614844,9.81052459121888,8.0,14.4,1,71.84028640324948
8.354253828304977,7.9894292774050335,8.0,14.4,1,90.53713580812092
8.60662313175118,9.5891034859,8.0,14.4,1,46.32461216277677
7.186235442205279,6.6784660767531765,8.0,14.4,1,60.74116265317122
8.614807735599351,7.036869973302282,8.0,14.4,1,48.54753509422783
9.408648366018642,9.894207412645958,8.0,14.4,1,77.65268685000294
9.3613338069,7.883165021059601,8.0,14.4,1,57.57953263110542
8.599477727636005,9.971755407350432,8.0,14.4,1,64.85637103196353
8.766255159337641,8.974688130256594,8.0,14.4,1,62.698091079130606
7.022098605314569,8.081536682808723,8.0,14.4,1,70.94914225959073
8.238513891017332,8.61204641142001,8.0,14.4,1,55.06423747476591
8.369078393251558,9.183873238508506,8.0,14.4,1,58.91688265806498
6.219556663953381,7.723008077077431,8.0,14.4,1,85.22947889496818
7.036385393507693,6.50511776980428,8.0,14.4,1,67.77448547128047
6.798924918150002,6.523756160575547,8.0,14.4,1,51.35360593122661
9.6802113575,9.48057968785416,8.0,14.4,1,66.07514057265186
9.270358727408926,9.147454229711837,8.0,14.4,1,53.64908566430727
8.897030614192465,9.98185814486656,8.0,14.4,1,40.00160684964308
9.144619574632951,9.11394412012847,8.0,14.4,1,108.21402509558794
7.789723021800001,10.474519763924135,8.0,14.4,1,57.5632315223118
9.750595005670982,8.429179671292616,8.0,14.4,1,63.81704390760008
9.28161441925,8.53525193665747,8.0,14.4,1,37.92820929664622
8.857409955130112,10.389588736103086,8.0,14.4,1,35.773227518920656
6.118140367040293,7.561939904267027,8.0,14.4,1,95.44529139686304
9.825690302529331,7.492728330985749,8.0,14.4,1,49.49136740780594
7.982801726014766,8.244120120183474,8.0,14.4,1,93.02835546623076
7.440647467389732,7.505303610488173,8.0,14.4,1,71.47323064591988
7.967869321117111,7.462253620289475,8.0,14.4,1,61.82906552343281
9.154978392688331,10.021865876,8.0,14.4,1,42.08888171830955
6.877661977940429,10.183468567259087,8.0,14.4,1,88.55111184214087
8.323012943100277,8.326062766657968,8.0,14.4,1,61.35457514519497
9.429641105043304,7.733165348097217,8.0,14.4,1,56.56951031079687
8.755917211452216,8.158579649369253,8.0,14.4,1,69.4398468194592
8.511115251779803,8.585554214846484,8.0,14.4,1,42.415229116474094
8.86342051626175,8.373099038179898,8.0,14.4,1,44.26145798709686
8.700801737799999,7.346977817909481,8.0,14.4,1,66.29297216906406
8.445176195892884,6.525233811468995,8.0,14.4,1,67.54199633964696
10.1585276834,8.930683892544362,8.0,14.4,1,42.80365158405824
9.419299943262333,8.736799027675906,8.0,14.4,1,41.78540646276901
7.416252126773157,8.985513836549998,8.0,14.4,1,41.90381732951795
8.729631433470265,8.427478123000002,8.0,14.4,1,39.49604699598151
10.218171751459112,7.447487878410557,8.0,14.4,1,99.93224306198375
8.502367528296144,8.17253739894447,8.0,14.4,1,74.30227878597789
9.812532762745564,8.894405964949998,8.0,14.4,1,48.14535957660839
8.895216255874077,7.191499739501321,8.0,14.4,1,68.74330414322817
8.463782693237038,8.438659444916864,8.0,14.4,1,70.34757195078272
9.116488124913618,7.9042646114830575,8.0,14.4,1,59.43188211998552
9.525413582432533,6.819026179023649,8.0,14.4,1,119.4267848389809
6.125550110930754,7.171005306251857,8.0,14.4,1,75.68500710979312
9.934502998775397,8.108600572400002,8.0,14.4,1,32.767888943964635
6.3707104483501,6.743979425058472,8.0,14.4,1,46.69742416767181
9.018661687407771,10.170564950061886,8.0,14.4,1,47.76420717076079
7.700602768857185,7.059276131402165,8.0,14.4,1,85.77446574832896
9.482312936552235,7.264880445875071,8.0,14.4,1,76.17532240950597
7.79608664618274,6.356852279714295,8.0,14.4,1,46.311872285828784
6.877186495116528,7.102522161451961,8.0,14.4,1,71.06860305282723
8.749299832412266,7.7602965937704385,8.0,14.4,1,102.80842327828556
9.908000364097925,9.52777752412111,8.0,14.4,1,36.87007736817554
8.63006767643861,8.810786206575694,8.0,14.4,1,55.00241914389044
9.05128764609274,9.357263694457918,8.0,14.4,1,42.6598309697695
10.340743426599811,8.127861725786001,8.0,14.4,1,89.5719470199478
9.890053030493846,9.338556839,8.0,14.4,1,32.833325916895696
7.538520811021271,6.447070041465234,8.0,14.4,1,52.26027590660385
8.734064388646205,8.71716558877161,8.0,14.4,1,103.00002104933368
7.853845941360132,6.456545902752866,8.0,14.4,1,25.3261605600128
8.782750584902896,7.004967830614938,8.0,14.4,1,81.77429560084695
9.136618715845906,9.35042007414937,8.0,14.4,1,65.86411324382173
6.62971253498951,6.7190071780246745,8.0,14.4,1,56.143940929060825
9.729846719091068,9.155508743487587,8.0,14.4,1,44.68174035302619
10.005948653908174,8.023526283377326,8.0,14.4,1,30.526185667382087
8.207439287117456,8.46786081213152,8.0,14.4,1,46.369981767155046
8.914551549296169,8.78052112545,8.0,14.4,1,41.9283570871836
6.692788918839231,6.351090029760536,8.0,14.4,1,84.06801243844072
8.967025174644183,7.934567368830853,8.0,14.4,1,55.25238327697397
8.996893460105062,10.32935494265,8.0,14.4,1,23.470451388276494
10.021357161196908,7.596118794649999,8.0,14.4,1,51.40149231983439
7.024566827898067,10.16991616735,8.0,14.4,1,46.51721594179696
9.969135050516586,7.303827902458053,8.0,14.4,1,47.85468588500717
7.994366694670666,6.678896312862376,8.0,14.4,1,69.01876000589809
8.639862289259776,7.207274758685354,8.0,14.4,1,92.34035746089025
10.14197719338542,7.118191959572308,8.0,14.4,1,90.151999154146
9.867450669544606,8.541013605122416,8.0,14.4,1,38.71465685726374
9.249361660609498,7.270478664334846,8.0,14.4,1,42.19101635769758
9.659486890922963,9.943887983512315,8.0,14.4,1,65.31291791179045
8.99286209720759,8.823625525037922,8.0,14.4,1,43.00994325416258
9.88950159773388,8.2321830396833,8.0,14.4,1,72.1225581392962
8.074435120550017,7.998545998005001,8.0,14.4,1,56.33918884973276
9.533610185986596,9.563826120282055,8.0,14.4,1,49.13891176729382
8.699492021605606,8.375712228242138,8.0,14.4,1,62.11426081923266
10.301278211989672,8.337953968690739,8.0,14.4,1,61.15511728220301
9.585503107313665,7.517252810775821,8.0,14.4,1,88.85016074184684
8.668529852072712,6.513133204223087,8.0,14.4,1,36.42036219438009
8.74564875873114,9.214036657543804,8.0,14.4,1,37.46528184740279
9.394726426138147,8.591511779813317,8.0,14.4,1,31.533092515621085
7.398787553808122,6.657428704444181,8.0,14.4,1,82.1530563643699
9.251462554538872,8.074435120550023,8.0,14.4,1,39.05044548037914
9.383183902056448,7.458411900471928,8.0,14.4,1,37.46982388405138
8.876242492493827,6.8591031079516345,8.0,14.4,1,69.29123937513715
9.682132990425671,8.750530513504986,8.0,14.4,1,28.033616893030235
6.937002470517338,6.333290590426203,8.0,14.4,1,36.67783919268032
8.426055468388666,6.907787424113167,8.0,14.4,1,58.81319041616273
8.483300159326605,6.9265149077588015,8.0,14.4,1,59.96347238097072
8.904951191259764,6.536555437376926,8.0,14.4,1,50.90385162421361
9.460081561029126,9.213993703720051,8.0,14.4,1,51.51217946425586
9.743146335042129,6.924198241599999,8.0,14.4,1,41.09394172269798
7.056093314844273,8.165542992150002,8.0,14.4,1,43.1473176515888
9.004706983957535,8.734967189649998,8.0,14.4,1,30.76749124162801
7.803509382671324,9.936333765885378,8.0,14.4,1,69.41816470737518
9.46047368342425,6.93192631660204,8.0,14.4,1,76.31165974078849
9.786378622710862,7.174744888499999,8.0,14.4,1,32.940559791077504
8.47589645923703,7.203692824383415,8.0,14.4,1,68.89544449107353
9.67281466441057,7.764881884335534,8.0,14.4,1,28.500469050730075
7.913027566221467,10.47980356304332,8.0,14.4,1,52.730627483180605
8.76956918989623,7.425291535400001,8.0,14.4,1,59.90111745852572
9.289361629798192,10.16237140948776,8.0,14.4,1,38.59321232259372
8.462925673210545,7.366951000118898,8.0,14.4,1,70.06114811626234
8.87162899705001,6.304732282648224,8.0,14.4,1,70.16225865220866
9.286338241236304,9.398898403303727,8.0,14.4,1,42.97431120301876
8.34714761740723,7.198179671771999,8.0,14.4,1,51.53936766408636
7.724099243027624,6.668132866094711,8.0,14.4,1,89.71509587298604
10.407941939608271,7.965428016613643,8.0,14.4,1,97.32428589245102
8.997313697046467,8.380628128425474,8.0,14.4,1,59.63652058517954
9.383881108320177,6.304170126525438,8.0,14.4,1,52.83697298076056
8.380377104240793,6.417970902507991,8.0,14.4,1,57.35925396036879
8.251754909098263,6.015112504782859,8.0,14.4,1,54.43755646579163
8.474249937951146,6.121110992429408,8.0,14.4,1,93.440854293928
10.166097227672596,7.302413854579796,8.0,14.4,1,76.19824713694824
10.022034429673631,8.776381560237066,8.0,14.4,1,42.3737254193852
9.273707337546304,10.218930446565514,8.0,14.4,1,47.08528427768905
6.753370982350002,6.909056049679644,8.0,14.4,1,51.18131073069494
8.923724558342764,8.55205804474224,8.0,14.4,1,34.72151627022665
9.556217056927231,9.743004139533712,8.0,14.4,1,37.0615052800683
9.930758004399838,7.708119651988714,8.0,14.4,1,59.277245463989686
9.13940681546964,8.636837229767593,8.0,14.4,1,65.75582738231924
9.375603343826764,9.7485422612,8.0,14.4,1,26.78731831018593
9.463251495754402,6.709057335254271,8.0,14.4,1,82.46213717872425
8.78052112545,6.760105392479277,8.0,14.4,1,47.00449051357776
9.813118850216195,9.665838605666863,8.0,14.4,1,64.36883360352988
7.683488165947473,6.434104475775101,8.0,14.4,1,33.98866095200426
6.562321657098108,6.620368410187922,8.0,14.4,1,35.65480098211125
7.99433325007802,9.267506131216075,8.0,14.4,1,33.312260606140775
9.25883745135,8.74877050518838,8.0,14.4,1,28.426263360857764
9.828932059387537,9.763745696712444,8.0,14.4,1,90.257638518346
7.900099128474439,6.893744565754189,8.0,14.4,1,40.31966842542688
10.345486739693856,8.729381375938694,8.0,14.4,1,68.3372164455609
9.666725318683223,7.961283809750803,8.0,14.4,1,90.04171991995048
7.059459201668454,6.141109905499999,8.0,14.4,1,36.27922871601064
9.108738943962797,8.237744997912472,8.0,14.4,1,24.62402596610649
8.963088558439367,10.392644369924534,8.0,14.4,1,52.91340368677631
9.9307580044,9.019679288400322,8.0,14.4,1,47.15366923721552
9.020948883968863,6.377839502514671,8.0,14.4,1,50.20092596105368
9.563424447798203,9.334422734111415,8.0,14.4,1,51.04607615732989
8.863861449568082,7.9006349400993585,8.0,14.4,1,68.20623620790518
8.733126822153212,10.337940571371194,8.0,14.4,1,36.48344044869364
8.235788750495175,7.039860617772453,8.0,14.4,1,34.24330312695743
7.316943447513931,6.032337502841893,8.0,14.4,1,41.226664795338095
9.706405167787969,9.364835339778487,8.0,14.4,1,63.94837723808541
9.508137332493106,8.038089457449594,8.0,14.4,1,59.95321362450634
8.132707003640352,5.927034755740187,8.0,14.4,1,56.50131587618541
9.293002903199982,6.804259006437033,8.0,14.4,1,40.40023112907926
8.201050295465704,6.649012371037554,8.0,14.4,1,50.46857824324126
9.623268937750002,6.7129381576042375,8.0,14.4,1,44.82018498256642
9.576235721737245,7.811363179774166,8.0,14.4,1,93.41557490174613
7.452615053150478,6.206723752749999,8.0,14.4,1,62.84117422236845
7.515307147176895,6.298131482426251,8.0,14.4,1,32.18556251614218
8.199708443999999,7.3955499881718145,8.0,14.4,1,40.98812199615272
9.411895636352222,8.165887451310974,8.0,14.4,1,71.29196984742934
9.217923360871003,6.399831678419325,8.0,14.4,1,75.60203688950614
8.218482681294757,6.4324303204265645,8.0,14.4,1,25.191486879609545
8.708847487927951,8.558798000297754,8.0,14.4,1,41.19216028988572
8.866672370929864,8.257639180457176,8.0,14.4,1,79.78101239421382
10.043913242350389,9.500847403455763,8.0,14.4,1,23.922491180303325
9.61879406776961,7.078953869655032,8.0,14.4,1,60.78931067823144
9.166356614701945,6.977663304922566,8.0,14.4,1,41.58997472013962
7.983327249011234,6.2181122367000015,8.0,14.4,1,25.18970361627528
9.293002903199996,8.939830144470966,8.0,14.4,1,48.279293281958914
8.599038291785403,7.974442597247362,8.0,14.4,1,55.70916249098043
9.686975631398232,8.212836817405329,8.0,14.4,1,69.83863819810065
7.722713232428719,6.046085749811403,8.0,14.4,1,81.1447733682093
10.29251696832558,8.513068346467884,8.0,14.4,1,89.8088979736068
9.300078312973977,8.203763082295314,8.0,14.4,1,46.722723776773805
6.47598969572378,10.12095437778399,7.5,13.5,2,172.38306075243355
6.4835278935377,9.72761766038666,7.5,13.5,2,157.9580438631457
7.278685344265773,10.054138010024348,7.5,13.5,2,146.7702124307592
6.229922859396833,8.940096420059351,7.5,13.5,2,164.47041742538894
7.02560218303295,9.291777170030407,7.5,13.5,2,139.1899987109993
5.696842693950345,9.35790403484991,7.5,13.5,2,144.48952257577642
7.539221206573498,10.843106888532704,7.5,13.5,2,137.71578523274923
6.483391010271967,9.31577987109976,7.5,13.5,2,126.42387219118454
5.70521340806277,8.576999780799763,7.5,13.5,2,155.1487814887959
6.222987437358781,9.747582422989234,7.5,13.5,2,146.17125753772305
6.496150333167579,8.907898500485556,7.5,13.5,2,126.95776327115452
6.513580280927439,7.745517106776158,7.5,13.5,2,177.68257490225065
6.613583035773897,10.318939940906356,7.5,13.5,2,159.89861050094743
6.903023501152106,8.702580476782197,7.5,13.5,2,131.47318060970048
5.700399028300105,8.961194076928985,7.5,13.5,2,140.92143272596977
7.011962735440106,10.084815818811483,7.5,13.5,2,164.59330549013708
7.571909308537449,8.49847143081737,7.5,13.5,2,165.1823303254948
7.440557280575036,7.901742742675347,7.5,13.5,2,149.76674353568384
7.697521141584469,9.063525087895092,7.5,13.5,2,103.71252971902292
5.708287548210263,7.3887737881245235,7.5,13.5,2,117.8362612392321
5.567403824956538,8.775846428348947,7.5,13.5,2,161.25865763484683
7.541914098989584,10.037541723133335,7.5,13.5,2,140.68055747817107
6.74016444120373,10.49486487481668,7.5,13.5,2,156.13425753899867
7.26945210562804,10.46052292865328,7.5,13.5,2,132.4869133854495
6.084256286550064,9.946043484074664,7.5,13.5,2,139.65377748793637
6.76287920459379,9.2930029032,7.5,13.5,2,137.42631786488334
5.9565380054663,9.354535110522368,7.5,13.5,2,173.4873386675477
5.836162454429124,8.767885050080436,7.5,13.5,2,142.75992498401456
7.299459441620872,9.661970907117988,7.5,13.5,2,117.95092600996595
6.3709363603791935,9.128730373656795,7.5,13.5,2,157.31205330562673
6.625221215506549,9.134971969900665,7.5,13.5,2,159.3099556797666
7.835232966995671,8.448849703251522,7.5,13.5,2,109.14511628857215
5.825772160385451,9.570841356199846,7.5,13.5,2,160.62638670636
5.440976852257813,8.55709862054083,7.5,13.5,2,108.86022476617272
8.080343530049886,9.601805410584026,7.5,13.5,2,127.92415886471964
7.541644621260246,10.447881989989348,7.5,13.5,2,108.93680303283192
6.370719058656165,8.344411945608167,7.5,13.5,2,152.73873617762433
7.43558167473609,8.698879560957197,7.5,13.5,2,139.72114311419423
5.837058882675072,8.362442159383585,7.5,13.5,2,129.71841167484132
7.702553207231426,9.452997740535697,7.5,13.5,2,135.64772951165529
5.957976178109367,9.726181916195086,7.5,13.5,2,148.95851429590977
6.501396275620078,8.517637791427992,7.5,13.5,2,160.24842631226147
7.14726009505177,10.297294478581312,7.5,13.5,2,151.20046138551862
6.349925903569747,8.740706056738508,7.5,13.5,2,159.08794126455572
8.090337509356955,10.009074156787156,7.5,13.5,2,99.45983039765368
6.636756392708447,8.714263042040495,7.5,13.5,2,146.86689245073444
6.745416523983455,10.072614965153566,7.5,13.5,2,139.21293776130648
6.627514993530894,9.529069334525868,7.5,13.5,2,152.15706437434733
6.206568307189008,10.124362231549997,7.5,13.5,2,126.33238999277408
5.84872609903206,7.570898117978511,7.5,13.5,2,114.36799267479506
5.845565475757556,7.9717715625057375,7.5,13.5,2,122.90125365800846
6.771192283705746,8.517133854195624,7.5,13.5,2,160.97476643405693
7.6814344256775025,10.26380787060512,7.5,13.5,2,139.95664428718462
6.219730171692618,9.33329899188645,7.5,13.5,2,140.09062503929135
7.410979644389011,10.27920568731754,7.5,13.5,2,125.94648376988806
6.352185152592532,9.534774213012756,7.5,13.5,2,131.4691592715421
6.222102688506768,8.553011412656955,7.5,13.5,2,142.31938394363337
6.515575008272024,7.343236327223122,7.5,13.5,2,115.90480993014432
6.892019227371249,9.910803075905358,7.5,13.5,2,155.36792537670226
5.57289261182895,9.18469691086627,7.5,13.5,2,129.66037612437404
6.900064647183502,9.507844278872223,7.5,13.5,2,143.50433755602234
8.072406250340867,10.814604777755166,7.5,13.5,2,114.8756286492518
5.571023853792701,8.369397229396819,7.5,13.5,2,133.8094743204756
7.715233548996457,7.88552921199858,7.5,13.5,2,131.9524893649622
7.308615155926415,8.49743833536962,7.5,13.5,2,132.25187730384818
7.034014854807708,8.491426151619532,7.5,13.5,2,151.43736905739124
7.168032474794892,8.313126962278213,7.5,13.5,2,113.33767655114208
5.980013682106689,7.372234278291807,7.5,13.5,2,100.00380355772238
5.8346565982607626,9.158155115689,7.5,13.5,2,147.50104443853817
7.299524961558434,8.074816313603751,7.5,13.5,2,112.2431480404006
7.421477207251682,9.461863384101092,7.5,13.5,2,146.621115013956
7.82523432745612,8.839497328606676,7.5,13.5,2,117.93710119437672
7.565959794063586,8.897190324479574,7.5,13.5,2,114.67742380150766
6.093819732978095,9.146861169487332,7.5,13.5,2,158.63189283822595
6.618101433852165,9.914484661691557,7.5,13.5,2,146.06196146935693
6.771043427018097,8.114912310857603,7.5,13.5,2,137.71727924350088
7.813826548265441,10.0376185274865,7.5,13.5,2,111.87345726553346
7.675628339361235,10.655502211620991,7.5,13.5,2,132.44080610180583
6.08984813236133,9.5463681018139,7.5,13.5,2,158.98620253857075
7.554150232957943,9.651277568665884,7.5,13.5,2,118.72121302915872
7.826986130716116,8.06129068553021,7.5,13.5,2,120.40538043033372
8.4990340139535,9.391384699533448,7.5,13.5,2,132.67906257511714
7.57242492198473,7.681247297653849,7.5,13.5,2,132.81068609846835
8.352130539587098,9.985800429887956,7.5,13.5,2,120.28593962191889
6.1032130373846565,8.758331809626082,7.5,13.5,2,143.86192386020437
7.825836568832496,9.224615435120509,7.5,13.5,2,111.48774844941724
7.2905815969842624,9.279885449093594,7.5,13.5,2,110.92155063476294
7.041369332525795,7.710390693149164,7.5,13.5,2,110.34904002704826
6.646842476241908,8.326234083578163,7.5,13.5,2,142.1452458014062
7.03743409693195,7.311771111546117,7.5,13.5,2,97.42592829609748
7.702215722035858,8.270652628451801,7.5,13.5,2,145.8430851920643
7.032513790458637,8.870306646935019,7.5,13.5,2,100.50965225526338
7.003830313869651,10.480360669067434,7.5,13.5,2,102.18498504254757
7.167774037758013,9.09396309332826,7.5,13.5,2,129.83811009385713
6.876533913024394,10.312958013525016,7.5,13.5,2,139.01180220371756
6.892948691062837,9.106262287312754,7.5,13.5,2,132.3649441499276
8.486540838024034,10.190179497241823,7.5,13.5,2,125.49505232804935
6.765241543045416,7.317603988106866,7.5,13.5,2,100.0361493626891
7.968336350218692,9.44409589225016,7.5,13.5,2,143.699942078087
7.025392494174934,9.688305479918371,7.5,13.5,2,122.22321290896724
5.98245231594273,7.766728090294524,7.5,13.5,2,118.50505911725884
7.1517134242183005,9.887504746273509,7.5,13.5,2,145.53898354801615
7.437221531217149,9.077115356967091,7.5,13.5,2,142.0492756064492
7.8271657905338685,9.65620645626943,7.5,13.5,2,87.07026009994816
5.95826922971098,8.939959900749999,7.5,13.5,2,98.1703084852329
7.143529061213286,10.703125075044277,7.5,13.5,2,112.96628143253773
6.760699517603625,9.712401419104204,7.5,13.5,2,147.46571462451666
7.564250519922957,9.252619468624316,7.5,13.5,2,140.51764697714998
7.406229801175022,10.658024367588975,7.5,13.5,2,124.98937336852114
5.705750531362853,7.777424155141309,7.5,13.5,2,119.34397657808194
5.971010341512878,8.5469336886595,7.5,13.5,2,139.41520086484212
7.29692685453737,8.888743089751644,7.5,13.5,2,131.66949066156778
6.38298374808686,7.146209526556746,7.5,13.5,2,125.57537856036716
8.237276215002492,9.026809606396178,7.5,13.5,2,100.21617362006695
6.76266973701118,8.92325622447168,7.5,13.5,2,119.2938646365816
6.901378278968525,8.310333026254272,7.5,13.5,2,145.32623182935396
6.497413371745477,8.123639558649954,7.5,13.5,2,116.85641150559168
6.636159598954909,7.932267988566324,7.5,13.5,2,108.42954506785372
5.577274695751621,7.5848814439836865,7.5,13.5,2,142.00373761266482
7.159941120292724,8.69730867066402,7.5,13.5,2,132.13886248807032
6.517800538211843,6.93517516220676,7.5,13.5,2,78.56945762175569
8.228650819049045,9.401054040711069,7.5,13.5,2,101.52143988450668
6.374375616414818,7.9393588555112595,7.5,13.5,2,115.96795713682113
7.436296928438912,7.081920064836613,7.5,13.5,2,86.6339142303715
7.562900395582029,7.287563869929545,7.5,13.5,2,91.67074457640824
8.343610673617833,10.399165249625572,7.5,13.5,2,104.70678324238408
7.934288845541245,10.21814073638105,7.5,13.5,2,96.19490091643554
6.915495032587166,7.524123168982161,7.5,13.5,2,118.4261355158235
8.755836524171974,9.771884481071794,7.5,13.5,2,117.32103160885076
7.162719440455198,9.485714695258956,7.5,13.5,2,120.44465531996438
7.686223248076244,9.852602067530164,7.5,13.5,2,130.01752316330334
8.617882556664858,10.362325099993653,7.5,13.5,2,91.92922204700513
8.08759119024844,7.61878762524404,7.5,13.5,2,119.87665151061871
6.774942692891866,7.726212163095864,7.5,13.5,2,85.52920880443888
7.419972530329548,9.864041386618846,7.5,13.5,2,125.81260726261915
6.236025821129991,8.141409385575573,7.5,13.5,2,110.81582915056686
7.825901518285224,7.6625168139680175,7.5,13.5,2,97.07555428028296
5.709108942270088,8.186127870473683,7.5,13.5,2,101.76280964359428
8.47986344543309,10.572284233542849,7.5,13.5,2,102.7236451360292
7.311242786703039,7.723400602159883,7.5,13.5,2,127.89345024619443
8.359841128735495,7.591083269835413,7.5,13.5,2,109.55313172987066
7.049041644364165,6.92073837531248,7.5,13.5,2,120.25816234815028
7.969443252701531,7.846665441549999,7.5,13.5,2,92.67304685299204
8.768470385911378,10.174426699172448,7.5,13.5,2,79.25975075500236
8.095983169706052,9.212315507085458,7.5,13.5,2,82.75911494069322
7.705697359741501,8.663068844024727,7.5,13.5,2,112.63549272584775
7.800733655526273,10.832734053547822,7.5,13.5,2,87.35225521722445
6.375048443598595,7.547826444664702,7.5,13.5,2,97.07302086335544
6.908370125680118,7.9059879586048,7.5,13.5,2,124.67492747758163
7.564976219306227,8.06488972142064,7.5,13.5,2,137.35335035140514
7.431232709429113,8.289104827206918,7.5,13.5,2,123.42992818967298
6.09530828845798,8.34380342960914,7.5,13.5,2,120.5619412021902
6.648910677412631,7.137061751280614,7.5,13.5,2,115.43512173567755
7.709765837018097,7.501218872614103,7.5,13.5,2,117.06829528354322
8.230537484768842,7.824456082813104,7.5,13.5,2,75.49169818875002
9.153347152709602,10.736228735037765,7.5,13.5,2,79.56854855013327
8.09101794663587,8.80200700230842,7.5,13.5,2,105.55705913615098
5.588160978687619,7.983327248950001,7.5,13.5,2,96.20146451589136
6.350227287709587,9.9079810365,7.5,13.5,2,109.74750117781048
7.321505354287127,6.897639062351502,7.5,13.5,2,80.40392572926937
6.92819857298353,6.7294634382947125,7.5,13.5,2,115.65325542339303
7.966292772673248,9.02453507488378,7.5,13.5,2,118.03857401729675
8.361142322631277,7.993758840890294,7.5,13.5,2,104.81472352385794
8.628935725363581,7.570400216565786,7.5,13.5,2,108.62367219197569
8.49178827548752,9.794611111422425,7.5,13.5,2,109.8977511616474
7.18303776909299,7.107838290606641,7.5,13.5,2,99.07447123945003
7.4420604736571825,7.504612846718196,7.5,13.5,2,108.03050987505743
6.648146306573789,7.547130323214963,7.5,13.5,2,116.0759745485988
9.310501501000122,9.326112672340235,7.5,13.5,2,63.57257185951451
7.190918458754751,6.689069488578515,7.5,13.5,2,81.00214591488577
8.632941052266169,9.1575423334495,7.5,13.5,2,94.4700892177964
6.231404860898769,7.729205237289918,7.5,13.5,2,105.74839334343852
8.23360458279017,8.209704535041094,7.5,13.5,2,97.67101602862652
8.054251340396208,10.444346130434509,7.5,13.5,2,73.65410506870728
8.497265092732196,8.98646859540837,7.5,13.5,2,95.82751210672546
9.571878750125174,10.140925696938794,7.5,13.5,2,59.78347799442656
7.968491873408341,8.641864609326303,7.5,13.5,2,83.08286104125574
8.20432303804826,10.208156531774648,7.5,13.5,2,87.87958347030752
5.974506161692342,8.134151377793678,7.5,13.5,2,102.06834234572716
7.053982337714577,6.50412325585803,7.5,13.5,2,82.56985537319223
6.246894618918134,7.360000469500612,7.5,13.5,2,91.2162092349368
6.110232724385712,7.952727657017085,7.5,13.5,2,116.87380794991094
7.945212494855274,10.638495934783442,7.5,13.5,2,103.84843821218702
7.976284638295574,7.054638556471975,7.5,13.5,2,79.48362497877447
5.9867656664284405,6.947794515735402,7.5,13.5,2,93.41797873301944
9.174030989756355,8.346418345291694,7.5,13.5,2,82.47608852524546
9.029956961071573,9.745708860784802,7.5,13.5,2,58.21360711323958
8.775857515695167,8.975050694983093,7.5,13.5,2,90.4059685885252
6.264081440892412,6.550998791965422,7.5,13.5,2,71.70189493793774
7.975745959200672,8.244643196325837,7.5,13.5,2,123.6245646637211
8.345717698689139,9.591433907059432,7.5,13.5,2,83.80263152832468
9.173586733016542,9.563043443451097,7.5,13.5,2,72.86090402015279
7.1791701232266245,7.906298749487765,7.5,13.5,2,118.37424801635008
8.373914537649128,9.186298635212353,7.5,13.5,2,92.03841518134706
8.483935972877434,7.773753845870839,7.5,13.5,2,93.8524740675182
9.03333487096016,8.953045948237373,7.5,13.5,2,83.75699516305698
7.834994200943813,7.2342047719874385,7.5,13.5,2,70.44962589896129
9.296311084565689,10.518305296600522,7.5,13.5,2,75.76893372765645
7.300374358076732,7.339727301532943,7.5,13.5,2,79.60093550977103
7.178807726270342,7.539176374900001,7.5,13.5,2,96.35708403683074
8.74837079776375,10.57595108568728,7.5,13.5,2,88.64186699300818
8.619898460505512,9.57457122108324,7.5,13.5,2,67.49400662680374
7.035572197615306,8.085880517228436,7.5,13.5,2,99.61712471730478
8.085869280060399,8.394075746565465,7.5,13.5,2,97.8280466665652
6.116128417216293,7.55793347395267,7.5,13.5,2,118.62569479077276
6.124470746690576,7.170628054065119,7.5,13.5,2,106.1900764429439
5.852405267942359,7.176539013443451,7.5,13.5,2,100.63386269260675
7.949161797100001,9.834784429501749,7.5,13.5,2,99.1047287020736
8.761338738093556,9.36731796457203,7.5,13.5,2,76.10857046297393
8.902542213077826,7.19174477245183,7.5,13.5,2,83.73984926265221
8.244353534980508,8.626827107964528,7.5,13.5,2,79.98170434172144
8.879506885243547,10.773505816700023,7.5,13.5,2,64.8690317160246
7.971725447837413,7.463012862042035,7.5,13.5,2,80.48161961094091
8.765813587429918,8.167227688783427,7.5,13.5,2,88.10898732231986
7.650305307999452,10.492679564112992,7.5,13.5,2,65.80492354543459
9.296901390903098,8.538848726962067,7.5,13.5,2,54.83405073588211
8.09723526026166,8.004693687014655,7.5,13.5,2,78.69536388254251
7.568217605716034,6.853262611327098,7.5,13.5,2,96.56496154617508
8.370078929931505,8.408219383749088,7.5,13.5,2,80.91236355851775
5.436070030866058,8.18189669490244,7.5,13.5,2,98.3247076531444
9.68780226264839,9.482258809363168,7.5,13.5,2,85.23871750012746
8.893894679821662,9.539018405779435,7.5,13.5,2,58.16094165065319
9.424151602565448,9.896092144256968,7.5,13.5,2,94.6720965309457
6.798924918150002,6.526399083678507,7.5,13.5,2,73.2061497077353
9.830164598879207,8.8965700242304,7.5,13.5,2,77.57993142395595
9.154024383393857,9.116935151284174,7.5,13.5,2,99.60223543031066
8.618939672516596,9.96931097273813,7.5,13.5,2,78.54908265553674
9.61197083256467,9.018215209101005,7.5,13.5,2,77.70146016623958
9.14511940036609,7.913117875437535,7.5,13.5,2,63.78572698375277
7.792485658998856,10.45667504292522,7.5,13.5,2,67.60613478369706
6.390552393975104,6.753183178423944,7.5,13.5,2,68.55316226641702
8.366209526937437,8.785014592109633,7.5,13.5,2,82.26765461718799
8.763404204871673,7.764040386243006,7.5,13.5,2,88.61567001132556
8.505459896741,8.591604392622314,7.5,13.5,2,69.03410745093841
8.224206434745867,9.80740305577626,7.5,13.5,2,92.03643108982506
9.294740845321094,10.129339014067709,7.5,13.5,2,73.46875379688733
9.445502062125668,8.734771937441545,7.5,13.5,2,57.02842759858118
8.508247487613515,8.181682265675775,7.5,13.5,2,88.61434899619684
9.008572041554103,8.118242549929729,7.5,13.5,2,65.67782336772424
8.095049543701297,7.219794486791877,7.5,13.5,2,97.80630115485882
8.78904192828804,7.000313263081038,7.5,13.5,2,84.48511031421006
8.886726995209116,8.365580876015823,7.5,13.5,2,76.92748955799631
6.899223108375452,7.10984382504392,7.5,13.5,2,93.97408220402306
8.003382377825991,6.665947256785706,7.5,13.5,2,79.20604198166906
9.02369439330904,10.15998522631771,7.5,13.5,2,64.44722113892843
6.12787358022756,6.766814024566183,7.5,13.5,2,95.09546939639992
7.863756723646729,6.452465518373077,7.5,13.5,2,40.36399056594903
7.72734538352478,6.666894789196198,7.5,13.5,2,94.84665919927058
8.897509963905529,9.976311940200002,7.5,13.5,2,56.343310673453495
9.144952611849998,7.505890596505132,7.5,13.5,2,59.32291566430616
7.720205743531509,7.067708947629223,7.5,13.5,2,98.19850155052318
10.155146026866992,9.298621909224558,7.5,13.5,2,102.0481114141014
9.351668505874253,7.761575552115643,7.5,13.5,2,97.21596717792166
8.646197258054542,7.200498648300076,7.5,13.5,2,96.46620546274612
7.426891115083551,8.985513836549998,7.5,13.5,2,54.43918519218851
9.050822165710724,9.352474888117388,7.5,13.5,2,71.36624878618517
9.036842001251642,7.051148610736343,7.5,13.5,2,82.04941665478647
9.409674271062208,10.303040153102083,7.5,13.5,2,65.33831553138677
6.392430774950111,6.341194039569312,7.5,13.5,2,86.0494194297529
9.564198209506271,9.311107312921497,7.5,13.5,2,71.78082880424017
6.674266896786373,6.346702089194235,7.5,13.5,2,81.92796248759618
6.661051930926641,6.732980090918858,7.5,13.5,2,67.68663810441528
10.060034515325636,6.430916157903002,7.5,13.5,2,101.47074136434551
10.01540637627109,9.906650512036087,7.5,13.5,2,42.755494991016256
10.005116171541577,6.5327991411118935,7.5,13.5,2,89.9710705991558
10.802545161944352,7.921638586912575,7.5,13.5,2,65.7629968360137
6.94536001211426,6.343385560147908,7.5,13.5,2,61.72563331141149
7.224846104570626,5.918720914189981,7.5,13.5,2,59.46478956544499
8.647119849227453,8.373049977963037,7.5,13.5,2,84.55189464112786
9.70036216792312,8.715814152364803,7.5,13.5,2,69.1729336005032
8.968807592578884,7.66274769290032,7.5,13.5,2,75.70149048020296
9.821100610916073,8.063746090988232,7.5,13.5,2,44.68283955949375
9.173836132666269,9.919554517380622,7.5,13.5,2,65.85741289208042
9.167153185731818,10.351134845148293,7.5,13.5,2,65.07235526571566
10.388418617580433,9.25764667043792,7.5,13.5,2,64.41960200999218
6.7602596633994345,6.905163567273464,7.5,13.5,2,63.6627432793055
9.868667601866582,9.32120203367742,7.5,13.5,2,39.023604138848526
8.216680743290404,10.609188777875197,7.5,13.5,2,75.42026554315204
8.9285714168,7.923675032262127,7.5,13.5,2,51.71972946527038
9.754646458705832,8.428693998120602,7.5,13.5,2,54.35994902320008
10.1585276834,8.908161521503242,7.5,13.5,2,57.02331655633278
8.61248661611476,7.967470980567576,7.5,13.5,2,73.7991858711538
8.370274500259066,7.20277094181368,7.5,13.5,2,56.99453193883395
7.078077458658735,6.11888492952161,7.5,13.5,2,50.17506242313492
10.219814160985562,7.447622078037342,7.5,13.5,2,100.35189538851763
8.606446572943762,7.035155224196022,7.5,13.5,2,37.15248346952192
9.952800906924288,9.048841487243813,7.5,13.5,2,58.4862651223816
9.3613338069,7.885052788192393,7.5,13.5,2,47.77154133839394
9.020274562027812,10.553570739113814,7.5,13.5,2,74.49496299154231
6.251310697815562,6.943603738469948,7.5,13.5,2,69.92081557896385
7.853380126649695,6.863483045439259,7.5,13.5,2,67.54799609436358
8.232314892454621,7.4286599058143326,7.5,13.5,2,76.26553433016984
7.481120008528687,6.278779928869694,7.5,13.5,2,59.26259832567614
8.645298953356898,8.794138997421022,7.5,13.5,2,63.33588036215497
5.849586930843146,6.7811243341057725,7.5,13.5,2,78.12720962614638
8.700801737799997,7.344425009966251,7.5,13.5,2,59.0459423633471
9.570381785421368,10.498854841185896,7.5,13.5,2,60.15392551183615
7.766946053899733,6.278790842182046,7.5,13.5,2,49.75650185501534
9.04294261240252,8.55558670685988,7.5,13.5,2,59.19793064615491
8.905794448900002,8.772153749218182,7.5,13.5,2,62.12816449012326
10.34074342659996,8.129296494765542,7.5,13.5,2,81.89420776277572
9.782153008048596,10.369079358059109,7.5,13.5,2,69.44462701103444
8.346847463877804,10.798386149957906,7.5,13.5,2,55.80133676175546
10.741488914209697,8.564061973552768,7.5,13.5,2,49.67992950582519
9.859917370129772,8.524698984778562,7.5,13.5,2,45.80906750711386
9.315779871100002,9.73928921697585,7.5,13.5,2,43.70840714281352
9.580880518350147,6.1975038391002855,7.5,13.5,2,39.44181086925904
9.701861890486128,7.509453199775318,7.5,13.5,2,55.935281412586434
10.433768550794698,7.818225894190704,7.5,13.5,2,59.8760697824618
10.72216473746408,8.842588649550787,7.5,13.5,2,79.85342573894448
7.113609218679534,10.512875556909435,7.5,13.5,2,74.10990662395946
10.074971439543784,9.659713525053135,7.5,13.5,2,41.59929099984513
10.82002026893465,8.214749281218031,7.5,13.5,2,97.8530132727952
8.38940898570778,6.413804680389855,7.5,13.5,2,72.12070448611111
8.006552679505512,6.233635455065131,7.5,13.5,2,35.880608241965355
10.333816501925211,7.530545730462587,7.5,13.5,2,44.01802146429066
7.630284246500001,6.449876074350759,7.5,13.5,2,39.29990287159385
10.638289386802477,8.671650127729599,7.5,13.5,2,37.43616627039309
9.820960277686613,9.670815718121148,7.5,13.5,2,79.5195002811168
8.446338577789948,6.514391762300662,7.5,13.5,2,54.7391252610331
8.777032964284473,7.425291535400001,7.5,13.5,2,59.6006084745113
9.821425014215796,7.485816065643489,7.5,13.5,2,38.931208800903406
7.561953342798271,6.45087599547732,7.5,13.5,2,50.72722118536017
8.201529063123859,8.458035068070634,7.5,13.5,2,50.4463921453354
10.454628266100002,7.657515501802568,7.5,13.5,2,36.52423958099457
6.537561230330789,6.559766755200158,7.5,13.5,2,51.29608482781046
9.744860991867707,6.924198241599758,7.5,13.5,2,32.0365156720311
10.720427358674792,8.447586492410299,7.5,13.5,2,57.55845465497554
10.354650784002134,7.2158593735944,7.5,13.5,2,59.16388236095692
10.51866411030304,8.246708114130264,7.5,13.5,2,88.11040321780644
9.684448832067686,9.941822487662142,7.5,13.5,2,57.88888126335654
8.877867023287902,10.374908878450002,7.5,13.5,2,56.13120846491553
10.150996123486198,7.292697492425501,7.5,13.5,2,25.18474108501332
9.94214648835,6.358136965471929,7.5,13.5,2,36.906952675808704
7.937773313149576,5.615108685573295,7.5,13.5,2,33.02912371595534
8.691379096561805,8.427478123000002,7.5,13.5,2,34.07631108768376
10.656955768222463,7.778334537850001,7.5,13.5,2,41.57819412314345
9.561424532389731,9.700275614636274,7.5,13.5,2,53.763387353458185
9.527968206187516,6.819908480912113,7.5,13.5,2,95.29984671793068
7.436680019349999,6.668630577239486,7.5,13.5,2,63.0854223494953
7.32774857035559,6.47066191187327,7.5,13.5,2,62.30906263408406
8.247751918011101,7.036636790648614,7.5,13.5,2,56.89193459419587
9.39703981902221,8.57977830788885,7.5,13.5,2,29.99542139463461
8.241590114828774,6.623642839124515,7.5,13.5,2,53.77338545440805
9.002702982678379,6.022989841648636,7.5,13.5,2,65.53695399248524
9.569674244332768,6.331997076200001,7.5,13.5,2,33.83054761737495
8.545747408733785,6.608832516789075,7.5,13.5,2,58.93061696066102
9.47975445217121,6.719195288800442,7.5,13.5,2,45.64511364150353
8.415347180397422,6.899609877469493,7.5,13.5,2,47.18538091308488
9.4296647106,7.268732082991764,7.5,13.5,2,50.4784141782192
9.280127948045507,6.7960640633826594,7.5,13.5,2,37.27431781150409
9.303999822403547,8.934822822948973,7.5,13.5,2,64.63092151999231
9.792678526225504,10.208007874013909,7.5,13.5,2,83.28232204295041
9.797290945295977,7.16959295227663,7.5,13.5,2,27.65007582758502
9.527700262892065,9.552329536921905,7.5,13.5,2,39.0477613789564
8.873864667225645,6.310314326083068,7.5,13.5,2,58.43737791924309
7.624038469494744,6.071732742921427,7.5,13.5,2,51.719645153777286
6.515301007708933,6.17211214335761,7.5,13.5,2,63.65671893977886
10.112973747600002,8.077123563368191,7.5,13.5,2,51.34180236611901
10.371596042463825,7.971895893450235,7.5,13.5,2,44.57084245668443
8.48442054275009,7.385974317531065,7.5,13.5,2,76.02940349379743
9.942832908522758,10.231987260781416,7.5,13.5,2,63.49945930880496
10.629327856374884,8.274123664939914,7.5,13.5,2,83.58606645989592
9.21692760621618,6.400008114919891,7.5,13.5,2,76.73922450632533
9.248902122681042,9.145164649607622,7.5,13.5,2,42.81441624854792
10.032028308996658,7.596118794649999,7.5,13.5,2,24.834394735728203
10.37118848331824,8.413331016213018,7.5,13.5,2,76.66022323355483
10.421610279291992,8.070406871882545,7.5,13.5,2,51.903836146452726
8.757623020082926,8.575528414350002,7.5,13.5,2,64.60431174710239
9.19050654765,8.753966844189287,7.5,13.5,2,45.21607098146068
8.969933968182705,8.376808425139542,7.5,13.5,2,47.17287236694947
9.944089188026364,9.50938409825,7.5,13.5,2,36.732163099001845
8.892107061866646,9.135353746766326,7.5,13.5,2,51.066211087618576
10.540763552634584,7.573341826749999,7.5,13.5,2,43.20718170159212
9.28679005833292,7.144957314530889,7.5,13.5,2,60.02854812516277
6.230097407424717,8.935246197242392,7.0,12.6,3,177.44786007847262
6.476017033385795,10.116737280287676,7.0,12.6,3,165.40030388011513
6.485039913909057,9.725011131397569,7.0,12.6,3,164.96720544364734
5.435832140660327,8.974039042509869,7.0,12.6,3,187.8767019992132
7.029388866957108,9.291538489096183,7.0,12.6,3,159.39996943556864
5.171577236310764,8.976354522553768,7.0,12.6,3,181.73855983791069
6.513754240285598,7.741683637950341,7.0,12.6,3,199.9053692972768
7.283080660408412,10.05382337211496,7.0,12.6,3,169.01981477377333
6.491125635699891,9.315779871099725,7.0,12.6,3,129.64947386308984
7.547779245524216,10.034857052851592,7.0,12.6,3,148.66942433779894
6.502000347038812,8.511469280382661,7.0,12.6,3,173.45221702681408
7.54219802191787,10.840902968343858,7.0,12.6,3,159.5844943132264
5.71226030320388,7.385398484915523,7.0,12.6,3,152.4750149136938
6.501663834790275,8.903321771439753,7.0,12.6,3,138.86212429137595
5.705013214994263,8.568379212547521,7.0,12.6,3,163.8589201413354
5.961651327298665,9.720715528649912,7.0,12.6,3,172.9905499169724
7.279867135601997,10.8618431032318,7.0,12.6,3,127.73027107143184
6.742674066911373,10.48809291516142,7.0,12.6,3,155.71072642243453
7.013141266090316,10.08213083386497,7.0,12.6,3,187.01718849796944
6.215636769288621,10.09996259063746,7.0,12.6,3,145.02629253020118
5.184028275382172,7.405454617891973,7.0,12.6,3,131.7927744299859
7.567393736289466,8.491124345661667,7.0,12.6,3,156.1529572967982
5.700406861106684,8.957582306315024,7.0,12.6,3,159.98899363076703
7.036450276190389,8.49129109802796,7.0,12.6,3,182.16403925184164
5.696884600436998,9.348386522563285,7.0,12.6,3,159.30891026683128
6.901808153786688,8.698078148227856,7.0,12.6,3,148.62114003073287
6.743328080746088,10.893371644231769,7.0,12.6,3,126.19671344754768
5.561568701654839,9.568587470076244,7.0,12.6,3,162.05937527078842
5.447705062431019,7.766510311766003,7.0,12.6,3,147.60564954936422
5.567808460998617,8.770646215191308,7.0,12.6,3,158.89228458743528
5.430987175157976,9.360364656925084,7.0,12.6,3,164.00392372097477
5.979679369221086,7.363662392475996,7.0,12.6,3,143.75630279055858
7.837964790977412,8.445781978327531,7.0,12.6,3,134.81520709113
7.296921926758508,9.658513642127724,7.0,12.6,3,146.5371671713857
7.273976138231927,10.459858654833752,7.0,12.6,3,143.27927198263805
6.218559614726767,9.742757161516815,7.0,12.6,3,149.97464205931195
5.441449605240649,8.55395662922445,7.0,12.6,3,150.58688705389892
8.089521023002948,9.603623950546524,7.0,12.6,3,152.91121869533097
7.572396312296435,7.677410306643973,7.0,12.6,3,161.54117547670293
6.763115492245567,9.29370720375562,7.0,12.6,3,152.52334922805343
6.613072246989907,10.313757082731932,7.0,12.6,3,157.0058926594656
6.370698776869963,8.335199292307959,7.0,12.6,3,160.79156771807084
5.836394788973428,8.357724094595392,7.0,12.6,3,144.69640740213524
6.513569708994428,7.335959263450677,7.0,12.6,3,141.43359532061112
7.566394870531206,9.25269933502955,7.0,12.6,3,179.97848231264285
8.093729527849776,9.9993936664926,7.0,12.6,3,128.9268992117073
6.750965411515473,10.073998074118428,7.0,12.6,3,161.21094221716524
5.9578509905042525,9.346642467438237,7.0,12.6,3,169.83734302502248
5.949782594924244,10.12113692862022,7.0,12.6,3,179.29555504782297
7.302928651107292,8.067527057117918,7.0,12.6,3,135.8919323414242
6.356911193013729,8.740019240423061,7.0,12.6,3,172.7433768834557
7.305506574286714,8.495256106693216,7.0,12.6,3,154.8012036445967
7.699738057881676,9.053011993534293,7.0,12.6,3,119.54776942555192
5.849281833067077,7.5677715994053,7.0,12.6,3,136.46305288548777
6.222841205237798,9.325660253666983,7.0,12.6,3,150.97329249353248
6.35604667149023,9.52224303604851,7.0,12.6,3,138.17062985393204
6.367868919259484,9.125514542247355,7.0,12.6,3,158.4570137055234
7.045498036968037,7.308937358015431,7.0,12.6,3,137.0050328280398
5.580910986380648,7.585963429542081,7.0,12.6,3,166.7424980176279
6.777559357643826,7.320830180636083,7.0,12.6,3,130.0264076548797
7.5432269078317,10.44265220634787,7.0,12.6,3,132.71491640361666
6.637640070470605,8.70848851189931,7.0,12.6,3,158.27349836367128
5.84487426852825,7.967721565129135,7.0,12.6,3,137.00259627966523
7.832799251382299,9.227393936274812,7.0,12.6,3,137.64194488359573
6.758804494793865,9.70909222075915,7.0,12.6,3,159.8870019208924
5.981169543593087,7.759119134633427,7.0,12.6,3,140.7924524895773
7.00463017985351,10.86776288353987,7.0,12.6,3,143.97159970484256
7.439723227075983,7.897183054513258,7.0,12.6,3,156.2275927460323
7.555350190183085,9.65087758289792,7.0,12.6,3,142.74712452066984
6.640843650995541,7.928069864078301,7.0,12.6,3,132.47609371295184
7.0434804461222,7.709998002190192,7.0,12.6,3,143.48795202702868
7.038934055462847,8.864613879351912,7.0,12.6,3,137.4314238718359
7.010210035098859,10.467273549954546,7.0,12.6,3,127.33331330029596
7.296329434304055,9.27475044081249,7.0,12.6,3,129.49222998745353
8.362166408111198,9.976492649080589,7.0,12.6,3,122.45849435118238
5.970272125657823,8.54234365011619,7.0,12.6,3,167.93237238088523
7.793829281229843,11.22951291159809,7.0,12.6,3,113.55861756488876
5.963548861058227,8.924973622315074,7.0,12.6,3,116.10150926083855
6.772073268972307,8.110183082629291,7.0,12.6,3,157.21866823800593
5.571032347617918,8.366910076443677,7.0,12.6,3,149.6443781966213
6.900306153360204,9.507087023211453,7.0,12.6,3,162.96946358150495
7.3019243754118435,8.872578236293563,7.0,12.6,3,150.2949161536216
6.207876816990538,10.497668512987223,7.0,12.6,3,144.82178972266647
6.624189901338749,9.132938172372176,7.0,12.6,3,146.66240840201385
5.17126444924696,8.599506183497237,7.0,12.6,3,151.41400887496465
6.376117873394074,7.93671338284094,7.0,12.6,3,140.06075454814297
7.819342073096249,10.032152153095918,7.0,12.6,3,147.95957533166455
6.769780740662872,8.512210559921762,7.0,12.6,3,173.3487932322339
7.446743304803034,7.085129345869858,7.0,12.6,3,132.1044537228369
5.687467401662634,9.762617119099303,7.0,12.6,3,138.803236360939
7.410525449190418,10.65531348164451,7.0,12.6,3,137.7965668027937
5.83317723338811,8.760953438440515,7.0,12.6,3,144.12208320824772
7.702301549715458,9.449974993905297,7.0,12.6,3,148.4719906079083
6.226241789012979,8.547966226219526,7.0,12.6,3,141.3671122286506
6.643875589774504,8.319502081877095,7.0,12.6,3,148.5294325242716
6.501513581255701,8.121661219511426,7.0,12.6,3,137.4613770178668
6.100400145705971,8.748225890685102,7.0,12.6,3,145.86060467340815
9.691574789635707,10.702873621797863,7.0,12.6,3,83.73113448003612
8.50649674104687,9.385798808201374,7.0,12.6,3,140.77308578366004
7.704787451423861,8.267657367186066,7.0,12.6,3,165.26772075682698
7.569881443802609,7.289396289771076,7.0,12.6,3,132.34464992864287
8.367331569186414,7.593247802631741,7.0,12.6,3,133.35277043994975
7.412158263689024,10.273686246537226,7.0,12.6,3,124.08410352371386
5.832539289274946,9.157117246303605,7.0,12.6,3,157.05448170094306
6.2383637734333615,8.137145181035095,7.0,12.6,3,143.04874797010086
7.41200058541321,11.055924809906298,7.0,12.6,3,131.47629596407566
7.710303002531464,7.87747843396817,7.0,12.6,3,154.58455011380155
8.075970134699139,10.810286608248608,7.0,12.6,3,134.74539546610362
5.8275217166199615,9.562270927951856,7.0,12.6,3,148.42337004468075
5.453709143845228,7.375805169295895,7.0,12.6,3,128.9700487178418
7.022764666918255,9.686527953971217,7.0,12.6,3,139.16439521580176
6.475850588147342,10.51516128690755,7.0,12.6,3,127.26800667958366
5.568098953915883,9.178685034866836,7.0,12.6,3,137.43256709095235
7.434980698085881,8.69242193677914,7.0,12.6,3,136.8253221845578
7.833683096827199,7.656292889025185,7.0,12.6,3,124.406540915057
7.680416426151663,10.255596898253827,7.0,12.6,3,141.2202407543421
5.706037720535074,7.769311254255832,7.0,12.6,3,142.59614700632392
7.831889867863623,8.837026185839399,7.0,12.6,3,142.3377591678627
5.301464798063068,9.191870321339048,7.0,12.6,3,140.9198185467012
7.829410963518729,8.047813363816447,7.0,12.6,3,130.36100494870252
7.16736307341775,8.304298624916232,7.0,12.6,3,116.85412129278345
7.825101175458259,9.640762186129178,7.0,12.6,3,111.44927975520946
8.100032962023276,7.621993148320571,7.0,12.6,3,142.9174206235691
8.369881055758748,7.999331835008746,7.0,12.6,3,131.6020597237108
6.240733890660238,7.735397000130832,7.0,12.6,3,143.1702567383271
8.23936166773629,9.021050380208091,7.0,12.6,3,124.79381446090068
6.085939035586496,9.936978873388709,7.0,12.6,3,134.17250323979388
6.344928142443076,10.343568069453813,7.0,12.6,3,133.0315367322843
6.384239667905591,7.143108283341816,7.0,12.6,3,151.5535059599052
8.62298726492313,10.361951249683043,7.0,12.6,3,127.99079220004984
6.524034445597301,6.930016241051463,7.0,12.6,3,111.35836631149289
6.929696721588138,6.727611394290228,7.0,12.6,3,144.10906513144258
7.051802462206496,6.914427946447581,7.0,12.6,3,141.41434897194685
7.1630943482308185,9.482810074026252,7.0,12.6,3,148.37708902637712
7.145291007277082,10.29444942104581,7.0,12.6,3,158.44346232132523
6.771251956196611,8.875564461141813,7.0,12.6,3,129.09728831319737
7.975322634892224,7.846665441549689,7.0,12.6,3,111.33691108312996
7.324649847562719,6.891832976567838,7.0,12.6,3,122.43346369473966
7.567342642813281,8.868159676805524,7.0,12.6,3,128.36805352204965
7.567443046672428,8.05925397087083,7.0,12.6,3,163.8227934395307
6.626743247893605,9.525020091990754,7.0,12.6,3,149.89900482242751
6.888942285999328,9.9084455511922,7.0,12.6,3,152.50751272657232
7.44250810670709,7.501647625110314,7.0,12.6,3,142.55164298827802
6.6510905970776575,7.140227360098622,7.0,12.6,3,140.9453020695375
7.156726419452946,9.8824250036582,7.0,12.6,3,145.53402956386464
8.484381666242184,10.57497191108896,7.0,12.6,3,120.66995774797888
7.436263423181597,9.07169217017609,7.0,12.6,3,151.99463368223024
6.618249331310359,9.911460393045108,7.0,12.6,3,145.49438486288125
6.09290649812108,9.532161066149886,7.0,12.6,3,148.79165436165115
7.423879232780062,9.459795460375,7.0,12.6,3,146.93821575070052
5.819953146783148,9.949344668723786,7.0,12.6,3,125.33917442698709
6.913311613167889,7.52260068365431,7.0,12.6,3,144.71357007057998
7.185147274091157,7.104330625563807,7.0,12.6,3,122.68993932866756
7.063379156265539,6.499489140620019,7.0,12.6,3,108.06301651370362
7.970363946320833,9.4369997389945,7.0,12.6,3,155.57597476468086
7.305055932018416,7.698615150199998,7.0,12.6,3,116.60978579754232
6.775439948046006,7.7173799590207075,7.0,12.6,3,108.33656825225287
5.1757547982429175,8.177657497942262,7.0,12.6,3,120.63271694610872
7.807164304793269,10.811946766462352,7.0,12.6,3,107.9896019930493
7.193755575886915,6.694610104218351,7.0,12.6,3,116.39443206478482
7.702859351519696,8.658852686041897,7.0,12.6,3,133.16688619645217
6.904569295683254,8.302532851848415,7.0,12.6,3,136.50383176071037
7.9453653129129265,10.210836657007572,7.0,12.6,3,119.94913982050365
5.988755928433588,6.948030203428047,7.0,12.6,3,126.49470506594294
8.102125785538943,8.802956590888911,7.0,12.6,3,128.83570643410783
8.488352562107087,10.184364050642296,7.0,12.6,3,130.4828023030275
8.106220627188671,8.007836414035735,7.0,12.6,3,115.19441355737555
8.76165924092163,9.76550411086389,7.0,12.6,3,132.00430699924593
8.067669399041671,11.190687418248178,7.0,12.6,3,140.34609622495896
7.167581012480636,9.08912097701913,7.0,12.6,3,139.223470429539
8.351244251444463,10.391903767601631,7.0,12.6,3,134.51027262744222
6.093411500903437,9.144955846155815,7.0,12.6,3,152.85198062321246
5.703458989743544,8.181685223323894,7.0,12.6,3,128.19362272082267
5.580614071297394,7.964206724061413,7.0,12.6,3,132.66599506770703
8.240189620243394,7.81830319960335,7.0,12.6,3,101.22037378105492
7.938786232227326,11.015669453893404,7.0,12.6,3,126.33145106542696
7.677221500669826,10.648334969648207,7.0,12.6,3,132.35868264600296
6.877088522497699,10.307168664456702,7.0,12.6,3,143.36074403361175
5.97778280959352,8.12916840211723,7.0,12.6,3,129.6806695200797
5.439084527367879,8.174705224934838,7.0,12.6,3,127.81816164543936
8.504869066004531,8.985843119282007,7.0,12.6,3,126.13162523985964
6.9090766004746085,7.904971704911096,7.0,12.6,3,148.03612930791445
7.530827668753569,11.222766226523738,7.0,12.6,3,131.59212464840135
7.038740419448939,8.084723423420487,7.0,12.6,3,131.06595454928035
7.983173700931752,7.051257320600333,7.0,12.6,3,118.54386700985349
8.63866022522489,9.16111374179726,7.0,12.6,3,123.23033860460224
7.974279051381068,8.634478816602357,7.0,12.6,3,115.649471889431
8.080311735830247,10.378018278751656,7.0,12.6,3,90.8140008131192
6.101313525948011,8.341014475297563,7.0,12.6,3,133.4921955201657
7.138250210718444,11.068111220726117,7.0,12.6,3,126.57230168639948
6.375869480836237,7.544309235167802,7.0,12.6,3,124.61878051305384
6.111424162762197,7.946320483891362,7.0,12.6,3,145.524506176925
7.174879547284271,7.502356655641437,7.0,12.6,3,127.53215515458268
7.690408455610818,9.849325964062864,7.0,12.6,3,148.1591598606819
6.646360558956585,7.544851600507314,7.0,12.6,3,135.60581127750848
5.869344952073857,6.372150737601141,7.0,12.6,3,110.26599565695344
8.336602932517648,11.180702157522058,7.0,12.6,3,112.78891283305344
7.166994171016462,8.689413253849999,7.0,12.6,3,139.94662886778872
6.895146680655135,9.104752221638094,7.0,12.6,3,133.35485910921798
9.294861004987494,10.51942851590001,7.0,12.6,3,110.48981003785484
9.035905738143043,9.739797777137156,7.0,12.6,3,101.8919663191516
8.234654986811824,9.399414329124587,7.0,12.6,3,124.86729717098798
5.588149752407874,7.195354331063362,7.0,12.6,3,132.3913030064753
8.629942679556072,9.565168942802874,7.0,12.6,3,96.74402699621558
5.184152754082824,7.799886402529417,7.0,12.6,3,127.32044631537416
8.102720330980116,9.205027688930436,7.0,12.6,3,118.58223783093996
5.312941265611087,7.987844188512297,7.0,12.6,3,134.2611396621131
7.971841003214494,8.244189407680832,7.0,12.6,3,153.2992352989661
8.376157641570703,9.186810893987692,7.0,12.6,3,134.03762310240884
7.4375317382022015,8.268039347699998,7.0,12.6,3,138.41754779925247
7.670108221258105,11.046409551057366,7.0,12.6,3,132.8537235922558
8.779716537886873,8.973484909671539,7.0,12.6,3,123.81722225092878
9.175598749151185,9.544385597407016,7.0,12.6,3,110.48037598275818
8.90979573324782,7.189703341523306,7.0,12.6,3,94.00960143637602
6.121248369947438,7.167328255597783,7.0,12.6,3,130.52566600412956
7.177146380010312,7.898737226727451,7.0,12.6,3,131.5173618466804
6.358887105494562,9.905903011414075,7.0,12.6,3,116.4162683717566
7.420698131253874,9.859484900076994,7.0,12.6,3,143.381528279679
7.944658544561513,10.625449317397251,7.0,12.6,3,121.4002028217583
8.771911388788208,8.169116765420123,7.0,12.6,3,113.74025467617642
6.11440627160955,7.553303733324804,7.0,12.6,3,143.60758349724352
7.970638814390748,9.025908234287352,7.0,12.6,3,144.86346689992533
5.313954249446887,8.370559732623706,7.0,12.6,3,130.08867257631408
7.70917953954209,7.488950680174877,7.0,12.6,3,119.48611517297736
5.308369743181641,8.765408130388302,7.0,12.6,3,134.32434590742966
9.153806175548958,10.729069051804965,7.0,12.6,3,113.62641424569568
9.43507357803044,9.900094238912573,7.0,12.6,3,114.1259014161792
5.317320936810146,7.196291045367223,7.0,12.6,3,110.61007159276792
6.9470266852979705,6.323800767768804,7.0,12.6,3,100.85935529240987
6.2453197434893895,7.352758461370863,7.0,12.6,3,126.65707771237363
5.854963754729662,6.781485774306193,7.0,12.6,3,116.20654056908694
8.3777507541015,8.40378484099914,7.0,12.6,3,113.82560191279735
8.239624678963954,7.433680172249357,7.0,12.6,3,114.06997915808984
8.74017827938411,10.966597983788953,7.0,12.6,3,104.86402960546305
6.00518096352778,6.197598229637001,7.0,12.6,3,74.13790221639354
7.810596095163719,10.387823635743365,7.0,12.6,3,105.37697723618778
6.610519299988601,10.71868110211054,7.0,12.6,3,116.71653617900644
8.360597224028238,9.588712565910724,7.0,12.6,3,109.85016353595783
6.267075390840815,6.543698089223465,7.0,12.6,3,108.7282918331316
8.21062581571278,11.01166602026551,7.0,12.6,3,112.69478004697416
5.456369047181662,7.000447772579671,7.0,12.6,3,119.394953468539
6.344797776693068,10.693786429049998,7.0,12.6,3,121.85652268821728
9.04357877150142,8.947797681605454,7.0,12.6,3,114.45432326659196
9.29715077256669,10.12337080871882,7.0,12.6,3,108.06064079280516
8.875143053829879,11.140098020450106,7.0,12.6,3,111.5569800118936
8.214952470042487,10.202221072722066,7.0,12.6,3,106.46741964685438
7.973222021507272,7.460298054987495,7.0,12.6,3,109.23523747996916
7.142986123824519,10.68961872825058,7.0,12.6,3,105.63220757335402
9.56709772664106,9.30058502452552,7.0,12.6,3,112.09565748667691
7.731995045405332,6.6673825585908775,7.0,12.6,3,119.52624643847344
9.834480460204457,8.893623193733603,7.0,12.6,3,105.80732094555606
8.109202512971049,7.222524821355496,7.0,12.6,3,123.9355359733906
9.312844494281771,9.326732185236054,7.0,12.6,3,96.39246316119932
6.87435506862574,10.679969809224174,7.0,12.6,3,130.97790763960344
8.24118128468981,8.210843337791363,7.0,12.6,3,122.42737441801172
6.401299277864181,6.342456299892588,7.0,12.6,3,111.51812056767848
8.639812968801227,7.572390759368012,7.0,12.6,3,132.83211005840332
8.904759940463325,9.531288787325735,7.0,12.6,3,97.19825930314052
9.176805438125218,8.339040626405952,7.0,12.6,3,105.9680679114346
8.499338267275025,7.790082113916842,7.0,12.6,3,106.60743572186826
6.081397144626266,10.32872789340866,7.0,12.6,3,141.23253420829914
8.245431462911164,8.622149380275651,7.0,12.6,3,113.5232080183492
7.721196497566384,7.068191475029988,7.0,12.6,3,123.01381103247
7.843167120065635,7.247810343694223,7.0,12.6,3,95.99339450944876
9.167367706383851,7.921616389015118,7.0,12.6,3,99.4470418230704
7.466542932886545,6.685042296932911,7.0,12.6,3,101.9184566221096
8.347073926305947,10.776747984145908,7.0,12.6,3,105.2016732803283
5.318814590954976,7.593409940140872,7.0,12.6,3,119.22607147104792
6.797363448086415,6.523947422662993,7.0,12.6,3,104.77471829552697
9.699988629083336,9.478282921799156,7.0,12.6,3,113.46307956111006
6.911165966069655,7.113433078325064,7.0,12.6,3,121.79792760965027
6.395846680335546,6.751541815621663,7.0,12.6,3,110.20221364498298
8.604143956381163,11.160457568493571,7.0,12.6,3,102.2542558015552
9.569923690972352,10.11410972817204,7.0,12.6,3,96.44928288063456
8.651358881044592,7.198360760117879,7.0,12.6,3,119.04866241959373
7.868604780899074,6.447948153366783,7.0,12.6,3,70.07252088221166
6.128900830571834,6.764612062772043,7.0,12.6,3,129.92093807029278
7.30259028675102,7.279457672568755,7.0,12.6,3,104.53542971552956
8.37540653677016,8.790751637438595,7.0,12.6,3,114.72443388639266
8.10178052132942,8.393312671150001,7.0,12.6,3,109.40491695095372
8.62750935280646,7.962496264537716,7.0,12.6,3,107.93374391631971
9.815531680145916,10.48114248858382,7.0,12.6,3,101.35523683182898
8.774020379105224,7.769052747753126,7.0,12.6,3,112.60851447994388
5.851287705181581,7.17248530874955,7.0,12.6,3,129.343137201497
5.720610242608132,6.965412016036178,7.0,12.6,3,110.76812610371915
9.308702592548476,8.541311899770777,7.0,12.6,3,92.88668981933348
8.909123516079381,8.762934023665046,7.0,12.6,3,106.54748173565416
8.767388400548441,10.167926958133268,7.0,12.6,3,107.66974642375315
8.794235358892156,6.995047688385029,7.0,12.6,3,104.07996984880415
5.999591782409753,6.543075463319358,7.0,12.6,3,96.23949143184844
8.123095876414743,6.828718394002214,7.0,12.6,3,111.5109622906476
9.554966192372676,10.897874424208876,7.0,12.6,3,101.39458137506584
8.495124325416539,9.791464253577631,7.0,12.6,3,123.49857747269584
8.751344858946988,10.566862826527814,7.0,12.6,3,106.5357840883454
8.474476998851884,10.978668725666374,7.0,12.6,3,101.88241940687836
9.026688497537103,10.147604334009044,7.0,12.6,3,89.9486418004756
6.673924459900811,6.338818229433565,7.0,12.6,3,114.7900300128497
9.327629291624833,7.74528922252491,7.0,12.6,3,66.56766258011083
8.006765595674763,6.653217991217133,7.0,12.6,3,104.8409354715078
8.87978465303368,10.351274406514488,7.0,12.6,3,109.85995589909236
6.786699970207449,6.909142645859604,7.0,12.6,3,92.65118785093595
6.662660408808729,6.729095949005512,7.0,12.6,3,108.71369385113312
9.160171857209448,10.34134491581159,7.0,12.6,3,107.3087926337012
10.38408703538925,9.243822242535948,7.0,12.6,3,90.91001894574168
8.650897470000128,8.376316592665056,7.0,12.6,3,118.92543621653076
8.631740141307594,9.960417271816295,7.0,12.6,3,110.25278416782017
9.174148665988517,9.919051821335035,7.0,12.6,3,107.63566381054648
6.256975117410997,6.93656877346711,7.0,12.6,3,104.67453106880154
9.020380741672366,10.546984051155684,7.0,12.6,3,117.26979301835031
9.049592299776794,9.349976410279558,7.0,12.6,3,109.18378526978974
8.513539557894799,8.188045944820628,7.0,12.6,3,110.83507842277078
8.505587973757127,8.593976678754768,7.0,12.6,3,103.43102476273032
8.645340294554284,8.77616624861672,7.0,12.6,3,92.78421108178854
8.40026540553048,6.406163919764014,7.0,12.6,3,85.69945129997214
8.536564701209889,6.612745919410653,7.0,12.6,3,103.64322626456313
8.881805681132915,10.745591984453911,7.0,12.6,3,106.54608829324788
7.858539872541709,6.8580520619277845,7.0,12.6,3,99.46552079087752
8.772816599910762,9.356800918991016,7.0,12.6,3,108.87016715448512
9.448880252249134,8.727797035961197,7.0,12.6,3,87.89616628532173
7.955681156045519,9.830548144834111,7.0,12.6,3,128.54646686315078
8.522602579396061,7.007562822627425,7.0,12.6,3,83.47059260478423
9.289702878796811,10.908505731994486,7.0,12.6,3,96.07645373031998
7.579281964047242,6.855589124577154,7.0,12.6,3,104.43839898384378
8.220953689020138,10.603160525656412,7.0,12.6,3,103.76887111249454
9.563476512266169,10.496482281167062,7.0,12.6,3,99.02428676092856
9.04316281230389,8.553003426442233,7.0,12.6,3,104.37083579493456
9.422140086998832,10.303113723033714,7.0,12.6,3,98.12587789279009
9.171270615031322,9.126189321029916,7.0,12.6,3,106.02474798661169
8.225079837352672,9.79999902862282,7.0,12.6,3,114.79654917947354
7.619770868934065,6.063506928466459,7.0,12.6,3,77.40444529077453
8.902571520820732,8.364034187873251,7.0,12.6,3,113.43271155773358
8.90647324986778,7.927459866577074,7.0,12.6,3,106.44702708827047
9.01298622709437,10.932944592000055,7.0,12.6,3,86.0669807774333
8.771225879949569,7.377363675745633,7.0,12.6,3,85.42932920850211
9.690124929559866,10.297703636601742,7.0,12.6,3,99.88581646041646
9.99284148553816,9.896592552550002,7.0,12.6,3,66.21396254275433
9.836741678181532,8.065174530024441,7.0,12.6,3,87.29259731741381
7.479561210906339,6.276560880911999,7.0,12.6,3,96.31238127774648
8.25807865424106,6.625257260829668,7.0,12.6,3,89.26727511125618
8.017098929607227,6.2419895827830825,7.0,12.6,3,61.96338036903141
7.234575718354451,5.899234686100002,7.0,12.6,3,70.82274367043318
9.969483693479596,9.059339077836118,7.0,12.6,3,95.5810401379082
7.082849637157043,6.101022220071953,7.0,12.6,3,85.92857054817912
9.571995300914583,9.690213030726648,7.0,12.6,3,82.72514086790326
9.449365342776144,9.11582726692718,7.0,12.6,3,93.48781119055468
8.381541246403136,7.200314775635071,7.0,12.6,3,90.0111575230029
9.82995214850037,9.6701618329968,7.0,12.6,3,102.33002487961218
8.509846170095123,7.397588049815635,7.0,12.6,3,102.9119639459527
5.599208119429786,6.797441003293906,7.0,12.6,3,108.31775565219196
10.096621185453092,9.656661354082548,7.0,12.6,3,84.73094060842631
6.137383953832112,6.351153255547973,7.0,12.6,3,76.04374153513649
9.436974655876377,9.510865120545178,7.0,12.6,3,86.74443895833475
9.312330385408792,8.926022287363056,7.0,12.6,3,99.00902114386018
8.135528824668928,6.429569809222278,7.0,12.6,3,87.75525187177412
7.747522857457096,6.256322444583512,7.0,12.6,3,88.93622408979272
7.213811509600012,6.270727753147915,7.0,12.6,3,100.24430596415516
9.703416934346166,8.709306654771863,7.0,12.6,3,99.6319880176478
6.819971303870617,6.101510115049345,7.0,12.6,3,95.53956759993856
6.531606120467079,6.538892722610953,7.0,12.6,3,93.15605555513524
8.614585330496238,10.75531036002374,7.0,12.6,3,96.08732385583856
6.2750183204567564,6.1487786956190265,7.0,12.6,3,77.98646531316847
7.499633288546634,5.845417719552516,7.0,12.6,3,82.64294154581468
8.897555167305578,9.928221279815196,7.0,12.6,3,96.5615440847425
9.17019714856423,7.524790014074212,7.0,12.6,3,63.03085155227766
9.837848841568512,10.074013632685542,7.0,12.6,3,79.74227653003919
9.44381236519053,8.325624115986763,7.0,12.6,3,93.0724308378608
9.85308598136604,9.291814946469678,7.0,12.6,3,69.35492573048973
9.57522854494231,8.92043517109748,7.0,12.6,3,90.3640451372136
9.043925778457089,7.754015259774277,7.0,12.6,3,74.38238300646111
7.33869454441012,6.469070688035498,7.0,12.6,3,93.6341021396546
9.702988325399998,9.098127346632374,7.0,12.6,3,86.12068527996684
10.111511371378644,10.070102743885744,7.0,12.6,3,67.91326025533557
9.705240300730855,9.90785402198036,7.0,12.6,3,77.24796002611426
7.92359223600194,5.609717296993529,7.0,12.6,3,45.39703561073329
9.308005417487106,9.720540144217678,7.0,12.6,3,89.40802372820426
10.517453703467456,9.43072932748246,7.0,12.6,3,86.27784866809489
10.132354260251534,8.897186159748697,7.0,12.6,3,82.25551588968887
6.845044201629974,5.679708801805025,7.0,12.6,3,72.69456722391342
9.573009080144216,7.689933376078851,7.0,12.6,3,100.00229615685042
9.030353019374516,8.140036017465293,7.0,12.6,3,103.56048797997282
9.051767017140408,6.968157064650832,7.0,12.6,3,91.60255846725096
9.990113457242286,8.697245673703323,7.0,12.6,3,60.71079889136009
9.714141074408031,7.503034025635422,7.0,12.6,3,80.77865697533844
6.708310357583643,5.9148200279014524,7.0,12.6,3,52.54221431720483
8.381924187200001,6.7980799230092686,7.0,12.6,3,71.08839072498503
9.316964770298972,7.345572147750001,7.0,12.6,3,49.06859511266162
10.226990097673632,10.250940197430404,7.0,12.6,3,83.5731684549923
9.311304330073224,8.117678421509762,7.0,12.6,3,72.96528691710812
8.901549868257655,9.136633012292062,7.0,12.6,3,94.21193449502962
10.516826256797662,8.235109538130198,7.0,12.6,3,75.89030008755388
8.252483047326846,7.034901599481615,7.0,12.6,3,91.3837395530069
10.36984878019382,8.420393754427899,7.0,12.6,3,97.81482659239316
6.537458040208587,6.117931578748317,7.0,12.6,3,67.05625645763043
6.582014547907839,5.688407956897195,7.0,12.6,3,57.016634574623474
9.181585840831856,8.743682905998035,7.0,12.6,3,76.7028048495302
10.240445219993486,9.845093313807112,7.0,12.6,3,90.38938763162705
8.77382496426318,8.573362206288152,7.0,12.6,3,94.04258461821536
7.662605936192182,10.51000851133888,7.0,12.6,3,66.62773640148933
9.950253010237748,10.248175352777608,7.0,12.6,3,85.11105757201139
10.666055325612882,9.21328351555,7.0,12.6,3,83.4080670150129
7.601840211215763,6.45703184621677,7.0,12.6,3,72.3763695921479
10.682397945094122,8.434880849131865,7.0,12.6,3,50.20550710087328
9.414916451481073,10.705174913000002,7.0,12.6,3,80.56200709965137
9.98217578456632,7.4519967259082,7.0,12.6,3,57.70245639427517
10.249210021181726,7.844329911823978,7.0,12.6,3,79.38674845709609
7.344439186435436,6.061282252408112,7.0,12.6,3,64.6964017640139
10.77195085447066,8.569180010753847,7.0,12.6,3,51.41724426916446
8.282815669289128,6.21544796316736,7.0,12.6,3,72.17575303733028
10.860802643403598,9.1449942817648,7.0,12.6,3,56.22903527700976
10.938348589298922,8.383313475896598,7.0,12.6,3,87.41033709442614
7.206853682249014,5.41993575616605,7.0,12.6,3,57.931433755471154
10.359679212831798,10.020805257882923,7.0,12.6,3,88.61742960679489
8.801036526283248,6.565835729969959,7.0,12.6,3,81.70859032738412
9.571690018324944,7.309070921197459,7.0,12.6,3,84.87155749033406
9.575396148882724,8.100411737018486,7.0,12.6,3,65.94324559548016
10.112973747600002,8.068290447063596,7.0,12.6,3,73.03819224270393
6.964815692752032,5.897221711312032,7.0,12.6,3,82.6654565219936
8.933252062122564,6.3659224335751565,7.0,12.6,3,56.86980190843809
9.858366787441618,8.518585994600002,7.0,12.6,3,74.03725627337143
8.90118558979431,7.541887609287841,7.0,12.6,3,75.3091322943543
6.424793319734654,5.904360869426035,7.0,12.6,3,86.50512324298016
7.112882339213416,5.713743505563933,7.0,12.6,3,79.86451329066325
10.245542804341492,9.04769629109243,7.0,12.6,3,82.4022588675321
9.05836276531926,7.35346861908839,7.0,12.6,3,83.0871354936019
10.397685846349862,7.231230863467225,7.0,12.6,3,55.64839956977111
10.381071594044077,9.636701666761477,7.0,12.6,3,76.34104820499682
9.980406036561304,7.852837053028674,7.0,12.6,3,66.4369158094255
10.99345369198617,7.912216981431556,7.0,12.6,3,105.54287316447764
5.726564615944123,6.570018729730389,7.0,12.6,3,81.04024807918424
10.13005523330548,9.25883745135,7.0,12.6,3,52.09875992653392
10.249635555,7.443956351525191,7.0,12.6,3,72.65231295902873
8.415458374271193,5.998998913937197,7.0,12.6,3,87.12246109024258
9.475208469223,6.721003817437776,7.0,12.6,3,70.57557138233072
10.327660325008296,6.499365742876984,7.0,12.6,3,59.5970578249684
9.969343189257698,9.47327719768372,7.0,12.6,3,69.45729772712004
9.58451075404327,8.516799092634137,7.0,12.6,3,73.42817337870143
10.884218367056809,9.369689137948846,7.0,12.6,3,58.9468334365051
10.808132897563585,7.925879670373463,7.0,12.6,3,47.69209204145543
10.49471266795786,9.818871465425334,7.0,12.6,3,87.54011180937204
8.909650482328582,7.5961187946500015,7.0,12.6,3,49.82111988790189
10.66082542761192,9.581698180298783,7.0,12.6,3,50.33086425209425
10.824548321077687,8.210225855612357,7.0,12.6,3,45.63611861321046
6.231763208673611,8.921075511568915,6.5,11.700000000000001,4,175.0490861942014
5.171915659627643,8.97493892380285,6.5,11.700000000000001,4,190.71248906852983
5.9534813002492495,10.117529897607074,6.5,11.700000000000001,4,193.98880526741095
7.279019478713483,10.854512646277993,6.5,11.700000000000001,4,151.77577465295178
6.503230380805122,8.499471656720363,6.5,11.700000000000001,4,172.7725715615991
7.031139075114152,9.284612294493389,6.5,11.700000000000001,4,166.9906062119132
5.964438464859331,9.708673385571922,6.5,11.700000000000001,4,189.28495586815416
6.222385049275676,10.0859134390552,6.5,11.700000000000001,4,174.942058238179
7.0379368528673885,8.487499293179468,6.5,11.700000000000001,4,200.1957194706661
5.436798882265395,8.964355083489858,6.5,11.700000000000001,4,187.94518501869644
7.287429387335725,10.046461721867924,6.5,11.700000000000001,4,175.9679292805217
7.552280666929734,10.02014692580172,6.5,11.700000000000001,4,155.16916515505454
5.677218549615198,10.528801136755394,6.5,11.700000000000001,4,162.2649021619559
6.513499274514764,7.73370729734421,6.5,11.700000000000001,4,202.95594092124787
6.746855288873515,10.475285296899091,6.5,11.700000000000001,4,158.4665309008844
6.499125302942384,9.29059540439477,6.5,11.700000000000001,4,134.73170855980507
7.567106132682517,9.249043271742718,6.5,11.700000000000001,4,198.9315729762953
5.94381562857045,10.504387349218442,6.5,11.700000000000001,4,121.82235210943456
8.372738016525362,7.592917613460197,6.5,11.700000000000001,4,165.67981490057466
7.014229056893277,10.075882994436814,6.5,11.700000000000001,4,192.06843808208936
7.305966576161198,8.85515254230806,6.5,11.700000000000001,4,165.4266736278105
6.487393205177365,9.716623612293857,6.5,11.700000000000001,4,154.32106502125532
7.542501749344307,10.832962563894863,6.5,11.700000000000001,4,177.4467388377979
5.424064217119806,10.138034715696351,6.5,11.700000000000001,4,162.21774383382825
5.712740284037744,7.377381335249098,6.5,11.700000000000001,4,158.9351340888962
6.208656870235196,10.880965709191289,6.5,11.700000000000001,4,158.6131381411899
5.978740094060729,7.356762225684079,6.5,11.700000000000001,4,177.18794815454032
6.755317790013449,10.068609856719393,6.5,11.700000000000001,4,176.5177407003291
6.782211780662792,7.316615440709858,6.5,11.700000000000001,4,159.49104934448346
5.968753497597038,8.905905078587184,6.5,11.700000000000001,4,141.4648117949924
6.506730634188761,8.889431530374345,6.5,11.700000000000001,4,147.65570857099
5.44766698198312,7.759625277158671,6.5,11.700000000000001,4,167.32993956103792
7.835999926078312,9.221334183480622,6.5,11.700000000000001,4,157.70025706011626
7.007345433254379,10.8591604227268,6.5,11.700000000000001,4,158.84953990592808
9.284469398575048,11.30994253779697,6.5,11.700000000000001,4,169.8175058400889
8.094832080555959,9.986062010260229,6.5,11.700000000000001,4,160.72340332455653
5.16900674358557,9.360989302357844,6.5,11.700000000000001,4,169.43714710013396
7.571353802823483,7.669581426869079,6.5,11.700000000000001,4,178.05117458834314
7.014274189178221,10.454572712205024,6.5,11.700000000000001,4,152.9223114206343
6.512846098117947,7.324427472003686,6.5,11.700000000000001,4,163.9609648672627
5.978677679460917,7.748437225038082,6.5,11.700000000000001,4,155.9519261217656
4.907533846994254,8.977276089987985,6.5,11.700000000000001,4,175.88626223495717
7.976880144152497,7.827557839030468,6.5,11.700000000000001,4,135.24844484653198
5.701740917985441,8.949254582829292,6.5,11.700000000000001,4,163.60574585817477
6.759113717701517,9.698684551085172,6.5,11.700000000000001,4,155.66653548511195
7.301654156678304,9.259407408086435,6.5,11.700000000000001,4,137.02053783344604
7.306002134469902,8.049975902516305,6.5,11.700000000000001,4,155.56879534195514
8.109179931048285,8.002823051775035,6.5,11.700000000000001,4,147.3833728240109
8.366088556194383,9.966837152534412,6.5,11.700000000000001,4,150.8870967704832
8.094301120680964,9.60076282300389,6.5,11.700000000000001,4,176.52549770420322
6.764371722192939,9.281920169825517,6.5,11.700000000000001,4,164.6665788280724
6.775150619298285,8.858675341559767,6.5,11.700000000000001,4,153.67240342069564
5.970599723276367,8.534931805564812,6.5,11.700000000000001,4,187.20540268717824
6.243402474410477,7.732084215257117,6.5,11.700000000000001,4,175.3294480845898
5.699004475940108,10.084819929712646,6.5,11.700000000000001,4,122.64530954332832
6.504146952696384,8.113153835511683,6.5,11.700000000000001,4,145.0038569429731
5.43417099830871,9.350862757512528,6.5,11.700000000000001,4,171.7104103739117
6.470966071287997,10.90570542692098,6.5,11.700000000000001,4,145.80160375554544
6.21371364067241,10.484598068481397,6.5,11.700000000000001,4,161.38536301529106
7.133884075028052,11.426558880284096,6.5,11.700000000000001,4,142.85170250550465
8.105719154143241,7.621001633669834,6.5,11.700000000000001,4,169.14132008481266
6.078090890029322,10.702068477998711,6.5,11.700000000000001,4,150.4811572980357
7.450142245008976,7.0794106651595685,6.5,11.700000000000001,4,162.72143391728412
7.304063301247595,8.490162343371177,6.5,11.700000000000001,4,160.16599587451793
7.572283180672651,8.411310483949778,6.5,11.700000000000001,4,149.8682886566025
9.005335128343287,11.321536615189006,6.5,11.700000000000001,4,165.93826605262373
5.441443523033576,8.546787657516052,6.5,11.700000000000001,4,179.4353293251329
8.373335420754081,7.996183322098455,6.5,11.700000000000001,4,162.1755059875619
9.688572401964697,10.685731381399885,6.5,11.700000000000001,4,127.3775245925904
7.838683600461669,8.436945023461499,6.5,11.700000000000001,4,151.5959029836043
5.582781925372844,7.584865024138566,6.5,11.700000000000001,4,168.09876985556207
8.114532028922463,7.223802655919183,6.5,11.700000000000001,4,158.26145241793307
5.70442925969686,8.554609798956845,6.5,11.700000000000001,4,162.48937053682198
6.480928644462532,10.47223974693241,6.5,11.700000000000001,4,136.82504839790917
6.525619864461864,6.920159271339195,6.5,11.700000000000001,4,140.37948063199306
7.837598096447319,7.650040397239216,6.5,11.700000000000001,4,153.15433090392705
5.442433290574813,8.157595279427069,6.5,11.700000000000001,4,146.48878246689202
7.571933957570724,8.844366860291819,6.5,11.700000000000001,4,149.1929128862908
7.325032660122341,6.885166173712599,6.5,11.700000000000001,4,163.19595796314297
7.835527795894682,8.835809177065277,6.5,11.700000000000001,4,168.75451615606275
7.048074240013424,7.304513648639487,6.5,11.700000000000001,4,164.0265532249263
7.067841273401459,6.487549162046203,6.5,11.700000000000001,4,131.57005498859235
6.239104731416727,8.12729657886758,6.5,11.700000000000001,4,168.2210667479063
6.232894213686868,9.66386724373222,6.5,11.700000000000001,4,123.36780377635463
8.086532079363044,10.375372427425946,6.5,11.700000000000001,4,135.58338525108178
8.079112275542654,10.79530383220376,6.5,11.700000000000001,4,145.2693050922048
5.812613552165721,10.719542331901206,6.5,11.700000000000001,4,142.92605313589675
7.296833412518048,9.649333719618536,6.5,11.700000000000001,4,168.2450876167688
7.572826804359531,7.28640785793471,6.5,11.700000000000001,4,164.78203215552867
7.04149663848345,8.858378521344449,6.5,11.700000000000001,4,172.2429925920922
6.47836962625926,10.1033963124176,6.5,11.700000000000001,4,149.62504294021196
8.339726208343066,11.172075773714589,6.5,11.700000000000001,4,151.49309852248336
5.043581599988622,8.382136306838534,6.5,11.700000000000001,4,141.49606355365182
4.917163705853974,7.778645714716542,6.5,11.700000000000001,4,160.27454089258512
6.376757028545753,7.928118455384403,6.5,11.700000000000001,4,143.04342042351496
6.643179380020623,7.918800694444295,6.5,11.700000000000001,4,143.15638592823413
8.635330631749815,9.553332246071689,6.5,11.700000000000001,4,128.18149566848334
6.361006939391506,9.501999442436349,6.5,11.700000000000001,4,145.10957506972773
8.625857340086895,10.357916029677328,6.5,11.700000000000001,4,158.7047144917107
5.960543166424681,9.332728986193734,6.5,11.700000000000001,4,159.33220585537111
8.104674100472357,9.198944553049571,6.5,11.700000000000001,4,156.13865862148182
7.043160370058849,7.7059451781132,6.5,11.700000000000001,4,154.77593072564855
5.47837577450978,6.1763484155087145,6.5,11.700000000000001,4,129.61923953886512
6.735455043893968,11.26146051590345,6.5,11.700000000000001,4,161.38695175516577
8.106100892237164,8.79994848874075,6.5,11.700000000000001,4,168.50541053651784
7.306941588554761,7.664159687246398,6.5,11.700000000000001,4,118.8988414419588
6.92981381985562,6.720544704269027,6.5,11.700000000000001,4,161.65542775717142
7.195264297206064,6.694510222177885,6.5,11.700000000000001,4,151.4250901390996
7.052870377279882,6.907462885289764,6.5,11.700000000000001,4,162.56056632842822
5.577843458486236,7.9571171800311395,6.5,11.700000000000001,4,147.51324525277198
5.849235612924495,7.560466627010804,6.5,11.700000000000001,4,152.83554318226334
7.004503348065086,11.24155082923694,6.5,11.700000000000001,4,120.68956199683254
7.80116970842115,11.590070366710824,6.5,11.700000000000001,4,160.4009339154585
5.8167711678991,10.325028043621495,6.5,11.700000000000001,4,142.99856915462928
6.783563899469432,7.6733949485300945,6.5,11.700000000000001,4,139.8522101895291
8.333649768103177,11.550835710747004,6.5,11.700000000000001,4,164.84779838597404
9.822491927204776,10.879794027120726,6.5,11.700000000000001,4,146.99134251605744
7.041443845354728,8.074151678691297,6.5,11.700000000000001,4,147.36231227645845
7.818302306513084,10.387309112401375,6.5,11.700000000000001,4,140.64963077870277
5.979665544772836,8.116696306526865,6.5,11.700000000000001,4,153.1597178699147
5.452993156126406,7.364565107004486,6.5,11.700000000000001,4,168.31997585894098
5.701184552169081,9.336562197730728,6.5,11.700000000000001,4,153.9718317308479
7.413353388249496,10.64610573903856,6.5,11.700000000000001,4,146.32301163640366
8.64171305225998,9.159175968875712,6.5,11.700000000000001,4,148.7723616572033
7.278382462730441,10.451707555210572,6.5,11.700000000000001,4,146.98676588143218
8.244045718391774,7.8011178594052835,6.5,11.700000000000001,4,136.58950625016476
7.023211706414055,9.6807830523276,6.5,11.700000000000001,4,146.80443606934352
8.066953937525735,11.567258981169775,6.5,11.700000000000001,4,164.4889868683734
9.571267215768074,9.296535574447088,6.5,11.700000000000001,4,151.6684712851045
7.821871762038115,10.016865649996554,6.5,11.700000000000001,4,164.46765184057998
5.182009375359692,7.398159450846182,6.5,11.700000000000001,4,151.92073763913086
6.234562099766275,9.295802367725074,6.5,11.700000000000001,4,138.99061988357687
7.185996761951049,7.094864087442798,6.5,11.700000000000001,4,141.6597686095014
8.511185552049666,9.373833040846868,6.5,11.700000000000001,4,149.5983472860753
7.702424213023782,9.442098775029589,6.5,11.700000000000001,4,148.1371550097394
7.468200861109129,6.682239706383633,6.5,11.700000000000001,4,146.6939322960861
8.126311940876983,6.828950722630869,6.5,11.700000000000001,4,154.2944370086057
8.072354853933554,11.185140208339998,6.5,11.700000000000001,4,168.91378252292128
5.344403648766568,6.383309576918908,6.5,11.700000000000001,4,132.7155153588786
8.239767629224891,9.01160108222026,6.5,11.700000000000001,4,144.24027455336898
5.82787712474735,9.913837962734876,6.5,11.700000000000001,4,118.81886014971924
9.43850377882932,9.902270310786704,6.5,11.700000000000001,4,141.66706260334806
5.45636278670356,6.996377824134874,6.5,11.700000000000001,4,149.53745868358175
8.883894960389007,10.344911984032311,6.5,11.700000000000001,4,154.94261098403243
4.915246155181569,7.391265559766396,6.5,11.700000000000001,4,147.41125601308184
5.870704801074945,6.364110317865343,6.5,11.700000000000001,4,136.95869268659695
5.569461614718372,9.54328507050002,6.5,11.700000000000001,4,135.23581469629403
5.569117041884354,8.75992177173749,6.5,11.700000000000001,4,143.1014104772597
6.243420894352222,8.47464728217044,6.5,11.700000000000001,4,139.3789595796654
6.744395817519751,10.87600217225,6.5,11.700000000000001,4,139.6596105668781
6.096734833824371,9.504288902574803,6.5,11.700000000000001,4,144.57239066827822
6.633087599705226,9.473293306743168,6.5,11.700000000000001,4,126.24133440796588
8.909848840213437,8.75463108781622,6.5,11.700000000000001,4,138.73140697802987
5.298229539570947,9.9203923196419,6.5,11.700000000000001,4,124.03690793440174
8.24113530019817,7.43411689724038,6.5,11.700000000000001,4,148.13195310098217
5.83718762128221,8.346881750303558,6.5,11.700000000000001,4,143.60066285391744
7.812014878201271,10.80767126855,6.5,11.700000000000001,4,141.35590403568847
8.486352974966609,10.572236861703386,6.5,11.700000000000001,4,143.81516081167098
6.370580499678685,8.324198999982903,6.5,11.700000000000001,4,152.8767632323661
7.536491621792172,11.213060004053965,6.5,11.700000000000001,4,158.1135525205989
5.9871388213545735,6.950178913801151,6.5,11.700000000000001,4,162.75708578442493
6.091791167191646,9.905614404514386,6.5,11.700000000000001,4,126.0280615770623
9.176311624061489,9.533631831546105,6.5,11.700000000000001,4,150.82200509783357
8.913560411506515,7.184931607585455,6.5,11.700000000000001,4,115.36111623684842
5.710672481757964,8.102480466132683,6.5,11.700000000000001,4,121.33498275721055
7.557182472398074,9.645920779789703,6.5,11.700000000000001,4,153.0391163983322
9.298154740689265,10.11797253402072,6.5,11.700000000000001,4,139.27958722126954
5.169366415043931,8.573089136373726,6.5,11.700000000000001,4,142.60752954963834
5.8581343470846665,6.777781167133327,6.5,11.700000000000001,4,140.1452114387612
7.825032902219953,9.628622485163026,6.5,11.700000000000001,4,130.06261337278647
7.569879378746824,8.049863208167668,6.5,11.700000000000001,4,173.77645236486092
8.603078906740198,11.536339302231749,6.5,11.700000000000001,4,174.69423265543028
7.836281653745049,8.01417480108268,6.5,11.700000000000001,4,129.9728480994145
6.902533769066598,8.68941325385001,6.5,11.700000000000001,4,152.17902210394047
8.349106577813217,10.768546643656451,6.5,11.700000000000001,4,149.92395541576465
7.273289638475712,11.231171916251355,6.5,11.700000000000001,4,146.00362379739238
6.652232505064024,7.137770876635408,6.5,11.700000000000001,4,151.16807465420445
5.573369309732536,9.13897896502132,6.5,11.700000000000001,4,122.5548465619134
7.935542919416264,11.395280752518026,6.5,11.700000000000001,4,149.9637504139656
7.309941589751334,7.264658247883025,6.5,11.700000000000001,4,146.2471103607884
6.945467039007919,6.314592490908778,6.5,11.700000000000001,4,138.20482376888734
8.465571054898378,11.35977082295087,6.5,11.700000000000001,4,155.33092926324915
7.985006895073193,7.046490611353992,6.5,11.700000000000001,4,150.5163731532642
5.706426417068453,7.76407749766532,6.5,11.700000000000001,4,157.91904508019255
6.362035382315753,8.73520190143562,6.5,11.700000000000001,4,165.3312284956343
6.770091852763689,8.489143470614712,6.5,11.700000000000001,4,157.12803160174084
8.368717408013723,9.58425862909304,6.5,11.700000000000001,4,138.88249624634844
7.399772649858708,11.424859642961046,6.5,11.700000000000001,4,143.43409597002096
6.100237527691722,8.734399102485742,6.5,11.700000000000001,4,142.1509392205529
7.443051462409575,7.493550824657116,6.5,11.700000000000001,4,153.02789757178735
7.951596440575148,10.20179174338982,6.5,11.700000000000001,4,147.16795982413035
6.772817904740624,8.096898186767158,6.5,11.700000000000001,4,158.3815855103812
6.639093175830031,8.697566914555779,6.5,11.700000000000001,4,157.28134964737336
6.874513174315206,11.07541823172718,6.5,11.700000000000001,4,144.0013540867539
7.177925709186145,7.495374228138811,6.5,11.700000000000001,4,142.84329672968147
8.780210206662593,8.967334264903105,6.5,11.700000000000001,4,149.32439280857167
5.175221182006802,8.171631736755247,6.5,11.700000000000001,4,146.74274106816887
8.909005452225086,9.52788598199988,6.5,11.700000000000001,4,145.13639367517138
6.887694658036743,10.252308562260966,6.5,11.700000000000001,4,130.768151533256
5.161403293654059,9.76290891188868,6.5,11.700000000000001,4,154.37180635989344
5.181782458651842,7.779139647769681,6.5,11.700000000000001,4,142.26294062432908
5.844096530420614,7.956534451924028,6.5,11.700000000000001,4,137.0731520561101
7.544601908407769,10.433469480139264,6.5,11.700000000000001,4,150.9921808562519
9.293405476780515,10.51851789131132,6.5,11.700000000000001,4,143.4587552560271
5.703275969075768,9.688676294726832,6.5,11.700000000000001,4,132.7682607097867
9.038382734096446,9.7361081276483,6.5,11.700000000000001,4,138.39362229587084
8.63660225050988,7.960014890252955,6.5,11.700000000000001,4,144.13370246522717
8.379754798876188,8.394614710612446,6.5,11.700000000000001,4,141.61721228654866
8.376304524478767,9.182237949716017,6.5,11.700000000000001,4,166.19487520770562
8.634005652483072,9.95433992264554,6.5,11.700000000000001,4,155.65858758680287
5.744342657214154,6.182569024074625,6.5,11.700000000000001,4,148.36831634332077
5.470615520989805,6.580881003676512,6.5,11.700000000000001,4,141.50306483289177
5.570766332288935,8.36066299245565,6.5,11.700000000000001,4,146.9940465095704
6.6133919668606405,10.30135129657017,6.5,11.700000000000001,4,140.7261644276629
8.196819564002142,11.38077685210425,6.5,11.700000000000001,4,139.38347602115653
4.907642879088409,8.191825275885892,6.5,11.700000000000001,4,162.52569323934696
7.412472007885305,11.042094062046466,6.5,11.700000000000001,4,144.48419496650567
6.911919387453224,7.5184225633392465,6.5,11.700000000000001,4,152.4571057145266
5.043174165418962,8.783956887684708,6.5,11.700000000000001,4,149.8563965515322
9.048155135575294,8.941296610597755,6.5,11.700000000000001,4,145.8602458983761
7.870622241044855,6.442206187466392,6.5,11.700000000000001,4,102.1356062629694
7.441069867836465,8.266559357300665,6.5,11.700000000000001,4,150.78638173142338
7.976490876207465,8.626915890269862,6.5,11.700000000000001,4,143.30156818164758
7.164352811218087,9.475914482053163,6.5,11.700000000000001,4,155.61219931079393
8.65222061504204,7.1948465312731615,6.5,11.700000000000001,4,145.89346935773057
8.650842067619143,8.375119360988684,6.5,11.700000000000001,4,151.12916642703513
8.884074336382387,10.740136825400262,6.5,11.700000000000001,4,159.51962986933108
7.172256276798753,9.076621708149998,6.5,11.700000000000001,4,128.53872686627713
6.795997594723028,6.521637015325046,6.5,11.700000000000001,4,138.46767290995388
6.38430238161813,7.13488970559688,6.5,11.700000000000001,4,158.80616218697196
6.899964849220982,9.501394639632696,6.5,11.700000000000001,4,159.9480178515591
5.423715656667814,9.75659337970654,6.5,11.700000000000001,4,138.317073763287
7.177228996268823,7.887252650900954,6.5,11.700000000000001,4,136.4258427749892
7.170664248947841,8.67190829470782,6.5,11.700000000000001,4,144.2830547711636
6.366694437086004,9.116649644597064,6.5,11.700000000000001,4,148.2976203541732
9.159526059675636,10.333308952089798,6.5,11.700000000000001,4,147.06475010104865
6.817286885456185,6.095247040952375,6.5,11.700000000000001,4,139.46218528972884
9.174723600407786,9.914230967549202,6.5,11.700000000000001,4,149.86687745379547
7.145180382415513,10.283576060912091,6.5,11.700000000000001,4,137.02692864956003
7.946263277852711,10.611049351624176,6.5,11.700000000000001,4,143.15038112384624
6.1119282917101705,7.934272801868437,6.5,11.700000000000001,4,150.32040296141554
8.50847340956231,8.981013760495165,6.5,11.700000000000001,4,150.7818374355983
5.722372895735806,6.96021573792347,6.5,11.700000000000001,4,138.38997623584413
9.69197021204283,10.292919150122518,6.5,11.700000000000001,4,146.75033880142294
4.903861592123856,8.573076134159646,6.5,11.700000000000001,4,145.107472590378
9.426907489161431,10.301827483828273,6.5,11.700000000000001,4,141.3512011014608
6.111853929936923,7.546454469566382,6.5,11.700000000000001,4,157.37600208293262
7.706243881410957,8.261162162501599,6.5,11.700000000000001,4,165.87719475854067
5.312247412255438,9.121373009982449,6.5,11.700000000000001,4,121.72712938687864
6.641893990152276,9.065165571108947,6.5,11.700000000000001,4,134.93085522263522
5.5553608935786585,10.307280822409531,6.5,11.700000000000001,4,126.94988953542182
8.354511836927665,10.38352027271227,6.5,11.700000000000001,4,164.31066499022012
6.401971858098016,6.339194139803524,6.5,11.700000000000001,4,139.70744048798178
5.834598643147646,9.505008424841757,6.5,11.700000000000001,4,133.7711088457451
5.045043423802205,7.606389924160024,6.5,11.700000000000001,4,144.78401864256557
7.858140147871048,6.849207815431746,6.5,11.700000000000001,4,130.46704036359392
7.178483066686115,8.24548777184478,6.5,11.700000000000001,4,139.72114326885617
7.734042850715763,6.664243062498503,6.5,11.700000000000001,4,139.8933969403479
9.838452689483024,8.887523107065604,6.5,11.700000000000001,4,132.2465634951891
9.17876657700587,9.1277995421846,6.5,11.700000000000001,4,137.65086465848154
9.547885836968163,11.289729014675366,6.5,11.700000000000001,4,136.80587055631827
8.765632847115333,9.759014109781964,6.5,11.700000000000001,4,147.4198640343979
8.775914254105526,8.160757231669017,6.5,11.700000000000001,4,136.02808945597675
8.741393210371399,10.95874799080601,6.5,11.700000000000001,4,132.78875371147916
7.1615249815518585,9.866103824535974,6.5,11.700000000000001,4,140.4850290763169
8.778460796056848,7.767463255990038,6.5,11.700000000000001,4,138.38817364554473
7.414700597762049,10.251094272574276,6.5,11.700000000000001,4,118.80238345139506
8.376273257650936,8.786466195407868,6.5,11.700000000000001,4,158.64330517707265
5.555651046606989,9.947379627937892,6.5,11.700000000000001,4,130.9397563546592
8.646946378886955,8.7603221831273,6.5,11.700000000000001,4,135.33954373153006
6.257773118573821,6.92753900299292,6.5,11.700000000000001,4,140.89532858657245
7.08372192575494,6.081367244170244,6.5,11.700000000000001,4,119.9941457046942
6.348504755961371,10.692812278210154,6.5,11.700000000000001,4,131.56814085460843
9.554933343217778,10.893707349419502,6.5,11.700000000000001,4,143.55979916877342
6.007579709299019,6.187864417243041,6.5,11.700000000000001,4,81.91523224353797
9.155054072108284,10.723534297119976,6.5,11.700000000000001,4,143.17231108619197
8.244644135396058,8.20438130775667,6.5,11.700000000000001,4,140.39687853760003
7.701822040348358,9.042456256300047,6.5,11.700000000000001,4,125.40479144049608
5.313747104227168,7.975751674372416,6.5,11.700000000000001,4,143.42335800548585
9.148379238902525,11.109139318862727,6.5,11.700000000000001,4,135.8546579343059
8.490438474987993,10.172002981365528,6.5,11.700000000000001,4,142.39778200754185
6.003255477753371,6.535843657439255,6.5,11.700000000000001,4,129.95669219327868
9.288325546362175,10.906957186766176,6.5,11.700000000000001,4,131.3655826034434
6.119196992046349,7.1597749830748665,6.5,11.700000000000001,4,139.93606974563332
7.979309240788341,8.199708443999999,6.5,11.700000000000001,4,114.1678837274572
8.506942772357558,7.79009667840986,6.5,11.700000000000001,4,130.42535478799942
7.719547143079043,7.063196953330404,6.5,11.700000000000001,4,143.56146333982932
8.237917431074264,9.393548256038764,6.5,11.700000000000001,4,144.79692226218438
7.442697275145325,8.647433864379995,6.5,11.700000000000001,4,125.03703646705962
9.179454466908773,8.331488832260495,6.5,11.700000000000001,4,136.04518760460726
6.267182947039311,6.529403981281789,6.5,11.700000000000001,4,141.52981695278652
7.620308048722838,6.050403804236651,6.5,11.700000000000001,4,108.10878426943472
8.876401667630445,11.13454333209964,6.5,11.700000000000001,4,156.65187257964902
7.684364964060629,10.192712161382904,6.5,11.700000000000001,4,137.72347804278314
6.790126359416902,6.90951915021685,6.5,11.700000000000001,4,140.71301310419918
6.642618327691631,8.307603210860306,6.5,11.700000000000001,4,139.71004654182292
8.91208290911497,7.928596148762775,6.5,11.700000000000001,4,141.97183587366695
6.2797693710364815,6.13134035961606,6.5,11.700000000000001,4,134.93188727675837
5.308458739412266,8.752546908280285,6.5,11.700000000000001,4,150.10832212355865
10.380543252771654,9.23970595070633,6.5,11.700000000000001,4,129.53057994655504
6.909576065350104,7.895042398574073,6.5,11.700000000000001,4,155.5898694411898
8.406186824148424,6.392987585281704,6.5,11.700000000000001,4,116.96491833678692
7.708296654496162,7.861873915636502,6.5,11.700000000000001,4,159.8051410339354
8.22011205235885,10.192693135249998,6.5,11.700000000000001,4,132.15561841207105
9.7066021571853,9.474348554358606,6.5,11.700000000000001,4,152.3951876346193
8.793386102823325,6.989991329724488,6.5,11.700000000000001,4,136.47992610189343
6.331591260577934,11.09638150713618,6.5,11.700000000000001,4,132.03314018054968
7.80081380013277,11.212338637829529,6.5,11.700000000000001,4,139.25515154127578
7.669183640871426,11.418665143382468,6.5,11.700000000000001,4,153.77536558741576
7.691819369929836,9.83850829388699,6.5,11.700000000000001,4,148.7361302964111
7.701198132420649,8.650805706433387,6.5,11.700000000000001,4,137.335907176946
8.5372206532782,6.606053270941282,6.5,11.700000000000001,4,126.25408954141824
8.909725848198635,8.35921523419576,6.5,11.700000000000001,4,146.7893745223806
5.206205269146714,6.579780728580764,6.5,11.700000000000001,4,125.7294520290978
5.036667692811921,9.537013732419512,6.5,11.700000000000001,4,124.33495367940824
9.447981438431082,9.113356472663284,6.5,11.700000000000001,4,139.54220529656922
7.973054869015417,9.023806301171396,6.5,11.700000000000001,4,148.89243555358308
9.021944772109132,10.540687380759598,6.5,11.700000000000001,4,148.589276042193
8.781395479387662,7.380110017083685,6.5,11.700000000000001,4,123.4881803657447
9.711936932917627,8.693694542938326,6.5,11.700000000000001,4,120.81178068749684
9.44890465018864,8.320365819397976,6.5,11.700000000000001,4,128.3144322794743
7.9408191749547985,11.004004940152807,6.5,11.700000000000001,4,143.26911667349157
5.045877085966234,7.991642956804062,6.5,11.700000000000001,4,142.73250817366338
8.49653762757675,9.786707877456564,6.5,11.700000000000001,4,126.52348264579788
8.618564565268583,10.750739839044885,6.5,11.700000000000001,4,142.2821951463767
8.901184742528796,9.919394141266691,6.5,11.700000000000001,4,138.18733517767984
9.029524590808077,10.137373856202371,6.5,11.700000000000001,4,120.17893600378235
8.775959607806323,9.348076834224292,6.5,11.700000000000001,4,144.27244967839243
9.575749797857172,9.68667638107038,6.5,11.700000000000001,4,119.38763089900718
8.391294747310674,6.799262253394415,6.5,11.700000000000001,4,112.08521424412692
7.971795055045885,9.420536755108447,6.5,11.700000000000001,4,156.21783348889792
5.831041711079284,9.151425208289242,6.5,11.700000000000001,4,145.81531050570374
8.6455798850666,7.571223033033943,6.5,11.700000000000001,4,158.59525933068693
9.414877787205205,11.095072847119091,6.5,11.700000000000001,4,136.72379615239055
8.243570299052834,8.621034446625492,6.5,11.700000000000001,4,131.3926956174113
9.315697981486837,8.921363015233366,6.5,11.700000000000001,4,139.57607994327853
7.140189223855745,11.04900640333167,6.5,11.700000000000001,4,134.76753893197508
8.007039752083429,6.644395512294459,6.5,11.700000000000001,4,134.8182439736689
9.177159956176908,7.925007081323959,6.5,11.700000000000001,4,145.1373138065568
6.376546650874545,7.532282719296804,6.5,11.700000000000001,4,142.09560132157597
7.435559344566461,9.066480350073643,6.5,11.700000000000001,4,155.05398524296783
6.6038620030527015,11.087587867515186,6.5,11.700000000000001,4,127.86800144058908
5.3151181745305545,7.186229360372828,6.5,11.700000000000001,4,133.91188794755044
6.11095802555678,8.30220479955,6.5,11.700000000000001,4,125.57083858503124
7.841789398909841,7.258586701252466,6.5,11.700000000000001,4,128.6503349011551
9.314739843575742,8.537593349272186,6.5,11.700000000000001,4,125.0147139474612
8.871594861853163,11.520341915498538,6.5,11.700000000000001,4,157.7343943868257
6.36465733810446,9.881306166436271,6.5,11.700000000000001,4,120.46846462015009
8.019421312551739,6.232036659722651,6.5,11.700000000000001,4,91.19483330273214
9.04406036907174,8.54849412346615,6.5,11.700000000000001,4,143.11960038234966
7.148106225177196,10.640911662131575,6.5,11.700000000000001,4,125.66664793130356
6.915698264010489,7.106891505501955,6.5,11.700000000000001,4,148.97444563627687
8.606178498293747,11.154710455228098,6.5,11.700000000000001,4,136.1402786193384
9.17993537300526,8.734188019784943,6.5,11.700000000000001,4,118.7312612271612
8.10580010759372,8.391714140694981,6.5,11.700000000000001,4,134.3232467432471
8.264441275764957,6.62186845247025,6.5,11.700000000000001,4,122.1523005477748
6.243792748738097,7.342758380027175,6.5,11.700000000000001,4,138.40445240619644
9.439895641749416,9.503832663441573,6.5,11.700000000000001,4,124.66203828162269
5.583377288441426,7.192671513398024,6.5,11.700000000000001,4,137.92661961756804
9.45178748452274,8.717233641814985,6.5,11.700000000000001,4,116.24072943748632
8.738493146557907,11.340077340170026,6.5,11.700000000000001,4,137.3948168839079
6.345928285456844,10.313671862184917,6.5,11.700000000000001,4,116.52189134472232
9.835330141725322,10.072380451361738,6.5,11.700000000000001,4,117.60771364123916
5.3123711850811,8.347792965170592,6.5,11.700000000000001,4,137.9830173731571
6.106564099910158,9.088450935777685,6.5,11.700000000000001,4,116.37284578583292
9.81980419169814,10.478239182385254,6.5,11.700000000000001,4,139.0107067757339
6.672324663297965,6.328270541860647,6.5,11.700000000000001,4,136.35014964480433
8.515879037582637,7.4020450674286975,6.5,11.700000000000001,4,141.18275571275083
5.300430059786646,9.558436478277324,6.5,11.700000000000001,4,121.80115046217146
9.313256485249964,9.322661548410302,6.5,11.700000000000001,4,129.23939843876653
6.546837265463374,6.104769931553166,6.5,11.700000000000001,4,117.21101867916956
6.083170601632485,10.310523359964558,6.5,11.700000000000001,4,128.1801442728621
9.56158875196144,10.49421129308648,6.5,11.700000000000001,4,134.9604108862208
6.644614963868751,7.538064922104776,6.5,11.700000000000001,4,132.44245118618562
5.8319558445337165,8.750507383697313,6.5,11.700000000000001,4,132.78729011232653
6.53370071365996,6.524841880406196,6.5,11.700000000000001,4,126.12280113113576
7.438241112503272,7.890768184589311,6.5,11.700000000000001,4,139.9059093655085
6.128898567238217,6.755233426001456,6.5,11.700000000000001,4,144.8219987728754
9.048533187164502,9.33683206149712,6.5,11.700000000000001,4,134.0160565234198
8.138184324568984,6.430756756479194,6.5,11.700000000000001,4,135.38157612870307
6.839907821824987,5.680157343026283,6.5,11.700000000000001,4,109.62532873846796
7.497811222759551,5.842926715447508,6.5,11.700000000000001,4,120.943877964343
4.782301257856467,7.993794057025554,6.5,11.700000000000001,4,149.15378336779514
6.397070050460329,6.743628908402021,6.5,11.700000000000001,4,139.68138250548702
6.662125718639586,6.722109938961365,6.5,11.700000000000001,4,143.3431200022014
6.885955354637335,9.893699073879764,6.5,11.700000000000001,4,117.09029504312652
7.7498779027589375,6.255465949264481,6.5,11.700000000000001,4,121.19066209558363
5.034700738737331,9.180719618485885,6.5,11.700000000000001,4,133.0132666172644
7.586692470992953,6.852215971239626,6.5,11.700000000000001,4,125.749962058881
9.835359141346226,9.670964488476011,6.5,11.700000000000001,4,137.20377382272
5.608382163262431,6.376356003260276,6.5,11.700000000000001,4,143.66698036920624
7.216272979479158,6.2703796389546005,6.5,11.700000000000001,4,140.35635093998408
9.70780077838901,9.092715262561564,6.5,11.700000000000001,4,132.1686486171345
5.055263789927471,7.201335687241624,6.5,11.700000000000001,4,140.76425263323813
7.708303405950679,7.472945113259556,6.5,11.700000000000001,4,124.89143096781945
7.609006350911522,6.447172732971422,6.5,11.700000000000001,4,112.6266536185047
8.507652172493827,8.592613776247882,6.5,11.700000000000001,4,131.0642695876278
8.220070673890998,10.592566317434448,6.5,11.700000000000001,4,129.04008077980828
10.24030212116266,9.846989689710032,6.5,11.700000000000001,4,132.7212643160924
7.426905752688744,9.447636587865942,6.5,11.700000000000001,4,137.7327472590427
9.953221723397895,10.65818621168794,6.5,11.700000000000001,4,144.74934461181078
8.517352453225108,8.187682543764094,6.5,11.700000000000001,4,131.37333687429987
6.620178260451277,9.903230521874375,6.5,11.700000000000001,4,131.14333273843428
10.102245239541771,9.654852476658238,6.5,11.700000000000001,4,124.80413066542144
9.842451744910528,8.064647405984568,6.5,11.700000000000001,4,126.25850461509802
10.227822580042506,10.2441296603107,6.5,11.700000000000001,4,126.7231427221804
6.13981024351092,6.342740735286902,6.5,11.700000000000001,4,113.76765779368802
8.474130230006649,10.978498837613582,6.5,11.700000000000001,4,134.40556278806545
9.577451015255331,8.912039764819054,6.5,11.700000000000001,4,127.2754585761207
5.85037394984322,7.163077242825627,6.5,11.700000000000001,4,140.66283492323262
10.898786791557528,9.99596882634456,6.5,11.700000000000001,4,112.6913881827628
8.22702455040339,9.794096196999543,6.5,11.700000000000001,4,126.78543116803586
4.77439477021052,8.390342065344234,6.5,11.700000000000001,4,143.9849123982417
8.523042164297326,6.999838101642083,6.5,11.700000000000001,4,115.07676287190714
9.055820712843005,6.965625354652783,6.5,11.700000000000001,4,137.70959626519618
9.317376446879209,8.11687226081204,6.5,11.700000000000001,4,114.74648235927285
8.766298295568008,10.148887068626468,6.5,11.700000000000001,4,127.45618414191308
6.908790138951335,8.284005610484105,6.5,11.700000000000001,4,124.40593843107013
7.972845697632998,7.452822306430713,6.5,11.700000000000001,4,128.23584346505962
9.707804110929183,9.89024203006678,6.5,11.700000000000001,4,120.79329656509944
9.32217392357014,7.732780602050001,6.5,11.700000000000001,4,97.05713993437632
10.514724666222762,9.428288059845478,6.5,11.700000000000001,4,118.69471761348404
8.753695391536919,10.5579103687581,6.5,11.700000000000001,4,131.50147343910203
8.384231339405472,7.193592594692091,6.5,11.700000000000001,4,123.0932362796844
8.907188014103687,9.137289094987327,6.5,11.700000000000001,4,137.58052332067888
7.96090837830177,9.813660036323862,6.5,11.700000000000001,4,126.91079823467828
6.875599408444196,10.67018476384916,6.5,11.700000000000001,4,141.9620037920818
8.209906912105494,10.997267402146404,6.5,11.700000000000001,4,129.51601722696748
9.97664606992869,9.063306642316704,6.5,11.700000000000001,4,129.83115942325745
7.47924332894037,6.271272280507466,6.5,11.700000000000001,4,128.50760892452485
7.425482613358614,9.85103861675,6.5,11.700000000000001,4,135.17745871747312
10.63709685047456,10.00259036877732,6.5,11.700000000000001,4,124.44195154524412
9.042340739934136,8.140642424380687,6.5,11.700000000000001,4,136.35179808536645
9.57914843078991,7.692408626948519,6.5,11.700000000000001,4,139.8539778525703
9.015373413894975,10.926752000436544,6.5,11.700000000000001,4,126.36365383607564
9.046794577443633,7.744169086000001,6.5,11.700000000000001,4,102.13074575974524
5.317434273626331,7.581620688353446,6.5,11.700000000000001,4,136.92949761909986
6.427048719958385,5.905857541578087,6.5,11.700000000000001,4,132.1251745672575
10.08404217835626,10.849507149004872,6.5,11.700000000000001,4,112.41617915517308
9.943447165334556,11.0543737702698,6.5,11.700000000000001,4,130.5227506412552
9.568653832563962,10.105373441837806,6.5,11.700000000000001,4,135.80678254531003
10.36423533857619,10.024668030361097,6.5,11.700000000000001,4,124.79865253407758
9.308324764030928,9.717598468184269,6.5,11.700000000000001,4,126.48397048640456
6.161642686744089,5.9107590326600175,6.5,11.700000000000001,4,105.51204421262504
7.679413390540307,10.630954372277442,6.5,11.700000000000001,4,133.51132320190646
9.419857922576728,10.69471941486686,6.5,11.700000000000001,4,125.83125963097096
6.696846328793797,5.910623170050001,6.5,11.700000000000001,4,73.17363011143892
5.598075319739735,6.778750247674633,6.5,11.700000000000001,4,129.27015691377625
9.443972612525538,7.892219377349999,6.5,11.700000000000001,4,102.81642905429167
9.97200497069119,9.85399643392684,6.5,11.700000000000001,4,132.72513631791304
9.84921871448982,9.286128641349656,6.5,11.700000000000001,4,115.59183183469342
10.902887143194665,9.591439090118472,6.5,11.700000000000001,4,121.41784874679286
9.588402051077326,8.503413233031655,6.5,11.700000000000001,4,110.68860535240763
10.659454655840142,8.424704729245041,6.5,11.700000000000001,4,75.93963844615119
9.453550517410864,7.512996008287474,6.5,11.700000000000001,4,123.1589243366396
9.19858804893563,6.771497724718596,6.5,11.700000000000001,4,104.66961685079288
7.894343529286762,6.023268848022688,6.5,11.700000000000001,4,91.81381629925068
9.954104110377042,10.254598625010344,6.5,11.700000000000001,4,126.10672625847316
8.938751022412799,6.365189749169213,6.5,11.700000000000001,4,93.54723149968387
9.982856338406016,8.685257396243662,6.5,11.700000000000001,4,100.00231028944998
7.340576602425668,6.465832890532019,6.5,11.700000000000001,4,132.8045140656616
7.670137596377688,11.030932375798969,6.5,11.700000000000001,4,124.9434880638319
8.415485872268409,5.982156955537457,6.5,11.700000000000001,4,78.43535503059671
6.902996092199976,9.071070467587768,6.5,11.700000000000001,4,109.49384747067047
10.377631649691336,9.635842980992908,6.5,11.700000000000001,4,120.5897384712992
7.908642719743186,5.596502509543691,6.5,11.700000000000001,4,71.47355743721222
7.229006535811341,5.879167565345339,6.5,11.700000000000001,4,85.01782714384426
9.973261584096647,9.46700204768889,6.5,11.700000000000001,4,103.96022735055882
5.733515920316872,6.559145530538146,6.5,11.700000000000001,4,117.36714311172013
6.609669324533352,10.6848982841287,6.5,11.700000000000001,4,100.61963971898469
9.058790340685713,7.351470006358764,6.5,11.700000000000001,4,125.56390067701685
8.282297805471396,6.210893345658717,6.5,11.700000000000001,4,96.20001810433465
9.186975807494562,7.536740473927114,6.5,11.700000000000001,4,110.8606460600445
9.688496630253212,11.077431738748135,6.5,11.700000000000001,4,139.46669728537734
9.714735275855524,7.492457700587534,6.5,11.700000000000001,4,105.73237852538637
11.037464172802077,9.783025597492957,6.5,11.700000000000001,4,118.8156436662761
10.118063208620258,8.883070686093138,6.5,11.700000000000001,4,108.39131439901062
10.658040751408771,9.208363866967812,6.5,11.700000000000001,4,120.41752957490446
5.333472408819011,6.793895366050108,6.5,11.700000000000001,4,130.80400523978778
5.189736119749619,6.978045845755177,6.5,11.700000000000001,4,117.84787559900684
6.031663263260596,5.720125121849406,6.5,11.700000000000001,4,110.20139239143292
10.248665234702685,9.049524634499392,6.5,11.700000000000001,4,121.76646381520035
8.80647257398124,6.564888840138598,6.5,11.700000000000001,4,117.52693341957875
6.575477024364407,5.677553033716464,6.5,11.700000000000001,4,95.45152505033896
10.517516458146572,8.225665391781751,6.5,11.700000000000001,4,96.44571965672569
7.354759098895025,6.055700956819791,6.5,11.700000000000001,4,96.6138261651391
10.347439891922235,10.432411261432426,6.5,11.700000000000001,4,108.50229174681802
8.779115993031104,8.564334697391915,6.5,11.700000000000001,4,126.65616773807716
8.253343280864268,7.0265926751118775,6.5,11.700000000000001,4,117.6149701962262
9.99178498686034,7.455417802139745,6.5,11.700000000000001,4,88.76142546724438
10.641261435178736,9.603345225335756,6.5,11.700000000000001,4,93.77858786118284
8.16029694541534,6.008489168329246,6.5,11.700000000000001,4,113.38167187427476
10.937757090459789,8.380088492742605,6.5,11.700000000000001,4,120.06648760628669
8.913805344164215,7.545802332563899,6.5,11.700000000000001,4,118.36374883689815
10.504443021941904,9.818797515694248,6.5,11.700000000000001,4,128.84701965340292
9.58105139353757,7.311915470493443,6.5,11.700000000000001,4,122.22938010571389
9.855600717755587,8.47860696022503,6.5,11.700000000000001,4,109.17821758976392
10.095776185373364,10.450492851182874,6.5,11.700000000000001,4,112.48232520309716
6.961089967372093,5.8924409557278405,6.5,11.700000000000001,4,122.31466297211894
9.579740621181513,8.096716968006701,6.5,11.700000000000001,4,94.62273424121888
10.2392435151827,8.234819331441647,6.5,11.700000000000001,4,117.53718417717316
11.193960120213625,8.757475259333948,6.5,11.700000000000001,4,106.02054145221229
10.514622771874167,9.03047820215768,6.5,11.700000000000001,4,110.041619872177
6.286981921892678,5.681060058463764,6.5,11.700000000000001,4,104.07512407089772
9.981889018048088,7.856023349942228,6.5,11.700000000000001,4,101.69771686313864
10.388228058761952,8.026582925433702,6.5,11.700000000000001,4,96.69811471041072
10.256443321505692,7.840515107624815,6.5,11.700000000000001,4,102.24171087785594
10.78232590493366,10.184397536647149,6.5,11.700000000000001,4,96.38886741380476
9.710125942653494,7.862140853756101,6.5,11.700000000000001,4,112.93239015586435
10.373473815055233,8.42820134314112,6.5,11.700000000000001,4,126.26936947761313
10.629384765397509,10.406839318428432,6.5,11.700000000000001,4,108.43826699619412
9.320542986377363,7.345572147750001,6.5,11.700000000000001,4,77.88618047762755
10.116540221376276,9.245078021319587,6.5,11.700000000000001,4,102.74336497505936
11.068274263077935,8.569089457146564,6.5,11.700000000000001,4,91.17425105872216
10.782244779395793,8.57517719747536,6.5,11.700000000000001,4,61.318755693356096
8.551861411368908,6.183341647560224,6.5,11.700000000000001,4,99.25955100737475
11.086578058955215,6.998556583107521,6.5,11.700000000000001,4,104.98622665884125
10.119890608377082,7.6503883789501215,6.5,11.700000000000001,4,100.6149405787922
11.359846657272618,7.333753051119782,6.5,11.700000000000001,4,41.29607214871034
7.75824783676716,5.851219702849364,6.5,11.700000000000001,4,109.15960405609668
10.106818553581324,10.0674198118,6.5,11.700000000000001,4,99.22821037785266
10.772099299964667,9.397830091556978,6.5,11.700000000000001,4,111.06574870770432
10.23651010621836,9.450543958406383,6.5,11.700000000000001,4,109.51147141535644
9.47550744092035,6.718547140717936,6.5,11.700000000000001,4,100.01901856551696
10.91016815064411,7.984982127684304,6.5,11.700000000000001,4,93.7111915612028
9.862955807144251,7.279088217321917,6.5,11.700000000000001,4,82.56129965224302
8.66368291323168,6.759319701777541,6.5,11.700000000000001,4,81.9473537549196
10.128532423576408,7.2776715095117455,6.5,11.700000000000001,4,97.16070855907051
9.100060075519306,6.133466311222616,6.5,11.700000000000001,4,84.5158360112871
11.35431849815,8.174634633197442,6.5,11.700000000000001,4,80.72954191474697
9.72901785471104,7.092154045429711,6.5,11.700000000000001,4,92.76211262192956
10.247972891447862,8.645092308638874,6.5,11.700000000000001,4,88.4599663016656
9.643843973330664,5.698217693088632,6.5,11.700000000000001,4,106.53425859937836
11.399555478058238,7.485921538308258,6.5,11.700000000000001,4,111.5810195661684
8.81634533795521,6.147338160285902,6.5,11.700000000000001,4,89.37044537979465
8.024450038634782,5.818622082616101,6.5,11.700000000000001,4,101.0325771787662
11.052831226831614,9.36771445625397,6.5,11.700000000000001,4,84.776203711385
7.104212829927285,5.69334204467073,6.5,11.700000000000001,4,81.31492745058739
10.113045406471493,8.060168720018895,6.5,11.700000000000001,4,103.66844141475052
9.068892250567806,6.559766755199999,6.5,11.700000000000001,4,116.89780689840528
9.459734385801251,7.1066411109443735,6.5,11.700000000000001,4,77.85931121201021
10.767956265857563,9.797774466657843,6.5,11.700000000000001,4,108.80595439218516
6.58137649091947,5.263679526196642,6.5,11.700000000000001,4,71.09154545412245
8.296004808603476,5.797608555983129,6.5,11.700000000000001,4,91.83020647510072
6.165605788386363,5.499106374177569,6.5,11.700000000000001,4,90.43601200994183
9.855846315244955,7.670286704708938,6.5,11.700000000000001,4,101.0373232271442
9.35763290360284,6.137928534276643,6.5,11.700000000000001,4,81.51017753254524
7.641356869473267,5.238702617,6.5,11.700000000000001,4,56.54120427024984
6.97609669918347,5.456380518434576,6.5,11.700000000000001,4,102.98338774998312
11.194743481957556,9.586967795731653,6.5,11.700000000000001,4,78.03273454828793
9.859603287898622,6.893643811583421,6.5,11.700000000000001,4,102.17985667347487
9.604679844378865,6.925895219155546,6.5,11.700000000000001,4,82.57103963900894
10.939910059499471,8.792441227127968,6.5,11.700000000000001,4,82.40067632812945
5.8893963492244525,5.936572051941348,6.5,11.700000000000001,4,110.29324304001643
8.564153211123314,5.779397034107516,6.5,11.700000000000001,4,78.8702884442744
8.150514465718294,5.589705789213796,6.5,11.700000000000001,4,80.87939392184217
6.430690900296452,5.467123163539636,6.5,11.700000000000001,4,82.59664796228851
10.938601220251194,7.206457436755798,6.5,11.700000000000001,4,91.15437740744493
10.259195377085378,7.442904827357849,6.5,11.700000000000001,4,98.56927417297766
10.505450911274208,8.616081786598103,6.5,11.700000000000001,4,90.46991232911024
10.3862973624,7.235220984247167,6.5,11.700000000000001,4,79.91489466106258
10.494873915835322,10.218118004666128,6.5,11.700000000000001,4,113.94512443488853
10.1154808313191,8.448564399057792,6.5,11.700000000000001,4,99.27244331072944
7.651815672947269,5.621453977548949,6.5,11.700000000000001,4,89.26147043571181
10.2150943812684,10.624950661449724,6.5,11.700000000000001,4,98.07511042831322
7.360545714163276,5.63013846816909,6.5,11.700000000000001,4,81.89249274713227
10.49308241717288,10.620639364300072,6.5,11.700000000000001,4,102.4895017747427
8.928033991120847,6.763185158423823,6.5,11.700000000000001,4,91.90478362390428
10.41081008398501,7.628068225302594,6.5,11.700000000000001,4,83.55487212589966
8.683410548732814,5.942828084307092,6.5,11.700000000000001,4,61.079981940225736
7.090120721479469,5.636841947164259,6.5,11.700000000000001,4,77.29551679912522
10.519567987315384,7.822822935655478,6.5,11.700000000000001,4,78.08268977250323
10.638731350498816,8.805945548984457,6.5,11.700000000000001,4,91.01670884375464
11.248098761825627,7.155701287507074,6.5,11.700000000000001,4,63.17263466502585
10.7792936478262,9.007587009036971,6.5,11.700000000000001,4,86.32407049867153
8.678433507806071,6.362403951544977,6.5,11.700000000000001,4,81.40106272032402
8.687691611252317,5.5450736119150426,6.5,11.700000000000001,4,37.56332677687618
9.334818969362953,6.924489089672523,6.5,11.700000000000001,4,95.49144586648328
9.766668947102456,5.859872469620737,6.5,11.700000000000001,4,69.82534601800906
11.067895973671684,7.777538949689264,6.5,11.700000000000001,4,100.8922720958918
9.71239072992952,8.271070714134392,6.5,11.700000000000001,4,88.82985595432922
7.3573769626692,5.222772168217142,6.5,11.700000000000001,4,82.78469349811306
7.223541237474185,5.432306844149998,6.5,11.700000000000001,4,87.98950595462007
8.960710302039391,5.9404405263100415,6.5,11.700000000000001,4,73.18429520622938
9.968307134226208,8.263421524317708,6.5,11.700000000000001,4,105.71307644488952
11.051681672048664,8.155674160446148,6.5,11.700000000000001,4,86.4410403873501
9.999978467570871,7.083637016900002,6.5,11.700000000000001,4,45.22012385669768
10.557124621650004,7.428597213801061,6.5,11.700000000000001,4,52.96729731873693
10.79222232091718,7.402252347892138,6.5,11.700000000000001,4,80.48128310627142
9.337287402254978,6.542819020431362,6.5,11.700000000000001,4,85.64153411041104
9.734797507231937,6.700724499334543,6.5,11.700000000000001,4,69.58622759769632
9.792293751704364,5.47720007002359,6.5,11.700000000000001,4,61.60406331855308
10.442773949052906,6.458864351754907,6.5,11.700000000000001,4,75.7343500567784
11.201429335462018,8.384860132987507,6.5,11.700000000000001,4,83.4027620529345
9.623151653256738,6.515304753308506,6.5,11.700000000000001,4,74.65319851261883
10.934288986739856,7.589098343961644,6.5,11.700000000000001,4,96.89871810732404
9.212974657680595,6.3644541618117,6.5,11.700000000000001,4,70.9006085725588
7.10186253137038,5.227383663400972,6.5,11.700000000000001,4,80.50225551419591
6.211976047670513,10.862369004623265,6.0,10.8,5,193.90408859456429
8.376263840769512,7.590968898990377,6.0,10.8,5,195.2550254675962
8.116511380282667,7.222782080142171,6.0,10.8,5,176.95234855787697
5.95716121456803,10.110061581133872,6.0,10.8,5,176.60432297504298
5.481003113784194,6.168086304450614,6.0,10.8,5,134.5437888058682
6.486005216341669,10.4538042594098,6.0,10.8,5,162.3079882609275
7.55978859871314,10.001313000159316,6.0,10.8,5,167.38462162342353
5.704466640881127,10.073589344974271,6.0,10.8,5,154.41635463758624
7.977926367188661,7.813633035422793,6.0,10.8,5,156.8538496774445
7.579158898310467,8.405184301038487,6.0,10.8,5,171.01528166778175
8.089062500791218,10.375262008334378,6.0,10.8,5,169.20649521866227
8.110885768332706,7.989982016628792,6.0,10.8,5,165.02641306303752
5.94903354431383,10.473226997219568,6.0,10.8,5,148.09984537923052
9.28630631886871,11.310846040740351,6.0,10.8,5,189.69182612725595
6.235400744497925,9.650735675809816,6.0,10.8,5,166.57983495001758
7.27941958118919,10.842251404446031,6.0,10.8,5,157.9260422530489
9.575416886628018,9.294518251710045,6.0,10.8,5,177.7476499972815
4.918721263124728,7.770135772392587,6.0,10.8,5,181.5915070793507
8.336285179079,11.548901052383489,6.0,10.8,5,190.9799819214784
5.967694209048156,9.693809448448055,6.0,10.8,5,186.9571262352659
7.1374748785482,11.418964501498031,6.0,10.8,5,161.7020195172511
8.350067668256914,10.765620190224936,6.0,10.8,5,188.7149901757422
7.54126652315778,11.207329783078778,6.0,10.8,5,180.5364905396648
7.315159132371861,7.259302548482136,6.0,10.8,5,173.5494968869391
8.887122769722787,10.339158801350584,6.0,10.8,5,183.28696130361877
8.342516368341435,11.16753954744222,6.0,10.8,5,179.33852216441414
8.106033544879299,9.190036151143858,6.0,10.8,5,179.53233150020336
6.745656532687768,10.855349309706302,6.0,10.8,5,157.69901552281905
8.638712607892304,9.54096643877883,6.0,10.8,5,157.44547790727125
5.973942387833709,8.891596884826654,6.0,10.8,5,162.69482258549937
6.738603239449471,11.24704955434406,6.0,10.8,5,179.95184192334446
7.310489324648246,8.839448358007258,6.0,10.8,5,169.31559795156775
7.843385612701558,7.994546193549743,6.0,10.8,5,152.63272589280098
7.008932575916859,10.841576607087427,6.0,10.8,5,160.67482902701173
6.780565377930315,8.840803541312015,6.0,10.8,5,171.86807189106264
7.823116922577988,10.384514361869767,6.0,10.8,5,165.6809221473019
6.760227523202231,10.059607254639776,6.0,10.8,5,173.81281977149067
5.453095847751072,7.354038414600408,6.0,10.8,5,187.50305641490772
8.374971395966753,7.990580147730529,6.0,10.8,5,173.54769940335112
6.515316676708029,8.445698293453598,6.0,10.8,5,154.97855312869044
5.443434085821787,8.52994266402542,6.0,10.8,5,179.68836379954251
6.787188193987551,7.663807273127685,6.0,10.8,5,165.13272407504547
8.108504944137362,7.61714309732529,6.0,10.8,5,171.15747248382394
7.008052474275799,11.228941000550302,6.0,10.8,5,164.28552646227072
7.034958993467834,9.268958611026576,6.0,10.8,5,140.26244131900103
8.628183164196006,10.351319213915062,6.0,10.8,5,177.64917309931647
8.650906261998713,8.368612807517009,6.0,10.8,5,165.13168910582704
8.127878089360177,6.8258656319425794,6.0,10.8,5,175.55779439545836
7.827295703912839,9.993299382727455,6.0,10.8,5,166.86686177356543
6.226491286589617,10.075300093275365,6.0,10.8,5,192.5841546978279
8.372652829578868,9.567241768092185,6.0,10.8,5,159.61413931879716
6.495081737314891,10.049932713754009,6.0,10.8,5,158.82463146573437
8.911838999027973,8.742797701057878,6.0,10.8,5,162.16532488547338
7.8369024439621136,9.57735469071246,6.0,10.8,5,171.21362781500028
7.074596898892861,6.480047367549745,6.0,10.8,5,150.63214308961105
7.310157981100464,8.031576751019518,6.0,10.8,5,170.09168830348372
6.7849453347457205,7.3075479809129025,6.0,10.8,5,174.07867704696528
7.017528505619105,10.441250635095566,6.0,10.8,5,169.1052840430088
8.081257172750874,10.781101949546022,6.0,10.8,5,167.8132352581328
9.82285913277764,10.879350056231212,6.0,10.8,5,174.71485457932965
8.644271120326158,9.154020332500858,6.0,10.8,5,160.46984905508157
5.715113430023812,8.094215122966123,6.0,10.8,5,150.7621329897452
8.076399326266968,11.179540775390471,6.0,10.8,5,198.30424633549572
5.445995216342241,8.130074202639571,6.0,10.8,5,156.00118740688868
9.179312701027774,9.12484271910019,6.0,10.8,5,159.67816530300885
6.816777484365069,6.087467435430546,6.0,10.8,5,172.7612900406784
6.509638684104129,9.62546271756179,6.0,10.8,5,148.132061605369
9.156705751988229,10.718772688576095,6.0,10.8,5,170.77435482529918
7.044640665781492,8.051048187011935,6.0,10.8,5,151.87038808111956
9.174661148308395,9.908654979301732,6.0,10.8,5,186.05501857742323
5.4514316413872175,7.740678930611055,6.0,10.8,5,163.3186798991463
7.311523319965112,7.6393324027447775,6.0,10.8,5,135.98347980042158
7.543224996482889,10.824694639496368,6.0,10.8,5,182.5704604585891
7.044682638824408,8.84581588864627,6.0,10.8,5,179.20811428382672
7.837915422649781,9.207874496380768,6.0,10.8,5,163.96505473404494
7.5786186605245955,8.819429175439069,6.0,10.8,5,159.61271288592155
7.837388613783619,8.827111991925108,6.0,10.8,5,170.238909184175
9.439413599051836,9.901947957724564,6.0,10.8,5,161.83964478942653
8.642187310193771,7.957486197130094,6.0,10.8,5,173.02444940098184
8.88605535933935,10.737118779220353,6.0,10.8,5,186.44044898459023
8.63439011423061,9.951616103760427,6.0,10.8,5,192.43969209905043
8.910402743272746,9.52536643383327,6.0,10.8,5,182.4057227315109
9.417572519441595,11.095910818429523,6.0,10.8,5,171.3723898371672
9.17644273767809,9.52658310709926,6.0,10.8,5,183.6387609280488
5.683008693040444,10.502961556900408,6.0,10.8,5,145.51762401353994
8.097260092162378,9.594950195529206,6.0,10.8,5,181.206969836216
8.3766567704479,9.17644202217649,6.0,10.8,5,175.57336649719284
7.552153357290288,10.4118950750517,6.0,10.8,5,169.86120237672677
9.69280729405962,10.28737071769026,6.0,10.8,5,182.7391977427722
9.42850719205938,10.299539702509096,6.0,10.8,5,180.49294174611305
8.071768618529314,11.565116822318132,6.0,10.8,5,187.17028616714623
8.095111870022354,9.979528234388914,6.0,10.8,5,183.19312932146116
8.107820412337395,8.795822655955067,6.0,10.8,5,188.6725834105075
7.938158157875676,11.3821691736948,6.0,10.8,5,171.23252718870484
5.173867951187477,8.968621738058216,6.0,10.8,5,162.2248511130409
5.175804870910683,9.33484586905995,6.0,10.8,5,156.39478397328662
7.276378137181354,11.220591660570182,6.0,10.8,5,172.94321096646715
7.8443026664284865,8.39996284690403,6.0,10.8,5,156.06754111659023
7.309318908486455,9.215372722030915,6.0,10.8,5,143.04747102340033
7.469014349028992,6.675832665956818,6.0,10.8,5,164.66551291942548
7.08460122617481,6.069585057171796,6.0,10.8,5,151.79303944639383
5.978373107744987,7.351444049274491,6.0,10.8,5,182.0194853901194
7.803867846029673,11.58508961860889,6.0,10.8,5,180.332035170236
7.292102614973898,10.032808848062889,6.0,10.8,5,171.7464822821958
7.569142819546307,9.242797004103714,6.0,10.8,5,179.49918634708476
6.892320423049801,10.23407378230549,6.0,10.8,5,153.96267194292952
8.604209351870715,11.537511759955503,6.0,10.8,5,194.4618212908564
7.054775377584126,7.28129094452814,6.0,10.8,5,151.56675645619904
8.397643772820654,6.797849822249357,6.0,10.8,5,146.46592759521457
9.6881668043241,10.679788285587083,6.0,10.8,5,165.45243676233608
6.510136645946074,9.24844821337958,6.0,10.8,5,158.8296683777014
5.97682113573835,7.735614200005282,6.0,10.8,5,156.0250784191932
8.367298604776835,9.957457094854377,6.0,10.8,5,179.82690289276502
5.455649387228736,6.9891885718929885,6.0,10.8,5,149.94808961651702
9.006727118473277,11.319907957961355,6.0,10.8,5,190.6373952790452
6.279460787754563,6.127831966946773,6.0,10.8,5,165.8827845663971
8.781113870529122,7.758771766131178,6.0,10.8,5,155.2791362300706
7.039404149501332,8.481457517637201,6.0,10.8,5,187.30122470562185
6.50776263854072,8.089177299258983,6.0,10.8,5,135.34115096326582
8.903101898178086,9.918849775147544,6.0,10.8,5,179.0975110557358
7.325440355803545,6.878428180632191,6.0,10.8,5,184.4980674075609
8.779084625286021,8.959977895147446,6.0,10.8,5,163.03636106447425
5.981796439664825,8.102731405873142,6.0,10.8,5,168.28348861034428
6.518404664160283,7.311406695899999,6.0,10.8,5,172.84843137301846
8.469724730283563,11.354578955387645,6.0,10.8,5,174.6227232973442
6.219640456735187,10.468528825080394,6.0,10.8,5,174.22384117459262
9.180021991361762,8.727588521907988,6.0,10.8,5,158.37006045217183
6.234888387907037,8.90569897913697,6.0,10.8,5,161.57142652317256
7.872346990013951,6.434520877495449,6.0,10.8,5,126.89691769863576
5.342878346517748,6.3723386887784725,6.0,10.8,5,147.8472074794197
9.715115033347416,8.68302176714263,6.0,10.8,5,155.8735095166843
5.706188960292012,9.301774178508248,6.0,10.8,5,148.1736278803832
5.429406746972197,10.11839934309227,6.0,10.8,5,158.1921872545819
7.571605602928392,9.582396782984787,6.0,10.8,5,158.07943382833045
9.452981048907844,8.308789061001965,6.0,10.8,5,148.0407860830566
9.316688211790702,8.917864431844855,6.0,10.8,5,173.24451481566825
5.8328376788749,9.88499150044636,6.0,10.8,5,130.17297106763223
7.588181413866668,7.232368789272005,6.0,10.8,5,123.11114011694654
6.550076604747482,6.098449564097142,6.0,10.8,5,163.3228508254643
6.526837834611735,6.908144136413019,6.0,10.8,5,156.15032079360023
7.016724678368326,10.06759938798115,6.0,10.8,5,171.5450957801369
7.196074048611142,6.691063298064379,6.0,10.8,5,163.35085007627265
8.62023720228842,10.747621425008766,6.0,10.8,5,174.0726150749976
8.647080117956559,8.751961326335055,6.0,10.8,5,170.32662642593976
8.245906436519375,7.792492075250726,6.0,10.8,5,150.7024823567368
8.35663855416592,10.37575642925921,6.0,10.8,5,185.42282861386548
8.201521615770282,11.372157016845591,6.0,10.8,5,160.9582925696935
7.840001848892756,7.64366877665516,6.0,10.8,5,166.19174932010543
7.622568032572789,6.037292138853119,6.0,10.8,5,134.82052510663928
8.648770468159869,7.569407386345898,6.0,10.8,5,176.68915663359255
5.708915699153871,9.673684400140164,6.0,10.8,5,154.38121145060083
5.746149333273651,6.175760017317826,6.0,10.8,5,150.3277850507781
5.7243032147453725,6.94963812824174,6.0,10.8,5,149.5083655915069
5.302798764326391,9.89659872296491,6.0,10.8,5,138.87182347433514
9.710653755989346,9.088485905916242,6.0,10.8,5,170.66975851715753
5.713199384765115,7.366495839056423,6.0,10.8,5,145.14197694112525
9.298007150628688,10.111958568494696,6.0,10.8,5,162.17358917722936
5.440256775699471,8.945142551932133,6.0,10.8,5,156.63221678573427
5.871546912087126,6.353028475651215,6.0,10.8,5,147.30841430999138
5.577112130005274,7.944047297896939,6.0,10.8,5,141.67546186784298
8.111085980905294,8.384123181774116,6.0,10.8,5,150.88300009591896
6.244146299622483,7.72520451581808,6.0,10.8,5,177.4185286056164
8.913441921203784,8.352023615196199,6.0,10.8,5,166.57679899075126
7.572693279789258,7.654515054283799,6.0,10.8,5,167.93179573819347
6.241471091686273,9.26269460416825,6.0,10.8,5,152.78149755700667
10.240059391262502,9.848374113606129,6.0,10.8,5,172.20347274295807
9.183411774294422,7.924894871904659,6.0,10.8,5,183.64074422661437
9.050428168911267,8.933599337445216,6.0,10.8,5,166.11337436601409
7.452797510270718,7.072810328409165,6.0,10.8,5,173.44392670984695
6.473628268359384,10.865313373494196,6.0,10.8,5,132.0754871397382
9.29301572622788,10.51608810988717,6.0,10.8,5,167.3200535629281
7.178243069121652,9.039101667454885,6.0,10.8,5,123.8049140900853
8.223621492011109,10.178249477789452,6.0,10.8,5,146.82507483885033
8.916468930987826,7.924994348230087,6.0,10.8,5,166.87527966091986
6.875536470423397,11.052684192195816,6.0,10.8,5,149.67757058750496
5.713537049961061,8.502247805229628,6.0,10.8,5,141.0031026769043
6.781139054353064,8.060913183215675,6.0,10.8,5,149.66587866803746
8.784012114599266,7.376219645003792,6.0,10.8,5,148.55485302478525
6.803762613097169,6.480047367549982,6.0,10.8,5,120.25688352055556
9.55465939484905,10.89184975463654,6.0,10.8,5,173.27821225457302
7.805538030538462,11.196249001387368,6.0,10.8,5,167.85779236247072
6.762969592574883,9.679037930327024,6.0,10.8,5,135.7744426857266
8.487399019752154,10.565969988507003,6.0,10.8,5,157.44728787124524
9.023129083486085,10.533249816710716,6.0,10.8,5,172.92173106091332
4.914258821961696,7.386424650550383,6.0,10.8,5,170.46936349674726
6.751237966928181,10.456508291773757,6.0,10.8,5,159.49328507091647
6.351668730116248,10.666934336396316,6.0,10.8,5,140.66990721655068
9.83495563068701,10.07065008054286,6.0,10.8,5,149.9359781669876
8.378514676487107,8.777441122556905,6.0,10.8,5,175.1607096827216
6.637022504353235,9.443268655721182,6.0,10.8,5,131.5192082041175
6.005511816813163,6.522650193080352,6.0,10.8,5,153.57536784382623
6.692331252465139,5.8738121399502345,6.0,10.8,5,117.48422984306484
8.495410174552854,10.158941027561973,6.0,10.8,5,149.24103525930678
6.250041584310899,8.459434810379149,6.0,10.8,5,170.80333649134909
8.877544946381633,11.135103241779586,6.0,10.8,5,181.45670136882376
7.982368045257711,8.199708443999999,6.0,10.8,5,119.16197992120344
6.770108097358269,9.257777275626406,6.0,10.8,5,150.35913168431415
8.3796264916059,8.381924187199884,6.0,10.8,5,160.94103164923692
7.814602851563918,10.79551511090481,6.0,10.8,5,171.56173429787268
9.28821392415369,10.905189550308837,6.0,10.8,5,153.66265765383946
5.209698441404977,6.567527900743857,6.0,10.8,5,153.47061097522078
5.9719213032691725,8.52523255383908,6.0,10.8,5,179.65726047351723
8.241273982777265,7.431768015703855,6.0,10.8,5,158.02898303670835
8.653944842670333,7.190743113077081,6.0,10.8,5,160.82209867120838
9.447790035974238,9.110059396401656,6.0,10.8,5,175.25353950409445
8.916221958923462,7.174032223658546,6.0,10.8,5,127.56982594000188
5.316299138406864,9.100757538660686,6.0,10.8,5,133.0052828024508
8.239769189508085,8.995571005563944,6.0,10.8,5,142.80418530030755
5.5761751400110295,9.495470371015433,6.0,10.8,5,124.23068370203733
9.160160120968104,10.327108525899726,6.0,10.8,5,176.31896528089118
7.690510891012977,10.186096776156374,6.0,10.8,5,159.49024674169254
5.438559234993191,9.337219351438067,6.0,10.8,5,165.54784981069952
8.386157104739963,7.194832148345485,6.0,10.8,5,153.79137190176257
9.44310930402426,9.495005035299071,6.0,10.8,5,154.8241682276415
5.4742570650742985,6.567256858384727,6.0,10.8,5,153.8134143936853
7.859198882415503,6.835363484876394,6.0,10.8,5,143.83853415865337
7.315725615562357,8.395309376590676,6.0,10.8,5,151.4237072548285
6.267053119217353,6.519498720237953,6.0,10.8,5,161.68974096262488
9.582841951711538,7.6930320105543215,6.0,10.8,5,171.2697679452883
9.5484076845044,11.288692053063844,6.0,10.8,5,162.894440700016
8.247279982440629,8.19540392784406,6.0,10.8,5,144.6111823891615
6.08153117205693,10.682555031143616,6.0,10.8,5,146.8004613602843
6.8351238929291664,5.674799746137308,6.0,10.8,5,132.8579089490208
9.57706593405701,9.68346927877112,6.0,10.8,5,151.64947490771328
7.853033924640499,7.219642605887611,6.0,10.8,5,144.69356611273233
6.258241512600339,6.91784835964587,6.0,10.8,5,164.32056923010776
7.591134276361654,6.842829551171521,6.0,10.8,5,166.1377688159645
6.7839317002503545,8.43511667253819,6.0,10.8,5,143.34478875413058
7.612694201254675,6.434787181190692,6.0,10.8,5,154.07049134706892
10.379515723416544,9.238297098837664,6.0,10.8,5,164.23699066158744
9.030652583600826,10.12953572534872,6.0,10.8,5,148.72225032555826
9.044945412186843,8.543317780048442,6.0,10.8,5,164.2884263018916
9.971284711651396,9.853217477431029,6.0,10.8,5,177.9011943908528
6.944086467941907,6.306821717855044,6.0,10.8,5,151.2917920367719
6.51514287565558,8.861242493498745,6.0,10.8,5,154.9255804545431
6.647978990419486,9.050850638787129,6.0,10.8,5,143.39362952020485
8.781791380023646,8.14511315326563,6.0,10.8,5,160.8906256418258
7.180490614880856,8.236018177221398,6.0,10.8,5,148.75835339072927
7.405462248216621,11.40971347913062,6.0,10.8,5,145.19317298432924
7.575865490905907,8.028553221149176,6.0,10.8,5,155.9073639335493
7.299612694136631,9.638365300981809,6.0,10.8,5,159.6243223196499
9.197487741001844,6.763507165158553,6.0,10.8,5,131.3425258180434
8.410163164353984,6.381990622253766,6.0,10.8,5,150.11533979664344
9.709689953757426,9.472761774199304,6.0,10.8,5,187.22198804406085
7.949446128027235,10.598179786004216,6.0,10.8,5,159.2042008353869
5.993832290155341,6.935586725549771,6.0,10.8,5,164.92486705322847
5.57682529940125,9.110970578456984,6.0,10.8,5,128.85401873090785
9.148417383891514,11.111114772906374,6.0,10.8,5,169.5252142132017
6.534582703767847,6.509652986761279,6.0,10.8,5,152.8801809212579
9.842388436471731,8.880520682713664,6.0,10.8,5,156.0073860155239
9.309953179464353,9.707675939484831,6.0,10.8,5,161.2894011901121
9.84598284580785,8.064844272249184,6.0,10.8,5,162.58197940300363
8.911016858245699,9.13293266670427,6.0,10.8,5,171.09095770133936
8.510636678661065,7.784595144794853,6.0,10.8,5,145.42329655739562
7.892215505900393,6.015359839216433,6.0,10.8,5,133.38775877054934
9.45384285029724,8.701680086148965,6.0,10.8,5,146.03758011926072
7.0390614314441775,9.623011383267896,6.0,10.8,5,134.11606119271698
9.84673433090918,9.280049341711283,6.0,10.8,5,152.1725920941253
9.97959864261768,9.065792051115409,6.0,10.8,5,160.9772313112149
6.512702193136461,7.722766907129329,6.0,10.8,5,171.53891204165234
5.573434389852134,9.874119102685238,6.0,10.8,5,138.4725387337779
9.18205743402346,8.31519211786151,6.0,10.8,5,157.02835274789692
5.186084304990324,7.749955192662116,6.0,10.8,5,141.09364462096033
6.241293493645224,8.110678259283642,6.0,10.8,5,153.020457651043
8.777320198894856,9.33992255251927,6.0,10.8,5,173.0354431123115
5.86053790785134,6.769056819287997,6.0,10.8,5,135.6743218566744
8.516839554488332,7.402700057943689,6.0,10.8,5,166.9037863415845
7.445403697299606,8.625058622408487,6.0,10.8,5,136.8608693919408
6.9316351723004805,6.702285788120056,6.0,10.8,5,145.40919156812998
9.047289315822274,9.327360490922343,6.0,10.8,5,155.87811884587856
7.955271540431365,10.191186418270936,6.0,10.8,5,164.65844977038068
9.320173026588318,8.113017915574966,6.0,10.8,5,147.431756070576
9.561570137141011,10.491917741591946,6.0,10.8,5,163.0165630919597
8.873199070853943,11.52078746346515,6.0,10.8,5,181.17511745102763
9.82247149973334,10.477825944672356,6.0,10.8,5,173.166113653223
7.976773873868758,8.6178594453726,6.0,10.8,5,150.71944954961566
6.104207151843342,9.475002206379042,6.0,10.8,5,147.3439850905562
8.018985018217574,6.222635294750682,6.0,10.8,5,119.24995530211488
10.639886844747403,10.00500889096424,6.0,10.8,5,160.64636232202193
4.909387489030679,8.96465935703708,6.0,10.8,5,171.18457600920448
9.422017115148112,10.693491898507816,6.0,10.8,5,163.9115064863927
9.455424067920596,7.507728491173749,6.0,10.8,5,161.79335092574823
10.907510894735475,9.594311910424617,6.0,10.8,5,162.66051455897878
8.792435715422327,6.985145906128892,6.0,10.8,5,156.56090949726416
9.05915366397038,6.96433989368525,6.0,10.8,5,161.86799010949153
10.512723836455544,9.429088366345704,6.0,10.8,5,158.55249363098378
9.95588733984986,10.658476318116367,6.0,10.8,5,181.25032045257132
6.258476575158702,7.655800341970092,6.0,10.8,5,127.8620385011412
5.443341174328552,9.676681860047951,6.0,10.8,5,142.85998818803844
9.838103982740446,9.669501844620404,6.0,10.8,5,164.80641714386877
9.040615783883348,9.73140495703745,6.0,10.8,5,159.25668978182065
7.053513833833316,6.896609150032265,6.0,10.8,5,165.09308342719487
8.268317071708472,6.613811857508647,6.0,10.8,5,141.18242898224975
8.513602783434422,9.35523077097582,6.0,10.8,5,147.46573364904415
10.229057043933768,10.241317387671565,6.0,10.8,5,162.38371724493314
7.427530631439256,10.200723771641934,6.0,10.8,5,145.48292096357196
7.343670534367798,6.459899899011156,6.0,10.8,5,164.9452031488529
5.70454945542917,8.938280929180904,6.0,10.8,5,147.16920596874724
6.098058027963996,9.881508131620638,6.0,10.8,5,137.5531967158746
6.427015134758657,5.903812057333206,6.0,10.8,5,164.35117413518415
9.047425822113793,8.1378583020728,6.0,10.8,5,158.66136465210764
7.285960282746935,10.415134813564077,6.0,10.8,5,148.57396117099444
9.956550652235284,10.25600350310368,6.0,10.8,5,168.56751563213385
7.187294762423781,7.079910815682058,6.0,10.8,5,146.29982000959927
9.016389992162324,10.925544750658116,6.0,10.8,5,159.98026614737807
8.219632030367391,10.584355813618036,6.0,10.8,5,149.19351320708884
7.181176779998404,7.482325121821049,6.0,10.8,5,141.7200421580202
8.421928622916543,5.977530503868175,6.0,10.8,5,114.3515544936426
10.367530727834508,10.02679807073516,6.0,10.8,5,155.4640224445737
7.497016150088718,5.840104478158033,6.0,10.8,5,152.42235015092186
5.315756867093841,8.33296134983086,6.0,10.8,5,137.0453833039122
5.182297209269474,8.52493828950443,6.0,10.8,5,145.56658871439697
6.116368610676716,8.288658216447017,6.0,10.8,5,134.3892208770677
9.949143237348975,11.057109992896246,6.0,10.8,5,163.2149067947894
5.190890287899931,7.343198183755761,6.0,10.8,5,157.37610583564873
8.765798027475554,10.137088554242274,6.0,10.8,5,156.0985490986353
8.739762947678424,11.338275962336985,6.0,10.8,5,153.6814962478863
9.708122949597724,9.881763691753864,6.0,10.8,5,159.7081226805856
7.416408844268175,10.63149146759971,6.0,10.8,5,147.50301123740755
7.750947353918693,6.246330709599119,6.0,10.8,5,144.56229842023504
6.159586845039407,5.905750320722736,6.0,10.8,5,141.26781630943415
6.373880466671488,9.85103861675,6.0,10.8,5,127.3448844580858
6.652682626841541,7.873781422299489,6.0,10.8,5,139.62730814095394
10.086427515487443,10.852613875495951,6.0,10.8,5,147.43517434078436
6.114034200986511,7.911545130572374,6.0,10.8,5,136.53000566718364
5.1766929781648106,8.14351748711862,6.0,10.8,5,146.10072541489222
7.735120043520272,6.658872551097944,6.0,10.8,5,144.7617922482049
10.105628905275935,9.653388694256288,6.0,10.8,5,156.24280256732257
6.366751311553852,9.48337194110412,6.0,10.8,5,138.97796145321857
7.450248207855622,9.004571954167194,6.0,10.8,5,130.89871205055496
6.113659606760319,9.057833855464166,6.0,10.8,5,128.74380920424045
5.584077234734739,7.579571217649937,6.0,10.8,5,129.56046219567887
8.511363677378984,8.970451794300368,6.0,10.8,5,154.97148794888966
7.985527686174819,7.040941821984265,6.0,10.8,5,157.15507094365728
6.9198258266197366,7.093909492556896,6.0,10.8,5,157.41007947513918
8.475842574645489,10.975270963744933,6.0,10.8,5,153.8560103875827
8.13928812470424,6.41893837481845,6.0,10.8,5,136.22703931167706
6.032228082502123,5.713133875979838,6.0,10.8,5,141.04605642319257
7.152831680122142,10.628160793988345,6.0,10.8,5,147.23649927043175
10.904094200684712,9.997153526164,6.0,10.8,5,144.32341701332945
7.716303253337414,7.4315311505472,6.0,10.8,5,127.85974488992684
7.357354958085787,6.04708000253779,6.0,10.8,5,138.16061275690578
9.313212564136077,9.316792962703168,6.0,10.8,5,153.17136582370736
10.376390446315265,9.635428418632191,6.0,10.8,5,162.53725945761738
9.57902013709093,8.904490424637915,6.0,10.8,5,155.40979705289632
8.517297740679735,8.180110654542931,6.0,10.8,5,144.11178653325263
7.684387554950232,10.605671866113934,6.0,10.8,5,140.19812853700284
8.538267874854544,6.594482730553975,6.0,10.8,5,144.65530490398297
9.58556912618658,7.310438817474706,6.0,10.8,5,148.97566011917797
7.974637728965933,9.007183275823943,6.0,10.8,5,141.1535124621456
6.605609280021181,11.055334935870963,6.0,10.8,5,137.11217921284154
6.923046916474401,7.442652177513703,6.0,10.8,5,137.25678534814833
4.91349986382523,8.157490049717161,6.0,10.8,5,146.57859240421914
8.229910660966102,9.771972108048235,6.0,10.8,5,139.70841012127943
5.708977738319017,7.742532503197326,6.0,10.8,5,136.874715662205
7.043463517173769,7.69570448111231,6.0,10.8,5,134.32222062612084
9.58902445272954,8.493142913891852,6.0,10.8,5,144.985040099963
8.24044422069859,9.383807343439084,6.0,10.8,5,151.17612936251265
9.861647424214976,7.280393518923067,6.0,10.8,5,132.84964677462742
6.40147623263611,6.333748179569637,6.0,10.8,5,148.6615102224125
7.413196016503145,11.027424933099942,6.0,10.8,5,154.2210627637346
10.354151248850174,10.434725282770026,6.0,10.8,5,150.92988430478775
7.216754801444297,6.265497961099666,6.0,10.8,5,164.507507527125
7.978646147289606,7.428690560667477,6.0,10.8,5,129.02979134054092
8.607179578652936,11.153531602584112,6.0,10.8,5,166.4796915508473
9.058241950865902,7.348593627652135,6.0,10.8,5,158.54340333165695
7.1797722132855295,7.867989034581365,6.0,10.8,5,128.76706706534793
4.920447010429536,8.509472646613526,6.0,10.8,5,138.60043514796553
8.742820517849617,10.949768299056828,6.0,10.8,5,151.0979567740044
6.378604944383632,7.910783173479983,6.0,10.8,5,126.74336406144128
10.638077116901393,9.609237584767127,6.0,10.8,5,143.32341873691797
6.791468013120626,6.892013693111847,6.0,10.8,5,161.2106599508718
7.718129723330126,7.053693127711532,6.0,10.8,5,148.15462387797746
6.647363411101877,8.255601892958868,6.0,10.8,5,131.81896096640432
7.14381574072552,11.033722933826278,6.0,10.8,5,153.5256987835475
10.122211276940693,7.646788088494173,6.0,10.8,5,145.30592074672893
8.160346204967935,6.0001742409875805,6.0,10.8,5,156.51242878230394
10.507208947087598,9.820054280797615,6.0,10.8,5,170.03708519667404
6.906705857811143,8.67777841542408,6.0,10.8,5,121.74833626452585
5.044732185463354,8.364388899398676,6.0,10.8,5,129.78273094807685
5.8511836106405655,7.551317028477249,6.0,10.8,5,142.55552996977534
5.83141884089297,10.248833576289329,6.0,10.8,5,122.6103324559042
7.174549732150712,8.648745907801063,6.0,10.8,5,145.35709970919817
8.918834949361703,7.54296828610497,6.0,10.8,5,161.6315210118191
5.610117141060052,6.371775263542696,6.0,10.8,5,158.54237148129272
8.767078806692984,9.752282484526171,6.0,10.8,5,157.71542006875637
10.116901062741418,8.869168179319903,6.0,10.8,5,140.63581456413138
9.983174463639736,7.859062671462185,6.0,10.8,5,140.8653571296726
10.245026386622586,8.237373749318882,6.0,10.8,5,150.54787351956156
5.970771578105338,9.291538081369316,6.0,10.8,5,136.2957535909546
7.450347981255685,7.8152804600881085,6.0,10.8,5,123.7701422243582
7.67129461519713,11.409471930604182,6.0,10.8,5,155.88713120730932
10.656080011385884,8.420608587953017,6.0,10.8,5,107.64776198761233
8.66693678814431,6.757351599857361,6.0,10.8,5,124.97976160917412
8.241505016918472,8.605232878693396,6.0,10.8,5,131.43788936792862
5.174011431402228,9.698410702536597,6.0,10.8,5,139.95786604909307
9.975814015683383,9.461695166117757,6.0,10.8,5,142.80821579079236
5.562180932640777,10.288024840227742,6.0,10.8,5,138.59320191074627
7.942228584179839,10.995064222464148,6.0,10.8,5,158.7118088577202
9.566856085563224,10.095950869103303,6.0,10.8,5,161.01118420743666
9.452081480865113,7.892219377349997,6.0,10.8,5,132.8645590768278
6.67299133839489,6.319741182510302,6.0,10.8,5,144.91379360205252
8.507786379806285,8.585855258303356,6.0,10.8,5,146.58364993572638
6.899512274496681,9.821190925073548,6.0,10.8,5,117.80269996424624
10.38950244908135,8.030115006439168,6.0,10.8,5,138.0177896522153
10.249242821844266,9.050352256825184,6.0,10.8,5,160.19884151880385
11.041904194815858,9.782553608661823,6.0,10.8,5,152.10007671436264
8.941334171634807,6.3606974960807,6.0,10.8,5,126.22401651979932
5.813696295431224,10.701051228749606,6.0,10.8,5,136.3580077392766
7.445043064885406,8.248896923670642,6.0,10.8,5,140.78013018955497
6.381994237140664,8.650662740735878,6.0,10.8,5,139.80437124732234
10.250018465688193,8.645347373005093,6.0,10.8,5,134.84529253094743
8.005814203203249,6.636374525883291,6.0,10.8,5,152.6091091890053
9.189186771262312,7.527787890950002,6.0,10.8,5,150.36275412367786
6.111049052630817,7.536365896043651,6.0,10.8,5,145.18688209842975
9.99762744213487,7.458176278344749,6.0,10.8,5,130.16478179581995
9.686487450898673,11.079948490541929,6.0,10.8,5,167.58014196640366
6.009000446673987,6.173892225769919,6.0,10.8,5,75.2025334917752
5.844463385521337,9.475093957234677,6.0,10.8,5,137.3475947065727
7.1668727018954055,9.842864625183614,6.0,10.8,5,135.39250267216002
10.519023945292975,8.22175438737828,6.0,10.8,5,135.73851915305335
9.323435950570506,7.715315037735095,6.0,10.8,5,131.23595791897233
6.653449480695528,7.12702971222818,6.0,10.8,5,133.22445172252426
6.142398432298884,6.335285538137208,6.0,10.8,5,137.23774252879772
6.243930574021676,7.333231454535181,6.0,10.8,5,134.96567073655348
6.378516170611516,8.275301515266351,6.0,10.8,5,119.8199223137336
9.714109375097864,7.866878009800761,6.0,10.8,5,151.91495989183443
8.554159369028199,6.175565436455493,6.0,10.8,5,136.86231930913988
10.095983720750024,10.450616844984149,6.0,10.8,5,149.62851410374776
9.318604979570562,8.5320589345086,6.0,10.8,5,147.5537278851179
8.498197197106744,9.771595948840352,6.0,10.8,5,115.56689499594746
8.75789081446001,10.54430644939142,6.0,10.8,5,153.0139134722617
5.046109135053031,8.745940435470699,6.0,10.8,5,135.14086114134523
5.055862109409842,7.192112118816474,6.0,10.8,5,142.34880185069622
7.431151456040656,9.825231820624198,6.0,10.8,5,124.65456299804754
9.98300887044908,8.677076075125866,6.0,10.8,5,139.0941765350678
6.917316173821913,8.245526199545505,6.0,10.8,5,130.72521013545267
10.51640376558888,9.026179745261928,6.0,10.8,5,151.9689070047405
5.19193314301589,6.968781351909119,6.0,10.8,5,139.84220603986796
6.294180269522377,5.682199660017345,6.0,10.8,5,138.93405351801536
9.733372865111187,7.088321443086979,6.0,10.8,5,134.2533192663377
8.212208554093825,10.974394487324654,6.0,10.8,5,147.62164405650478
6.916328823540695,7.857294602507438,6.0,10.8,5,136.6929350878772
7.904832409452798,5.587435709944476,6.0,10.8,5,107.99337075101604
9.048845928441956,7.744169086000001,6.0,10.8,5,125.87615535782452
6.570067071718895,5.671315222828103,6.0,10.8,5,141.86423713225156
10.939512395258356,8.38067980093911,6.0,10.8,5,156.48374934698597
6.640663072004355,9.82959118603521,6.0,10.8,5,125.2210972041121
9.098610884203088,6.130080485819119,6.0,10.8,5,126.96126684240478
5.586090765888122,8.686844398226969,6.0,10.8,5,123.50774054543857
6.171715050959329,5.498080286026728,6.0,10.8,5,129.45054035432477
5.310587278812493,8.734858774590307,6.0,10.8,5,149.7767424117138
10.630724349455225,10.411503221804397,6.0,10.8,5,150.4261272097113
6.643533096030807,8.663268788007073,6.0,10.8,5,131.39296317610243
7.975594204220573,9.395499258749998,6.0,10.8,5,140.32927045328512
5.054331507030917,9.1057084658021,6.0,10.8,5,112.95307084910212
7.707748217927255,9.002863533338868,6.0,10.8,5,118.20866584873588
7.673399435624837,11.005930644860303,6.0,10.8,5,140.99126895861787
6.386290019556375,7.1148817453392965,6.0,10.8,5,144.09935046333086
7.097762929983276,5.640122081383317,6.0,10.8,5,119.06688452944437
6.577879176464276,5.262770471169363,6.0,10.8,5,107.95654307159576
9.718182308744952,7.485128651645705,6.0,10.8,5,145.14280100122858
5.8568619624791225,7.130068167500646,6.0,10.8,5,136.00210999568878
7.229649913086726,5.859919986638743,6.0,10.8,5,115.09526662957312
6.334346691025561,11.065674443273505,6.0,10.8,5,137.1497025763385
6.615731449565996,10.650581053194877,6.0,10.8,5,124.72014600976212
6.666164415680625,6.71188064849193,6.0,10.8,5,155.3444349772316
6.086423589032923,10.274388010644095,6.0,10.8,5,123.0228787808141
7.702264595041961,9.423903783158703,6.0,10.8,5,129.33256478413065
4.786396745800438,8.734967189649998,6.0,10.8,5,121.3755081285862
9.85403374060774,8.476030020227062,6.0,10.8,5,145.215824357155
5.821861646724512,10.309274317409082,6.0,10.8,5,123.09093367206584
9.336237083903471,6.924958321444406,6.0,10.8,5,143.38817420636678
6.129996972329003,6.741172597340062,6.0,10.8,5,140.79090641352326
8.564698754540718,5.767241560255902,6.0,10.8,5,116.75213271702629
9.64079718736503,5.693254341226902,6.0,10.8,5,133.25678075010248
10.238786683935931,9.449287120998653,6.0,10.8,5,143.4619002048071
5.043473335191748,9.514797172658344,6.0,10.8,5,138.6655155352192
8.283439502124663,6.200304472897964,6.0,10.8,5,112.2021796933773
5.739369085162046,6.544974964989923,6.0,10.8,5,145.90615133224466
10.65284205866394,9.212454815907824,6.0,10.8,5,160.11868784680075
6.880192084875284,10.638927832993328,6.0,10.8,5,133.4676526392278
7.443972271385154,7.478788913705733,6.0,10.8,5,134.62067911045875
7.964526150387674,9.790747969130663,6.0,10.8,5,132.64719436440262
6.97313661201123,5.452107663799498,6.0,10.8,5,137.62899897903708
7.479145521763211,6.265184653343455,6.0,10.8,5,146.37801548911708
6.358001345209621,10.250428975422643,6.0,10.8,5,128.91124328491435
10.780674098028893,9.006112657712016,6.0,10.8,5,133.35942584671812
8.781829296083881,8.552785363868013,6.0,10.8,5,143.2639642867518
10.258976584070862,7.838447242070336,6.0,10.8,5,134.6116028487926
9.86396410971617,6.892183084469395,6.0,10.8,5,134.8308085568956
9.468646437351005,7.112567580636218,6.0,10.8,5,113.14348616441993
11.094542505597762,6.990406177054927,6.0,10.8,5,114.19994593257016
7.712903754790413,7.822459175172451,6.0,10.8,5,134.6955060089674
8.818891047192063,6.145109794118553,6.0,10.8,5,125.66906162522687
9.976653555160109,8.264616520609747,6.0,10.8,5,151.20000759364294
7.693277442182234,9.822851583202931,6.0,10.8,5,141.56278644320724
5.054037946981003,7.532085218517219,6.0,10.8,5,120.2306200028457
6.382272026010036,7.509961310573515,6.0,10.8,5,140.64683767433712
9.600957812257729,6.919934565903306,6.0,10.8,5,116.55976445165224
7.169522687755482,9.44009332607731,6.0,10.8,5,120.04219095994254
7.159531816091379,10.2145452309985,6.0,10.8,5,111.16613686703226
8.959868146541034,5.937986777871809,6.0,10.8,5,112.13773595583396
6.436608469768263,5.468542986728875,6.0,10.8,5,116.63782800358784
6.916519069307792,9.021014081490016,6.0,10.8,5,122.63264679275058
4.776462165352663,8.371771140147024,6.0,10.8,5,138.20735404487033
11.067910245789005,8.571933584369356,6.0,10.8,5,121.64858310431482
8.807890801778193,6.564498136230299,6.0,10.8,5,147.3818869245117
10.510750071793836,8.619303240581305,6.0,10.8,5,133.61685481280512
10.648149558019238,8.807976787510201,6.0,10.8,5,130.80480365908426
10.114881103180704,9.248712092153497,6.0,10.8,5,139.46185807479227
6.102872530796229,8.717377290581206,6.0,10.8,5,128.90189284419293
6.118049238263684,7.149160822920849,6.0,10.8,5,132.70082846155503
7.643911648276821,5.618417170427205,6.0,10.8,5,122.99604713327624
5.315655207163583,7.171061515538722,6.0,10.8,5,136.4515577956022
5.053239776227956,7.956243972136169,6.0,10.8,5,124.78509988668158
10.52525691097788,7.826219043528441,6.0,10.8,5,119.47977735795668
4.785198736703214,7.975699032410215,6.0,10.8,5,137.40761346575667
11.053773829736222,9.368122111954824,6.0,10.8,5,112.3008455672949
6.399222012770988,6.723885127866789,6.0,10.8,5,138.5968402579159
5.315081812282663,7.9496024159439695,6.0,10.8,5,134.63405429547475
8.52590592402101,6.98558937588661,6.0,10.8,5,135.1370746275509
10.380267718188335,8.435877669754756,6.0,10.8,5,153.65278371913547
8.253940708319403,7.020083983972808,6.0,10.8,5,136.03857155187472
5.5981693556387135,6.766273326453311,6.0,10.8,5,145.39007750161315
8.681386029255407,6.357905323299175,6.0,10.8,5,133.2200707253819
10.100930589106472,10.052923372051884,6.0,10.8,5,143.56475722821884
10.218411682121353,10.630810559094815,6.0,10.8,5,140.66996837576596
5.843616892074925,8.317016765709662,6.0,10.8,5,126.89654810521988
9.070305361175237,6.559766755199999,6.0,10.8,5,150.41978078104967
10.77574729799041,9.400045662715996,6.0,10.8,5,146.16519028817407
7.711050272385343,8.617142917076716,6.0,10.8,5,115.25420130218156
5.320883524851872,9.495337998743311,6.0,10.8,5,107.16616499790854
5.847370631512871,8.694217827990796,6.0,10.8,5,127.22747798665506
9.478222493715396,6.714101036250466,6.0,10.8,5,129.61762820483878
10.130996829889147,7.273332620089953,6.0,10.8,5,128.3046814570316
11.201792279623978,8.761228434454633,6.0,10.8,5,130.17580686514015
8.295776412505873,5.794497998752396,6.0,10.8,5,125.80296579467348
6.9579455479364505,5.881656209139279,6.0,10.8,5,147.44287387098393
8.93004093482724,6.755262937690054,6.0,10.8,5,125.74132252510056
10.116519681225103,8.452621402426976,6.0,10.8,5,134.68407694212314
7.756096213770352,5.847241784538302,6.0,10.8,5,138.8012816358193
10.262411438728094,7.4437964692102865,6.0,10.8,5,139.79644764553197
6.900923949479859,9.48659840171561,6.0,10.8,5,121.038312087852
7.364485313469941,5.631744941863007,6.0,10.8,5,121.80962348755578
10.921410335172377,7.987655460392187,6.0,10.8,5,120.5632788872482
11.198102442206332,9.588874402120004,6.0,10.8,5,113.12962962944154
10.405783681892292,7.629041788246926,6.0,10.8,5,126.02792289185815
10.800704668173651,7.40285033343357,6.0,10.8,5,124.39111802534632
10.941823990373956,7.202472893200316,6.0,10.8,5,116.55511003325634
6.702401793171129,5.456548355397838,6.0,10.8,5,127.2826430473904
10.116509675470596,8.055885952686856,6.0,10.8,5,142.0676564019083
8.025896871828767,5.814694739769207,6.0,10.8,5,138.42992646030626
6.368511650156833,9.1009397505563,6.0,10.8,5,120.9882929598006
10.49053443397248,10.61983419252764,6.0,10.8,5,145.74246913093697
10.786190810323356,8.582028212769897,6.0,10.8,5,77.88436187899369
9.857497423759789,7.668663094437721,6.0,10.8,5,141.53989390402535
10.770889149935508,9.79878354770598,6.0,10.8,5,145.08818322278557
10.933962567641515,8.790259455673057,6.0,10.8,5,119.54712640365526
5.336849054967488,6.773047743144857,6.0,10.8,5,130.14051222683833
9.584495465767455,8.086468093572773,6.0,10.8,5,117.97075221895824
9.359750512078328,6.129029867462953,6.0,10.8,5,117.64156122544884
10.93737162242006,7.589190683979669,6.0,10.8,5,131.74866489264934
9.343354394683407,6.535635668121091,6.0,10.8,5,119.4376680459211
10.395062216040133,7.235937087112232,6.0,10.8,5,111.5437965563205
5.8431085434405725,9.078046384271053,6.0,10.8,5,108.0246700972446
10.771441681167593,10.190974664062477,6.0,10.8,5,139.3205159024402
8.161802959788403,5.58448600548151,6.0,10.8,5,108.09336051267704
7.234996185197683,5.437338606574238,6.0,10.8,5,135.69256509021577
9.32573172471481,7.314736997915276,6.0,10.8,5,138.57191740902667
7.369026322240198,5.214443912107585,6.0,10.8,5,110.3374625286846
10.49528975951962,10.2268585871,6.0,10.8,5,147.49245427149373
7.712486073358074,8.162771672209372,6.0,10.8,5,117.56536212345316
9.717142609373434,8.273982698599015,6.0,10.8,5,131.99026662466784
11.342930014200002,8.166841265278988,6.0,10.8,5,102.90247491151166
8.701881382805611,5.537833548000481,6.0,10.8,5,75.77591462834944
7.44063183422144,9.395499258749998,6.0,10.8,5,115.39511607818984
7.108106209694848,5.225930152679189,6.0,10.8,5,117.26897125525085
8.443905551205713,5.564595643202438,6.0,10.8,5,95.23618998533756
8.057522343391499,4.981091190496217,6.0,10.8,5,56.52105056268373
5.843774918217836,7.937773313150001,6.0,10.8,5,124.911271727523
6.615518902070057,10.282220811769175,6.0,10.8,5,118.33168023632828
5.5953029556074485,7.120345316601092,6.0,10.8,5,113.56798676034803
9.21740250221395,6.338616205807068,6.0,10.8,5,110.44129566721394
5.891027019624724,5.936652317146391,6.0,10.8,5,138.87185069595125
7.708349865934461,8.253063458536989,6.0,10.8,5,140.97511390596125
9.74490283378302,6.705807898749952,6.0,10.8,5,94.58904738395604
9.50106638215476,5.90055037449726,6.0,10.8,5,88.63496300131138
10.65140731236928,7.6034314029109265,6.0,10.8,5,106.51987207432552
10.17762998365381,6.063714188399686,6.0,10.8,5,89.09126110294167
10.438704620036578,6.449267441868466,6.0,10.8,5,114.82097639500996
8.825115809966642,5.715593386454845,6.0,10.8,5,97.4752165554309
11.071614442172978,7.777957965271071,6.0,10.8,5,132.62744719820458
5.322300815577873,7.54525950136471,6.0,10.8,5,130.46826238959585
11.0468294315,8.982708590339794,6.0,10.8,5,109.1385837749914
9.787979574811214,5.469109888023233,6.0,10.8,5,82.42559683913771
10.541656293072196,7.417899403756293,6.0,10.8,5,106.17126506361936
6.644134558862183,7.522486870360314,6.0,10.8,5,104.86578258042393
8.693986879371987,5.944550793211226,6.0,10.8,5,104.95227143669152
11.226858008728538,7.168422305354872,6.0,10.8,5,104.96551051982242
10.68495239551222,7.212609191042148,6.0,10.8,5,93.34468589564838
11.205540394659744,8.383214420758646,6.0,10.8,5,104.58543118390452
5.570669941772115,8.349312735667374,6.0,10.8,5,118.3584028780354
9.624014122279172,6.507928434634997,6.0,10.8,5,115.00677370977031
9.768708286824191,5.865315099952729,6.0,10.8,5,104.77345949983626
10.385090872198228,8.840441716755262,6.0,10.8,5,131.34770387364793
9.898472334408831,6.476815929483575,6.0,10.8,5,108.50721493703556
10.92792799950032,9.187883283286649,6.0,10.8,5,125.91333114183196
9.09651590938513,5.715489233882725,6.0,10.8,5,103.17660678455586
8.301299180471275,5.358361632050931,6.0,10.8,5,83.76996388451549
9.635218832161684,6.10244208471129,6.0,10.8,5,115.73255508820374
10.788320140770118,7.796874592396175,6.0,10.8,5,97.57910469189636
10.957074426184054,6.801856992735469,6.0,10.8,5,96.0319065020415
7.50381009398288,5.441629263485311,6.0,10.8,5,112.87888943330589
10.657896628540517,8.01991626535702,6.0,10.8,5,96.70992848199155
9.18760112787603,7.132860605246499,6.0,10.8,5,123.90060361925416
7.518589542661117,5.000886622106825,6.0,10.8,5,103.56381358091411
9.9990889081,7.068221211459042,6.0,10.8,5,90.29893293311444
7.769940504404214,5.403136952263191,6.0,10.8,5,104.9579251446272
6.842971843240459,5.234828444622592,6.0,10.8,5,78.18184901026073
11.056553993884778,8.164955613457119,6.0,10.8,5,112.26130854129316
10.148860969483326,6.8624672379702325,6.0,10.8,5,101.61409139162984
9.233352822870216,5.914534042195063,6.0,10.8,5,85.00197969243474
11.342689910327705,7.339244533235532,6.0,10.8,5,44.62210806773663
7.25283607805791,5.003699419740092,6.0,10.8,5,111.62790959567695
9.496275109171668,6.294808659250712,6.0,10.8,5,107.07408583185445
9.112173863532968,5.292421933609581,6.0,10.8,5,75.57901377215293
10.452408084446027,6.047420777975615,6.0,10.8,5,98.4682990133789
10.712307660793902,6.4298027502086095,6.0,10.8,5,75.92695249022822
10.795976141393524,8.193263950154813,6.0,10.8,5,109.46848109211462
8.039270035673237,5.367792779656816,6.0,10.8,5,101.668716618945
10.853225204350002,6.6226327011284365,6.0,10.8,5,67.68978329145058
9.759813203292271,6.290285582107253,6.0,10.8,5,105.1178966288396
8.189421933475092,5.150694903915123,6.0,10.8,5,82.83620920332072
7.927084035309262,5.179530511838657,6.0,10.8,5,72.15072919557306
10.32499129959306,5.84482354724621,6.0,10.8,5,74.40939919273022
10.04112303414812,6.275054656450053,6.0,10.8,5,82.5592256569407
8.583261683630116,5.354418001898469,6.0,10.8,5,81.07932395311077
7.652617413853081,5.205848789831499,6.0,10.8,5,82.20149304486304
11.34285472939885,9.068470688551388,6.0,10.8,5,103.62701961748232
9.661027453811736,5.244940850039068,6.0,10.8,5,59.6393944890791
10.161861536812804,6.467790986828423,6.0,10.8,5,90.18425532989836
9.23288382310277,5.491748937693024,6.0,10.8,5,105.56016116688556
10.265820438662612,7.047721122681678,6.0,10.8,5,104.98317302995176
8.594908964334188,4.9198250664000005,6.0,10.8,5,75.69449214607423
10.311609967049078,6.254891134468031,6.0,10.8,5,92.5043553564793
10.028681411875464,5.855040583512181,6.0,10.8,5,63.47106950053894
8.441610541739527,5.124609746815441,6.0,10.8,5,84.41648055931832
11.055439198663048,7.376634895939461,6.0,10.8,5,85.14428021555781
7.756666511722392,4.978610708380779,6.0,10.8,5,97.3927123260605
8.734967189649998,5.108588104681379,6.0,10.8,5,83.15797550260201
6.215340642346377,10.854912148743402,5.5,9.9,6,205.35279132259677
7.565998205792017,9.98310800466435,5.5,9.9,6,189.10534278944704
8.119645612368187,7.216701731368011,5.5,9.9,6,171.06804663831429
7.832950775003987,9.975210478033002,5.5,9.9,6,176.50022980159673
6.513752134676732,9.619658932030042,5.5,9.9,6,182.06407851405416
8.351884366820803,10.76009826218414,5.5,9.9,6,207.59076097258009
6.78828682483579,8.824037328307254,5.5,9.9,6,178.19126368856828
6.519537694038393,8.426817249528188,5.5,9.9,6,178.25162858776395
8.891109878838494,10.331577871230678,5.5,9.9,6,200.0412792842429
7.079628538634781,6.456932786136003,5.5,9.9,6,157.90651849726
8.380002869021435,7.587565624488404,5.5,9.9,6,206.59478604544077
8.091421751001828,10.373310127058236,5.5,9.9,6,186.46611799161224
8.4031497647942,6.789241312750093,5.5,9.9,6,163.00985270707258
5.708391769598356,10.062623700787478,5.5,9.9,6,173.52292771343653
9.57957147075732,9.291573708380149,5.5,9.9,6,186.48949998522184
9.159105918865391,10.713718457713137,5.5,9.9,6,187.08432514398305
9.181156448468425,9.114747611743184,5.5,9.9,6,167.83995324382428
7.840121721394536,9.568390699108956,5.5,9.9,6,185.7808304258797
8.382877651987213,8.360451777726425,5.5,9.9,6,175.1115348904015
7.545674327626457,11.200385590551171,5.5,9.9,6,190.84717297067627
8.652277393110028,8.353500917499906,5.5,9.9,6,169.80328183882622
8.346063925253445,11.16288875922283,5.5,9.9,6,191.10675063081072
8.37495997179504,9.548110127648355,5.5,9.9,6,177.75415545326334
7.319797410783945,7.252243562428847,5.5,9.9,6,180.5829420682608
8.080093162434107,11.174973574927677,5.5,9.9,6,205.5730964383972
8.912564761453247,9.524009154458252,5.5,9.9,6,192.77947722805777
6.8110944976849375,6.454448631138039,5.5,9.9,6,138.86098207877228
9.419982999795064,11.095867741089547,5.5,9.9,6,185.4107561715905
9.586890050806645,7.691775277131133,5.5,9.9,6,190.57484455604
5.761263853091801,6.096976187300015,5.5,9.9,6,126.02578758677804
9.175840984121452,9.903631125607594,5.5,9.9,6,205.63999688756005
6.695557403406284,5.865959514035905,5.5,9.9,6,163.04124665896487
9.178684435957363,9.515870865981888,5.5,9.9,6,181.7160171131904
8.906164561801187,9.913783729771314,5.5,9.9,6,200.8651333781894
8.88923988490202,10.733123889024002,5.5,9.9,6,198.4912566571219
8.368612025628133,9.951363797964245,5.5,9.9,6,195.1962309242384
7.596090518761978,7.2091043691677985,5.5,9.9,6,149.40393558737512
8.64791444211127,7.946010046306877,5.5,9.9,6,173.95618809599395
6.238719064872697,9.641779566718544,5.5,9.9,6,190.86059120422652
8.097440871439435,9.966805783694769,5.5,9.9,6,193.3936490878229
8.647798182115357,9.139298674759434,5.5,9.9,6,167.70457772660512
6.748312982269703,10.837180415410211,5.5,9.9,6,174.81923168881602
9.317609527125866,8.911738274944035,5.5,9.9,6,189.84134891053165
6.490462894143718,10.440315612675745,5.5,9.9,6,178.92835591478632
7.58627814032206,8.395151459347899,5.5,9.9,6,177.90280087664308
9.714501894903302,9.083836932331064,5.5,9.9,6,191.18745422624465
9.694543859500682,10.281921807707974,5.5,9.9,6,202.92313555769277
8.339900230581556,11.544928719025911,5.5,9.9,6,190.93691764547933
9.43028445919913,10.297676198629272,5.5,9.9,6,203.50142972150016
9.286849595435678,11.309602276219875,5.5,9.9,6,188.92383077220467
10.240916239889309,9.848133317734494,5.5,9.9,6,198.0556402841653
7.827287726427047,10.377634206076529,5.5,9.9,6,178.79428425081318
8.635321974272452,9.94691021520755,5.5,9.9,6,211.9942452086709
7.557666768163386,10.39642305833995,5.5,9.9,6,184.6881858643124
8.390651915500625,7.184991031169055,5.5,9.9,6,166.05414734413867
7.060915184947147,7.248232969497735,5.5,9.9,6,154.04939667011902
9.18871628868578,7.922556196557647,5.5,9.9,6,209.6145960829601
7.576551202630232,9.576622682552166,5.5,9.9,6,179.00624777845067
6.792978930786113,7.651498338579353,5.5,9.9,6,181.96659974218065
7.010607563706724,11.222800842369251,5.5,9.9,6,191.20305284567783
8.78393206562171,7.748172379423447,5.5,9.9,6,152.32170470150788
7.850439269229647,7.9819797874532386,5.5,9.9,6,172.72505030210007
8.083579696402712,10.768817089031096,5.5,9.9,6,180.6529502213405
5.2130041927635205,6.5539753701569445,5.5,9.9,6,164.9407484681076
8.670256498913504,6.754290986421147,5.5,9.9,6,163.50826274288383
5.71974925850644,8.08454489779648,5.5,9.9,6,170.1368610506482
6.782921322674079,9.617224260330836,5.5,9.9,6,164.54189201390736
9.971988832154103,9.851191160072258,5.5,9.9,6,203.33090080333545
6.263485236620968,7.642577894207072,5.5,9.9,6,157.69340496959495
8.922279410333422,7.913438934404579,5.5,9.9,6,176.70886588457049
9.718576516001193,8.67414046859398,5.5,9.9,6,186.08684013592455
6.552934184096156,6.091664998513076,5.5,9.9,6,191.047198699995
9.986166681621937,7.859464699565848,5.5,9.9,6,175.72395994512547
8.642289634452379,9.530721429235207,5.5,9.9,6,178.93115968292508
10.912239302959136,9.596620068566672,5.5,9.9,6,196.6701831923841
9.18113370471037,8.720166170800821,5.5,9.9,6,186.19448119631423
8.378532894907972,9.160459182142109,5.5,9.9,6,164.85612451451524
6.232663090368959,10.05238734475554,5.5,9.9,6,176.39940165406782
5.455139267881387,7.3431018909428465,5.5,9.9,6,179.22788209691683
5.953862396657621,10.459039919801649,5.5,9.9,6,175.24599030894336
8.652917247418767,7.564450438300747,5.5,9.9,6,174.59316962943063
7.046678225000584,9.596965575057247,5.5,9.9,6,177.16227752535045
8.630803434366388,10.34289273966425,5.5,9.9,6,188.9433198796933
8.116035951622495,8.363170157824614,5.5,9.9,6,159.07463078784326
6.8182381446881255,6.076927006513652,5.5,9.9,6,188.01551858493377
8.383266696045665,8.769132641499999,5.5,9.9,6,175.14403434349714
8.109426369895363,9.177570982204216,5.5,9.9,6,183.46332081629072
7.141866702796943,11.408916699832616,5.5,9.9,6,160.54242852626334
7.280422239488367,11.210299426612789,5.5,9.9,6,179.9903610254573
5.456901982281532,7.715615411499984,5.5,9.9,6,164.23939078006617
6.011543110467378,6.512618398827343,5.5,9.9,6,160.73678320686722
7.980489014908276,7.802683900632035,5.5,9.9,6,159.2823255107379
6.789408132970534,8.412009537052452,5.5,9.9,6,160.92010218890613
7.816141350073911,10.788883535555383,5.5,9.9,6,196.3403095083341
8.113584420215792,7.971938765000002,5.5,9.9,6,175.44024398671257
7.3483302233321055,6.448262809912741,5.5,9.9,6,164.64598785839894
8.377133613574378,7.97813123337092,5.5,9.9,6,164.6405819487968
7.859495877265021,7.194659220394908,5.5,9.9,6,166.86515747359226
6.522169523754131,7.295915332078553,5.5,9.9,6,163.7490911574919
4.9208112024679815,7.7586278353369105,5.5,9.9,6,176.7690849230392
7.852861344491683,8.36589654236606,5.5,9.9,6,176.3540471382874
6.538524286220199,6.4950159934936185,5.5,9.9,6,176.25631316180727
9.45680612913808,8.291882319155883,5.5,9.9,6,168.0550338302632
8.914956731459974,9.126146514098377,5.5,9.9,6,188.7590448849892
9.96016844910589,10.25649700617372,5.5,9.9,6,191.77536381979448
6.48408374872243,10.83959716985438,5.5,9.9,6,154.51756473041203
6.742595079405865,11.23357026691743,5.5,9.9,6,191.42736145146756
8.622230542822653,10.744397262760687,5.5,9.9,6,188.81724966219545
9.457163000121326,8.687312099051978,5.5,9.9,6,171.43419097961296
5.973136246641071,9.664765308187768,5.5,9.9,6,163.61967756737857
7.941397462922675,11.37163550131076,5.5,9.9,6,177.10503478686968
9.863375412697046,7.279322911081513,5.5,9.9,6,161.0791368597829
10.250440529428465,8.238842218046749,5.5,9.9,6,181.21368150972376
7.35894698295865,6.037621944047101,5.5,9.9,6,177.7384540569551
8.915007359947268,8.727366517792786,5.5,9.9,6,178.89177114954248
9.44600612422173,9.486811735355092,5.5,9.9,6,182.21637185825688
8.160987076655493,5.995809223089554,5.5,9.9,6,186.8617427526993
5.998395199122698,6.915990195007117,5.5,9.9,6,162.5703553826207
5.459017711130058,8.869053332418028,5.5,9.9,6,165.5229153914953
6.522484243603716,8.832870620319342,5.5,9.9,6,171.9554386886925
7.320600822237223,9.190770811543072,5.5,9.9,6,179.82851804207655
9.3120743668452,9.698185023898956,5.5,9.9,6,183.20345445712056
7.101539720707669,5.6411861833875205,5.5,9.9,6,154.48818649540414
7.085954107874071,6.0586734614000015,5.5,9.9,6,173.5268448157618
9.44059352122379,9.89634556531181,5.5,9.9,6,165.2338635975861
5.724409485402249,8.459923197643594,5.5,9.9,6,163.08628843569377
9.149192892649651,11.11150855605474,5.5,9.9,6,191.14654716725823
6.833681763927938,5.65919077173745,5.5,9.9,6,144.09010136455495
9.846094913462018,9.274121963704724,5.5,9.9,6,174.94227845987294
9.822588616733803,10.877178159608462,5.5,9.9,6,185.74833875503623
9.458061961395574,7.501747968607268,5.5,9.9,6,186.78319878109636
9.690179498264818,10.676538148302615,5.5,9.9,6,184.4634869681734
9.2006978429633,6.755973447702334,5.5,9.9,6,152.57204628041987
5.449070393997552,9.662504489340286,5.5,9.9,6,176.03616844848045
4.928328449968639,8.497796473580856,5.5,9.9,6,162.97927480430772
9.982298478854611,9.06503927072876,5.5,9.9,6,180.0673919276722
8.426474278760423,5.972712915200148,5.5,9.9,6,150.27473498764027
6.897197717835391,10.221555572770626,5.5,9.9,6,166.82096604116276
9.736747402570302,7.087025085743992,5.5,9.9,6,174.49835383882916
6.501674577927496,10.035030874978524,5.5,9.9,6,176.1377441201601
9.836059121462853,10.067855325845157,5.5,9.9,6,168.71529417928156
7.321586790853948,8.387978464793404,5.5,9.9,6,178.2735344893676
7.892889592386436,6.0085573410558295,5.5,9.9,6,166.71234519495
10.126180514083622,7.644760819655135,5.5,9.9,6,179.09681164786983
6.224728854761595,10.45088880468416,5.5,9.9,6,178.44649762208033
9.29550469312698,10.511630223621523,5.5,9.9,6,171.17257166351527
10.51433263313771,9.430203472263504,5.5,9.9,6,184.70390801095604
9.470658204639346,7.10862284085784,5.5,9.9,6,158.85681961173375
6.280070817730116,6.121761930694956,5.5,9.9,6,165.86335139088575
8.686147771856362,6.351757683776787,5.5,9.9,6,170.7240636750899
8.556073601202108,6.166867369947224,5.5,9.9,6,170.31935498763875
8.920521441823626,7.539414140336929,5.5,9.9,6,197.7845286308551
7.317842823957226,7.62795525032334,5.5,9.9,6,157.26978183121065
5.196901500443956,7.324790811438182,5.5,9.9,6,153.15495822442247
5.72494890359442,8.862026853349166,5.5,9.9,6,153.39544655578757
9.423436594201474,10.690886496039752,5.5,9.9,6,187.60399710401805
8.879342465150438,11.133751703174346,5.5,9.9,6,186.0541988622343
9.449346300171133,9.10368949577388,5.5,9.9,6,190.1786068013204
9.9851120694156,8.669304167588177,5.5,9.9,6,174.92943865346288
8.075743218072796,11.562290264572434,5.5,9.9,6,188.87027154347507
9.589846062436688,7.306774646854211,5.5,9.9,6,160.0661631129551
8.130867023429502,6.818526595019375,5.5,9.9,6,169.6835307018029
7.057614472248555,9.187594500824408,5.5,9.9,6,167.08675923886352
8.916615273449246,8.341552746591097,5.5,9.9,6,174.02324961068152
7.011489672072591,10.825660492232936,5.5,9.9,6,170.88057504912243
5.4557776243498886,8.105503962222746,5.5,9.9,6,167.5026447387007
7.625012495081188,6.024508009550002,5.5,9.9,6,157.20231626661916
7.870452791461265,6.807274567306874,5.5,9.9,6,149.02129262112257
7.320149875162749,8.01275748565899,5.5,9.9,6,168.146957124599
8.780853524882938,8.944402036009267,5.5,9.9,6,156.8146353286007
8.360954287292381,10.366344450958945,5.5,9.9,6,179.0596958911778
9.18532136666331,8.303361278922978,5.5,9.9,6,178.8475001089508
5.965262281270319,10.092816600100337,5.5,9.9,6,138.49648174242944
8.786863162360445,7.368199334541127,5.5,9.9,6,156.93683469663665
5.190333053638913,7.722128434405344,5.5,9.9,6,149.66343931502254
10.39158367333257,8.032235204683928,5.5,9.9,6,171.20596531458435
8.648229113645375,8.742805936757886,5.5,9.9,6,189.2474526709601
7.433639332977123,10.188320390409398,5.5,9.9,6,159.1791665394462
9.98193472172869,8.264298430337918,5.5,9.9,6,183.8803968837328
7.594688655406061,6.838819461591595,5.5,9.9,6,176.5951419077311
8.787223605476077,8.131483257852219,5.5,9.9,6,167.79368219479272
7.987424042627966,8.162346822014863,5.5,9.9,6,132.2189603309494
6.759442638276329,10.42665934625179,5.5,9.9,6,175.94716878890554
10.377886696505746,9.634169258487,5.5,9.9,6,187.8251649531328
7.583746103104207,8.796222738159619,5.5,9.9,6,155.69340046986522
9.338166132991864,6.924593374601842,5.5,9.9,6,176.97793462688227
6.033091106826912,5.702389665483861,5.5,9.9,6,158.95346538318665
9.825007821053171,10.47483769703722,5.5,9.9,6,186.01618283753527
8.474350106027558,11.347984764641849,5.5,9.9,6,178.37608034782997
10.642923400075889,10.005885293266338,5.5,9.9,6,181.43690810972527
6.284204051419258,6.480047367549999,5.5,9.9,6,151.54928082293216
9.555614237968737,10.889331619506754,5.5,9.9,6,182.3026658641367
5.713198447620537,9.659670150333165,5.5,9.9,6,167.01341580267936
8.499846619472605,10.14597230427908,5.5,9.9,6,161.3968917693158
9.025451851954973,10.524495159995729,5.5,9.9,6,183.58992298049577
8.56500398032191,5.760197979085563,5.5,9.9,6,157.87717745600457
7.552182584345356,10.80767126855,5.5,9.9,6,167.157775244835
9.708740124096783,9.874012154491268,5.5,9.9,6,186.42180121454663
8.112217571309822,7.605062486341738,5.5,9.9,6,146.67770147064127
8.605969879403023,11.537786274022205,5.5,9.9,6,194.889873311154
7.04944642332096,8.017492700800046,5.5,9.9,6,156.6750503253114
8.226946303065834,10.159281706766391,5.5,9.9,6,159.16388076724235
10.117672257088929,8.861550466467266,5.5,9.9,6,167.68356162589782
6.5153112716024335,9.228766106108246,5.5,9.9,6,176.2022099375411
11.045598447138936,9.781381585613678,5.5,9.9,6,171.53665840251568
10.641330730256596,9.611621776411994,5.5,9.9,6,176.50604536935955
9.018214796968898,10.923543700675374,5.5,9.9,6,176.693150249622
7.875671747037668,6.4231049478000015,5.5,9.9,6,141.05606949160594
9.999647350414174,7.459989486318113,5.5,9.9,6,165.86728031486413
10.089206800927974,10.854104700152194,5.5,9.9,6,167.32685128809683
9.577673842928144,9.679507050437628,5.5,9.9,6,170.97825410894862
9.09773281361333,6.126754319822738,5.5,9.9,6,162.12296584177955
9.95336128113767,11.058311101899044,5.5,9.9,6,186.62771054975585
6.254076406227326,8.840471448621356,5.5,9.9,6,167.2824611592758
6.786840926304717,8.02888118475024,5.5,9.9,6,162.82897889682403
7.845497770703198,9.176454739116624,5.5,9.9,6,161.10434763300063
8.962590923905767,5.934769239747427,5.5,9.9,6,148.41294054529578
9.958245481321905,10.659131235413936,5.5,9.9,6,202.7758819918048
7.61690381934817,6.423686812799127,5.5,9.9,6,185.1852109225482
9.322648204877208,8.105981248324904,5.5,9.9,6,168.36236009940032
10.38118993449623,9.237366498937376,5.5,9.9,6,185.28588181520044
7.292548441736168,10.405820930520076,5.5,9.9,6,168.5133835801857
4.922869700873413,8.116375632759826,5.5,9.9,6,147.63718026636852
6.767455539973216,10.044032361471304,5.5,9.9,6,166.12492083127583
7.809803878779415,11.185528070191,5.5,9.9,6,184.96611171598343
7.056717491476678,8.383849709357449,5.5,9.9,6,149.46555802133818
5.980443675359808,8.876788139009822,5.5,9.9,6,167.10652924291168
6.524346306706894,7.648655126073586,5.5,9.9,6,141.42474506125876
10.509305790808872,9.821296125966176,5.5,9.9,6,197.5741350708668
8.105655169973696,9.567318935494118,5.5,9.9,6,145.5803642264064
8.206345548790912,11.362752038474577,5.5,9.9,6,171.60472329453614
9.322347798482332,8.504739673101117,5.5,9.9,6,167.78166747900138
7.839885671850277,8.815132330090556,5.5,9.9,6,156.26164372313778
6.803188593337442,6.864098182827146,5.5,9.9,6,165.41239339435418
6.258663857423029,8.443993896167143,5.5,9.9,6,162.499938269916
8.779923252879547,9.333971303053689,5.5,9.9,6,185.24190799868416
7.283620000438311,10.814409864701462,5.5,9.9,6,153.6345889085915
8.658764003751312,7.178644550388317,5.5,9.9,6,151.9043442495704
7.021621767737285,10.426046354211074,5.5,9.9,6,174.95825222926746
7.050610486909891,8.828672387388815,5.5,9.9,6,165.82617011983325
4.922544617020663,8.91139155236663,5.5,9.9,6,156.77903222471215
7.300828302198168,9.997641490648803,5.5,9.9,6,167.0905278884331
6.175356681458496,5.495058996797275,5.5,9.9,6,152.81725305602563
7.320692428660951,8.79873059984645,5.5,9.9,6,151.16967006074373
6.356161717600784,10.6473235186744,5.5,9.9,6,149.82006134861857
5.995325897946526,7.66633903637589,5.5,9.9,6,148.77676518920404
6.37876916387323,9.832871696037834,5.5,9.9,6,134.22642913950105
9.289582157679922,10.902336645994362,5.5,9.9,6,159.2738537735085
9.546755229279896,11.285196702799675,5.5,9.9,6,177.18745106337437
7.807362491502036,11.579611820548935,5.5,9.9,6,182.27629592088115
9.85042371162534,8.064481349286783,5.5,9.9,6,184.49077727936373
8.489624609924059,10.557921419816797,5.5,9.9,6,164.61727761723077
10.52088945245879,8.21994331009401,5.5,9.9,6,177.02068031091048
9.298746936638388,10.10535995096307,5.5,9.9,6,174.97177499586627
10.25154323786885,8.644518681793185,5.5,9.9,6,169.90161786114496
6.256191123831057,8.058285143305875,5.5,9.9,6,146.60388148294632
7.696053776153445,10.178351222719163,5.5,9.9,6,167.64831319941757
9.712113337006771,9.470446214403712,5.5,9.9,6,205.9386004629774
9.458267493255322,7.886365443292392,5.5,9.9,6,159.70787082679274
5.578064763199824,9.865655596257128,5.5,9.9,6,154.3535600080461
10.784483056191172,9.00636596226937,5.5,9.9,6,172.83425054181345
9.032105199483835,10.122036965751493,5.5,9.9,6,163.87704546336397
6.298875621525366,5.6795202221087004,5.5,9.9,6,168.5150891393546
6.575821277467038,5.262042379327658,5.5,9.9,6,146.9093287087566
6.973326010077298,5.448827281346211,5.5,9.9,6,165.13334849158613
6.263795059482934,6.905166167135634,5.5,9.9,6,164.47805759711676
8.148948216798372,6.388939495949999,5.5,9.9,6,131.08550880222123
5.730354908993756,7.294321374117439,5.5,9.9,6,139.32311250548625
10.519300472065233,9.024340720182728,5.5,9.9,6,188.83202805004723
10.65485869075787,8.810025458966042,5.5,9.9,6,169.59869920690417
10.656342820161116,8.418311358744905,5.5,9.9,6,138.50889476917965
9.600372577385974,6.912554925613989,5.5,9.9,6,148.43266510068466
10.515804645499989,8.622781828243143,5.5,9.9,6,167.6049505541002
10.25114415178242,9.049201483164422,5.5,9.9,6,188.69004922455645
9.840269030720355,9.66706738195727,5.5,9.9,6,179.8403043692449
9.007775454768367,11.318398314646553,5.5,9.9,6,196.74292372604
7.98629101075827,7.407217237732178,5.5,9.9,6,123.8763320442205
9.562959190447309,10.488909721074688,5.5,9.9,6,175.0666094804043
5.435264019628079,10.098060114379797,5.5,9.9,6,152.47586838913352
6.704596761702629,5.453353419199494,5.5,9.9,6,167.1533421839242
8.109588878429058,8.788716477524163,5.5,9.9,6,187.49335648360216
10.10920717968392,9.650325498754226,5.5,9.9,6,176.12444244412066
8.609817739269014,11.148631637656491,5.5,9.9,6,180.85690228321815
9.193673889439916,7.525146368307551,5.5,9.9,6,158.14705926560205
8.417194451680071,6.377551011999982,5.5,9.9,6,174.7052788783568
8.93129333267204,7.136776155329384,5.5,9.9,6,142.12377831955277
8.251251809529135,8.17921298279746,5.5,9.9,6,133.7822116774986
7.3130045342773,9.577011692329172,5.5,9.9,6,155.97001832731897
8.27762902718993,6.593932207049802,5.5,9.9,6,141.99139936193222
10.370542100399131,10.027278863839904,5.5,9.9,6,173.00795567834095
10.526682054229571,7.827201773555305,5.5,9.9,6,156.2955002072146
9.052956237355987,8.92311490390677,5.5,9.9,6,173.03429659245617
6.109613624520896,9.45485224647082,5.5,9.9,6,145.5093028615612
9.163191010433424,10.31530939626976,5.5,9.9,6,182.5345223156604
5.206546252951535,6.918589850006206,5.5,9.9,6,148.16178118812002
6.427415252604943,5.898448393923625,5.5,9.9,6,172.30219257997285
9.059266145508628,7.721502419573757,5.5,9.9,6,153.00876502622123
9.048152357201742,9.319259460651036,5.5,9.9,6,163.3413880394575
5.986105138532726,8.083193221086265,5.5,9.9,6,168.4821197727677
9.04730890023187,8.529576862241818,5.5,9.9,6,160.20709653393178
6.92924686003122,7.42827527283823,5.5,9.9,6,135.87906315599233
10.940999550480528,7.588890299197728,5.5,9.9,6,167.8191324824024
10.358913340692965,10.435257338451713,5.5,9.9,6,176.70210193764905
5.838704956391328,10.245098177323488,5.5,9.9,6,142.5529606292011
9.059086025468892,7.344559902076193,5.5,9.9,6,171.8061643504013
7.185664517886897,9.01309989667239,5.5,9.9,6,139.60958421948348
6.248686346991555,9.247050553487432,5.5,9.9,6,178.42243049854787
8.515235015191454,9.33805090652496,5.5,9.9,6,159.36218224600722
6.43938893140056,5.465788863513335,5.5,9.9,6,142.61659017025914
9.0627158823129,6.959107750251218,5.5,9.9,6,165.7915028672842
8.234133567943655,9.752510688450588,5.5,9.9,6,151.69089240679355
6.158666447675037,5.89860042551452,5.5,9.9,6,162.9522168659454
5.744936255313172,6.524412898398288,5.5,9.9,6,168.4020094334441
9.868866491383644,6.887598049367448,5.5,9.9,6,161.8872799351602
5.326410736797707,9.47264374170046,5.5,9.9,6,137.88615888150855
7.722463637319615,7.411680360694809,5.5,9.9,6,134.1773714623957
10.097598824570952,10.449948545086492,5.5,9.9,6,171.74390062079414
7.455440777630439,7.797666019661579,5.5,9.9,6,139.83726504850742
5.450740622926573,8.504583598485013,5.5,9.9,6,161.94894214850115
6.028938552367478,6.0772309044450425,5.5,9.9,6,165.46839917774025
10.908782782018385,9.997607087172437,5.5,9.9,6,162.688084208932
7.110119366974415,5.223949806089916,5.5,9.9,6,152.3590699345975
6.006372465640607,7.24334897732733,5.5,9.9,6,117.71831395643233
10.941105264280328,8.382100313349325,5.5,9.9,6,187.7001837126524
5.456529155771794,6.975020746259733,5.5,9.9,6,123.43871565312584
5.3219990752440784,9.080296581682152,5.5,9.9,6,142.22221957212426
7.689345835459406,10.590292246262258,5.5,9.9,6,155.32696039852323
7.06744208496104,6.856209540624609,5.5,9.9,6,147.0112099396983
5.863058967431709,7.106306853823014,5.5,9.9,6,147.7037863235076
8.766959772119213,10.12958854988209,5.5,9.9,6,173.84585683841536
6.658464051690637,7.836052392705803,5.5,9.9,6,150.20888911046447
9.64095442628742,5.68768762947372,5.5,9.9,6,160.7727537228051
7.586875792387144,7.599128551928223,5.5,9.9,6,151.6941531622628
10.243270335621302,9.447624894937894,5.5,9.9,6,167.70870730706355
9.58843856238639,8.486019350498466,5.5,9.9,6,169.71604830597894
9.327507885054064,7.704526141179386,5.5,9.9,6,153.98903133558076
5.188390249264234,9.28739394265956,5.5,9.9,6,164.2607688521586
10.632050318845891,10.41534735163643,5.5,9.9,6,176.83075372072662
8.822249022495846,6.141768257544564,5.5,9.9,6,148.339969347048
6.787284072821632,7.298762262900051,5.5,9.9,6,157.12113724408425
7.4989269916667185,5.825416892527553,5.5,9.9,6,157.10779823230115
7.035135573293098,10.003682442145342,5.5,9.9,6,150.78133481558575
5.711684821583173,9.271196944011384,5.5,9.9,6,153.679870651759
10.11995628233272,8.051047111362115,5.5,9.9,6,177.98286862674814
6.5278035128206895,8.032501617754157,5.5,9.9,6,150.17436551496476
10.231726963864029,10.237639155337096,5.5,9.9,6,182.565082876728
8.87539203814652,11.520886919131458,5.5,9.9,6,184.57874028794652
5.837923748009547,9.871250763602374,5.5,9.9,6,144.89203386609623
9.68618236755412,11.08233636368945,5.5,9.9,6,184.53717174677448
7.470374719266315,6.665000304994943,5.5,9.9,6,152.9475882875181
8.215199681015745,10.968774760688897,5.5,9.9,6,158.45528365625364
7.961699315282254,10.178515366074478,5.5,9.9,6,158.61812415068837
5.483118368236213,6.527981353919655,5.5,9.9,6,153.72604228888878
5.728203246702121,6.928069106682123,5.5,9.9,6,144.4984610511478
7.411445951897946,11.387266946751865,5.5,9.9,6,148.28578550360126
7.640483784792897,5.6144910856167,5.5,9.9,6,148.91855910330708
9.853451112385038,8.47665140587293,5.5,9.9,6,177.51483046077166
6.420573011664161,6.2693118779457135,5.5,9.9,6,134.57501055859768
7.5827826076227325,7.991474529239912,5.5,9.9,6,154.98128651075564
10.259932771333556,7.837402523548497,5.5,9.9,6,165.71902052764077
10.802449492833489,7.403403428939766,5.5,9.9,6,166.37848810237577
9.051949081744509,8.129469919523592,5.5,9.9,6,162.7906274634339
9.718284580143273,7.869142101307032,5.5,9.9,6,182.6951306822148
7.158075629329501,10.612643278932374,5.5,9.9,6,154.20818860646062
5.849245559211409,9.455773571774886,5.5,9.9,6,146.44116969468072
10.405561635696152,7.630185691693462,5.5,9.9,6,167.39593438252882
8.24832386122176,7.782574320029899,5.5,9.9,6,149.49385298504916
7.448096800406351,8.606219302059412,5.5,9.9,6,145.63187465225752
7.905703536613245,5.580414834174537,5.5,9.9,6,142.72072682206564
6.536170447881241,6.881597169277377,5.5,9.9,6,155.40239437804988
5.984657579937656,9.245533383352106,5.5,9.9,6,154.56329918085703
6.56891816961461,5.666001096373218,5.5,9.9,6,171.27478017430852
8.51720428387178,7.400171731247154,5.5,9.9,6,164.9987972639895
11.058570254243088,9.37078352457195,5.5,9.9,6,131.9716505562829
5.180329163515543,9.680211357500005,5.5,9.9,6,158.95073265156896
6.267109200652064,7.261787547236929,5.5,9.9,6,138.2044590450431
8.545916373225024,6.580718307924935,5.5,9.9,6,158.0956609083552
8.513918647848822,7.774516413281096,5.5,9.9,6,142.2204380907881
8.289197471816376,6.191101666543784,5.5,9.9,6,123.94440564484186
10.65163470810099,9.215516231222477,5.5,9.9,6,187.6446333161224
10.944313459057817,7.200871519832846,5.5,9.9,6,146.73789737719594
9.584771620191068,8.892305708302446,5.5,9.9,6,168.03257475598912
5.322547567021413,8.312601570154595,5.5,9.9,6,131.22339039031135
7.9550186724958145,10.585890320845316,5.5,9.9,6,165.58340295077943
8.519542716346901,8.162061519970953,5.5,9.9,6,131.4523300102408
5.307423727931726,9.88081073603176,5.5,9.9,6,149.39892599742743
5.874170849027045,6.338867165200621,5.5,9.9,6,142.0895136519688
7.457404133134438,8.97412535260004,5.5,9.9,6,142.88731826910913
10.264957218797568,7.444140073776187,5.5,9.9,6,177.13215982429793
7.945758457743803,10.988654060405976,5.5,9.9,6,159.05111021273217
8.74102635295954,11.332349359266392,5.5,9.9,6,156.18001487900816
9.567020960795842,10.090273069916892,5.5,9.9,6,177.45741469980638
9.847349471086282,8.87273060105897,5.5,9.9,6,173.46472694532596
11.09765836562429,6.987037107592194,5.5,9.9,6,137.73114996676864
10.176380570341914,6.06147325736212,5.5,9.9,6,139.90929506355857
7.236687550152587,5.435296987746281,5.5,9.9,6,167.52157430462051
6.906664502960137,9.809103137176296,5.5,9.9,6,142.2047970349742
8.220090284386895,10.57256812955972,5.5,9.9,6,153.8803039953884
10.384639408543396,8.437113084688102,5.5,9.9,6,189.71415233045423
11.066519074239004,8.573166600172957,5.5,9.9,6,155.43345238411
7.215898353219467,6.262661779951234,5.5,9.9,6,168.50630757407865
5.071437195638897,7.132716310366088,5.5,9.9,6,125.42533095404204
7.978781046203215,9.365249506738609,5.5,9.9,6,143.11856646653493
7.3275250337497475,6.868919945784258,5.5,9.9,6,180.7783696052145
5.191697969996029,8.889824100976558,5.5,9.9,6,134.47956090064685
7.061928896972854,7.603529472483754,5.5,9.9,6,139.22617117015295
5.343955431942674,6.359875541267451,5.5,9.9,6,143.45738134374298
10.22138603111007,10.633633351278172,5.5,9.9,6,170.6719301973541
5.188666895893935,8.107097216954699,5.5,9.9,6,138.69041404062284
8.018610980764494,6.218112236700004,5.5,9.9,6,140.841011140682
6.387275223691913,8.638313358992962,5.5,9.9,6,157.40078318960906
7.149274310145922,11.02015983868828,5.5,9.9,6,170.8511414949426
8.833096291128667,5.717049298393051,5.5,9.9,6,137.00164737088346
11.052000702419692,8.985340623106044,5.5,9.9,6,140.83986380743966
10.492564833665982,10.61777335585428,5.5,9.9,6,176.00685036600532
5.448732965615927,9.29489763137075,5.5,9.9,6,140.53788871561184
5.190485953015865,8.50029443622394,5.5,9.9,6,158.15533039822267
10.769108534957688,10.195011402362022,5.5,9.9,6,176.28639426385786
9.328583742962689,7.311724643246057,5.5,9.9,6,170.47552556072026
5.059160303716005,7.511553247723304,5.5,9.9,6,124.03808271016533
10.542194023523006,7.41824674779145,5.5,9.9,6,145.03546030484145
9.500856678538256,5.895993965696856,5.5,9.9,6,122.77376657110143
7.487694056578622,6.229500720649999,5.5,9.9,6,128.4823239105511
9.073546646063129,6.558784742734191,5.5,9.9,6,166.51429483407117
6.129451486280763,7.465921518925335,5.5,9.9,6,126.98752784736772
10.118930539269636,8.453852908269587,5.5,9.9,6,161.84883323292505
8.938163972780869,6.746317155277587,5.5,9.9,6,146.15610273417215
9.97908282933169,9.458187622021455,5.5,9.9,6,171.6083470410449
6.654631690316416,9.035238283459693,5.5,9.9,6,144.31920080436913
4.924701497894825,9.282238336426463,5.5,9.9,6,165.65499535816213
6.877849515055294,11.03398615314258,5.5,9.9,6,153.2439120540712
5.5906875480064855,8.663644022679698,5.5,9.9,6,139.78641999770662
11.20130776451074,9.591248163567116,5.5,9.9,6,144.94148678523376
10.779698368024588,9.401351327701793,5.5,9.9,6,175.16351331823697
6.64360859871053,9.42072658439102,5.5,9.9,6,143.41394067223877
10.933776880716923,8.7903581417418,5.5,9.9,6,158.64382629528558
6.920636545864976,7.830378775619238,5.5,9.9,6,136.6709945032312
6.120702302803051,9.038571593704315,5.5,9.9,6,148.4367986496361
9.34966220825128,6.524344547246881,5.5,9.9,6,150.8342100712171
6.123255080342794,8.265364661384686,5.5,9.9,6,139.93349593591904
7.709940137875363,9.3681147194725,5.5,9.9,6,128.92231042077654
8.439691106807084,5.558081873892321,5.5,9.9,6,128.31775410669434
9.624079992429204,6.506011904516634,5.5,9.9,6,151.9152484473574
8.810028028237017,6.559995373368705,5.5,9.9,6,160.71475789079508
7.183945460351167,8.220646289350345,5.5,9.9,6,139.894168201421
9.859502581945508,7.666702396871938,5.5,9.9,6,172.7199986339865
9.48076241389283,6.706958217398063,5.5,9.9,6,156.1400205207443
7.376720055381704,5.209399940221062,5.5,9.9,6,143.13456831199858
6.950747872803908,6.263666172499999,5.5,9.9,6,119.72935265574272
6.926589494016498,7.070935789708972,5.5,9.9,6,148.21802010172286
8.246247933266389,9.364147205905407,5.5,9.9,6,139.7220102430848
9.7241813519522,7.480282231878282,5.5,9.9,6,179.4049332693998
7.752487640488503,6.235857388554913,5.5,9.9,6,152.9565944976745
6.64598644512628,9.8187775844497,5.5,9.9,6,149.68642493367287
8.053719680222988,4.966165888546578,5.5,9.9,6,87.76911025014485
7.251327257500049,5.003897245387838,5.5,9.9,6,159.74933328696966
8.705336016578382,5.533424660167334,5.5,9.9,6,118.76615108070426
8.478921427376486,10.968317763207756,5.5,9.9,6,151.3560492074516
8.241478748915783,8.97691570122161,5.5,9.9,6,133.71553572882794
10.134773862542,7.267551743236096,5.5,9.9,6,151.34587678064426
5.584002227887392,9.466405715956956,5.5,9.9,6,143.420676085421
5.9945207126721165,8.449186039644578,5.5,9.9,6,138.27169508342135
9.10016362411196,5.711139221131677,5.5,9.9,6,142.67714325844264
10.929029939700053,7.989617450691503,5.5,9.9,6,147.11983590386566
10.401297962908204,7.236101159682729,5.5,9.9,6,148.01945438524368
8.296769008297117,5.791179106322409,5.5,9.9,6,159.48043752033587
8.51523001205894,8.953664798229864,5.5,9.9,6,150.87148606930046
5.061577878512357,9.08279106667907,5.5,9.9,6,136.89159387515193
7.977338129279275,8.60637383035038,5.5,9.9,6,136.32655928500768
9.314956564229282,9.306711276989372,5.5,9.9,6,160.08025165107875
7.182024998371647,9.382305538852991,5.5,9.9,6,152.82317539248842
8.79189801978904,6.97906621386147,5.5,9.9,6,155.28740524000264
9.637702929820923,6.101959778566027,5.5,9.9,6,151.13467999416312
7.718219641704794,8.156321558726765,5.5,9.9,6,133.60104840443051
7.421194817381109,11.003217044353304,5.5,9.9,6,155.10747421755627
8.94445819176478,6.354774044100002,5.5,9.9,6,150.69284569964324
6.619730014557482,10.639047573748616,5.5,9.9,6,154.27329291154211
9.721503234603205,8.274679284651128,5.5,9.9,6,168.82018993694135
5.690681766532018,10.477405234000004,5.5,9.9,6,148.5329955692112
10.100913031784543,10.050120922928029,5.5,9.9,6,168.7044597150989
9.897971082755433,6.477651018446158,5.5,9.9,6,155.94170503278642
7.366907708764598,5.630699558494088,5.5,9.9,6,156.28647073442815
6.110843464662715,9.839490275516756,5.5,9.9,6,136.69999598297
8.306681970114013,5.356251045616717,5.5,9.9,6,130.08398613101767
8.761411662391442,10.536261947727304,5.5,9.9,6,168.71957906044497
10.796524610305124,8.192609180454092,5.5,9.9,6,159.70858259197135
7.1933522928073925,7.062877670250012,5.5,9.9,6,143.12332961467706
6.657567723374863,8.606630670163899,5.5,9.9,6,149.17364816929455
10.11598551740846,9.2491171701187,5.5,9.9,6,163.97475996456663
8.746137119058497,10.94086273781858,5.5,9.9,6,158.56840328325066
6.671247906159164,6.686492168118093,5.5,9.9,6,148.29138002887277
10.659367014709376,7.606508053339974,5.5,9.9,6,138.3381506580154
10.961329145060786,6.801828452063536,5.5,9.9,6,142.40767457639407
9.22085947443824,6.323236028150674,5.5,9.9,6,152.10827046133107
10.385323722728565,8.840765009144757,5.5,9.9,6,167.7742017342513
6.346524859788154,11.039759441787057,5.5,9.9,6,154.35834086088406
7.197868685086628,6.681433371000875,5.5,9.9,6,143.31322316623036
10.00583193336261,7.062361813785511,5.5,9.9,6,145.25576650858
7.71411383318888,8.973527381354875,5.5,9.9,6,134.4825564815648
10.436062908019151,6.446456597517972,5.5,9.9,6,160.3259260325811
9.23684779449962,5.910678857180433,5.5,9.9,6,124.5170256827541
8.16736883337836,5.578866838539022,5.5,9.9,6,134.2513775134783
7.194582470269311,7.800736237819873,5.5,9.9,6,132.47723467677446
6.609480212318135,11.03745921401768,5.5,9.9,6,154.98045715487896
7.505512799462906,5.426320590595288,5.5,9.9,6,143.4644766164061
4.914211979732209,7.381758564742875,5.5,9.9,6,162.0476292895382
8.78422091927383,8.530096053734898,5.5,9.9,6,148.686684579569
9.044982443456652,9.720498441595616,5.5,9.9,6,158.38094887754434
6.363319813500442,10.23597990356395,5.5,9.9,6,150.73124239453568
11.342930014200002,8.16246261083593,5.5,9.9,6,135.86369262950032
5.053105750431121,9.48694022121528,5.5,9.9,6,140.39354143187458
7.166056016971383,10.19729580469237,5.5,9.9,6,150.7292844857956
5.058837961440813,7.917528067211432,5.5,9.9,6,120.3661581821318
5.63657372723222,6.273256122416315,5.5,9.9,6,112.99762665066724
5.58476692876185,9.07370301317712,5.5,9.9,6,133.09533886927798
6.958653309512255,5.869734120973514,5.5,9.9,6,163.00680107879688
8.509567974243833,8.573252320545038,5.5,9.9,6,138.60338684267882
10.791611439705672,7.797691324706203,5.5,9.9,6,139.80862445498795
6.681173155407285,6.286127099752312,5.5,9.9,6,128.01145845652016
5.825909941410533,10.672239601054187,5.5,9.9,6,133.31804759932766
6.925711307714037,9.00098927285385,5.5,9.9,6,141.6460595747093
8.043303429995097,5.368651191039317,5.5,9.9,6,145.29193379427113
10.68335454536242,7.212517489744642,5.5,9.9,6,130.15125638476394
10.792014039533829,8.58852073520935,5.5,9.9,6,106.538101892978
10.928990012186846,9.191188398443671,5.5,9.9,6,164.69659064807587
7.438519031035325,9.794339134483147,5.5,9.9,6,134.61935094946267
7.842972973436598,7.63621147340239,5.5,9.9,6,145.87484612809823
7.977409514933512,8.973673435839244,5.5,9.9,6,137.4851976624052
5.580488485583697,7.921092764306408,5.5,9.9,6,123.34430566399716
10.774748673242511,9.799074960876776,5.5,9.9,6,170.6407353072285
9.775270474955,5.86991545697347,5.5,9.9,6,135.11840449498484
10.495421505482032,10.22213254614968,5.5,9.9,6,178.09987410611802
7.758609710765879,5.820470977307218,5.5,9.9,6,130.69060175210734
9.747968644893849,6.700041206507598,5.5,9.9,6,123.26854275462917
7.679811351801588,10.992231722898174,5.5,9.9,6,155.44021502831876
9.764267203805804,6.289788399491842,5.5,9.9,6,148.86232192878614
8.529246032560058,6.978472959866306,5.5,9.9,6,151.3799763153698
8.506556321707514,9.725990764964848,5.5,9.9,6,127.63470700806737
11.0731170114569,7.778547798507446,5.5,9.9,6,162.12261129682832
7.5778139211198114,9.219104888221336,5.5,9.9,6,120.56093031440824
7.449607444356198,9.383072913874118,5.5,9.9,6,124.53447338658503
8.99186104508842,5.09612493330859,5.5,9.9,6,137.8844330292598
7.229816480075369,5.851776919787112,5.5,9.9,6,147.3245085643659
8.69886572330477,5.941818934139302,5.5,9.9,6,145.84753932562612
5.86721020039118,7.4554137367548705,5.5,9.9,6,117.65674347381488
6.941721005128454,6.672789403384043,5.5,9.9,6,119.22757150277278
9.787014658325194,5.46203171772939,5.5,9.9,6,109.96008874004865
5.327267158636818,8.682769292274786,5.5,9.9,6,137.73242457006924
6.385322003985754,8.246201055703745,5.5,9.9,6,121.97349426607752
6.087769292235213,10.658076681456818,5.5,9.9,6,142.32756877320668
9.36114255151883,6.122184279337753,5.5,9.9,6,149.76633537755433
5.7248703123718085,7.680678623598073,5.5,9.9,6,139.3020270255396
7.718695805448855,7.782950733688964,5.5,9.9,6,133.64089313998576
10.4518565268811,6.046022990856358,5.5,9.9,6,137.56329623294408
9.196111705473756,7.1266633619103175,5.5,9.9,6,144.89289235092443
7.652861774038987,5.201464918844413,5.5,9.9,6,122.7491481612626
7.919235224696485,5.175501017700457,5.5,9.9,6,103.50232614286593
6.651433991579415,8.227268946085495,5.5,9.9,6,141.41271294060243
8.026455905807744,5.804337952860022,5.5,9.9,6,161.4897144152849
6.147462858125037,6.322468551060072,5.5,9.9,6,137.82315542956115
7.97285116481312,9.755896933834116,5.5,9.9,6,134.43775422423832
9.58953773877827,8.081582419631166,5.5,9.9,6,144.66206545044952
6.39057197485531,9.018930686747382,5.5,9.9,6,128.9282389355781
8.183087330028352,5.149730817710018,5.5,9.9,6,126.52910287643836
6.098459247746514,10.248521207144384,5.5,9.9,6,127.62845308754336
6.786106646880279,9.21621616308861,5.5,9.9,6,149.38143626602914
5.571526833684561,10.270291247853187,5.5,9.9,6,156.7036707907869
7.772284634776327,5.39608720274667,5.5,9.9,6,142.53886460496355
7.426029948006746,10.6046671579397,5.5,9.9,6,142.264305560697
8.241045595251329,7.425860369706947,5.5,9.9,6,137.72240775733815
7.520219434248616,4.999423085822542,5.5,9.9,6,146.50429469040645
5.601938157636615,7.469965979517755,5.5,9.9,6,121.60781573768992
11.204511581502937,8.38194358904449,5.5,9.9,6,121.9600408838215
11.205118511871383,8.763375278697575,5.5,9.9,6,153.73411199051242
10.020887949564932,6.665503224848584,5.5,9.9,6,123.67347620661135
8.769636643435751,9.7415753121037,5.5,9.9,6,153.67662597920392
5.594782209580044,7.853547361999928,5.5,9.9,6,146.49723184923965
6.92273513951339,9.39757539888416,5.5,9.9,6,129.4337038875898
6.8875198550685655,10.625993027868043,5.5,9.9,6,142.84199704400038
10.271863719322642,7.046171144799724,5.5,9.9,6,148.91993413284746
8.26394947326903,7.715756425591911,5.5,9.9,6,128.70011794810583
5.858186741912858,8.66087174854311,5.5,9.9,6,133.46030918545304
7.456830812046607,7.400270652436045,5.5,9.9,6,127.23756654059066
5.892460095831356,5.935067928612848,5.5,9.9,6,149.3281842741918
5.856367190580329,8.26142387855109,5.5,9.9,6,124.46378435276252
11.219252521879248,7.1700664692066445,5.5,9.9,6,139.01210898501924
7.676692847083731,11.38093557429485,5.5,9.9,6,141.42561284309352
5.058728198431185,8.301897114558711,5.5,9.9,6,133.89005952120846
10.841499415213244,6.625684252618762,5.5,9.9,6,114.8639384268507
6.9228734469090725,8.227243912321256,5.5,9.9,6,131.14140421465353
7.45706642138245,7.060973094112544,5.5,9.9,6,159.59325527653115
8.0100672971946,6.605357902674492,5.5,9.9,6,143.33784663106545
6.3887178337904285,7.477221741023327,5.5,9.9,6,128.8884979925679
9.497481126433462,6.296973549735925,5.5,9.9,6,149.47803782042536
10.158021134196892,6.465256132451199,5.5,9.9,6,130.39838237925022
6.6338425924994,10.22126242364319,5.5,9.9,6,135.98528785721413
11.066099591566946,8.170056987243823,5.5,9.9,6,130.84462488911075
10.659413001576656,8.018060948701995,5.5,9.9,6,129.2343507211147
7.718823509611752,8.583699256601596,5.5,9.9,6,114.61218428100132
6.394204214598413,7.093628053604396,5.5,9.9,6,129.2567716959878
8.268212797632396,6.980242986831492,5.5,9.9,6,115.2100089339692
5.8515891583003,9.042456256300012,5.5,9.9,6,126.97381342837366
4.780555367771604,8.348188363694188,5.5,9.9,6,136.3581396539881
5.330089285345697,7.501265897903007,5.5,9.9,6,135.3722729409489
6.924577460802112,8.616153358988072,5.5,9.9,6,121.94821464319382
6.6667419983871,7.0679361613981815,5.5,9.9,6,118.90135359894798
5.329524158069365,7.893416834935676,5.5,9.9,6,129.06438584718796
7.77841154511036,4.9705903548206765,5.5,9.9,6,126.37100538673272
7.185531260947863,7.466379049920695,5.5,9.9,6,133.87456432746015
8.974124402163413,5.501066302171489,5.5,9.9,6,114.97412555168626
9.115805971067696,5.28905025177602,5.5,9.9,6,109.30445433699136
8.243119001902377,8.56650494746789,5.5,9.9,6,123.59852919199946
10.14777963713233,6.856962492890039,5.5,9.9,6,139.81830780623346
10.685523580960403,6.816373947284232,5.5,9.9,6,137.14292588392658
7.173008120522828,9.792425284530172,5.5,9.9,6,134.9515252041299
8.58152763026454,5.342469113388358,5.5,9.9,6,116.62686655405408
10.711232456273814,6.430080017680401,5.5,9.9,6,109.7567096977478
5.600160346641391,7.106609409272931,5.5,9.9,6,126.65232221482248
7.73655816511762,6.649298500717987,5.5,9.9,6,130.9928359758783
6.118576822574867,7.892219377350002,5.5,9.9,6,128.88648396564787
5.0609217344526085,8.686991831002414,5.5,9.9,6,131.3451005815734
10.323489490449688,5.840831781029614,5.5,9.9,6,114.03061614076049
7.704515859430708,9.785310851775444,5.5,9.9,6,126.6120675491247
4.795445463991768,7.922858800744427,5.5,9.9,6,129.07223264944446
6.395060712071871,7.829487338019604,5.5,9.9,6,127.66124144301573
6.122096034306225,8.646311354600979,5.5,9.9,6,138.98565006834073
9.240902265778423,5.490515668510843,5.5,9.9,6,135.31938386047472
6.13223254593689,7.07698426964776,5.5,9.9,6,116.66381682522412
6.385693177360429,9.428882331782086,5.5,9.9,6,132.1847724447982
10.57644049353658,6.620606177337583,5.5,9.9,6,124.5371010440656
10.032543808725787,5.856231954178613,5.5,9.9,6,103.64245158400334
5.866388223469043,6.734480455498383,5.5,9.9,6,112.8060808230748
9.404811566746975,5.271099870983189,5.5,9.9,6,118.4676325501508
7.718499121600109,7.038083081100009,5.5,9.9,6,136.78098155003244
5.853142320596322,7.879424786223279,5.5,9.9,6,138.2554544897721
8.736567529272595,5.110423476136545,5.5,9.9,6,119.38157676614946
8.447502282606937,5.12653093450886,5.5,9.9,6,116.28132131915191
9.663362612400697,5.245653078098028,5.5,9.9,6,94.91727759169184
10.289819857877124,6.654269076107683,5.5,9.9,6,123.92600324664168
5.339439435169986,6.748497760325183,5.5,9.9,6,132.42895358734893
6.847600708495675,5.237748352702861,5.5,9.9,6,120.71918549269924
6.137059706068038,6.704613564486466,5.5,9.9,6,125.5191779943055
9.37229031871336,5.691066740513622,5.5,9.9,6,115.94248087963626
5.596799686947214,8.253790743240826,5.5,9.9,6,117.62926299100256
8.85467575294164,5.315684064927316,5.5,9.9,6,123.61759447262936
7.452883296337081,8.190796145824056,5.5,9.9,6,127.65491242743164
10.55182082961715,7.026637518856401,5.5,9.9,6,142.67934377185162
10.037948069672446,6.269418263593106,5.5,9.9,6,131.3719485110097
7.188513122899868,8.600580934228624,5.5,9.9,6,127.97655880658616
11.068626787511228,7.380104056007736,5.5,9.9,6,113.6155765565076
9.910606182301256,6.0735010289054685,5.5,9.9,6,120.55020742238597
5.602258433988314,6.751630454004956,5.5,9.9,6,142.0831939059277
7.993575579175349,7.016945674498275,5.5,9.9,6,127.9050084793996
11.20389969474767,9.182276898782606,5.5,9.9,6,126.48174180711038
6.66646929568215,7.437140413255571,5.5,9.9,6,115.82984396465808
10.306635820336664,6.253532862404578,5.5,9.9,6,139.72473195238337
11.335553120549084,7.754651661555974,5.5,9.9,6,131.47337918792957
8.317175182361437,4.942732844135331,5.5,9.9,6,100.04815365656476
10.81035965462001,7.005252130520527,5.5,9.9,6,125.9061010903235
9.518320575124314,5.482837769781294,5.5,9.9,6,117.5269516722078
6.374069381784859,9.466261132906665,5.5,9.9,6,131.4218869330057
5.326395816276578,7.137274355102062,5.5,9.9,6,121.98988595613712
11.458304598178437,7.957231976153352,5.5,9.9,6,117.62278696879336
11.341051943796424,7.424749222619432,5.5,9.9,6,116.95996201025169
11.212482389766867,7.555276867553315,5.5,9.9,6,106.92734420030703
6.402608366754394,6.700947857599098,5.5,9.9,6,133.8976358343277
9.918032399158518,5.656307367299566,5.5,9.9,6,119.88678849600998
11.349006090867247,8.917967328150388,5.5,9.9,6,112.34091508576869
10.585885365973184,6.234100001195069,5.5,9.9,6,136.9097948929565
8.593822396969442,4.919825066400002,5.5,9.9,6,109.15643352647228
11.321272624864022,8.550821726134004,5.5,9.9,6,123.14423224882503
10.417411721591035,6.844217289365166,5.5,9.9,6,130.63880744282864
11.193654476569366,7.960209204893783,5.5,9.9,6,117.1640647733201
11.337546472581636,9.069154522258478,5.5,9.9,6,119.4635240738507
5.584488878626602,7.564456100204925,5.5,9.9,6,79.81540517005816
10.190217250521409,5.642511276101059,5.5,9.9,6,105.78196445574837
5.766327458611812,6.074021034036564,5.0,9.0,7,153.87529525131936
7.571279779914943,9.970334930864782,5.0,9.0,7,196.9699143779059
7.360381761768304,6.029525444592975,5.0,9.0,7,193.05704071037437
6.817635193431736,6.436398544907183,5.0,9.0,7,164.41094694314725
8.673901183778465,6.749336536490915,5.0,9.0,7,184.8124858624416
9.989132930784148,7.857955299480857,5.0,9.0,7,195.41697056818865
8.68921326479319,6.342619515231923,5.0,9.0,7,197.65743406514568
9.460864088801616,8.681779231269871,5.0,9.0,7,195.6362414086961
6.696845512886891,5.860067018574195,5.0,9.0,7,189.06580998818816
7.104623323494828,5.636797972330894,5.0,9.0,7,167.6297617965587
8.410040897286166,6.760365470501196,5.0,9.0,7,161.24092929233154
9.47152964600425,7.101579277196429,5.0,9.0,7,193.6458268509402
10.254155825410562,8.238342660267417,5.0,9.0,7,202.18559152764777
9.590538069928323,7.687809531327853,5.0,9.0,7,189.84983348729008
4.397688221968532,8.089963264593498,5.0,9.0,7,164.89337541849764
6.517573956459102,9.608307833777436,5.0,9.0,7,187.03269663118857
8.386807951808262,8.339005662031392,5.0,9.0,7,177.9102590194888
7.838286861799718,9.96137473199088,5.0,9.0,7,174.9891461407715
8.420608485929737,6.368538201936994,5.0,9.0,7,180.5170881534968
9.214773711129352,6.717183139366455,5.0,9.0,7,161.1557379824719
9.738656682984672,7.085871721421271,5.0,9.0,7,199.5739371592913
6.266771551776338,7.628985230601442,5.0,9.0,7,178.93690634920358
4.933533467793712,8.481216684276367,5.0,9.0,7,174.55033369001805
7.085891835604645,6.431225450201056,5.0,9.0,7,162.5739078473943
7.630155097366096,6.009254648650692,5.0,9.0,7,163.46970721047944
8.557272325255422,6.157931206716079,5.0,9.0,7,190.70394751391893
6.79233471257754,8.805703304983973,5.0,9.0,7,183.8472546768639
8.90872704583304,9.907704335184274,5.0,9.0,7,203.4764218273239
8.398524826454592,7.163833288974524,5.0,9.0,7,166.58962422621818
6.288420239985796,6.462157331284532,5.0,9.0,7,152.33474455311745
8.353600170290221,10.753616365149773,5.0,9.0,7,202.027918099313
9.98644677959275,8.261095616232277,5.0,9.0,7,201.0545160106068
6.522231814342447,8.411224129763205,5.0,9.0,7,187.8481593621032
9.449078508424805,9.482603120978345,5.0,9.0,7,193.25182376330275
8.154899942958549,6.364656430599335,5.0,9.0,7,156.39388112249034
9.19317502820661,7.914811437330545,5.0,9.0,7,189.22572930600555
8.915081376528427,9.517937235453822,5.0,9.0,7,184.6742028093788
9.1621713864608,10.707179916132146,5.0,9.0,7,183.0112299559649
6.016912446158104,6.4929422085120905,5.0,9.0,7,158.3734295534071
7.602776430738438,7.193187951435651,5.0,9.0,7,177.9054346898933
8.38804695645653,8.743044628308823,5.0,9.0,7,171.35071837806902
9.182366431284365,9.50028052473724,5.0,9.0,7,174.77520152846722
7.842823688168487,9.55602334035365,5.0,9.0,7,184.48109707870148
8.371033802716516,9.940004349842695,5.0,9.0,7,190.2874771787109
6.21858715490041,10.847273669375596,5.0,9.0,7,186.85716486796315
6.857471852530237,4.83923274903803,5.0,9.0,7,137.0525048337409
7.622933316622121,6.400546635537558,5.0,9.0,7,174.89040407892622
9.34027579329172,6.920751860689765,5.0,9.0,7,185.1217008473298
10.940751889173784,7.5875773052281374,5.0,9.0,7,197.23085437340683
8.926529289012239,7.903507764501303,5.0,9.0,7,188.1987487015288
9.98766295409411,8.661362080605313,5.0,9.0,7,202.00886236844664
7.060453960954768,9.180214193936266,5.0,9.0,7,189.97992464044285
7.050632635274447,9.58461219836414,5.0,9.0,7,207.5368453033819
5.229944308627507,6.112773340935067,5.0,9.0,7,158.07141793966582
5.489221597082968,6.115615881150001,5.0,9.0,7,139.01951573402732
7.86842566930205,7.174195122898782,5.0,9.0,7,174.921142795889
9.462461055437222,7.491280678501027,5.0,9.0,7,192.8195562608369
7.0656998439080745,8.78327629647431,5.0,9.0,7,178.27141933174198
8.376134886799234,9.534150753424829,5.0,9.0,7,185.22406874771335
6.787417935506935,9.60555658348505,5.0,9.0,7,175.76820241289704
8.894998446817636,10.323987692283758,5.0,9.0,7,197.5142642368906
8.094292250186747,10.369022089913903,5.0,9.0,7,179.59422309924295
8.893136831810406,10.725653853981813,5.0,9.0,7,191.1305492008656
4.660798684146219,8.488565648313866,5.0,9.0,7,190.5490741710057
9.32484251100654,8.493062952241536,5.0,9.0,7,179.15259260805126
9.183529954051927,9.09701724823346,5.0,9.0,7,171.38031333838654
8.992391318523872,5.096365117511059,5.0,9.0,7,183.47980783488916
10.001195554865772,7.459018999789973,5.0,9.0,7,188.1220352314586
9.72174064386376,8.67425664201103,5.0,9.0,7,207.5453486081748
9.31862653668352,8.903774809791088,5.0,9.0,7,184.06859266626475
8.646856193217966,9.528552923796331,5.0,9.0,7,186.71882816616767
10.916107853815715,9.59721043402458,5.0,9.0,7,205.06580296906475
8.838079450512158,5.718084269462313,5.0,9.0,7,169.53384083854925
8.56524303316307,5.753876955361262,5.0,9.0,7,185.04446257237376
8.161648663055718,5.990496265840999,5.0,9.0,7,199.89726722773307
7.3539607072927,6.422448730302299,5.0,9.0,7,153.76991904607294
7.875131116337418,6.78449247819623,5.0,9.0,7,159.78398100679382
9.865673472316924,7.275933363795835,5.0,9.0,7,170.35254727426533
8.923461456372852,7.533388638858204,5.0,9.0,7,208.1970776117601
10.129904623043656,7.640936219313979,5.0,9.0,7,197.21178924055585
8.121851762617775,7.949715571885709,5.0,9.0,7,180.4219289765861
7.329107542533614,8.375076634472121,5.0,9.0,7,178.7245861780364
5.462128342800764,8.852088710912486,5.0,9.0,7,186.9957533411767
7.323556690831393,9.176878200014013,5.0,9.0,7,189.9231991621805
7.579765619755618,9.567876465802206,5.0,9.0,7,179.21839845087726
9.973012542095852,9.847627642310597,5.0,9.0,7,201.76539858412653
10.242177697835956,9.84606245933661,5.0,9.0,7,198.47170425712756
9.17774490508108,9.897477352735388,5.0,9.0,7,204.24700816667976
5.711331410828952,10.05023546727739,5.0,9.0,7,175.37923814670663
10.766380765742454,10.610659795914057,5.0,9.0,7,196.10585089647597
5.465864862760689,8.069288965147418,5.0,9.0,7,162.29422733811774
5.72704643433483,8.44279780208073,5.0,9.0,7,181.7545311944733
8.919376435260908,9.115949379597616,5.0,9.0,7,187.39752955042243
8.349364290148305,11.158907631929758,5.0,9.0,7,178.89270654047536
7.112177829061637,5.2183210725172415,5.0,9.0,7,165.62342331236118
5.767172892351383,5.69898647997117,5.0,9.0,7,163.43363988433433
8.96482558449501,5.92953877511259,5.0,9.0,7,174.86976462380505
6.033296432739259,6.063866716631347,5.0,9.0,7,176.25675050134888
6.823365529333563,6.053198558790617,5.0,9.0,7,180.67999621963705
9.096940418966229,6.121442756723811,5.0,9.0,7,185.06004726517247
5.216142068304266,6.895592014043545,5.0,9.0,7,163.04341323228482
5.202624957461023,7.296631583925657,5.0,9.0,7,156.54222671596307
10.393091208444822,8.03222180331661,5.0,9.0,7,189.9552917347923
8.654651361770135,8.333581614205524,5.0,9.0,7,173.2625603060259
9.718796182319126,9.076496696098564,5.0,9.0,7,188.45120486652684
9.43167401073887,10.292761486519792,5.0,9.0,7,199.6906344753181
8.083674191170376,11.168728188688345,5.0,9.0,7,192.92324255661651
7.392324205164291,4.791675985680322,5.0,9.0,7,186.35189700201948
7.4927704254687315,6.208165264734856,5.0,9.0,7,134.17510175958338
4.662117136677585,8.107714629291454,5.0,9.0,7,158.61241715476254
7.857295172769188,8.347714958975399,5.0,9.0,7,182.92933618664364
10.519446731064388,8.623040703606554,5.0,9.0,7,191.1974050824992
8.637184504622512,9.942618204358158,5.0,9.0,7,193.6666825626918
6.441608943549137,5.45783336450496,5.0,9.0,7,155.11474577374216
7.907986503327248,5.581037356033413,5.0,9.0,7,168.46832603018223
7.888515551170231,6.385600154194507,5.0,9.0,7,157.30942024768672
10.540528653839331,7.418295675782049,5.0,9.0,7,175.0998888486593
8.403283292221012,7.527160146589237,5.0,9.0,7,159.6763064514334
10.52751221429293,7.826507584949257,5.0,9.0,7,179.56782952012531
6.793409422027307,8.393846702935928,5.0,9.0,7,173.6583822751225
9.188849446660306,8.7008017377999,5.0,9.0,7,187.56805691884463
10.657844749164076,8.810657455174795,5.0,9.0,7,192.7981031483548
5.727564384585989,8.846614060427898,5.0,9.0,7,171.66741397656264
8.086528911108674,10.764412192154964,5.0,9.0,7,189.88705416839605
9.422930594621558,11.09493370013899,5.0,9.0,7,173.64532739992754
7.787643046226044,4.96588212042974,5.0,9.0,7,171.70334856327634
7.251518574359288,5.003050153824304,5.0,9.0,7,189.45755133169
6.706082860927254,5.446727529421446,5.0,9.0,7,183.0730358220305
6.177413270207212,5.484206052115511,5.0,9.0,7,153.4791243107935
9.63930064503121,6.097089355966909,5.0,9.0,7,177.42364331124216
9.874155255810932,6.880755011646421,5.0,9.0,7,183.2716995236173
9.601828383837644,6.90260949549738,5.0,9.0,7,171.15526614233795
8.125057555329036,7.202034561605065,5.0,9.0,7,142.4449944134101
9.462393687534574,8.286966823487226,5.0,9.0,7,190.15136472732792
9.190826720519969,8.296652946730907,5.0,9.0,7,201.89139421623472
8.921511366975169,8.70171923141803,5.0,9.0,7,201.10256522038287
10.517183688884051,9.4309345113328,5.0,9.0,7,187.0111923059291
5.451956002916683,9.653739297609404,5.0,9.0,7,185.9579678687102
8.102347259596286,9.94974460336531,5.0,9.0,7,176.75270711113805
9.963442494898056,10.25514424705609,5.0,9.0,7,188.87439862268587
8.63339736683264,10.335608191759224,5.0,9.0,7,183.65319173556864
6.302390032923858,5.672683876341646,5.0,9.0,7,183.91568505642897
8.4303467779622,5.956177105850001,5.0,9.0,7,178.10195280176106
8.29324782464187,6.1673896031572975,5.0,9.0,7,143.9817674190924
9.224215534140914,6.319427934479398,5.0,9.0,7,188.26031880077585
5.494449255294017,6.494806695543108,5.0,9.0,7,166.28529611870033
8.938346979898514,7.120542203624294,5.0,9.0,7,175.83490179527044
8.663909356970168,7.152227377945541,5.0,9.0,7,141.81430192940752
9.197811420342807,7.507562921554606,5.0,9.0,7,170.09088843020518
7.0652701422525865,7.985914371137112,5.0,9.0,7,179.68905566024625
11.04984133876664,9.778682847447712,5.0,9.0,7,174.46901785527848
6.575161750373772,5.260169529569096,5.0,9.0,7,167.93227549490518
6.954340608544632,6.231860152419005,5.0,9.0,7,135.5832934424705
10.433768006483408,6.444826391146617,5.0,9.0,7,195.65642574372023
9.461712080759453,7.882940848483072,5.0,9.0,7,173.13875886140212
8.65321242348839,7.927230130506631,5.0,9.0,7,171.42009627004035
10.796866018623478,8.192509932296254,5.0,9.0,7,196.4797131363213
11.059642836712475,8.987934746495025,5.0,9.0,7,164.3972023681727
8.653333970149108,9.115336771289842,5.0,9.0,7,176.71638376336415
7.850965421448066,9.154024042203163,5.0,9.0,7,169.9342564147294
10.64457353394331,9.61217053267268,5.0,9.0,7,191.28276583453265
8.046005897418445,5.365680436130677,5.0,9.0,7,176.1625118531251
6.975670974123189,5.441103770069882,5.0,9.0,7,169.6340756330497
7.090542086956262,6.041724571359661,5.0,9.0,7,177.31281244192613
10.175112221886472,6.060053013982484,5.0,9.0,7,179.8270669907139
7.073803912543592,7.219130293481506,5.0,9.0,7,158.63037826111074
6.530526236318679,7.262737700796201,5.0,9.0,7,135.39738821874985
9.729571518790554,7.479672363374354,5.0,9.0,7,194.33350881754984
8.660477265299749,7.547026252343799,5.0,9.0,7,145.7108664942628
9.721952982434132,7.868876543758812,5.0,9.0,7,192.85714233996012
10.522189123830586,8.219130388514616,5.0,9.0,7,203.61997628108315
8.120474843184597,8.338359473708149,5.0,9.0,7,165.96267255091536
7.062660776523647,8.377650288662316,5.0,9.0,7,192.3522589907537
10.78868069710409,9.006744792898331,5.0,9.0,7,193.18495805001052
9.985616950593236,9.06131181042457,5.0,9.0,7,174.8107204935238
9.31418061561648,9.688111227455428,5.0,9.0,7,183.9140947015613
9.696678168242451,10.276432762006406,5.0,9.0,7,199.94765541144704
7.830840540730903,10.368054525002576,5.0,9.0,7,176.7104931638863
6.487375732340626,10.828009518354031,5.0,9.0,7,164.77572555932895
6.749620907664143,11.21919916085812,5.0,9.0,7,179.4964349609553
6.291523509502502,6.076752097564111,5.0,9.0,7,139.08512666628164
5.217129699425247,6.538068600059281,5.0,9.0,7,157.2542848398888
8.652823738486413,8.731868644001358,5.0,9.0,7,178.00597665331512
7.562320117073846,10.38373572279101,5.0,9.0,7,185.61270633732667
7.817913823745509,10.782548875000847,5.0,9.0,7,197.65482104401616
7.5586273651920015,10.785968292062767,5.0,9.0,7,159.53338289497623
6.811645922253311,6.836664993913183,5.0,9.0,7,173.78471383194133
10.00941301540041,7.058668071539347,5.0,9.0,7,186.54854475921115
10.944425217414045,7.199240330097205,5.0,9.0,7,174.8032109695964
6.010998879925881,7.236579155424881,5.0,9.0,7,166.5125814959584
7.601460478681899,7.573206142879544,5.0,9.0,7,176.30474677358526
7.862665159251828,7.551552840825846,5.0,9.0,7,154.91133011320576
10.521926481957095,9.022853686516882,5.0,9.0,7,205.89430846865693
9.584071626869797,9.285708362419294,5.0,9.0,7,172.67145278804958
4.65544195542703,9.295149033055162,5.0,9.0,7,194.42205432371912
7.549745169578434,11.19055791690674,5.0,9.0,7,179.79730039249202
7.9172340698564545,5.169064234917513,5.0,9.0,7,135.88350025189797
6.045212137146303,5.271622181354945,5.0,9.0,7,172.38881389509285
7.639605412732278,5.591745619449999,5.0,9.0,7,146.22544516963396
5.509202046268411,5.694241974999796,5.0,9.0,7,160.2022953354111
9.6434199565481,5.678177904028164,5.0,9.0,7,175.4141624136992
9.777571439082532,5.872991529891905,5.0,9.0,7,168.53617660261136
9.501440955702783,5.889839162115876,5.0,9.0,7,154.12389987372794
8.826313333200725,6.135890526105084,5.0,9.0,7,158.8660204279903
6.427025786204484,6.259321551939337,5.0,9.0,7,150.895971671323
6.541807366372944,6.483809080810822,5.0,9.0,7,172.82161622646927
10.022992972607817,6.664453291378934,5.0,9.0,7,161.4430797081326
5.481487376566473,6.873441906686158,5.0,9.0,7,142.7688853748276
6.810864607878829,7.206959213318284,5.0,9.0,7,147.474333998373
9.59519059258918,7.298232504695366,5.0,9.0,7,152.49671344842682
10.404675146934142,7.63046176466063,5.0,9.0,7,194.77753144693847
6.799178937082231,7.6386068072493085,5.0,9.0,7,178.51363566845674
5.462208382847123,7.694560636904652,5.0,9.0,7,162.06735066800093
10.122667532710231,8.04620756846256,5.0,9.0,7,199.54993793913928
5.726875890150772,8.056788786018137,5.0,9.0,7,163.19842766894624
4.926695215966635,8.094679961703715,5.0,9.0,7,154.35392606703965
9.58841084854719,8.480926311477182,5.0,9.0,7,187.0256137162812
6.52511877122758,8.818666021048038,5.0,9.0,7,166.74943266373876
10.253357447033483,9.045944739578829,5.0,9.0,7,200.7975376677542
8.387026732276544,9.140032111444883,5.0,9.0,7,154.3368017693646
7.315944872378468,9.5660966258796,5.0,9.0,7,169.7174216998295
10.380421491741236,9.631007961573635,5.0,9.0,7,183.70216936134656
10.484606843911331,11.028412206642772,5.0,9.0,7,180.89822494376764
9.150767734202192,11.109631678166442,5.0,9.0,7,185.34594873840248
8.30928572485546,5.354125289757476,5.0,9.0,7,167.13576266995665
7.5065494727504705,5.411540797309852,5.0,9.0,7,160.67255744731708
6.838762156032948,5.637299555249999,5.0,9.0,7,151.85066559985776
9.897651274990857,6.478311924289409,5.0,9.0,7,187.7557175297294
5.749074709333416,6.503989091301443,5.0,9.0,7,172.08869333159495
9.624382636513516,6.502399558662339,5.0,9.0,7,173.4055052030789
6.545299119540217,6.854068667699501,5.0,9.0,7,167.32640317424682
6.004595317646836,6.885002982040689,5.0,9.0,7,158.83199764574627
4.681180615943875,6.920893807562898,5.0,9.0,7,159.25558430962195
10.801615098093638,7.403235370519245,5.0,9.0,7,196.5065248768149
5.999876097971557,7.6469433707219645,5.0,9.0,7,170.70762905616513
7.595412241651811,8.364237182090521,5.0,9.0,7,157.6915738475938
10.657605289812103,8.415771980854107,5.0,9.0,7,161.1391516823524
6.270372021849415,7.242718507709563,5.0,9.0,7,164.4527614036383
7.323954654052545,7.24161460588152,5.0,9.0,7,161.4643166770624
8.787551533647159,7.728027520561087,5.0,9.0,7,134.34146123211806
7.297587961840009,10.3931651290278,5.0,9.0,7,181.62194594001147
9.960472723092336,10.656259964207184,5.0,9.0,7,197.9982787040094
9.95618735768171,11.05621317944973,5.0,9.0,7,192.19357450265576
8.183345986222786,5.1479932153156245,5.0,9.0,7,158.00395123369478
7.381972842465974,5.194162216457839,5.0,9.0,7,151.2599708786946
7.237612200433388,5.430765440703164,5.0,9.0,7,179.09101142714422
9.238035659622224,5.905311402671567,5.0,9.0,7,162.3817931963666
8.950277360028348,6.338335148485441,5.0,9.0,7,166.90850536776213
8.549808376951292,6.561252100481838,5.0,9.0,7,168.2950749887324
8.282615309572813,6.579415472651964,5.0,9.0,7,137.1191843305781
8.944552250975214,6.730365473346082,5.0,9.0,7,169.09790140060278
10.96399081497994,6.801271458782254,5.0,9.0,7,178.96346359675985
4.9391623016411605,7.671571196331799,5.0,9.0,7,169.80962725852785
5.196867910124399,7.683378820307364,5.0,9.0,7,157.8098405163679
6.261397106546403,8.032315521514022,5.0,9.0,7,168.68977720772472
9.723336349935042,8.271249080231332,5.0,9.0,7,195.6477850071541
5.99900365844528,8.429683055012784,5.0,9.0,7,167.16355634597355
9.85371871650679,8.470619782856819,5.0,9.0,7,185.7911093353771
4.660049315802079,8.900785922084998,5.0,9.0,7,164.62322967998756
4.926772737644684,9.277907219698776,5.0,9.0,7,184.30758120482744
7.3071685420322465,9.984356844774814,5.0,9.0,7,185.0661627065532
6.508606928128432,10.017710490937148,5.0,9.0,7,170.6480606666872
6.762411982482901,10.41392419123765,5.0,9.0,7,176.43760268583753
5.959297059809537,10.44493972153869,5.0,9.0,7,186.53577812981007
9.412667210581969,11.49737102519024,5.0,9.0,7,155.3159864863568
6.555273731541116,6.082616847215187,5.0,9.0,7,189.3778932500773
9.76674615284355,6.287945363342797,5.0,9.0,7,183.31878410042043
4.949919499168189,6.895163034906668,5.0,9.0,7,165.97970744829556
9.06279735301055,7.709074396678392,5.0,9.0,7,171.7928752564977
10.260313816231262,7.836696839763962,5.0,9.0,7,185.66747850980272
10.9319357936149,7.991108636050431,5.0,9.0,7,166.05266749576091
9.59428211028757,8.069273529363535,5.0,9.0,7,172.53937916727688
6.261719072339482,8.419987786656538,5.0,9.0,7,163.0143539992991
9.452545423570127,9.096057353766676,5.0,9.0,7,191.5760952435821
5.196309295924911,9.264865052973448,5.0,9.0,7,187.1874314395015
9.710207264296072,9.867866254474905,5.0,9.0,7,189.02221918376895
7.437833272294697,10.179623658877803,5.0,9.0,7,153.8031396240844
9.29957335708778,10.50206813597738,5.0,9.0,7,159.97628451958985
6.750276442985942,10.824259334813194,5.0,9.0,7,176.61888751815718
9.287423449378965,11.304050055525998,5.0,9.0,7,159.3283679018431
7.654108518100056,5.193768766012433,5.0,9.0,7,154.3345354560442
8.978636849999564,5.501085923022826,5.0,9.0,7,151.5507318726593
8.440625725638604,5.551602539645511,5.0,9.0,7,158.26958987192972
9.497340515166298,6.298442152188764,5.0,9.0,7,173.86764997735222
9.354125101722222,6.511553647049479,5.0,9.0,7,171.5132102797484
8.396313384123141,7.916989583420221,5.0,9.0,7,174.3472356852672
7.855926796629888,7.969608288587018,5.0,9.0,7,180.07599258789986
9.325515395973632,8.09536696581821,5.0,9.0,7,171.51625076377425
10.934127922278154,8.790564932413456,5.0,9.0,7,184.62063071004224
9.846800287791536,9.264194922813871,5.0,9.0,7,165.77309335059724
6.245789126248135,9.62704416606711,5.0,9.0,7,174.2712717196568
10.7701449827442,10.19581318835262,5.0,9.0,7,185.60424092351727
10.091970298795498,10.85378046243065,5.0,9.0,7,163.58608742920524
7.259864136076921,4.6160039456925945,5.0,9.0,7,171.66271301818134
8.707582626423608,5.529270627700401,5.0,9.0,7,159.30970866056666
9.103850921151864,5.704982921986933,5.0,9.0,7,169.051467808446
7.894099025163012,6.001731041650001,5.0,9.0,7,181.67843083872813
10.449671768396508,6.043372126423132,5.0,9.0,7,165.49041963575525
5.638704594310969,6.264574473695337,5.0,9.0,7,136.08107240173095
8.813222149315068,6.548464271995153,5.0,9.0,7,158.158783433648
9.482784449512875,6.696428562599999,5.0,9.0,7,174.99593979261934
7.617446818088805,6.764292756781716,5.0,9.0,7,128.92557050204064
5.7459564164893,6.872656578152879,5.0,9.0,7,166.21020307736836
9.20408385746662,7.11094191810419,5.0,9.0,7,168.6168676919812
7.330381921664993,7.584730311014815,5.0,9.0,7,158.89093982663366
4.664566749514687,7.715356735480933,5.0,9.0,7,153.40977251816116
10.792984201359006,7.797862465885909,5.0,9.0,7,177.76302408235418
10.941762524032956,8.383752505143496,5.0,9.0,7,201.53905898188097
10.38615826998145,8.841162988434672,5.0,9.0,7,184.823845024368
5.19892216141425,8.865438068655783,5.0,9.0,7,161.57362427850984
10.119632428336866,8.85512607637023,5.0,9.0,7,175.71333536017113
6.521758697096822,9.218144219013528,5.0,9.0,7,177.81596830839143
11.04192139008105,10.179452104834452,5.0,9.0,7,161.94220310123103
10.099506050788184,10.44853616737752,5.0,9.0,7,169.72787938021386
10.494990946071056,10.612970220664248,5.0,9.0,7,180.73726644697004
7.018281892564989,10.810666061810302,5.0,9.0,7,159.70659626671403
8.881983309037325,11.131670180382754,5.0,9.0,7,161.482751096342
7.285952101507482,11.19750388646166,5.0,9.0,7,167.12984798463324
9.331140462736244,7.306695005970162,5.0,9.0,7,181.7641035145489
10.267069360585122,7.442953387030419,5.0,9.0,7,199.1468540322961
8.131213998249189,7.533039587962429,5.0,9.0,7,161.01986505965834
8.794018117806711,8.11128288414236,5.0,9.0,7,162.22519261654892
10.387419722380203,8.435767611908323,5.0,9.0,7,204.03919984114648
9.05710598461238,8.505379496703446,5.0,9.0,7,149.23054971300317
9.05053574162192,9.306867711976174,5.0,9.0,7,153.55744068879488
6.4940889147578265,10.430060978669118,5.0,9.0,7,176.6439397953992
5.169078015723772,10.484184559804875,5.0,9.0,7,165.24459307132665
9.425168190877248,10.687657825565973,5.0,9.0,7,183.49041893742387
8.625747910752398,10.741960053032164,5.0,9.0,7,170.1683464278166
7.013651900658819,11.214222727127911,5.0,9.0,7,179.52091205839898
8.074644245032271,11.94585896466498,5.0,9.0,7,178.34066283868464
7.662235649937762,4.772311375559471,5.0,9.0,7,136.93172157592304
6.312448700419808,5.272916732096924,5.0,9.0,7,170.64299556394425
10.274933875342462,7.044779179708235,5.0,9.0,7,187.59267674152804
10.681425776992633,7.213671050337877,5.0,9.0,7,160.29186015266413
5.605449382550792,7.453457057557813,5.0,9.0,7,139.02807920724277
8.922032757028822,8.309819022119703,5.0,9.0,7,161.70431477003746
5.995703618810497,8.824139954957824,5.0,9.0,7,177.21011979297626
6.258371237988126,8.822595939062563,5.0,9.0,7,177.9736816763052
5.329213586749753,9.458404680109975,5.0,9.0,7,151.66169419035103
8.115736906592351,9.530361425554345,5.0,9.0,7,165.1838293733534
8.36643166404752,10.352131910535151,5.0,9.0,7,168.28578552989305
10.632795395069058,10.415717751926676,5.0,9.0,7,183.62168660112843
6.214053025227591,11.23557590953098,5.0,9.0,7,181.2158544773895
7.369098037496873,5.626723883554201,5.0,9.0,7,165.4808579100853
6.571377743381933,5.662735511017702,5.0,9.0,7,162.9656838511055
7.5000390232025955,5.811615835898113,5.0,9.0,7,162.82004320046218
4.964128841275883,6.489192088483828,5.0,9.0,7,152.77373011259607
9.077192673522424,6.544904732716766,5.0,9.0,7,165.37669822922476
10.837076303634792,6.62573380759509,5.0,9.0,7,155.0230335575386
5.076101923058878,7.113480543365063,5.0,9.0,7,133.37652175206765
5.734274847560506,7.2771637438424115,5.0,9.0,7,157.39114332597038
5.734747235912726,7.648071711485013,5.0,9.0,7,163.98290669581797
9.861319731543196,7.663283017544827,5.0,9.0,7,182.7745194944501
6.795955579988586,7.995895848703455,5.0,9.0,7,180.3083410820963
10.251982208795091,8.643815149504434,5.0,9.0,7,190.94007740537927
7.986839603492744,8.943783775267157,5.0,9.0,7,160.3003630601646
10.383304090409466,9.23556019516723,5.0,9.0,7,183.25570146556677
11.203973245698805,9.592786293917545,5.0,9.0,7,166.71108737781643
9.443180665532685,9.88534771109546,5.0,9.0,7,157.45077414832514
9.165301880692056,10.306922154965552,5.0,9.0,7,182.0011300554409
10.904279575420544,10.38660637518934,5.0,9.0,7,187.76346348280836
6.22994454578223,10.434947820709803,5.0,9.0,7,175.24457007363668
10.22440763452708,10.635267040914144,5.0,9.0,7,176.1168413139928
7.292124096225396,10.797059385972162,5.0,9.0,7,162.11975383108262
9.944456077194443,11.45400781631769,5.0,9.0,7,171.30443957222016
7.010251091729404,11.600876173550215,5.0,9.0,7,173.0850872463271
9.538979211079614,11.682986888515536,5.0,9.0,7,142.2727302424973
9.005192806151344,4.689733956660672,5.0,9.0,7,191.18295937088385
8.055205551542631,4.951488515609022,5.0,9.0,7,122.69836751784732
8.297550913932549,5.771633867654205,5.0,9.0,7,157.4681911784336
8.70133929739651,5.938098065310975,5.0,9.0,7,179.32514079290493
6.162992450468942,6.253777121843568,5.0,9.0,7,133.70774810176155
10.569824617909337,6.623462185319709,5.0,9.0,7,156.19741979532574
11.2207490146246,7.170933493360073,5.0,9.0,7,168.13611820288546
10.664292013791115,7.60928303423743,5.0,9.0,7,162.45144862411058
10.120869153584488,8.454457061594585,5.0,9.0,7,174.91371827825012
10.24811637964838,9.444600453985286,5.0,9.0,7,176.87949374873608
9.714960189025971,9.47006639895245,5.0,9.0,7,188.70441103114345
5.057047409102344,9.469117173578985,5.0,9.0,7,153.8942251534691
10.511491697288625,9.819110982689551,5.0,9.0,7,190.65447925528545
7.038483584051456,9.985525469270536,5.0,9.0,7,164.47383686781234
9.83773990125735,10.062920031756825,5.0,9.0,7,164.3835953499481
7.0285731850689,10.400744910072332,5.0,9.0,7,165.1253751434911
9.693239288302378,10.672867592948233,5.0,9.0,7,181.14795763319185
7.945029776591893,11.35794527539166,5.0,9.0,7,162.88081060391715
6.705906911384709,5.048494059832181,5.0,9.0,7,167.7389112800933
8.731176652012948,5.111575716987474,5.0,9.0,7,160.443417037816
6.034609638769942,5.686637671489797,5.0,9.0,7,164.42224951533362
5.105963832299347,6.297995694314574,5.0,9.0,7,145.90828358712446
6.677201778844789,6.655275310571178,5.0,9.0,7,127.75296574961143
6.27021931118871,6.8855573787006,5.0,9.0,7,167.3390680857501
11.098881041843814,6.984200897171285,5.0,9.0,7,152.1816425167656
10.404410275092104,7.235100047228887,5.0,9.0,7,177.05397163555415
7.068009331156356,7.5849171506477875,5.0,9.0,7,164.5911184031953
7.200851903930314,8.165187601180877,5.0,9.0,7,152.61469499876
7.723153593732479,8.146277861063073,5.0,9.0,7,147.94038083787137
11.065798684299402,8.573328524725287,5.0,9.0,7,181.7701858478496
8.114850052297522,9.14706859731262,5.0,9.0,7,168.69137519644073
10.783296082120088,9.401893058288346,5.0,9.0,7,192.15121512398684
6.235722370718507,10.033841347445437,5.0,9.0,7,168.13153179955526
8.230597283902657,10.145461566216376,5.0,9.0,7,156.72167123498434
8.610446505819368,11.922873553794336,5.0,9.0,7,159.70846840330358
7.126550596098827,4.810045018296083,5.0,9.0,7,173.75458635969125
9.785897084884915,5.456100671320829,5.0,9.0,7,141.28943088432553
10.158291503982609,6.462653382366187,5.0,9.0,7,163.3498160533596
10.687352644030224,6.815516434285013,5.0,9.0,7,168.19225787682157
8.805989164178749,6.926972350451913,5.0,9.0,7,149.37135801969487
5.869811585622846,7.435577369536656,5.0,9.0,7,138.705158394857
9.33152345041304,7.693685890912861,5.0,9.0,7,162.12793874582184
11.07232056262179,7.778429378942232,5.0,9.0,7,181.8534476772465
4.53062997954283,7.909540162031911,5.0,9.0,7,140.46897839161147
7.326927555562642,7.990433933670219,5.0,9.0,7,158.9991018931455
6.534895931123761,8.009704936329602,5.0,9.0,7,157.88557283327177
11.066228811528775,8.17045893666773,5.0,9.0,7,166.14559340597594
8.114273140857323,8.757080360055367,5.0,9.0,7,158.0486702316436
9.5885666235901,8.880954642248476,5.0,9.0,7,170.12749978516382
4.928472902826508,8.883017481000001,5.0,9.0,7,170.0942544465256
11.064979653789496,9.372831728428002,5.0,9.0,7,139.33127651503025
11.338513509792609,9.74397723679494,5.0,9.0,7,168.52205564090906
10.64601202454173,10.004326266350375,5.0,9.0,7,176.92484074586997
10.362502697815366,10.434338744201462,5.0,9.0,7,170.70847862866648
10.214689040677834,11.039970448983054,5.0,9.0,7,166.98797216687407
6.477240350254694,11.243112828611308,5.0,9.0,7,175.49542399338247
5.946654451207842,11.247391285966456,5.0,9.0,7,165.8398388318969
9.24416773760223,5.490522524441282,5.0,9.0,7,167.67681630913572
11.073628375013794,7.381589016990802,5.0,9.0,7,151.03215038394924
5.97699424665498,9.632138156390493,5.0,9.0,7,159.20958234828106
4.912674385889528,10.09209397064993,5.0,9.0,7,167.51732386138167
9.02064622159277,10.92021220928648,5.0,9.0,7,166.13899200520947
6.8490155847465655,5.233781293545491,5.0,9.0,7,151.74772472085365
8.580720799966834,5.333495583691547,5.0,9.0,7,155.44325795864836
10.037940119918048,5.855024147661276,5.0,9.0,7,138.35935115310295
10.2893343784448,6.650643354521842,5.0,9.0,7,162.09212061683945
5.869127109974678,7.086747280643575,5.0,9.0,7,150.5912234874345
9.06092623950024,7.337664058614608,5.0,9.0,7,162.75789696847542
8.791601697139477,7.3552744625553075,5.0,9.0,7,145.31313968220326
7.731575170131914,7.384493271056307,5.0,9.0,7,138.96485343695545
10.662188226804878,8.015831491777975,5.0,9.0,7,158.07860179165755
7.992198483945833,8.143567799597413,5.0,9.0,7,154.18738540417542
6.659106705774959,8.593336785439082,5.0,9.0,7,167.43546829093228
8.525136964560119,8.92371705118179,5.0,9.0,7,140.4640507150432
8.25282237828137,8.928327176503222,5.0,9.0,7,153.11200407548725
4.798030192740464,9.078725953566792,5.0,9.0,7,150.16637216778915
10.65334337112812,9.218166701807515,5.0,9.0,7,191.0685082983456
8.503530681466176,10.133615147380793,5.0,9.0,7,165.2118037259996
9.033442619452206,10.112457490622008,5.0,9.0,7,150.241506178582
7.169903682671031,10.189586891842724,5.0,9.0,7,166.6222850900209
5.842388843797019,10.23585541580814,5.0,9.0,7,150.77948387016002
5.69550221951368,10.85433133437146,5.0,9.0,7,165.44833690079295
9.687366794381486,11.084383876460278,5.0,9.0,7,181.8325900527591
9.681714469771377,11.46880071826948,5.0,9.0,7,163.19450145624614
8.345915379114526,11.5380980385533,5.0,9.0,7,156.31773939559642
7.522066486145455,4.996862113882627,5.0,9.0,7,175.7186997068963
6.429298915393559,5.884764274371301,5.0,9.0,7,148.6720897331123
5.901277292466954,6.261387864026205,5.0,9.0,7,131.1539277894444
5.200196902945843,8.470819077433003,5.0,9.0,7,161.1069788952236
4.92114576879193,9.690670825099048,5.0,9.0,7,172.19585572693643
6.381761462922508,9.808716787098245,5.0,9.0,7,141.7293229078229
9.30007776554224,10.096024693635057,5.0,9.0,7,169.49509936145537
9.827586318175928,10.471016888831468,5.0,9.0,7,169.39459191987808
9.557466964978529,10.88566917684316,5.0,9.0,7,163.70691090523675
7.548261841476643,11.5856962349568,5.0,9.0,7,159.74255161784075
7.541529733071438,4.580036989039571,5.0,9.0,7,158.1335352576359
8.321002512515081,4.941017125233647,5.0,9.0,7,138.4571096273999
8.451511608012455,5.12740903604182,5.0,9.0,7,153.9668479570946
9.516693903469482,5.478691095859027,5.0,9.0,7,155.84174839450662
8.17360610011909,5.550078131875511,5.0,9.0,7,161.74858106273305
9.3745731140619,5.687771390754105,5.0,9.0,7,155.21520992646728
7.768220976401239,5.794391080988088,5.0,9.0,7,133.89071124743236
8.028270229137954,6.189212500265818,5.0,9.0,7,138.52833324612544
10.710837046040592,6.4292587983589415,5.0,9.0,7,142.77662229362522
8.140378532809079,6.780741944027137,5.0,9.0,7,143.07017896881982
7.073789105327134,6.830654413431845,5.0,9.0,7,150.8455398164437
10.13834719465342,7.260489958432704,5.0,9.0,7,162.9403723525146
5.064748280368222,7.483486222500144,5.0,9.0,7,132.61982159124133
6.530438323518606,7.630284246500001,5.0,9.0,7,160.40970468872987
11.342930014200002,8.159734147268365,5.0,9.0,7,158.21782956544004
5.4668597047102665,8.44897324226893,5.0,9.0,7,169.70197141815743
5.332944813120937,8.666036380558984,5.0,9.0,7,150.3926052144871
4.527599430996614,8.700784994766055,5.0,9.0,7,142.41119699011185
7.187248020750854,9.373450914587202,5.0,9.0,7,168.13801414164
9.58016428215022,9.680177652385945,5.0,9.0,7,163.20403580169273
10.112588190872245,9.645472763601084,5.0,9.0,7,175.70306190621395
6.111067586610867,9.82191898773407,5.0,9.0,7,149.42464596745268
5.178220580945688,10.08143973221075,5.0,9.0,7,167.20260506719217
10.234833972033748,10.238355389451977,5.0,9.0,7,181.75779109615152
8.854206479784967,4.894781927360173,5.0,9.0,7,149.37677674513205
7.773608637890009,5.388653161947234,5.0,9.0,7,171.41629277140052
5.628280824223042,5.914923649052479,5.0,9.0,7,155.09632223873385
10.036342354697616,6.266633032352847,5.0,9.0,7,173.80775609134028
8.534587067651133,6.959104023842516,5.0,9.0,7,150.05008078649402
4.945515068799341,7.2801497785839135,5.0,9.0,7,143.46123808192274
8.787544757755873,8.51512475576868,5.0,9.0,7,155.9925108402527
9.851824517160225,8.869701581564744,5.0,9.0,7,175.76936637603313
6.790356410044256,9.197256960117413,5.0,9.0,7,170.68854346506538
10.928805483390834,9.192227344504571,5.0,9.0,7,178.70391636310936
8.613030795649719,11.143973504190289,5.0,9.0,7,174.22314020145953
6.744100879854972,11.617142208919317,5.0,9.0,7,155.2046423369583
9.402039287190792,5.272705388383523,5.0,9.0,7,154.4919142929245
6.159928451365664,5.891865734921989,5.0,9.0,7,145.3949974562656
6.9356911088575615,7.402235730268716,5.0,9.0,7,137.58626870237703
5.599621365455519,7.847080757132802,5.0,9.0,7,160.10586692712212
5.073328170067561,7.861781340874296,5.0,9.0,7,138.2582126262021
7.59417968157249,7.961868667845212,5.0,9.0,7,165.7621862851974
5.994909066244421,8.044927116437602,5.0,9.0,7,153.65463509900036
9.057831346585246,8.905794448899998,5.0,9.0,7,170.3180491007371
8.517162136920355,9.323231188323724,5.0,9.0,7,150.68432033264978
5.716896562076381,9.646104355488315,5.0,9.0,7,167.582871713965
7.461907871310785,7.385156175795537,5.0,9.0,7,140.099356758009
4.537079984400523,7.501119034423735,5.0,9.0,7,140.55528592266455
7.459758262513655,7.781896565347045,5.0,9.0,7,151.09853460028614
9.855045328319283,8.061780753951519,5.0,9.0,7,187.673375053754
10.795135697306335,8.591363254014299,5.0,9.0,7,141.3837312077868
7.329230880839302,8.759054667684946,5.0,9.0,7,158.80391832556774
6.393057795339853,9.007807760622438,5.0,9.0,7,146.6619284475259
4.521701344701336,9.101425931008732,5.0,9.0,7,148.62348614451733
7.590542804808357,9.148351199557618,5.0,9.0,7,156.65777222494043
5.436964915946233,10.470950004943864,5.0,9.0,7,166.8090904893092
9.02831299750211,10.515001811994962,5.0,9.0,7,170.41210560464648
10.358837674968113,10.837178887054485,5.0,9.0,7,185.8851864656609
8.608424049099751,11.5365812667108,5.0,9.0,7,169.84499367175192
7.230041089870999,5.835052292198087,5.0,9.0,7,152.81977292789733
6.691589239801647,6.24485498728287,5.0,9.0,7,139.63464688213455
7.3552876005354015,6.77310438469067,5.0,9.0,7,163.68694127750368
10.54917646033361,7.025709103573023,5.0,9.0,7,176.52719521067988
4.675858778495392,7.307966557540388,5.0,9.0,7,151.12597578079803
8.541245866979033,7.316503190496848,5.0,9.0,7,119.28388601523194
5.459961939313146,7.330305975443796,5.0,9.0,7,147.75140669646436
7.999809796277502,7.734953571622481,5.0,9.0,7,126.90975862666195
7.198160005007547,7.784309793815569,5.0,9.0,7,155.0863622014333
6.927398052222144,7.792245025123606,5.0,9.0,7,131.37838175005663
4.806436423749823,7.888339493920124,5.0,9.0,7,142.17983813856142
5.33565064891641,7.869896765775879,5.0,9.0,7,140.8332584790871
5.067060709777965,8.275839577004213,5.0,9.0,7,148.67782851548318
5.988542073958554,9.22899192234938,5.0,9.0,7,164.6056379670381
6.253112210410163,9.236797296219684,5.0,9.0,7,179.73881933963366
5.853629573349367,9.439303118898586,5.0,9.0,7,149.1845707309636
9.843576510803391,9.661791313773646,5.0,9.0,7,169.46704184365387
5.187255193497714,9.672046500389524,5.0,9.0,7,176.6233374796198
8.769764824947844,10.12537949637646,5.0,9.0,7,161.4228777972474
7.968405660837704,10.160439693205602,5.0,9.0,7,148.888331124114
6.90185110682773,10.20868307571294,5.0,9.0,7,162.96854898910803
5.561090092231263,10.664892856654316,5.0,9.0,7,154.28799439409522
10.625418669981928,10.81187725806454,5.0,9.0,7,167.2529608873767
5.962773348463262,10.834847623279892,5.0,9.0,7,138.2276502229058
8.85173552236237,5.3187369433011575,5.0,9.0,7,169.40777499272548
9.750110022683018,6.6880128191369,5.0,9.0,7,144.59020090315173
5.1965062017649695,8.078543151234726,5.0,9.0,7,156.28268210565264
7.464105941784456,8.143765359978683,5.0,9.0,7,163.78115820889573
8.78585187951262,9.32669262091977,5.0,9.0,7,154.48040131993372
8.239056038778669,9.739723773647848,5.0,9.0,7,155.14711104012122
4.787540346970262,9.880919755443202,5.0,9.0,7,143.8227831372161
9.823386277372364,10.871242080869836,5.0,9.0,7,163.9325806304711
7.427055638022286,10.983202850552669,5.0,9.0,7,146.83448355308386
7.814621824396049,11.178590063637476,5.0,9.0,7,168.07302511720036
7.413351344171987,11.777924469514316,5.0,9.0,7,158.24115099269451
8.59245988162383,4.920262732706045,5.0,9.0,7,149.0473657492592
10.813114321360144,7.003913526055839,5.0,9.0,7,156.4232547707712
7.462920899546784,8.542780838783543,5.0,9.0,7,153.61808331893977
4.795718640832163,8.690209537491459,5.0,9.0,7,152.41795652086913
10.11804985436803,9.249598814486555,5.0,9.0,7,166.91954572189772
5.721232057407524,9.2460741537985,5.0,9.0,7,163.14430268796335
10.777814506515792,9.7977558767297,5.0,9.0,7,178.46293360298318
6.777459154864463,10.012465751611144,5.0,9.0,7,149.12790545872366
10.373117478260369,10.025405468343672,5.0,9.0,7,165.84765244466055
8.21945955949796,10.960635897455472,5.0,9.0,7,148.7359983361115
7.676181535395448,11.770434682569142,5.0,9.0,7,164.6319032869379
9.663577487508348,5.2460066764887525,5.0,9.0,7,131.49313856176133
5.364622459965165,5.906231966800909,5.0,9.0,7,133.02791102918349
7.216952810895322,6.252029360174933,5.0,9.0,7,150.47432168941697
10.30317423918044,6.251903390051765,5.0,9.0,7,179.4321350310167
8.017408406579193,6.567532818523085,5.0,9.0,7,149.35836889578084
9.067098119525175,6.945690693684645,5.0,9.0,7,150.4017588126379
7.996403552483457,7.374291970774743,5.0,9.0,7,120.10099975815103
6.137372718965426,7.438900049694402,5.0,9.0,7,139.67941255365614
8.256854307941287,8.530644370754702,5.0,9.0,7,141.9098569544056
7.198932390289891,8.9754860431205,5.0,9.0,7,159.6033781082172
7.986131988462295,9.34977274442445,5.0,9.0,7,144.36566334332662
7.715422657817741,9.352978823581296,5.0,9.0,7,133.23028971903548
8.510777611997074,9.712874003634832,5.0,9.0,7,153.39079681358993
7.179252199598272,9.770073427113518,5.0,9.0,7,160.18526470172046
10.912887482106132,9.99669268739893,5.0,9.0,7,158.78236604080703
7.70110434519009,10.167809731783162,5.0,9.0,7,156.4974345597862
9.565227621176495,10.485322232114845,5.0,9.0,7,162.4166874408601
8.223303874267327,10.558794087475269,5.0,9.0,7,137.23075748527927
6.608171364657503,11.423760321597095,5.0,9.0,7,156.8996517695787
9.145786418754335,11.499776395013075,5.0,9.0,7,164.91101391492785
8.03112365493496,5.800928119939504,5.0,9.0,7,150.5736152934534
6.959740701463806,5.857160732878636,5.0,9.0,7,165.36448093189676
10.996616584442227,6.407836899374028,5.0,9.0,7,107.50633741151417
10.146265726065046,6.8544734565455965,5.0,9.0,7,173.85680092668423
7.207665936461423,7.3762838736478,5.0,9.0,7,163.37487184369232
9.064053489893888,8.08681404073228,5.0,9.0,7,151.48506786596198
8.53296597440181,8.089503092582621,5.0,9.0,7,144.1372634499441
11.200898689235087,8.379960820474107,5.0,9.0,7,134.04367520940866
6.931924052191206,8.579823953072658,5.0,9.0,7,150.0500902651661
8.786196971974904,8.930656193930128,5.0,9.0,7,135.2883164795517
7.455497218375886,9.361774813059675,5.0,9.0,7,136.31770383308455
6.925413304902243,9.38913432745376,5.0,9.0,7,149.16541805309416
9.982117435039816,9.454786280137489,5.0,9.0,7,184.2404400886761
6.113807711400819,9.435802477103412,5.0,9.0,7,139.97221107715347
10.10146467998958,10.045519771206552,5.0,9.0,7,171.30116857487926
9.29176859714937,10.89726735440408,5.0,9.0,7,144.1832945296811
7.94940798270906,10.978430753309866,5.0,9.0,7,147.89544892646114
6.883527695982571,11.016860019515796,5.0,9.0,7,144.1028325376955
10.349398943007223,11.23091375017115,5.0,9.0,7,152.7051427383897
7.814391084613701,11.57109670245294,5.0,9.0,7,147.8710964597121
9.275729614949343,11.688389902850115,5.0,9.0,7,156.00853916250134
7.933962812933385,4.742215111852202,5.0,9.0,7,149.74252546339116
9.119185671955822,5.28821766165291,5.0,9.0,7,145.00171627355724
10.322146450516586,5.8381692233404,5.0,9.0,7,152.57110041173175
4.818258002529375,7.095358102354048,5.0,9.0,7,141.4061513029759
7.463827672880809,8.966794339524277,5.0,9.0,7,161.777432795656
5.334527552834488,9.052223606919712,5.0,9.0,7,157.41624597201832
7.711456929719857,9.75404073859914,5.0,9.0,7,139.08026388848884
5.580984200887262,9.854894779969907,5.0,9.0,7,149.4425124666517
5.050108502919762,9.882791912712367,5.0,9.0,7,147.0264535554225
9.544742794771016,11.281077608200333,5.0,9.0,7,163.8311604477948
9.009008566088257,11.31410396704476,5.0,9.0,7,168.92532952764796
10.0454456908503,5.440792145408079,5.0,9.0,7,126.73188300109295
5.905415960497766,5.490667353838494,5.0,9.0,7,152.0484243829738
9.363966476110948,6.104227397199997,5.0,9.0,7,164.45864744042964
10.582377231515098,6.234635190854142,5.0,9.0,7,172.62797957896262
7.4862969127948915,6.587864123125796,5.0,9.0,7,151.56091176245832
11.334671734380894,7.752001278606658,5.0,9.0,7,163.88678471581798
8.25348855862499,9.338747116166385,5.0,9.0,7,149.27005369815922
9.049598997532335,9.696756674620516,5.0,9.0,7,171.97866180853725
6.648977900231284,9.80680659065504,5.0,9.0,7,155.48825903822163
6.911095637133241,9.797333649350048,5.0,9.0,7,151.2756580634311
9.567654288113234,10.0853250195616,5.0,9.0,7,167.93985267711642
8.493018592997178,10.54896441535978,5.0,9.0,7,155.6938338827297
7.148090639456178,11.387320038729031,5.0,9.0,7,140.23173202442646
7.287243058197646,11.5934766611,5.0,9.0,7,150.1985753768954
8.080547396036728,11.555154915547988,5.0,9.0,7,162.53086569874364
8.34648439187658,11.937196847421689,5.0,9.0,7,155.20664282198356
9.936567237686058,5.236742592490872,5.0,9.0,7,127.86154420904312
5.637206191874908,5.507382168147681,5.0,9.0,7,145.1462624566013
10.610701928653484,5.809939723470919,5.0,9.0,7,112.24305870995984
8.27758322365607,6.938991557849719,5.0,9.0,7,120.7324793510111
11.463445404612678,7.956978453530914,5.0,9.0,7,154.3568330105672
6.933588804624382,8.182337425439027,5.0,9.0,7,136.70186296470737
4.529897157788718,8.299462917891153,5.0,9.0,7,137.70761478594926
7.594430778240902,8.756076087136798,5.0,9.0,7,150.18480924059918
6.932268294689203,8.985513836549998,5.0,9.0,7,150.58802810329274
7.977843592502092,9.739443703536246,5.0,9.0,7,147.51563110248804
10.497483228962851,10.219905645377258,5.0,9.0,7,176.63559505496815
5.700644300430779,10.446726677354556,5.0,9.0,7,163.74346237107795
7.163005231679327,10.599803031843033,5.0,9.0,7,152.62074185687186
6.616622586713838,11.026477033738283,5.0,9.0,7,153.8220253188796
7.154296001611886,11.010932322059611,5.0,9.0,7,172.12987616002025
8.480155936481697,4.728296096920581,5.0,9.0,7,111.60433405436402
6.151522997842489,6.656271259964752,5.0,9.0,7,144.40246520433058
11.212131892766177,7.556676417552863,5.0,9.0,7,143.87213476890727
6.660507051556648,8.19312215132488,5.0,9.0,7,143.61751275528235
9.317892050433551,9.301076031340138,5.0,9.0,7,148.91424875389242
5.457400167517627,9.270225935300196,5.0,9.0,7,151.42045157217962
6.388624771311404,9.416369615118422,5.0,9.0,7,149.25500098771613
11.163713724917509,10.3747292135239,5.0,9.0,7,155.27075146610267
8.767616096063042,10.533487364547344,5.0,9.0,7,152.71686256504643
8.47953633390287,11.339567426426967,5.0,9.0,7,155.6346112618488
6.992624931332589,5.005958502681041,5.0,9.0,7,128.35652696911515
9.91668406236534,5.653498131637879,5.0,9.0,7,158.03882498267427
5.89260727606767,5.923240653145944,5.0,9.0,7,140.92277891766625
9.908001195142855,6.070880814386497,5.0,9.0,7,155.09575542198775
5.361673251928667,6.297316810350162,5.0,9.0,7,123.19975238488736
7.217657121429763,6.593959433837901,5.0,9.0,7,113.42196918951642
8.009187596368895,6.963680394609438,5.0,9.0,7,136.96196662169012
8.262915397698338,7.333601960904076,5.0,9.0,7,129.79551408289183
7.732788312849619,7.750240100877395,5.0,9.0,7,152.68943925589508
6.663367785018146,7.815461800198132,5.0,9.0,7,146.57770656035217
8.25654865478534,8.147408000485354,5.0,9.0,7,123.8338796816516
6.390491073656023,8.62479376750961,5.0,9.0,7,161.28211744455663
5.5949330297594,8.637096477872909,5.0,9.0,7,154.7297788702328
6.662484346172231,8.990216525787003,5.0,9.0,7,138.99878308340595
5.858538727594711,9.039347467083497,5.0,9.0,7,155.81146351934942
6.126451593427758,9.02933687861836,5.0,9.0,7,154.1847417602376
5.066593303206671,9.076621708150029,5.0,9.0,7,153.10187166448506
5.590182575511439,9.44225838113931,5.0,9.0,7,143.91125700786827
11.178671086308984,9.95509868026607,5.0,9.0,7,160.1792938638553
6.350628497749287,11.0319902790215,5.0,9.0,7,155.72753277642207
5.825821755094062,11.045603737452998,5.0,9.0,7,137.69220642504206
10.076583499990646,11.25179955188196,5.0,9.0,7,160.7916338910921
7.684589469536678,11.368087308788814,5.0,9.0,7,136.9981304959874
8.747231854487543,11.7087273566701,5.0,9.0,7,149.25189287410018
6.417009344423102,7.013067669488614,5.0,9.0,7,127.03774778118364
5.609016885449152,7.069332974147606,5.0,9.0,7,125.52135950109584
8.268121786637558,7.7125976207971965,5.0,9.0,7,156.73763567879607
5.600175105815599,8.239679483211656,5.0,9.0,7,144.9117585505049
5.06644155768918,8.666986189582863,5.0,9.0,7,153.8608477447419
9.541309899546643,5.063972749640516,5.0,9.0,7,154.77983712316924
5.869371868657393,8.626788959768614,5.0,9.0,7,152.0097949944966
11.331317950132176,9.336727868820097,5.0,9.0,7,134.0859969529415
6.360906755017644,10.632073640853076,5.0,9.0,7,151.7271856402766
6.400158227553467,7.806886905374438,5.0,9.0,7,142.77558327595338
7.1936154164337225,8.573095034103176,5.0,9.0,7,145.24584924250848
5.441589460720061,10.079825922756728,5.0,9.0,7,144.5203707793177
7.69533566220536,10.576977567431316,5.0,9.0,7,149.18582713740676
6.623827910795547,10.625634875022074,5.0,9.0,7,151.2390387857389
8.749908878444515,10.928569881863844,5.0,9.0,7,154.7156768832904
7.686813994374825,10.981338744150085,5.0,9.0,7,147.14719236018564
8.878228215038584,11.520954922662566,5.0,9.0,7,152.91086765942572
9.137153070446514,4.868847654709874,5.0,9.0,7,129.44435470025758
10.462856240291492,5.613912511795651,5.0,9.0,7,107.667142530805
5.336704182054234,7.4685055767853505,5.0,9.0,7,148.31302823608334
7.449535716436039,8.591590514818543,5.0,9.0,7,142.03384547693702
11.633727357660815,9.477680267773469,5.0,9.0,7,162.52318607961556
5.847538164765884,9.827566521968835,5.0,9.0,7,140.73762788100768
8.210884985799398,11.353358887592298,5.0,9.0,7,153.52169335227828
9.011460777191424,11.698768070426768,5.0,9.0,7,142.18327523358278
9.270752669420592,5.066019163162042,5.0,9.0,7,132.27798164808954
10.843696096105983,6.217200702758316,5.0,9.0,7,133.42697831630088
5.091856303922732,6.681356604084004,5.0,9.0,7,134.50100699535992
5.347098739283039,7.059263970889619,5.0,9.0,7,132.4937055406551
6.396277632810787,7.431463567978501,5.0,9.0,7,126.93950185433891
6.134288932809795,7.826451517604145,5.0,9.0,7,150.68947872304884
5.858968073251862,7.857880296913559,5.0,9.0,7,144.77294188521208
11.206191335935054,8.766164567488575,5.0,9.0,7,161.86760717991052
7.847331330706507,8.789652946190635,5.0,9.0,7,120.5725784074796
11.205634634102651,9.18207565662636,5.0,9.0,7,155.89141001343012
6.6555664369214655,9.404383393856977,5.0,9.0,7,146.2648770020497
6.636348634769038,10.207516533178616,5.0,9.0,7,147.60171448791456
6.102328685946315,10.232943105555549,5.0,9.0,7,131.30358355713398
7.431920505611529,10.585427900009018,5.0,9.0,7,145.01489928838868
5.300814167431786,10.673036872031082,5.0,9.0,7,149.78167863198664
8.196366345230096,4.734032036322855,5.0,9.0,7,112.20582207342724
6.446096495869561,5.0661752654901,5.0,9.0,7,137.85836179606167
7.75300047036724,6.576704630256694,5.0,9.0,7,135.71804452902543
5.884927444890916,6.668681283870838,5.0,9.0,7,128.71627760368983
5.350433576862412,6.7187610068854005,5.0,9.0,7,121.44495072451896
10.41808192098788,6.8424704525811935,5.0,9.0,7,173.8267894148211
8.518129268707995,7.758516628437758,5.0,9.0,7,120.18063121131784
5.31335445369296,9.869125443143298,5.0,9.0,7,146.81966894972902
5.979664861077237,10.022383510157692,5.0,9.0,7,152.61657171316395
8.076055420174818,4.527555777158138,5.0,9.0,7,90.46253654262144
10.18669946339725,5.641476516850737,5.0,9.0,7,147.52667439008596
4.796931504354248,8.271401424824603,5.0,9.0,7,133.60419840710955
6.128881120918702,8.622331074999858,5.0,9.0,7,142.85893372650307
5.31071729390712,10.266462726001182,5.0,9.0,7,149.2382891756652
7.418416416131631,11.376380542439524,5.0,9.0,7,156.7744271193671
7.75697938622635,6.211812534641639,5.0,9.0,7,132.81184630048088
6.949985725069203,6.625326747642258,5.0,9.0,7,117.37701346692153
4.810927593589958,6.755848849460406,5.0,9.0,7,136.88213038615532
6.945516556233327,7.010754042577273,5.0,9.0,7,135.39800220756555
11.347290223518522,8.910511401369122,5.0,9.0,7,150.37958805536047
5.596690265937458,9.051474359483928,5.0,9.0,7,140.6978865566917
8.476903337986174,11.732523407618675,5.0,9.0,7,138.17089409851198
7.2034289452003,7.032764675066478,5.0,9.0,7,129.09426372696362
6.672274752032488,7.036492785503175,5.0,9.0,7,124.89618210988762
8.52544408370492,8.514763776090186,5.0,9.0,7,138.13875755831506
5.57526200140449,10.261365880466409,5.0,9.0,7,154.09141866831618
6.094828837671259,10.637792616714966,5.0,9.0,7,152.26157987140556
8.214704569781276,11.735218081975065,5.0,9.0,7,117.1263589648846
10.33001425787588,5.43352503251922,5.0,9.0,7,131.3117336468726
10.784875750257124,5.741082966826408,5.0,9.0,7,125.24966740564705
6.137619540505119,7.039607964758297,5.0,9.0,7,130.77103723512383
8.53326924815228,7.693650241461166,5.0,9.0,7,149.162870043176
11.197216755621996,7.964676510306205,5.0,9.0,7,146.44361980119336
5.865857729956235,8.227498599751119,5.0,9.0,7,134.9987023080052
6.129196274272873,8.244776127812267,5.0,9.0,7,145.67250825918617
7.7250115479483155,8.965138287573636,5.0,9.0,7,129.16958920530237
4.788334301460911,9.491795118988136,5.0,9.0,7,134.14493563745827
8.776333067441255,9.719373343229089,5.0,9.0,7,129.95176644684548
6.890777547092572,10.610430555351906,5.0,9.0,7,138.4666041726974
9.81223202055023,11.260471592861563,5.0,9.0,7,164.18700042900778
8.742839715716055,11.322774466616965,5.0,9.0,7,134.64064279002736
5.630964808565249,6.631906611031387,5.0,9.0,7,113.6460535037574
7.998545106365382,8.515606424345892,5.0,9.0,7,143.40693428713345
11.339602702193154,9.466711998450018,5.0,9.0,7,146.55627588710524
6.367717694263511,10.218004872251358,5.0,9.0,7,150.8379466919449
5.829343842791815,10.6485891555558,5.0,9.0,7,131.0867309996063
10.72215741311508,6.0225157102076885,5.0,9.0,7,130.90828423509703
7.736167861683279,6.977315411549721,5.0,9.0,7,115.7692148569686
11.326223413043833,7.382596049456239,5.0,9.0,7,43.57677726448318
4.80139632860955,7.499646171415451,5.0,9.0,7,123.04291706952426
5.841398111114639,9.862427100700003,5.0,9.0,7,137.01200065161382
7.961370553205183,10.5660004334006,5.0,9.0,7,158.49301309582214
5.339988259948788,8.256772388255486,5.0,9.0,7,125.7253117831478
11.321999588445289,8.554866359950843,5.0,9.0,7,142.15791270704767
6.6662659430664535,7.425736572650509,5.0,9.0,7,131.79921007605785
7.726747151938177,8.544180209899602,5.0,9.0,7,119.18807645394816
7.448715805477753,9.7713192291,5.0,9.0,7,141.3572844904798
10.796377636909956,9.99620022343592,5.0,9.0,7,130.72502382864263
11.3044526715799,10.112973747600057,5.0,9.0,7,82.01520389446841
9.819680444169949,5.055755394783271,5.0,9.0,7,128.01209479120476
6.398416629382302,8.193885524276585,5.0,9.0,7,137.60584926370842
6.089367882174633,11.032954965374556,5.0,9.0,7,138.13692952825073
7.980743971559567,8.587383253557588,5.0,9.0,7,100.75692392223318
8.484095584263539,10.952415155225951,5.0,9.0,7,127.06299747792453
5.047292762066978,10.28457174115633,5.0,9.0,7,140.19121492508592
4.830495198361617,6.669667077805869,5.0,9.0,7,117.65058869830251
7.485926228571771,6.960876236689873,5.0,9.0,7,130.88898529273013
6.884246742584123,11.40085021118665,5.0,9.0,7,123.29411380502393
9.41294258992856,4.849477282043421,5.0,9.0,7,121.15894749211738
11.034401346617392,6.059056277720266,5.0,9.0,7,70.30309470171527
11.692342674199278,7.371585550574774,5.0,9.0,7,151.62478190093924
6.412664779874558,6.667986309623473,5.0,9.0,7,111.10839582533828
11.842778664149783,8.132739294958185,5.0,9.0,7,133.2842659553858
11.830954862828042,8.572915282661679,5.0,9.0,7,144.60808475067773
11.13019986671772,6.552965191044475,5.0,9.0,7,53.72263288085095
11.44300694155943,9.90368884579126,5.0,9.0,7,153.17690684564374
7.945594157512108,11.76575860727309,5.0,9.0,7,140.99069674862972
11.194993757694371,6.769692868720096,5.0,9.0,7,69.75148659779896
11.480584053208975,9.623630131769664,5.0,9.0,7,135.81740344151618
7.147311785933748,11.790468943098688,5.0,9.0,7,131.2227811877389
9.137408620072836,4.987773432411809,5.0,9.0,7,129.10073566349683
11.33213710191989,9.06827877708904,5.0,9.0,7,131.6908373178509
11.522309416743466,9.222341227201929,5.0,9.0,7,103.60239405727498
6.348298029939541,11.421706020818542,5.0,9.0,7,117.79808723179045
10.182100521125117,5.26147958489979,5.0,9.0,7,62.078171253467694
10.907666122441745,5.937519456786215,5.0,9.0,7,126.6830252485226
11.456117848086242,8.446882150224583,5.0,9.0,7,119.41689938162996
11.481721255222896,8.593830743748768,5.0,9.0,7,138.230767929321
11.201974520987369,9.779193752860063,5.0,9.0,7,116.96717451785705
11.042604695838833,10.015779166244782,5.0,9.0,7,90.67669422854068
11.593476661100002,8.152841067364472,5.0,9.0,7,74.42821911856323
11.482076336193453,8.803409593227755,5.0,9.0,7,118.6655333208527
8.744958756973537,4.68066690345,5.0,9.0,7,93.18704076875598
10.632835826545993,5.528760814889417,5.0,9.0,7,122.82030859448068
11.44944589724672,6.87477298255514,5.0,9.0,7,121.11612077229556
11.648566929378774,7.093520791366508,5.0,9.0,7,84.31659099535003
11.40662494452061,7.087302597422797,5.0,9.0,7,101.3384650418358
11.198857610500422,9.38670701159609,5.0,9.0,7,139.77576211538343
9.219338252390504,6.705378576830546,4.5,8.1,8,192.4975135685057
7.7913402333226545,4.962523172360736,4.5,8.1,8,204.62621370529624
8.691370474028096,6.333779682386946,4.5,8.1,8,205.8648012201443
8.993277416460723,5.096386359249585,4.5,8.1,8,210.1338256150961
9.463557075700738,8.675030970182274,4.5,8.1,8,188.3492088346766
9.472906432719984,7.093076378663326,4.5,8.1,8,204.99559804153893
7.361768359944826,6.017715549174207,4.5,8.1,8,178.3285028662223
8.424675282027124,6.350830500964878,4.5,8.1,8,174.12229869325537
10.257335876850448,8.236586531150266,4.5,8.1,8,202.9267582943967
7.911231047269952,5.567629784797338,4.5,8.1,8,175.85818418985778
9.992769733061689,7.855638948459545,4.5,8.1,8,192.61364160113175
5.5116506283296856,5.673294711567779,4.5,8.1,8,170.07576887612856
8.159826677430218,6.349700823119726,4.5,8.1,8,182.91109459162604
7.110072179551585,5.620212751709522,4.5,8.1,8,152.34897091737474
8.842020635690439,5.718131025408416,4.5,8.1,8,188.5122495381087
8.43558184680948,5.943466823257234,4.5,8.1,8,205.0352313622542
5.772003349080728,6.062968796877201,4.5,8.1,8,195.02973418201307
5.5034871236424925,6.074680417617872,4.5,8.1,8,165.1086288133275
6.591818845963882,4.82968695276371,4.5,8.1,8,214.01521003874583
6.843550804746293,5.6113142752180325,4.5,8.1,8,173.30082464947034
7.635649422698451,5.986100146077381,4.5,8.1,8,178.2548494469254
8.679592307518332,6.741516790354767,4.5,8.1,8,178.84907894055226
9.226737555083488,6.30993325303501,4.5,8.1,8,202.35164833253452
8.558986621357972,6.149638293199428,4.5,8.1,8,191.26057547417471
10.431784891595576,6.444481862010563,4.5,8.1,8,212.77529153292608
6.5630853731636885,6.398662950064589,4.5,8.1,8,167.95012030467996
9.740590224875127,7.084616555402759,4.5,8.1,8,198.51498856152884
7.643584033088185,5.578615070019606,4.5,8.1,8,151.4041462390998
6.821980416657524,6.423885322604724,4.5,8.1,8,175.40637406508014
10.93906929580429,7.585903058106763,4.5,8.1,8,202.72015869803636
8.726469458745685,5.11260091137099,4.5,8.1,8,191.523065602233
5.238672930155771,6.082365899044452,4.5,8.1,8,176.5793455830336
10.024024642655178,6.662287654187877,4.5,8.1,8,184.24741096509868
7.621617983188741,6.753782563811043,4.5,8.1,8,169.79063062779858
10.538267739577636,7.418664041632891,4.5,8.1,8,186.47350428147703
4.936466620104111,8.464614569531768,4.5,8.1,8,175.448122915471
9.193197807294885,8.697289510859967,4.5,8.1,8,173.0279678922884
9.00471387986832,4.688272303853179,4.5,8.1,8,218.0880363735914
8.979969851295708,5.501391662293312,4.5,8.1,8,180.5377775619086
9.779375244431211,5.874638617329793,4.5,8.1,8,190.2969213955232
9.467366832501892,7.481017089108796,4.5,8.1,8,195.3878972360289
6.856914293545102,4.832695318531943,4.5,8.1,8,145.6013373030193
8.593290642180621,4.919616304766544,4.5,8.1,8,184.84573088164385
8.184580268824371,5.146160193225268,4.5,8.1,8,176.2300595717657
8.049295471245252,5.359757241703602,4.5,8.1,8,188.4927033631529
6.570309416770215,6.031534376197129,4.5,8.1,8,170.66967556638411
7.628115917750401,6.374684268244282,4.5,8.1,8,181.2463555429277
6.294265766161731,6.433137058998796,4.5,8.1,8,152.9824292257356
8.406127148590933,7.144746522444585,4.5,8.1,8,166.79394179336867
7.873120341215674,7.15359387289142,4.5,8.1,8,179.64641249593072
9.990957144184472,8.25607237624879,4.5,8.1,8,201.01073858341297
8.925598100238139,8.694275168152107,4.5,8.1,8,197.17511502749957
7.069382610823419,8.774569134287859,4.5,8.1,8,180.85467772958924
7.917714739837677,5.162004560855543,4.5,8.1,8,166.50793969668123
6.269707102982171,7.616823500039522,4.5,8.1,8,185.71046263125817
9.640727783426016,6.0914031598009375,4.5,8.1,8,184.79088921536456
8.955213757854711,6.327215359664245,4.5,8.1,8,187.97860291085456
10.003328767494082,7.456623003162316,4.5,8.1,8,188.21147225767453
7.253778777985125,5.001264378361427,4.5,8.1,8,187.0417780611287
8.454076451927545,5.128718570014337,4.5,8.1,8,189.3990135166728
7.370514327475807,6.369761095192571,4.5,8.1,8,182.5937445948768
8.416036961004998,6.730594014450003,4.5,8.1,8,169.8352061957763
9.210655174317674,7.095821935795507,4.5,8.1,8,190.8080543501755
8.408132552283137,7.514801755859928,4.5,8.1,8,184.8777785650997
8.397035633594905,7.913664702937032,4.5,8.1,8,192.71449360048533
4.66377146237024,8.477611788014583,4.5,8.1,8,199.08883406029884
7.115897693881093,5.206654748031873,4.5,8.1,8,157.8394410581515
9.51629262890029,5.476210104357435,4.5,8.1,8,182.13461182025773
8.701887990456703,5.939817409258724,4.5,8.1,8,191.28181265474316
7.898080147559853,6.359015715337368,4.5,8.1,8,183.0471345146042
4.9558792110261365,6.882629838337131,4.5,8.1,8,199.93071151831597
10.01055026627507,7.05742537677645,4.5,8.1,8,207.71852979844735
9.73396214441308,7.475254768720219,4.5,8.1,8,189.39981669149603
7.60503633732796,7.560290432094978,4.5,8.1,8,183.7987709199708
7.864568003250216,7.545263664125733,4.5,8.1,8,181.5799834866313
10.793691839464474,7.797929814810605,4.5,8.1,8,188.6674105146041
10.797672098004616,8.193017571603207,4.5,8.1,8,205.41704394850055
9.194279925659774,8.291157665796739,4.5,8.1,8,193.38304110423036
6.446139244449619,5.436586624630579,4.5,8.1,8,147.75180631562708
8.176991606202252,5.543406445712157,4.5,8.1,8,191.96847746691856
6.30107986351766,6.037929352246968,4.5,8.1,8,166.56348085392656
7.498320512624036,6.18014147019395,4.5,8.1,8,144.66389201945404
4.68577976356527,6.897506931557894,4.5,8.1,8,174.87924037355788
9.344659152882864,6.911032948661042,4.5,8.1,8,169.71832861239167
8.942759053696284,7.1121339461323165,4.5,8.1,8,188.11469300401757
7.0801617112399455,7.195898241197872,4.5,8.1,8,161.57998578955915
7.067772436445461,7.976132860813495,4.5,8.1,8,180.14854740497157
9.464746652232924,8.276171200253607,4.5,8.1,8,194.19945157644375
8.392253073408597,8.72341687188644,4.5,8.1,8,163.52894940138677
8.65304634577719,9.52012503127194,4.5,8.1,8,167.90663644026648
7.052732920219891,9.57465771098822,4.5,8.1,8,197.74709995089628
9.375354682067307,5.685794556280213,4.5,8.1,8,183.5262684769408
6.6974258850409125,5.854824330638716,4.5,8.1,8,177.65995434944355
10.799610658397336,7.403013602875158,4.5,8.1,8,201.5336623686476
7.063049619026929,9.173489638834637,4.5,8.1,8,177.29805697883347
8.3235035175538,4.939299948450119,4.5,8.1,8,170.73885050706042
6.038690005793282,6.044343374472929,4.5,8.1,8,177.29055431025176
9.09680356478646,6.114934901855298,4.5,8.1,8,185.8687191282494
8.297967737127436,6.153552780485343,4.5,8.1,8,163.48966051426785
9.485160088108293,6.695881934214537,4.5,8.1,8,177.49790843377028
10.276727439920862,7.044126148359499,4.5,8.1,8,203.4181161223753
10.528954023641925,7.825903997556836,4.5,8.1,8,178.82577037998604
8.129699786275983,8.328742594571018,4.5,8.1,8,170.09851502126492
8.39369379523044,8.321728915611633,4.5,8.1,8,168.35923975780233
9.990432387597991,8.655901712851664,4.5,8.1,8,210.39619208284284
7.575459116504398,9.961964276338046,4.5,8.1,8,174.02951044222274
7.538364989584292,4.577622953814728,4.5,8.1,8,167.451653663254
9.934189602786898,5.239381435053474,4.5,8.1,8,154.67542009345885
9.107440487198488,5.69952981527271,4.5,8.1,8,180.52989348847655
8.971996292367752,5.910623170049999,4.5,8.1,8,178.80855260663276
9.239117269877884,5.8989437068264525,4.5,8.1,8,192.3125141109099
10.175319621055715,6.057924365001393,4.5,8.1,8,193.81182913120784
5.498651908806902,6.48050937893022,4.5,8.1,8,175.34445661312955
10.56684302994218,6.626067183867289,4.5,8.1,8,181.6910150108133
9.878468819458536,6.873485808042924,4.5,8.1,8,192.729108027491
11.07550425899182,7.381947313665186,4.5,8.1,8,166.92415925256438
8.930005640255896,7.897628982647062,4.5,8.1,8,188.39871081000769
9.725314775053384,8.668492359074026,4.5,8.1,8,202.69430212294267
9.453211776182332,9.47585056401288,4.5,8.1,8,175.21153646969032
7.393865162096317,4.78764108461096,4.5,8.1,8,196.50497326639547
7.096957632495229,6.021317239771063,4.5,8.1,8,161.50982739902756
6.959289841141146,6.214866497905838,4.5,8.1,8,151.52899215670095
9.89787923479879,6.478833230045707,4.5,8.1,8,194.0476888625992
10.943465866142128,7.198331959605224,4.5,8.1,8,188.40824724671208
9.328530854371143,8.480055525054123,4.5,8.1,8,170.22172773229218
10.523543114650009,8.62264796473931,4.5,8.1,8,186.9885346391552
7.391513280764137,5.1703717133,4.5,8.1,8,162.91164134418403
8.310867008595757,5.352035551828393,4.5,8.1,8,186.03381523329028
6.829907851375882,6.036183557790556,4.5,8.1,8,176.83305002831918
4.967763074504764,6.4791275759022975,4.5,8.1,8,181.76733155181117
7.356754345709133,6.766348528621296,4.5,8.1,8,191.54450506909865
11.219206051610628,7.1728766761348215,4.5,8.1,8,176.52685346154271
8.134289919943432,7.525309135967056,4.5,8.1,8,181.6161640247615
7.071577534432764,7.583930151241482,4.5,8.1,8,168.558816179473
9.726714512624792,7.864782832425749,4.5,8.1,8,177.77285922977856
5.467477163464586,8.436079380085172,4.5,8.1,8,182.42128171410317
8.856740761254569,4.895045638079673,4.5,8.1,8,177.79409420599788
7.378150191120035,5.598139427167681,4.5,8.1,8,153.9709855633943
6.306426151139661,5.661492709453921,4.5,8.1,8,171.8208161469202
7.097288693062791,6.387120450503999,4.5,8.1,8,171.62190679478277
5.221322531219337,6.880475748374685,4.5,8.1,8,173.56774855110254
8.67009016150903,7.127654866617773,4.5,8.1,8,159.1901573769188
6.014535950280808,7.231113432074557,4.5,8.1,8,188.4642020121233
5.735834803306977,7.6354053838528175,4.5,8.1,8,176.96682134100556
4.9413744279993566,7.662432636643923,4.5,8.1,8,192.07840032530223
8.664793221822023,7.8934353953263825,4.5,8.1,8,181.79821201482625
9.465545577473629,7.873032329031284,4.5,8.1,8,173.8487081186974
10.66133440600026,8.81117836340005,4.5,8.1,8,186.24570661707023
11.065868654945527,8.992653236669842,4.5,8.1,8,165.70083262188226
9.45982408792868,9.085801695491131,4.5,8.1,8,170.2860824294816
9.504336372609355,5.881826033941266,4.5,8.1,8,178.6730921329343
10.036841743696952,6.261476758510209,4.5,8.1,8,197.59798519732837
9.7684829725475,6.285178292185348,4.5,8.1,8,191.34127501329715
9.49815706045196,6.294541237401468,4.5,8.1,8,184.27230893771733
9.726086314509264,8.268552704784312,4.5,8.1,8,197.38386254449267
8.6577150744621,8.707746836597108,4.5,8.1,8,171.5854770240358
8.392194211918065,9.11375531363864,4.5,8.1,8,158.76505598227814
6.050138082975762,5.263228639397824,4.5,8.1,8,154.13596571521904
7.508646647568283,5.398816903460471,4.5,8.1,8,163.27318427802982
8.710601297671914,5.5250686089545376,4.5,8.1,8,182.66381201636648
10.448117281121554,6.040741312666556,4.5,8.1,8,178.7625709232084
10.68787625940634,6.813856462563717,4.5,8.1,8,183.5340630084399
6.821325068578888,6.801548445171238,4.5,8.1,8,172.0785381610103
5.607295920802389,7.441287391558428,4.5,8.1,8,150.1879968303283
10.133352348524172,7.637224359691003,4.5,8.1,8,193.0352830596287
9.59703858881672,8.062206609581505,4.5,8.1,8,183.86520932999628
6.708135264238966,5.438960684802413,4.5,8.1,8,171.63442748357303
8.566416539985063,5.74780116736025,4.5,8.1,8,189.60771240939468
6.165735770614474,6.2395189127602055,4.5,8.1,8,155.7185793822024
10.833906025365168,6.625100938281381,4.5,8.1,8,176.56160993206274
9.75758531253808,6.671675979634243,4.5,8.1,8,174.0224622615732
10.288987745432957,6.6481308053506325,4.5,8.1,8,186.38313958127705
7.884968834371651,6.748380209898291,4.5,8.1,8,159.2076283335063
6.015529302277861,6.8477523703536844,4.5,8.1,8,167.50625478305847
6.813419859221518,7.199323564007281,4.5,8.1,8,167.9687765007709
7.338316001060929,7.565748652343029,4.5,8.1,8,166.33499290791323
5.470658432883161,8.044753051670979,4.5,8.1,8,178.12757440764057
7.333025750874982,8.360280248526172,4.5,8.1,8,167.25709743015886
8.123319571151693,8.727456209081105,4.5,8.1,8,154.55282892986975
8.380300826380239,9.522844917732687,4.5,8.1,8,173.15187502582498
7.125732352760951,4.808725972063043,4.5,8.1,8,189.9034921298796
6.995035246092716,4.998968504831132,4.5,8.1,8,143.74088559809678
9.246850439372873,5.4908783154388505,4.5,8.1,8,187.97826765216328
5.906217859742157,6.242903358544182,4.5,8.1,8,143.42727552401416
10.965407030636143,6.801489185012927,4.5,8.1,8,191.12301249746864
9.595486706497224,7.681686028779796,4.5,8.1,8,167.67494127531393
5.464170336908698,8.84293635448725,4.5,8.1,8,192.17136978430264
9.18910075884173,9.086735513453952,4.5,8.1,8,171.70081396654498
8.05919328590937,4.951743465828775,4.5,8.1,8,159.55347409539584
7.660621538042295,5.1703717133,4.5,8.1,8,164.62682780044565
8.580211117096066,5.330383286173213,4.5,8.1,8,182.35385569259228
8.040069938459405,5.751184394749999,4.5,8.1,8,151.76594201588154
8.301971662163503,5.751184394749913,4.5,8.1,8,142.86792170810313
7.90212757809719,5.988858486838799,4.5,8.1,8,163.9214864146662
10.578834663553168,6.236088924060561,4.5,8.1,8,193.44752215965732
5.750096294121801,6.8570731440667005,4.5,8.1,8,184.1918269707089
9.198574217904556,7.897283402367966,4.5,8.1,8,157.64742637151525
5.202590151721513,8.854521958630235,4.5,8.1,8,168.6219493486897
6.852291018025915,5.226552391967324,4.5,8.1,8,156.41634879429262
6.180500799549468,5.459291685379339,4.5,8.1,8,137.23862097008185
9.785695799744872,5.451436186760534,4.5,8.1,8,166.29413221256164
8.443921243884326,5.543402287406082,4.5,8.1,8,176.27370726537234
9.64623353344023,5.673756309819541,4.5,8.1,8,189.615456564241
10.043078290459569,5.853467083826551,4.5,8.1,8,165.1239808477643
8.830798461364749,6.125425862250389,4.5,8.1,8,156.54493779686223
10.301363611621603,6.250808863842583,4.5,8.1,8,197.1297506962941
6.551773978575097,6.834679352028652,4.5,8.1,8,177.19098226093573
10.680334214454538,7.217030802444237,4.5,8.1,8,171.4210923660229
4.9488973709083295,7.264477880287237,4.5,8.1,8,173.6460649828266
9.202103065048211,7.4952710687598065,4.5,8.1,8,176.61799771342214
10.40426793081954,7.630213541206588,4.5,8.1,8,195.08629634779948
8.661930510609588,8.30329261006139,4.5,8.1,8,164.45561327624574
10.388053450026096,8.84272257763261,4.5,8.1,8,177.40813722523555
7.9907501648465775,8.936921548779706,4.5,8.1,8,158.92789585215044
8.121063020376994,9.12531006069125,4.5,8.1,8,160.10245034303358
8.118932974539907,9.522299541942582,4.5,8.1,8,169.9282110182274
6.791965166046446,9.593172723535645,4.5,8.1,8,164.52709091579877
8.912887369708328,9.901979801168586,4.5,8.1,8,177.18629967320882
8.473200488809722,4.719026481444545,4.5,8.1,8,151.72517252169638
6.043503846345107,5.660821606785111,4.5,8.1,8,158.78712634324015
5.772892230843032,5.675796351759701,4.5,8.1,8,145.45959232742015
10.708507042056866,6.42880799380999,4.5,8.1,8,163.95155679891295
6.025179946379775,6.47246670149942,4.5,8.1,8,150.07460522067046
6.809488610886738,7.581524455698868,4.5,8.1,8,166.5268016102079
10.52311394449925,8.220564101676914,4.5,8.1,8,206.70484290314016
10.940849003138698,8.386663846747561,4.5,8.1,8,191.6500702306594
7.583121218154766,9.557068154173711,4.5,8.1,8,158.27932709363628
8.072382143779015,4.510168894402901,4.5,8.1,8,132.7968329577685
9.270204121702458,5.069411826492129,4.5,8.1,8,177.95468141246783
5.640590407354392,6.25570137413433,4.5,8.1,8,146.17255894634943
8.951686957821671,6.713116938018466,4.5,8.1,8,183.4959869301476
8.14905120743246,7.122701259474564,4.5,8.1,8,180.1680235299713
7.610424991147211,7.163871165193154,4.5,8.1,8,173.23937886553793
9.869320082213337,7.27146844040896,4.5,8.1,8,160.92185643431978
6.538802565640886,7.603305508532127,4.5,8.1,8,179.98085807828164
11.065221761205065,8.1696336436158,4.5,8.1,8,181.22167774761243
7.066079941346083,8.371613480882191,4.5,8.1,8,184.6041638474593
6.001655477509471,8.415380786433087,4.5,8.1,8,177.34264148538858
7.527810955995531,4.983306219838864,4.5,8.1,8,149.60578284817169
6.576214462689424,5.257673614094813,4.5,8.1,8,161.19601600068964
9.39933576173384,5.273819912622023,4.5,8.1,8,178.51582203387582
9.122566605005415,5.288296281722626,4.5,8.1,8,174.7644774257427
8.851184220679466,5.320285820602128,4.5,8.1,8,193.37835069169867
7.774570766344081,5.768456926307086,4.5,8.1,8,145.48559741809098
7.506035084503847,5.797275946805897,4.5,8.1,8,145.1894142663351
8.167963683486006,5.976480560449171,4.5,8.1,8,165.54558265549207
5.237236960056405,6.456869392626902,4.5,8.1,8,172.44820136452242
10.160298744520665,6.460855952542101,4.5,8.1,8,178.28898561695874
5.486443836618912,6.8672558218500015,4.5,8.1,8,173.3957343899875
9.604639571426484,6.893476277481476,4.5,8.1,8,170.5295851814082
5.474115067285848,7.640142292320456,4.5,8.1,8,174.28333934134332
4.808146009228925,7.873448637160213,4.5,8.1,8,154.1003949747183
7.336361211848185,7.946833302785437,4.5,8.1,8,165.80989552955776
10.932909029748092,7.992586512480876,4.5,8.1,8,164.8153780012635
10.66493581705232,8.013823682280348,4.5,8.1,8,172.5360512293481
8.929976653358654,8.291534057380776,4.5,8.1,8,165.87033068818778
10.93457857388552,8.791034522614964,4.5,8.1,8,186.47404160056365
10.256549481622685,9.04289959209643,4.5,8.1,8,193.7785991280116
8.657307126428673,9.101700825404714,4.5,8.1,8,174.87104615518686
7.858169187493899,9.141060223275892,4.5,8.1,8,173.4734659801783
7.325906402324699,9.165579202109198,4.5,8.1,8,172.76520850188834
4.929190775655014,9.272433439278515,4.5,8.1,8,178.17188196854693
9.190155752627112,9.485426656231668,4.5,8.1,8,162.91517884216992
6.520833709124253,9.598458880443909,4.5,8.1,8,172.0729863464542
7.844425606432695,9.95016554225498,4.5,8.1,8,158.2981810745475
5.715239611824588,10.039722975936067,4.5,8.1,8,153.32424003316817
11.044439060344311,10.181804866613753,4.5,8.1,8,156.76170089553312
10.770177836065328,10.615942579668433,4.5,8.1,8,168.23419059369672
8.899850636865136,10.714211788589283,4.5,8.1,8,164.76238508006884
9.62665090146386,6.495400566805966,4.5,8.1,8,169.89030321898403
9.087711511455524,6.885385861107953,4.5,8.1,8,166.00386492295092
10.815711603242194,7.004038248479797,4.5,8.1,8,169.6917956390981
8.926677577134894,7.527303658769246,4.5,8.1,8,189.9383360535793
8.125433115303274,7.937897700729795,4.5,8.1,8,178.30273108538367
10.39517005397004,8.031032278601174,4.5,8.1,8,185.59877772468732
9.730144432918925,9.053844740244273,4.5,8.1,8,160.62355626301155
5.199027528451079,9.25414685738278,4.5,8.1,8,181.0746504905631
10.522245372003791,9.434386564804695,4.5,8.1,8,159.2458256265752
6.275680460912825,7.226046140155932,4.5,8.1,8,173.24018170898216
4.682490561849964,7.286478249407594,4.5,8.1,8,167.4039022862763
5.076552717090105,7.843209154444188,4.5,8.1,8,172.20135022753396
10.660587207268543,8.414525510162598,4.5,8.1,8,170.3766158687399
10.391320261905944,8.431233472840024,4.5,8.1,8,191.50866543715117
5.999446982797316,8.816146005614717,4.5,8.1,8,180.9425504591035
7.311426266013989,9.968620249425996,4.5,8.1,8,173.12225010516164
6.192443804203235,5.0353617830525765,4.5,8.1,8,148.30319123988795
6.990553201257905,5.392623209197556,4.5,8.1,8,146.13476218019778
6.4351426792844615,6.248655555765033,4.5,8.1,8,145.0986292956969
5.10940773831724,6.289912737445743,4.5,8.1,8,153.15215699334746
9.357977216370932,6.501428545743482,4.5,8.1,8,177.51664465974628
8.15415816569129,6.730655429460336,4.5,8.1,8,186.77959395277807
10.547945538687326,7.026337073669349,4.5,8.1,8,192.16064705172823
9.60758275777517,7.273312934466864,4.5,8.1,8,137.49571060679872
5.207639809577922,7.277241244050007,4.5,8.1,8,171.94138721092742
4.669492345702387,7.692210738200265,4.5,8.1,8,158.60741590362258
10.26147434761685,7.838667502036964,4.5,8.1,8,184.9222119614385
7.866614530536829,7.931363246615452,4.5,8.1,8,172.49227868883384
5.732004765015501,8.42980811027288,4.5,8.1,8,179.94012754790393
8.257856064114947,8.916067178445298,4.5,8.1,8,170.56143093762114
10.793490106939345,9.00823106689312,4.5,8.1,8,186.04570452315767
4.659833820629119,9.2839251203018,4.5,8.1,8,190.14014202305276
8.920605744686839,9.509521406449622,4.5,8.1,8,159.780204240139
5.455923434537228,9.646324516008187,4.5,8.1,8,169.72086555766242
8.37567729398341,9.931509652119376,4.5,8.1,8,155.1727957372411
7.930919619991017,4.741768079174995,4.5,8.1,8,174.1372685196952
9.916719918962905,5.652782157490896,4.5,8.1,8,178.63956753127138
10.268471577933784,7.442255859446822,4.5,8.1,8,200.4327404329861
8.003124823292653,7.721718399361975,4.5,8.1,8,142.71883985691454
6.801478076634998,7.978336524353429,4.5,8.1,8,187.73103485313683
5.205274944836473,8.450255090899999,4.5,8.1,8,171.7013797855212
11.053500764338365,9.776043032766497,4.5,8.1,8,148.0615751136156
7.775134022118691,5.382480729192644,4.5,8.1,8,185.47791215745363
10.047216898931634,5.442827588917559,4.5,8.1,8,149.9850534601991
6.281955519785518,6.84729900643062,4.5,8.1,8,157.82320509439265
5.747586218820697,7.2374165606927825,4.5,8.1,8,173.10723721720055
11.070901043408131,7.778130573632831,4.5,8.1,8,182.92128060127263
4.668471433102246,8.079448180598416,4.5,8.1,8,163.57977230610223
6.798732650024419,8.379054027188218,4.5,8.1,8,173.22110239281886
9.590435667425236,8.47553022865913,4.5,8.1,8,174.37044050565487
5.730713317827973,8.835781930489974,4.5,8.1,8,167.4437145580702
9.167557801488895,10.697771472566163,4.5,8.1,8,156.77509306486897
8.19455933521058,4.727211944133042,4.5,8.1,8,150.92539751122908
9.13509091950997,4.868088372100917,4.5,8.1,8,162.78745328434945
7.240096671398735,5.424565882001519,4.5,8.1,8,162.95357863009292
10.99088324720549,6.407862973390024,4.5,8.1,8,131.60630149651442
10.146010051703673,6.851357073713754,4.5,8.1,8,189.10467903817343
8.809981487714092,6.91086633421805,4.5,8.1,8,154.7791691034887
6.4211881323404,6.999850476885003,4.5,8.1,8,151.17379535868858
11.21202448933458,7.558137461090119,4.5,8.1,8,166.97314680989183
6.00630760252631,7.623009757702938,4.5,8.1,8,178.45454677837125
7.601552643563759,7.941284439357877,4.5,8.1,8,177.61315730335687
11.465806082798078,7.956683179498799,4.5,8.1,8,171.92551088289963
6.004343162563956,8.018569491797939,4.5,8.1,8,161.4740728160247
10.124837918782765,8.042826480350076,4.5,8.1,8,191.79786492750148
5.203855816813382,8.055902869746248,4.5,8.1,8,174.80328249625822
7.998286065346209,8.124761903256129,4.5,8.1,8,144.17441103544456
7.203335728332274,8.15146565249388,4.5,8.1,8,166.97953044792055
9.062726521179258,8.477266696866806,4.5,8.1,8,156.66428864110546
10.2544572886269,8.641196858799304,4.5,8.1,8,182.0283759431297
10.525569086096832,9.022183597665832,4.5,8.1,8,192.27162521327148
8.926203270602999,9.104180786940963,4.5,8.1,8,170.45950704023187
7.8460508405177185,9.543249578927902,4.5,8.1,8,167.8308315246326
10.648363832390578,9.611821260796155,4.5,8.1,8,176.81935064181545
8.371380735464895,10.328810103640931,4.5,8.1,8,156.68855904397788
7.565511841789702,10.767919977529216,4.5,8.1,8,147.07024834541767
6.57578738072434,5.636403622271431,4.5,8.1,8,148.55158365035166
4.819166373536566,7.084688064627742,4.5,8.1,8,155.90608943728995
6.266157613104917,8.004527283125174,4.5,8.1,8,168.0185003533083
7.59761847608757,8.34312218758246,4.5,8.1,8,161.1245786870798
9.061687785949816,8.890860344389901,4.5,8.1,8,159.97686530523313
11.069271121262345,9.363780324569383,4.5,8.1,8,148.42366915888584
9.959992223982448,11.053847382373784,4.5,8.1,8,163.29233910729164
7.262112424358784,4.613946756447013,4.5,8.1,8,165.65891861376204
8.535754149446339,8.085773623005199,4.5,8.1,8,162.27013393953098
4.9355136069965,8.866614984327272,4.5,8.1,8,177.89583806078446
11.336070907769727,9.741202112994271,4.5,8.1,8,172.31127490142063
9.662814284349412,5.247047073584746,4.5,8.1,8,161.68508228612922
6.965961029857806,5.832570293539235,4.5,8.1,8,149.67034481063064
7.232201650981191,6.567132009120099,4.5,8.1,8,138.60429449905655
6.1560076443422025,6.637871084104637,4.5,8.1,8,157.5420135978379
10.419256662105404,6.841124976651256,4.5,8.1,8,197.603473900898
6.546976466261848,7.192701265237371,4.5,8.1,8,182.2625686475668
10.139828329636575,7.253853293528465,4.5,8.1,8,165.2416556699147
7.21038082192362,7.369801377504,4.5,8.1,8,179.23822234457597
5.207204579330045,7.659436127653236,4.5,8.1,8,169.47275772287668
7.734565855496644,7.740705620361474,4.5,8.1,8,164.8420213080429
11.334793417381904,7.751190008664632,4.5,8.1,8,181.03133416894508
5.738535973398748,8.030815689364609,4.5,8.1,8,167.0043195313758
9.067150458361107,8.075807933136222,4.5,8.1,8,154.18181856350662
7.861414500035057,8.332521369923672,4.5,8.1,8,178.61105631726306
6.5269142605295976,8.392956246927843,4.5,8.1,8,173.89506725003906
9.856185134315306,8.46523530839086,4.5,8.1,8,168.2478957755648
6.79658586469558,8.791207525953867,4.5,8.1,8,173.36661622061422
11.206945970420533,9.593910223380544,4.5,8.1,8,173.40654785941035
9.181711021452596,9.89295114953088,4.5,8.1,8,175.7250764031932
5.441391151554796,10.465225401872814,4.5,8.1,8,154.57431869361193
9.817505267699744,5.052233011864576,4.5,8.1,8,168.4978161979514
6.70913770318526,5.047048344467895,4.5,8.1,8,167.1700211665431
9.366518956146182,6.105027645558185,4.5,8.1,8,169.91215971670894
5.753883631234574,6.4850154307406775,4.5,8.1,8,160.59307645548256
8.819733912287376,6.528956523095971,4.5,8.1,8,150.37790496283895
7.346214515679744,7.167997690477952,4.5,8.1,8,164.28700886873335
10.406882460887196,7.234039317823602,4.5,8.1,8,185.26519688289653
8.674721903902935,7.501749122834039,4.5,8.1,8,153.31165381609244
10.667409894200182,7.612090705698137,4.5,8.1,8,163.52054006271987
7.463524288521672,8.536552883548616,4.5,8.1,8,160.75868053695805
8.264456227752127,8.518166886064776,4.5,8.1,8,142.8699768856692
8.529540280906419,8.902972703274004,4.5,8.1,8,145.11431647610613
7.318553725721292,9.556425957920494,4.5,8.1,8,161.82187427258197
8.357746735405357,10.748123998749538,4.5,8.1,8,166.80047847790416
7.820541486698735,10.77935231674817,4.5,8.1,8,166.4683088950363
8.089184831063985,11.162660684497098,4.5,8.1,8,158.2730237778749
10.184961389122057,5.640531124359746,4.5,8.1,8,177.33131774735654
8.289283926279918,6.549479337521732,4.5,8.1,8,128.27698173961227
5.6347592283065335,6.629585039372669,4.5,8.1,8,142.58902794373674
8.8056572508823,7.681916117471489,4.5,8.1,8,155.12122957307855
9.066824867230189,7.700285971039618,4.5,8.1,8,173.43559432351003
10.125244966363583,8.447221334920773,4.5,8.1,8,170.21805596423874
4.664698649016443,8.879958129774117,4.5,8.1,8,179.89162398002475
10.787323345088804,9.40261608237658,4.5,8.1,8,179.19531870059805
9.702985530291228,10.271110299283803,4.5,8.1,8,170.0862928456398
8.091935228179727,10.75735974676654,4.5,8.1,8,168.61058521479205
7.661767566971564,4.764738492884298,4.5,8.1,8,153.73833970675642
9.5361341995719,5.064284169791946,4.5,8.1,8,174.47785815549008
5.376761623728616,5.874915459618963,4.5,8.1,8,154.92502469613254
8.555209288299435,6.546384474876217,4.5,8.1,8,160.10527719085596
7.09384944921307,6.79114212424604,4.5,8.1,8,156.15043105065575
4.542489080600343,7.490769893716455,4.5,8.1,8,162.02454210242044
5.603200683283913,7.837317042246874,4.5,8.1,8,159.4993260058857
7.4666274536597665,8.138678522535137,4.5,8.1,8,165.8838383268259
11.342930014200002,8.15881337892519,4.5,8.1,8,163.57649795385765
9.990790521421465,9.054457876545047,4.5,8.1,8,152.38712012256178
8.10028788814033,10.36438768596776,4.5,8.1,8,147.74483530136467
10.50119229013111,10.607321213451776,4.5,8.1,8,148.12952204891394
6.489364258904069,10.832228585323534,4.5,8.1,8,157.68695897585073
7.810897370006234,4.52122812815,4.5,8.1,8,122.31758686637866
5.069765115723219,8.259483818395614,4.5,8.1,8,146.4652363653393
10.79699890375064,8.59152021677729,4.5,8.1,8,154.13549612300568
10.920382127250663,9.59758170484433,4.5,8.1,8,175.5910141097712
10.773880532446984,10.195442864781732,4.5,8.1,8,155.6566183865186
6.315129961682342,5.261379224015783,4.5,8.1,8,157.39960672682932
10.459934294096266,5.616989793954558,4.5,8.1,8,137.71920795453457
10.717723549883509,6.022075745398839,4.5,8.1,8,163.07442527792995
6.683556579792682,6.618311775895134,4.5,8.1,8,127.76673623257766
5.35215227327779,7.047062047834473,4.5,8.1,8,164.07599852972888
5.614965303418708,7.034044766310695,4.5,8.1,8,139.49438481741876
8.009924143492338,7.328110346559129,4.5,8.1,8,164.56232393753416
5.8711545648324215,7.425291535400015,4.5,8.1,8,152.1861317760622
9.864238400816015,7.659146455594069,4.5,8.1,8,168.43810084266846
4.801164191557631,8.264077813455925,4.5,8.1,8,159.25918157380318
4.53496207371442,8.277759499305345,4.5,8.1,8,142.49758695479233
9.594797823055057,8.868590249528298,4.5,8.1,8,156.73055694985104
9.322052191178248,8.892526316098076,4.5,8.1,8,155.18341094545195
9.057286123580084,9.291763313338809,4.5,8.1,8,133.8439455854631
10.254638550491714,9.44105319455,4.5,8.1,8,158.23146235301115
5.060082587610532,9.456726590373949,4.5,8.1,8,153.4639779561169
5.98053167363254,9.623268937750002,4.5,8.1,8,150.30518108546136
10.24540149492952,9.843188372224436,4.5,8.1,8,164.57691598588252
10.635350943272703,10.416337602452154,4.5,8.1,8,163.97233236141562
10.09695375112334,10.854223463056574,4.5,8.1,8,137.76451558069877
10.488840687863734,11.026764445163332,4.5,8.1,8,160.6818742252012
6.465138800363596,4.969220764212649,4.5,8.1,8,124.74619749565744
9.082876565414026,6.526625952348811,4.5,8.1,8,146.46158391260775
7.199985766967834,7.772603702081595,4.5,8.1,8,166.194578652411
6.542063792368891,7.999011357415818,4.5,8.1,8,163.88018978019892
8.271903529168226,8.109514604957768,4.5,8.1,8,151.79316062103976
8.795737879103205,8.495506217662674,4.5,8.1,8,163.32063901706783
6.261802815510041,8.810564507610197,4.5,8.1,8,168.57126365125148
8.63741762470697,10.328067114124696,4.5,8.1,8,154.3337092584475
7.567835523140773,10.366635836739228,4.5,8.1,8,154.48764136838142
9.964113088853244,10.65474981533628,4.5,8.1,8,166.19210701494526
10.630694992061812,10.80596270050782,4.5,8.1,8,149.16045661321323
4.833406349834347,6.668850655761797,4.5,8.1,8,148.8421455637274
9.860514031343044,8.05875911176384,4.5,8.1,8,159.21141223995818
4.932976906221379,8.070122713575573,4.5,8.1,8,156.51208975186216
5.5984283412660245,8.631742205171905,4.5,8.1,8,159.04710818783877
7.593186219121603,9.140948525711671,4.5,8.1,8,170.4825722017121
7.190653624611971,9.363826450083677,4.5,8.1,8,166.3291670556406
9.97665030296477,9.844975724369986,4.5,8.1,8,161.97956688330385
9.450959333291374,9.872469545685725,4.5,8.1,8,138.6699972011702
7.0335275889928495,10.387587064453257,4.5,8.1,8,154.4456686086721
5.966245322041922,10.435335648499334,4.5,8.1,8,160.82690587616003
10.22951535385912,10.639533546840504,4.5,8.1,8,153.86744073186702
5.09808550152537,6.672265013464062,4.5,8.1,8,159.08025135464035
11.099786684784432,6.982833599860845,4.5,8.1,8,152.24006113502023
8.547056039685447,7.304543232651284,4.5,8.1,8,145.0429720503405
9.33051441062765,8.08468686955264,4.5,8.1,8,159.3459809788364
9.31868643205238,9.6793556310152,4.5,8.1,8,162.23081004120343
8.641449990766997,9.936824789251077,4.5,8.1,8,162.71480161030607
7.303951647507703,10.376977239197467,4.5,8.1,8,167.4146727117278
6.75655766043083,11.209561571132122,4.5,8.1,8,154.834582687108
5.911375660938178,5.467991704339397,4.5,8.1,8,131.59694735975657
7.231288422893624,5.819108050898916,4.5,8.1,8,142.26892700705957
10.60854581059553,5.8097880895626215,4.5,8.1,8,149.41923749566644
6.1650622902796,5.863560439408292,4.5,8.1,8,127.22470115126085
10.32127009074594,5.836646086552168,4.5,8.1,8,179.8486053610153
9.907751665759344,6.067771309190902,4.5,8.1,8,172.6357532160429
8.037867331973514,6.157858348290847,4.5,8.1,8,129.3004940166949
5.3665288596165945,6.263666172500083,4.5,8.1,8,132.46756108242386
8.01446299064213,6.944282025524805,4.5,8.1,8,152.77934146497915
6.151306218933078,7.021384544446072,4.5,8.1,8,162.59535884002014
9.335386634940903,7.298807732281161,4.5,8.1,8,161.94311668020617
8.270083091814039,7.709536715953223,4.5,8.1,8,169.90231173634209
6.670138604161232,7.795192551133432,4.5,8.1,8,145.3444314267355
5.339463478362161,7.849024199438661,4.5,8.1,8,146.43245128716515
4.535576836829968,7.886875038085514,4.5,8.1,8,151.73773899939485
6.934966954756212,8.164078732661286,4.5,8.1,8,149.8347257595218
7.999801074467784,8.513465891792631,4.5,8.1,8,155.88333048078138
11.067057975913668,8.573873128479207,4.5,8.1,8,187.5180807794069
5.869759692829163,8.609198770085692,4.5,8.1,8,160.7672352338047
7.864067093656776,8.731278568818686,4.5,8.1,8,154.55314289786094
11.343668495411864,8.908723952370451,4.5,8.1,8,175.6933483443117
6.934938183480058,8.974609952986029,4.5,8.1,8,141.6156940865655
5.860754953890257,9.02986977616969,4.5,8.1,8,152.1940859811653
4.799651864774812,9.066431043030192,4.5,8.1,8,153.25469443407522
6.791766645159068,9.188299414294423,4.5,8.1,8,163.83455385999704
8.900493548904715,10.31843735449304,4.5,8.1,8,169.1034040076776
7.835347545598125,10.359191483339371,4.5,8.1,8,162.2299399620336
10.905583713971534,10.3859996761739,4.5,8.1,8,170.78638525895792
10.103113378625666,10.44809505503954,4.5,8.1,8,141.66908543952027
7.297319398205915,10.783177516528587,4.5,8.1,8,172.71187137893645
5.965544193475255,10.82801472544239,4.5,8.1,8,136.18491195518536
7.024640227190962,10.79717492356326,4.5,8.1,8,142.87976853786392
5.699215343842852,10.842578006938554,4.5,8.1,8,152.7392141678478
10.33138319701223,5.43641969623788,4.5,8.1,8,146.61698518048595
7.762106259017525,6.559766755199963,4.5,8.1,8,158.3316997299703
8.553208207304333,6.901421273699999,4.5,8.1,8,126.5392297242666
7.466371176105057,7.374660494209549,4.5,8.1,8,141.401509335905
5.341699273989279,7.459487702156752,4.5,8.1,8,160.3406132414662
11.198899426734712,7.968593979192909,4.5,8.1,8,166.589148131259
7.727899766537981,8.140147141677165,4.5,8.1,8,145.90699357145724
9.435235736073473,10.288702969701705,4.5,8.1,8,162.32147363664313
6.956362314222386,6.976841389596602,4.5,8.1,8,160.1421773229275
5.480969630541658,7.242842753160974,4.5,8.1,8,159.7233394276003
6.264631097611874,8.397761961489348,4.5,8.1,8,155.32728588291366
5.725927723592167,9.236060483449998,4.5,8.1,8,164.84455421820425
10.122923616235449,9.242822911840458,4.5,8.1,8,150.00806433241036
10.65841367791604,9.22194645152216,4.5,8.1,8,168.98827293427183
7.991645200636481,9.32703456397356,4.5,8.1,8,138.2104596163087
11.3328917436078,9.3339030686079,4.5,8.1,8,135.21840849984122
6.111533553733197,9.804275131198178,4.5,8.1,8,152.68754914411312
10.514675276134437,9.816253020381408,4.5,8.1,8,161.38215274316374
6.513111029043158,10.002569703544076,4.5,8.1,8,153.1997468513329
9.96878332050668,10.254344557153964,4.5,8.1,8,152.581046440482
8.742107174400052,4.691066096344603,4.5,8.1,8,144.80787980780724
9.684748758272846,4.847257905020054,4.5,8.1,8,151.60465998734483
8.023322191174204,6.548753641227171,4.5,8.1,8,153.43919468382603
5.082893769734609,7.078499553807769,4.5,8.1,8,121.28597847179864
6.659725604661648,8.582342608288203,4.5,8.1,8,168.70070615344122
10.385083771270947,9.626310602031747,4.5,8.1,8,148.60299465104308
7.1789573821991,9.76084933777863,4.5,8.1,8,152.5089270999597
7.040796587632085,9.982419405283228,4.5,8.1,8,159.73869984884058
6.498274284424181,10.422992494042376,4.5,8.1,8,150.76120322984045
6.4439062458827046,5.825047193628055,4.5,8.1,8,128.41570266783586
5.632175639362678,5.897006691651929,4.5,8.1,8,139.2249486488634
10.847543348471492,6.217910652555968,4.5,8.1,8,152.94961313024956
6.690342936992437,6.985870907629553,4.5,8.1,8,159.0934881411331
6.936988884785349,7.776846233038915,4.5,8.1,8,143.60643079296443
8.53008584333736,8.499120663251722,4.5,8.1,8,147.62171787360552
6.661975680107609,8.981784895132177,4.5,8.1,8,134.68523871109625
5.466905363450391,9.239407169171868,4.5,8.1,8,163.92991450369627
9.713237625205554,9.867117386001334,4.5,8.1,8,172.2895726767189
8.506816592593268,10.127617965295189,4.5,8.1,8,134.885645815272
9.4091254977781,4.850941118210454,4.5,8.1,8,146.27342349751353
8.80164994438005,8.094306304747079,4.5,8.1,8,159.7286219068403
11.198418137112045,8.377800026833404,4.5,8.1,8,141.11634723675073
5.336436433237383,8.652935436865587,4.5,8.1,8,150.99908855261756
7.332095870575012,8.751137232964824,4.5,8.1,8,166.90501579428764
10.124565083507791,8.85162255497288,4.5,8.1,8,163.3335370129887
6.526061024037727,9.209280774890034,4.5,8.1,8,157.94976265145732
5.33045148508984,9.448235944205154,4.5,8.1,8,138.34534529841372
9.986070743734755,9.450932641784204,4.5,8.1,8,170.00343203370687
8.111559991306581,9.93463278487796,4.5,8.1,8,146.54580030215814
9.169422946439903,10.303037685004524,4.5,8.1,8,155.50327154448468
5.174714536759136,10.475715964161113,4.5,8.1,8,147.56710655650468
6.75392264866942,10.802288736194486,4.5,8.1,8,143.245194183159
10.220503933948343,11.036854417869971,4.5,8.1,8,141.03482033721497
9.155121240014116,11.105525751492276,4.5,8.1,8,153.32068852060195
9.69256125970336,11.088507549453748,4.5,8.1,8,163.33526888115145
8.355043207041623,11.15617024602054,4.5,8.1,8,145.17183884006636
6.943932730556306,7.386102113060106,4.5,8.1,8,144.7110083883496
11.295033787160374,7.374311141940215,4.5,8.1,8,172.83778598602854
6.143906012626244,7.426173005652245,4.5,8.1,8,143.26850437592933
5.340866684152036,8.237150359405321,4.5,8.1,8,148.49045433536585
5.068425183340838,8.6554949965182,4.5,8.1,8,156.94686665218774
9.856719315584083,8.866056347322049,4.5,8.1,8,156.47626330391208
7.466753709620735,8.9566941669747,4.5,8.1,8,152.0063555364315
5.3350910800507405,9.039360284590115,4.5,8.1,8,156.3292209522944
6.251942873078673,9.60049196985,4.5,8.1,8,151.85497425241485
4.789358158848955,9.869275448705636,4.5,8.1,8,140.1687476117912
7.173711173782596,10.18388750935379,4.5,8.1,8,154.0985322488245
6.230455598019529,10.424742922565091,4.5,8.1,8,155.85089996197576
9.70261289437669,10.672465682520958,4.5,8.1,8,142.7123764889518
7.432230108410709,10.967912788062646,4.5,8.1,8,131.0995646450298
4.810766890729465,7.466049811251153,4.5,8.1,8,146.7928675827831
7.201871908174265,8.96615957480336,4.5,8.1,8,151.75365674841893
4.525743208906992,9.088456073768931,4.5,8.1,8,145.5176968489667
7.715698038468244,9.741648784794585,4.5,8.1,8,142.7423225213275
6.765712269451835,10.40166341337181,4.5,8.1,8,154.9012551908614
7.555127997199133,11.572448170185186,4.5,8.1,8,128.54304139799817
5.915141377732469,5.824670761764155,4.5,8.1,8,116.64042190714224
6.696508593391242,6.222951826837932,4.5,8.1,8,146.5371415212579
8.289335685848078,6.923616710913653,4.5,8.1,8,158.2710844131491
5.075012035663558,7.466854069735092,4.5,8.1,8,150.9362091411107
8.538647200483066,7.690946249090656,4.5,8.1,8,161.86970172416846
7.733571232193775,8.518950467307427,4.5,8.1,8,136.287831234123
7.196943250933815,8.55518886699775,4.5,8.1,8,156.23435677544032
6.932448360122238,8.569970844948845,4.5,8.1,8,150.2750059496265
7.599331771001645,8.739272654467888,4.5,8.1,8,156.88405903296743
6.390736047929189,9.40658083175306,4.5,8.1,8,146.6780293411984
4.925778508131845,9.676638871077248,4.5,8.1,8,155.52352329170125
7.44220941505297,10.167327855224874,4.5,8.1,8,133.72344070987074
10.238888249707008,10.23289038961815,4.5,8.1,8,161.71425813286336
9.428510500161874,11.094842074644792,4.5,8.1,8,142.20626035304724
10.181757223735962,5.246796436558316,4.5,8.1,8,80.28656016396278
7.775033463881302,6.1464745514659365,4.5,8.1,8,147.59047081657337
5.364919184518035,6.63968289925968,4.5,8.1,8,149.64913192482857
7.22213760067226,6.971735278050262,4.5,8.1,8,145.6847889331193
6.673986116908914,7.400231503750541,4.5,8.1,8,135.619574366217
6.403463282704677,7.407949438481951,4.5,8.1,8,137.76707061832977
9.719872972508858,9.4614469116545,4.5,8.1,8,153.21314220080058
8.515622383753286,9.706195701578102,4.5,8.1,8,156.75134082092617
8.63042042865583,10.738365767714576,4.5,8.1,8,147.206197003019
10.361199752018548,10.836032699351708,4.5,8.1,8,153.64987584738324
6.218857223542739,11.227450559325218,4.5,8.1,8,148.30755946055058
8.081502164731129,11.940581462484658,4.5,8.1,8,138.25203231671236
8.336156400383953,4.498834114744331,4.5,8.1,8,136.78523007866542
7.494919799406068,6.575547563639458,4.5,8.1,8,158.27780524306365
5.876498176251382,7.045659281547714,4.5,8.1,8,129.4381169360289
9.337253869350723,7.680285254119883,4.5,8.1,8,147.27505740658526
6.398431772734818,8.185598008151155,4.5,8.1,8,149.37017520955374
5.601527551827601,8.231472798887124,4.5,8.1,8,157.3707904710428
11.322655929574482,8.558165867834916,4.5,8.1,8,145.5612164841389
6.531249822827174,8.780521125449999,4.5,8.1,8,145.60223094460437
11.325200382643493,8.806438179110627,4.5,8.1,8,170.48604327454578
5.601335696026074,9.037108507030371,4.5,8.1,8,140.27485730594688
5.071822435925064,9.061265369479209,4.5,8.1,8,139.54476165083332
10.929891902509572,9.193155361924331,4.5,8.1,8,155.3387443370299
5.991855949224869,9.216619970150225,4.5,8.1,8,151.299808199431
8.521721386502756,9.306523927337643,4.5,8.1,8,133.66620839822932
11.341170818504336,9.465139464115383,4.5,8.1,8,150.39527872150313
10.779961712162716,9.793121338043118,4.5,8.1,8,165.20178845388867
6.781635286929148,9.993833651127796,4.5,8.1,8,145.75250714716657
4.916952109412695,10.079758979307789,4.5,8.1,8,145.45600576646768
5.183153883442509,10.065908807676305,4.5,8.1,8,141.82015545728768
7.555473359172615,11.177966719856215,4.5,8.1,8,150.7716957498046
7.294290468264115,11.586354016599026,4.5,8.1,8,127.3972033303062
10.7889464409084,5.743577514545052,4.5,8.1,8,148.46968136999882
5.898154837551993,6.631190189150896,4.5,8.1,8,146.74767742318335
8.807737494059246,7.317356809193752,4.5,8.1,8,132.63059220413552
5.868225862599119,8.212375568990833,4.5,8.1,8,145.61508471064283
11.207501656563156,9.184448517218552,4.5,8.1,8,164.06762091235046
6.259313192321061,9.232101853001843,4.5,8.1,8,158.4751029293279
9.05433484695271,9.689677725411276,4.5,8.1,8,155.44405070993773
6.223824865035664,10.844439371002396,4.5,8.1,8,146.11369913417465
7.293430794855569,11.18494065208742,4.5,8.1,8,143.94252506076975
5.950724949314246,11.238056551748809,4.5,8.1,8,141.21245182410937
9.949350267535504,11.451888871517324,4.5,8.1,8,145.373408574618
9.067006289657453,7.32588493500179,4.5,8.1,8,134.06559791939185
10.388200337617931,9.235192427009236,4.5,8.1,8,152.99084452395908
9.43113849029787,10.683975574523195,4.5,8.1,8,141.67819613244683
6.9647295467503945,6.576526317394974,4.5,8.1,8,157.62245246005648
7.745495980877042,7.338740089385654,4.5,8.1,8,149.5444140380396
6.403582496635629,7.789634809317562,4.5,8.1,8,151.80689626359415
6.141170649321403,8.19483829826115,4.5,8.1,8,152.8982530758646
6.395930315023499,8.998411603548043,4.5,8.1,8,141.0857079371012
5.849988096827644,9.823115951001226,4.5,8.1,8,129.499519514052
5.843763899190763,10.22349872896787,4.5,8.1,8,140.35308432423088
7.488454633133971,6.954200341159047,4.5,8.1,8,150.16216515039403
7.745004448904919,6.946975209500007,4.5,8.1,8,130.84687604197558
5.870210893306711,7.836411574427729,4.5,8.1,8,136.50877133169723
4.530923596439647,8.686074314704193,4.5,8.1,8,140.14255169630306
9.84966910093578,9.252327930702684,4.5,8.1,8,131.8858313037994
8.26134313603426,9.320985089379658,4.5,8.1,8,153.49416383319874
5.721876766721338,9.62950207096414,4.5,8.1,8,150.68945518611193
5.189313402791657,9.665468887614004,4.5,8.1,8,159.36954446173272
8.784421870567765,9.695532033526211,4.5,8.1,8,129.02852816608913
11.181615308492686,9.950663565286533,4.5,8.1,8,148.38282056766445
5.562471349113081,10.658092065147343,4.5,8.1,8,131.5541544530616
6.621976502387692,11.005323973847974,4.5,8.1,8,134.32971172974828
8.27274025705617,7.327407706812461,4.5,8.1,8,141.6765178984327
7.469298861667799,7.753068038458062,4.5,8.1,8,141.18550805989625
6.1350030281099945,8.604180733148613,4.5,8.1,8,143.99259932384817
7.722534995543379,9.34318393684824,4.5,8.1,8,129.6448878232964
5.589637210324431,9.431537350720658,4.5,8.1,8,141.31745917334197
5.8582339280577305,9.4284244136523,4.5,8.1,8,132.5116532232964
10.800384532466392,9.634475664237096,4.5,8.1,8,147.97984029265342
10.103856727459853,10.04073745932608,4.5,8.1,8,146.3916676563217
6.106456577149009,10.217465696811,4.5,8.1,8,132.58990473266414
9.307692102798216,10.492653538205689,4.5,8.1,8,132.1911362033087
8.88822334999204,11.126721767315804,4.5,8.1,8,121.90654964309196
7.019533541092951,11.204233038650132,4.5,8.1,8,141.57878503380556
11.148402794048591,6.687587348295901,4.5,8.1,8,107.95221334861648
11.199828262751923,6.769783133142922,4.5,8.1,8,83.06084087604181
11.693322933385904,7.37085741860262,4.5,8.1,8,160.43396579912977
8.793760996076786,8.897939018694236,4.5,8.1,8,127.2282554422002
7.7294929067792095,8.942987695374704,4.5,8.1,8,129.91770395035408
6.92685842359037,9.377843104775696,4.5,8.1,8,144.83350736794102
9.84798389089724,9.657978702926384,4.5,8.1,8,137.04423100677744
10.116907586831214,9.640217294977024,4.5,8.1,8,152.71534392071734
7.985027238766317,9.73012753563908,4.5,8.1,8,136.60504662956146
5.981028333960508,10.016531146363317,4.5,8.1,8,152.10484200137148
5.450081904094163,10.040430137815376,4.5,8.1,8,148.93074990419902
9.843916145557255,10.059845627914113,4.5,8.1,8,133.67225148440585
8.237494547647216,10.137098247655404,4.5,8.1,8,135.82123322657654
10.503747328990588,10.215470103150002,4.5,8.1,8,147.11049950298266
5.701969838174009,10.438893138565492,4.5,8.1,8,146.4377813450401
9.563270116645684,10.883059128552237,4.5,8.1,8,125.96274399287668
6.129322526573808,9.019750043057718,4.5,8.1,8,139.31075040588402
9.323818502011298,9.283967284122385,4.5,8.1,8,131.48980515128935
7.459355959482915,9.348557548932911,4.5,8.1,8,138.09078636748734
6.658604439025029,9.386799655236828,4.5,8.1,8,144.62812760282625
11.443099998324076,9.905749635410231,4.5,8.1,8,164.11999036818122
10.650824722814578,10.003870587364704,4.5,8.1,8,148.8357507590478
8.615375981770372,11.539216630083429,4.5,8.1,8,127.3560876748122
7.015057286801466,11.58523688095928,4.5,8.1,8,129.87168082452888
6.664684650647143,8.179590372961815,4.5,8.1,8,146.85588905719516
11.177221127714844,10.378040864354418,4.5,8.1,8,107.62687973888988
9.033345039268236,10.508886212808704,4.5,8.1,8,137.9969921111455
11.029687872736275,6.063156900697472,4.5,8.1,8,75.47154754817575
6.137483269840405,7.816490039428695,4.5,8.1,8,151.65188265564248
11.20599912911937,8.76980034902724,4.5,8.1,8,149.01909986383117
9.591270189911976,9.27383772473197,4.5,8.1,8,139.59206789667115
11.63295280750824,9.479326009489624,4.5,8.1,8,160.265559012435
11.328051969492153,10.068020603497136,4.5,8.1,8,135.09848981440237
7.968532259044153,10.54954890485857,4.5,8.1,8,140.75015114352772
9.291325465532896,11.295628252103796,4.5,8.1,8,115.65163257732289
7.8232389818066865,11.55596474341289,4.5,8.1,8,123.5609765919518
10.929498505473124,5.8121586090697335,4.5,8.1,8,166.87527149900862
9.584920901646909,9.67131068390702,4.5,8.1,8,127.96467135250644
9.036216548279452,10.100959893059702,4.5,8.1,8,127.88587579822196
6.889617657655026,11.001552596041815,4.5,8.1,8,129.53701367032633
9.136070030146264,4.989244332585459,4.5,8.1,8,141.78068683746272
5.315006330816822,9.854055537538516,4.5,8.1,8,132.38771484151985
10.917976279759236,9.9974681818881,4.5,8.1,8,124.02635627843055
7.955850114829312,10.968799264036807,4.5,8.1,8,121.49212059653868
7.157675799220414,11.365114594310173,4.5,8.1,8,129.7169934142269
10.79163067839588,9.994258174592275,4.5,8.1,8,145.91760398582718
6.638181597231072,10.194434983027016,4.5,8.1,8,134.73816975300198
8.22905359971387,10.541599548195396,4.5,8.1,8,117.98741227710067
8.618441628937276,11.141869189512414,4.5,8.1,8,148.21541360330707
6.751628502777089,11.604084220407431,4.5,8.1,8,118.5432683425067
9.542681365226148,11.684218083617347,4.5,8.1,8,104.07346179111045
11.48218956078671,8.59410501810365,4.5,8.1,8,160.25380284265924
8.795314108917433,9.303282383565287,4.5,8.1,8,136.1332653876881
5.054319169273035,9.861495031709056,4.5,8.1,8,129.8939964240461
6.241427967557772,10.012283952588383,4.5,8.1,8,148.44085803488937
10.368387667203638,10.437323938891366,4.5,8.1,8,126.33400458840356
6.627454943905872,10.610792344972056,4.5,8.1,8,125.62427343997192
7.94947490316441,11.34621475748841,4.5,8.1,8,127.13358395822203
10.905042921258854,5.936078842128476,4.5,8.1,8,139.65566451712576
11.146828807070689,6.555200504823658,4.5,8.1,8,55.35083655499111
6.427459901703843,6.60767687247609,4.5,8.1,8,124.47013062391456
11.645701334437016,7.094497829659889,4.5,8.1,8,91.91017391679378
11.830704177609746,8.573353718973632,4.5,8.1,8,146.60739043616135
7.452226250143623,9.766318557393877,4.5,8.1,8,126.03319846342052
6.382628433334577,9.794681505212676,4.5,8.1,8,137.22045457977552
6.907912525893487,10.191837819937358,4.5,8.1,8,139.3779077478221
8.500974363602461,10.545259872426351,4.5,8.1,8,120.01568704794197
7.438176330130394,10.56942059049656,4.5,8.1,8,133.1682151157954
8.232554075431858,10.92155610804993,4.5,8.1,8,114.32295834598428
8.756390255311397,10.91668527311305,4.5,8.1,8,147.46776128985442
7.159792229768255,11.004967848115006,4.5,8.1,8,147.18319281459603
6.355391033318956,11.027253091638398,4.5,8.1,8,136.23608626102626
5.830857470613388,11.037115247168796,4.5,8.1,8,114.58456100434744
9.418640056403326,11.503356553242869,4.5,8.1,8,109.48082406368852
8.223539246861597,11.705577887952968,4.5,8.1,8,102.6365329676588
11.43058456061148,6.710511646356087,4.5,8.1,8,132.0114946500271
6.117356930391409,9.406887742700004,4.5,8.1,8,120.78737762244036
9.026176400978608,10.917878329691453,4.5,8.1,8,126.9369261676461
6.484560410243168,11.232623778335984,4.5,8.1,8,118.81179187249435
7.418475754545554,11.773944091318567,4.5,8.1,8,125.40795985545547
8.246759025283726,9.730310542111864,4.5,8.1,8,136.09308357024423
8.775527379282046,10.118205717535831,4.5,8.1,8,127.09659517956445
6.372540603266856,10.204187215728004,4.5,8.1,8,133.78093818272353
8.77455976540045,10.524064188893025,4.5,8.1,8,118.82300413199364
7.42239648482043,11.368714674583233,4.5,8.1,8,132.7358240041752
9.152120684226745,11.494101531718034,4.5,8.1,8,126.29879108637984
8.617424671636773,11.91324753283415,4.5,8.1,8,117.50990576147731
11.53105149007073,9.226565374142586,4.5,8.1,8,113.74917068729658
4.792914440811372,9.47511443327564,4.5,8.1,8,132.78524182371643
9.303386773453452,10.0879088360718,4.5,8.1,8,135.630837832607
6.368618048844756,10.616468420676362,4.5,8.1,8,132.2313436162605
5.831690060205076,10.6319988944196,4.5,8.1,8,128.47681671775342
7.819565725972578,11.167510917536152,4.5,8.1,8,129.97757034901537
11.064125553101354,5.925761343058153,4.5,8.1,8,90.92642854396487
7.220566664168274,6.238209954191543,4.5,8.1,8,114.02679555598384
4.800937852763227,8.665713948751813,4.5,8.1,8,145.58586010970302
11.47950931415943,9.622645660594516,4.5,8.1,8,125.02000690373131
9.5717601825018,10.082747410175468,4.5,8.1,8,132.1519333426446
5.3148745691728925,10.257763606129885,4.5,8.1,8,132.21330491654848
9.834489159186733,10.46776235415932,4.5,8.1,8,123.37677539196784
6.099959435181671,10.627508392740468,4.5,8.1,8,140.06532604136865
9.830306194104596,10.855837600333444,4.5,8.1,8,113.89068251887944
7.692760384587943,11.3515391301204,4.5,8.1,8,114.2585704726551
6.393315403768839,8.606436978691086,4.5,8.1,8,134.81084706682842
6.91691470122568,9.78941742500529,4.5,8.1,8,124.95790186771968
11.199458099152412,9.78105489277659,4.5,8.1,8,129.58715370057925
8.354175864230882,11.516140467881677,4.5,8.1,8,114.01385023132345
11.195256658333324,6.158010736018351,4.5,8.1,8,78.60852208516911
11.204368400675888,8.216800902871451,4.5,8.1,8,149.5987791041872
11.328208123875006,9.065394945117385,4.5,8.1,8,129.4785062436989
7.976874897040799,10.142108984960633,4.5,8.1,8,132.45435596898056
10.230314410728248,10.853928401071018,4.5,8.1,8,135.2041030087532
9.978768258345744,10.918362216452689,4.5,8.1,8,63.7814320631317
8.093108971295186,11.51375727345,4.5,8.1,8,114.49059808929394
11.4601391763101,8.450434802085798,4.5,8.1,8,142.19735335411136
10.377400963185089,10.021063972709037,4.5,8.1,8,121.21788025941096
9.688538085891375,11.460690084736395,4.5,8.1,8,115.32072063024484
8.884946221954527,11.516245480273156,4.5,8.1,8,107.53623529055272
7.706536318843415,10.156339880235164,4.5,8.1,8,127.72653040509336
5.576833342843207,10.252996615073242,4.5,8.1,8,131.09481386887083
10.77696114464222,10.846116496180883,4.5,8.1,8,109.79645242760672
7.692925953163367,10.970372066351043,4.5,8.1,8,123.02154333754524
9.282046534755636,11.68200974689312,4.5,8.1,8,118.31849853946818
10.081556831730632,11.252022947945942,4.5,8.1,8,123.41229093713498
9.013722542603402,11.302899332906255,4.5,8.1,8,105.90596578549764
7.682397765997999,11.75990368173479,4.5,8.1,8,119.31997772165964
8.35574910900544,11.937014700503129,4.5,8.1,8,126.10407361856755
11.33095172349666,8.398994744136049,4.5,8.1,8,147.3292620821042
6.651618672955606,9.793710807049557,4.5,8.1,8,139.68634435147
9.988026828081123,10.047098998535544,4.5,8.1,8,110.38782410981965
5.051478078542028,10.261862745857911,4.5,8.1,8,133.33645973682
9.570174223472629,10.482720712017528,4.5,8.1,8,125.65352796269856
6.093314211255204,11.017127477579374,4.5,8.1,8,129.52528779024948
7.79330281455224,4.957935646650753,4.0,7.2,9,213.64487061682908
8.99391608322057,5.095470312188405,4.0,7.2,9,212.90454527696295
9.223782388602825,6.699351361181207,4.0,7.2,9,197.4185160124558
8.594232635837376,4.917965760664579,4.0,7.2,9,200.67756639819171
6.595422380948524,4.828600297769888,4.0,7.2,9,202.17505722830413
5.514663503489074,5.653323322176711,4.0,7.2,9,177.4894778398667
5.775463992373672,6.053139225407853,4.0,7.2,9,206.8239360345016
7.9129579938730945,5.549501465795114,4.0,7.2,9,174.2064786062775
8.45550769423116,5.128339212642479,4.0,7.2,9,202.68210645965456
8.438673227262747,5.937592818566783,4.0,7.2,9,206.03313265185145
9.003322937179469,4.68729657179744,4.0,7.2,9,219.76989734227365
4.956886222151576,6.872981737955344,4.0,7.2,9,203.37900959713335
8.469695561845336,4.714800393871839,4.0,7.2,9,189.885128919408
8.722626388969783,5.113551756018175,4.0,7.2,9,202.313553276144
6.5758156861202295,6.014271485544676,4.0,7.2,9,181.4977245189472
8.060519524103789,4.940036392228396,4.0,7.2,9,181.3076548603775
9.932306236634776,5.239990417203428,4.0,7.2,9,163.74959808437094
9.516200394871568,5.473847227060855,4.0,7.2,9,189.57564346223765
8.975059578987869,5.902267156270779,4.0,7.2,9,176.20268364221351
5.510051342750302,6.049716851915598,4.0,7.2,9,180.255617826344
6.566793668496338,6.390972793139442,4.0,7.2,9,179.38985481328655
7.902616369639718,6.344640645748416,4.0,7.2,9,184.94428079369249
8.84572148322857,5.71603309561038,4.0,7.2,9,184.81960408495164
5.7893528617874335,5.619989194734326,4.0,7.2,9,179.1490358381003
8.324744346774501,4.937149469436577,4.0,7.2,9,184.7950233993775
8.186405900823862,5.143676784486946,4.0,7.2,9,184.8931565724027
8.979527872089252,5.500828987033037,4.0,7.2,9,191.90665046870603
8.180047813351162,5.5399454161006325,4.0,7.2,9,203.00762022940617
7.649007640643499,5.557405453378973,4.0,7.2,9,151.97064383764314
6.849293553699943,5.59642319286526,4.0,7.2,9,187.8200133667597
8.04432215313445,5.7393887094038565,4.0,7.2,9,159.5529476209094
7.373527206031772,6.363104511131889,4.0,7.2,9,187.1195361325801
6.9986112779594265,4.986959275152693,4.0,7.2,9,153.36289579742447
6.602807481604758,5.166253317246178,4.0,7.2,9,164.303752533488
9.376195266381051,5.682002777448475,4.0,7.2,9,186.8570425299265
8.704263515666256,5.932578739121791,4.0,7.2,9,178.1416067295161
8.068910420716131,4.506090622642631,4.0,7.2,9,172.14974608521
8.713275608324823,5.517389447086474,4.0,7.2,9,188.8805794069413
7.623718016219363,6.749857801902013,4.0,7.2,9,180.901885075108
9.468043836159826,8.666700684187091,4.0,7.2,9,156.2186709905142
7.385119875505549,5.564017546141487,4.0,7.2,9,152.89917785512085
9.78158032965875,5.874424905484614,4.0,7.2,9,192.2991344196314
8.693811861732613,6.324904103816674,4.0,7.2,9,184.7190253004268
8.16499822359731,6.3410662225242,4.0,7.2,9,182.32501691351152
9.472626717223294,7.472077814091895,4.0,7.2,9,188.1860610991071
6.467776274583497,4.965840105402256,4.0,7.2,9,163.52699600334705
7.394770804974375,5.1634225799775,4.0,7.2,9,176.54071136961264
6.866731211947529,5.182483110257239,4.0,7.2,9,141.31824239085896
7.920603902691194,5.15271829765734,4.0,7.2,9,182.7181656848024
7.123615528481138,5.574491569175553,4.0,7.2,9,165.1645902168406
8.580376267175746,5.717018942899999,4.0,7.2,9,147.18817365397803
8.428747157796195,6.327607572160956,4.0,7.2,9,163.6528329678033
8.959602218890184,6.320114829154607,4.0,7.2,9,192.3869801558189
9.216252082240157,7.08602238867664,4.0,7.2,9,200.51154571921947
9.229401145971613,6.302654320262303,4.0,7.2,9,194.02622363568585
10.430445175029224,6.443550438624817,4.0,7.2,9,202.74235115226983
9.476888725979563,7.077872616136901,4.0,7.2,9,184.44990422162172
10.024729826096154,6.659153809775021,4.0,7.2,9,178.70555365683933
10.79397984616007,7.796210426843313,4.0,7.2,9,161.354450633203
9.199845038313176,8.683179732371242,4.0,7.2,9,143.58977724692815
9.2400883079458,5.896314909664305,4.0,7.2,9,198.37367039066112
8.157062153473921,6.726518005500409,4.0,7.2,9,187.3940793600117
7.358015371931771,6.759203200089941,4.0,7.2,9,193.5263352288956
10.796968682343469,7.402516105532899,4.0,7.2,9,178.00063654982242
7.536634962793579,4.574225127950755,4.0,7.2,9,154.54624549143563
8.858195431904452,4.8954006858397685,4.0,7.2,9,189.3061202758741
8.183181724443308,5.937054821386817,4.0,7.2,9,148.14953363450755
7.6442653153491715,5.963343686004428,4.0,7.2,9,177.06300038367766
8.42482414820788,6.717253483813674,4.0,7.2,9,178.6422774070618
10.260685609608498,8.233682912687598,4.0,7.2,9,176.07515460713807
8.195107064708392,4.721263060619437,4.0,7.2,9,180.7060392481144
7.662322420774167,5.168365379670904,4.0,7.2,9,170.36539145694772
10.576069286424133,6.23686226522437,4.0,7.2,9,191.60241830656693
10.565922404149363,6.627753557138767,4.0,7.2,9,181.27695346777924
10.5358609469659,7.418949587810692,4.0,7.2,9,170.7296117244144
7.531567262109809,4.9603279982114215,4.0,7.2,9,149.89412484496833
9.81425523519914,5.050329522548678,4.0,7.2,9,186.94553764964425
9.268217703997596,5.071324105078074,4.0,7.2,9,197.61791998165253
9.75982688528679,6.663426860003713,4.0,7.2,9,189.16575478820656
6.8263096415535145,6.784203435262267,4.0,7.2,9,172.9568100958374
8.399416293757733,7.907150474067491,4.0,7.2,9,184.2567833107856
5.248598036200114,6.067018123019415,4.0,7.2,9,179.44326406718295
5.23850319754322,6.452071651675129,4.0,7.2,9,187.43400895517223
5.494465833649695,6.844458859032962,4.0,7.2,9,191.4717946963106
10.012094702921708,7.054040962198116,4.0,7.2,9,198.844744491668
8.148894526341685,7.122573171733788,4.0,7.2,9,180.67898854578203
11.077478692081629,7.381216470210926,4.0,7.2,9,153.76005660680502
6.877413125726917,4.756716554690502,4.0,7.2,9,156.12223550354986
7.3947360983758035,4.7856514240059695,4.0,7.2,9,172.37101123579225
6.740742147217609,4.961325487259271,4.0,7.2,9,160.72423845229528
7.260436963366541,4.981418177111206,4.0,7.2,9,149.08348337089473
9.249402242035748,5.490898485717478,4.0,7.2,9,186.28250523606036
6.050399117210653,5.630857512072367,4.0,7.2,9,165.49119935674796
8.305668886797106,5.751184394746769,4.0,7.2,9,133.0090152168555
10.038245126938316,6.259245673886193,4.0,7.2,9,188.97994678020848
7.102549317787491,6.373708021004038,4.0,7.2,9,181.7685123738064
4.972870788642553,6.4707263751330535,4.0,7.2,9,183.49503804448412
4.691400330411767,6.883903204010389,4.0,7.2,9,183.68504256437976
9.997260024317711,7.852326938490468,4.0,7.2,9,162.81160153886665
9.123733534625234,5.286165745588777,4.0,7.2,9,180.9366763421092
8.053901350234877,5.349788684611128,4.0,7.2,9,181.26373575776483
11.21923078027162,7.175097398433253,4.0,7.2,9,158.83621877046588
7.608089917674934,7.548244648617903,4.0,7.2,9,169.82993981614754
8.667345059562757,7.889398521760756,4.0,7.2,9,171.53731339067704
6.457696592342525,5.409529876249042,4.0,7.2,9,136.3728355519935
9.786428392694114,5.445576382556646,4.0,7.2,9,180.12621525865478
9.11086290423231,5.692053824912604,4.0,7.2,9,174.83237997730888
9.510332369296176,5.865069234249999,4.0,7.2,9,193.2678268100534
7.367400786866084,5.999615892895559,4.0,7.2,9,141.17948119243803
10.30080636241062,6.249934834157117,4.0,7.2,9,185.1770058186364
9.48871174768413,6.687526701128222,4.0,7.2,9,158.93676463071006
6.022981666694694,6.820168316905982,4.0,7.2,9,171.24140937015864
8.947135364365804,7.104998792154522,4.0,7.2,9,176.2875994412885
4.683900935864485,7.276547605447135,4.0,7.2,9,170.858958835217
8.411134367446458,7.509771489449307,4.0,7.2,9,183.3047864316528
5.476412388850051,7.633424125397039,4.0,7.2,9,175.74807011311404
9.99588663032566,8.251659690368083,4.0,7.2,9,180.247346000037
10.278418676946767,7.044409632800069,4.0,7.2,9,184.22718640014787
8.738945691231915,4.686184553297405,4.0,7.2,9,164.57077752568435
9.133386447569665,4.867243825284792,4.0,7.2,9,175.67226455244335
6.327713365118251,5.206899130373297,4.0,7.2,9,163.1498797473051
10.048907276403336,5.852587829187795,4.0,7.2,9,167.82548753162249
8.135963353338378,7.518661034680114,4.0,7.2,9,177.729256797339
6.811088336184925,7.569853296257973,4.0,7.2,9,167.1082958285927
5.469330220216273,8.426718145049916,4.0,7.2,9,169.9422689522312
7.125632163973691,4.80486979090633,4.0,7.2,9,164.77900838584404
5.6596230475311256,5.423807981904972,4.0,7.2,9,160.47054502938005
7.908198817076919,5.961696423792179,4.0,7.2,9,147.36299256149812
10.446936966762108,6.03769538777577,4.0,7.2,9,173.7653568431582
10.288525750001224,6.644682166928948,4.0,7.2,9,192.07883085450305
7.893240191719098,6.733301899470192,4.0,7.2,9,172.63635080954384
6.558975530295768,6.798868265039083,4.0,7.2,9,176.70107123796586
6.548003103538619,7.188248158161749,4.0,7.2,9,191.04528870804103
7.083959208526844,7.17474488850299,4.0,7.2,9,162.83078131206446
5.609079125659238,7.434584841539915,4.0,7.2,9,144.74382064426788
9.739721195789707,7.4702048668180305,4.0,7.2,9,159.37754148402843
7.339780971005696,7.55419681063509,4.0,7.2,9,158.825210331407
7.866902412472962,7.540129172898845,4.0,7.2,9,174.90244844852714
10.935863584327606,7.582359250197268,4.0,7.2,9,179.4826926949919
6.273539740046298,7.60822691371737,4.0,7.2,9,174.98566535100954
8.932665271530198,8.68524960933266,4.0,7.2,9,167.93264856697442
9.469292881308728,9.072289429661703,4.0,7.2,9,150.27807037111415
8.449853038079011,5.536263161260484,4.0,7.2,9,194.23153340549752
9.917468380915214,5.651629209810007,4.0,7.2,9,178.57493999919024
6.307340382986857,6.023898796720018,4.0,7.2,9,185.21586340593703
10.177198079806262,6.055454998675761,4.0,7.2,9,182.30152051230797
10.831888280604112,6.623227201166847,4.0,7.2,9,168.6048003658461
10.687363752696966,6.811477376021768,4.0,7.2,9,177.61445174507824
4.950400108240343,7.257289846014534,4.0,7.2,9,179.83693088488977
5.7372214614074295,7.625202201811887,4.0,7.2,9,166.68003543223395
8.935174480499109,8.278109910813845,4.0,7.2,9,164.37973978038264
9.39697724680597,5.274494837187568,4.0,7.2,9,181.63094808487065
6.993693463834202,5.376907809147104,4.0,7.2,9,151.35750073902267
10.047627585623264,5.443149224505068,4.0,7.2,9,161.29250216592658
5.77136720153661,6.421902964225933,4.0,7.2,9,153.0201257914367
7.633453842456766,6.366162528050103,4.0,7.2,9,183.4921528676725
10.705247994741276,6.42727397960966,4.0,7.2,9,163.91547446472083
7.929589812525117,4.737252211897918,4.0,7.2,9,175.7667671520344
8.852277676462789,5.3204610833260055,4.0,7.2,9,187.86973247394457
9.650534225739904,5.66883910936246,4.0,7.2,9,179.7360806713979
7.78152156603086,5.748844063614521,4.0,7.2,9,155.8719652782243
5.381804062127051,5.8578075898644775,4.0,7.2,9,160.7247751032688
6.046453010851437,6.030006576342621,4.0,7.2,9,178.98436861730335
6.840458580638891,6.010876099696968,4.0,7.2,9,162.4604799865063
6.038712093645403,6.439140928317791,4.0,7.2,9,158.9493671811976
9.899396785931676,6.479175824350456,4.0,7.2,9,169.99062394758903
10.54812502371467,7.026422156824665,4.0,7.2,9,184.77541421864416
10.005545452484276,7.452165909009193,4.0,7.2,9,165.61125138881638
9.207116092065554,7.861090772062196,4.0,7.2,9,147.19745229913323
5.475319933454074,8.03301500167041,4.0,7.2,9,171.5647728633712
10.799040851424849,8.193571164339048,4.0,7.2,9,183.05277893419708
9.467759870425647,8.26876480091688,4.0,7.2,9,175.90319135814624
5.206613668918268,8.440850095444933,4.0,7.2,9,157.87458567668395
4.667724191720986,8.468053920705854,4.0,7.2,9,182.94790447208308
6.320439915357296,5.573814961406949,4.0,7.2,9,145.51742139668568
9.642332309842455,6.084244153736181,4.0,7.2,9,169.92948147891633
5.226799205966108,6.866158613163968,4.0,7.2,9,173.88430883153092
9.743176032222284,7.080913321869605,4.0,7.2,9,171.1161111995039
9.61333782372913,7.256744427292078,4.0,7.2,9,147.2969326393574
5.076823070752868,7.837735691870986,4.0,7.2,9,169.07287817946477
8.135217014952337,8.320251362473169,4.0,7.2,9,157.4937943525392
10.18415015607509,5.639688096048199,4.0,7.2,9,188.19326669221184
7.107129459882114,5.994488237462536,4.0,7.2,9,141.89131845925263
8.692487944750257,6.71250216610433,4.0,7.2,9,156.37607251686157
9.88162270026174,6.867878287945742,4.0,7.2,9,181.40347833328775
9.088617634046312,6.884091338429217,4.0,7.2,9,164.65457378318723
6.016804607120075,7.22566964126702,4.0,7.2,9,175.67362085596542
7.810102468093193,4.5157185402621325,4.0,7.2,9,144.10939501501645
5.929980685957884,5.403946456780538,4.0,7.2,9,179.5853568757792
10.714057483693162,6.023505368117475,4.0,7.2,9,174.79342227488235
8.562796941962624,6.140568097854765,4.0,7.2,9,166.20931505792498
9.354126673816396,6.895752844871895,4.0,7.2,9,148.67186050997594
10.818831453310256,7.003972686254238,4.0,7.2,9,149.4581943336643
8.412980104795706,7.127704170032319,4.0,7.2,9,157.76990413653266
6.279312973934244,7.213356024298339,4.0,7.2,9,170.72148641273012
7.073876224686713,7.571405815301703,4.0,7.2,9,152.68562763205443
4.944030763242639,7.657643765822323,4.0,7.2,9,182.48382769676613
7.604166621653875,7.930506990713701,4.0,7.2,9,163.4047714378602
11.466418649353768,7.957037367557795,4.0,7.2,9,168.48275191572557
9.199550534559364,8.287591849868011,4.0,7.2,9,157.20743216270765
8.128865084469867,8.710475742251264,4.0,7.2,9,158.54383767044928
8.663451610796457,9.510198722104985,4.0,7.2,9,141.76199824256594
5.918127767890926,5.813674930775489,4.0,7.2,9,143.25329744813553
8.30364435340194,6.141159316217474,4.0,7.2,9,159.34564608074163
4.835067155150829,6.663576857270936,4.0,7.2,9,159.41173726279092
7.34852914101264,7.16047022550897,4.0,7.2,9,173.3161184769958
10.942801626854653,7.196929775752261,4.0,7.2,9,173.8458855107718
8.676233809157448,7.486060241699481,4.0,7.2,9,155.24243228081653
11.212503748888125,7.559963407102667,4.0,7.2,9,171.16800688877612
6.542280235565854,7.592736357225043,4.0,7.2,9,177.14179902203037
5.212251791759273,7.6466369822831535,4.0,7.2,9,180.0225214947468
10.530244191829215,7.8246341049815875,4.0,7.2,9,151.25820022306812
9.199189433860644,9.473824650156187,4.0,7.2,9,145.31174674483523
8.579532549031716,5.327669255814276,4.0,7.2,9,184.83691868609935
8.312038832626138,5.348796107649873,4.0,7.2,9,174.91614921368244
7.504225157770666,6.1678413177224085,4.0,7.2,9,150.69812847309132
9.769733247577218,6.282545280659402,4.0,7.2,9,171.8118442884697
8.956638186197914,6.701569106277345,4.0,7.2,9,177.25476446803674
9.470037786765475,7.8650507282350945,4.0,7.2,9,156.61216251352144
10.667102206643518,8.011245328759394,4.0,7.2,9,161.33837749833978
8.002511309291602,8.113204698064534,4.0,7.2,9,137.63059282446625
4.938755338519579,8.449093026067342,4.0,7.2,9,159.81730545654992
8.666315900852608,8.686501811576473,4.0,7.2,9,163.81402572868632
5.206919333657392,8.847265142954388,4.0,7.2,9,154.7986754988622
8.332850010424805,4.495257802219015,4.0,7.2,9,158.4494149312474
6.858475545247416,4.822473675563323,4.0,7.2,9,140.37703856793723
9.097758084860107,6.106617216873169,4.0,7.2,9,165.9065682499673
9.499925189383031,6.2903883376929866,4.0,7.2,9,167.33357941193336
5.636367484238904,6.624698954427063,4.0,7.2,9,152.01174917313872
7.878973596586993,7.139235469088289,4.0,7.2,9,166.9122714909289
7.074704764795344,8.769051038406946,4.0,7.2,9,154.0946104781056
10.392050668569254,8.846295605248843,4.0,7.2,9,150.6662538370333
7.996183810363769,8.927802420929623,4.0,7.2,9,140.68818190875317
9.732605868087054,9.03145152543386,4.0,7.2,9,145.6327718022073
9.535764032675132,5.063633236274991,4.0,7.2,9,175.50376358208146
6.0606379493833975,5.234603308985064,4.0,7.2,9,132.4039527238481
7.511569012807462,5.769033450081841,4.0,7.2,9,137.81110014686777
10.321812566850324,5.836373488534221,4.0,7.2,9,181.1361663237681
5.910566084373622,6.226186637183977,4.0,7.2,9,145.8607310296244
5.509894623306969,6.434493431749999,4.0,7.2,9,163.7878406943463
5.504284851793257,6.46934631348478,4.0,7.2,9,163.09274180356377
7.235225882189171,6.55890678859707,4.0,7.2,9,150.37474567357606
10.146650910081291,6.848943076954054,4.0,7.2,9,179.14039663164155
7.614251235974368,7.1405794366804365,4.0,7.2,9,164.3105821398576
5.748671904283248,7.23184024264881,4.0,7.2,9,166.90192671503468
7.071415822750473,7.967127028450086,4.0,7.2,9,159.09294748528328
5.205881987536536,8.048470533888256,4.0,7.2,9,160.95250895831472
4.670011883276737,8.062315958329663,4.0,7.2,9,164.5227827474104
7.12933709382008,5.160120591933191,4.0,7.2,9,162.76083232165044
10.984766957891836,6.406678744036405,4.0,7.2,9,146.02232646725844
10.970952010456138,6.800537288965752,4.0,7.2,9,166.73561452287623
8.675147147881539,7.117802468750009,4.0,7.2,9,156.55705128859378
6.816140204891821,7.192227634635133,4.0,7.2,9,162.29290747237928
10.680576755409072,7.222631652269473,4.0,7.2,9,158.13753066637344
4.403244394079975,8.076390057191968,4.0,7.2,9,174.00111186886892
11.323375634050802,8.806170969994454,4.0,7.2,9,184.72365619899065
9.19540915432559,9.076485650540196,4.0,7.2,9,152.5713696126925
6.449393506809033,5.795180564689141,4.0,7.2,9,137.49316736047555
10.60607599780618,5.809098675647031,4.0,7.2,9,174.05679081473485
10.420996939294357,6.8401360404233165,4.0,7.2,9,187.44805640045337
5.481594326183741,7.238064449968624,4.0,7.2,9,163.31604379232206
6.009023063449321,7.608225320912661,4.0,7.2,9,169.03392185494693
9.733477963349262,7.854648320755621,4.0,7.2,9,143.36362212984878
8.937100155761414,9.091003589494706,4.0,7.2,9,150.8831651318714
7.055468083134802,9.55927223103057,4.0,7.2,9,158.5665622053729
10.331405133548058,5.438697960515086,4.0,7.2,9,143.9995816330798
6.829990045132297,6.3885776570611545,4.0,7.2,9,157.81093410258458
6.300991093549488,6.41296990756691,4.0,7.2,9,148.40437131334545
8.2914610072135,6.915103726265974,4.0,7.2,9,162.4927146167056
7.336800840417407,7.939656525533191,4.0,7.2,9,151.60933820368123
11.209137044164974,9.593680715532322,4.0,7.2,9,169.29379330581162
9.405527927974106,4.85283457394628,4.0,7.2,9,156.21368963409395
7.7661275932072815,6.551811101508552,4.0,7.2,9,153.7665697209649
8.556384220178776,6.89634170942372,4.0,7.2,9,134.07508584130358
6.958257313913843,6.967816074721491,4.0,7.2,9,157.26063008603077
9.205759311553749,7.487242233015277,4.0,7.2,9,167.4446366766797
8.80880930754206,7.67624064085525,4.0,7.2,9,152.59846250876592
4.809161927670514,7.858175319006638,4.0,7.2,9,146.18615080792998
10.52535817753373,8.220235479046952,4.0,7.2,9,180.44907701562096
8.403758599068317,8.313292987662296,4.0,7.2,9,147.2261367096907
6.965823214955979,6.200168213306415,4.0,7.2,9,149.9926277068865
8.83110383323225,6.508230733329689,4.0,7.2,9,155.90863766556384
5.101002673009506,6.662456599423702,4.0,7.2,9,157.9031305488681
6.154436998456737,7.0118509513155365,4.0,7.2,9,164.6885840377282
5.355944503521583,7.040305497491441,4.0,7.2,9,171.9182541628616
8.005143647256626,7.709025935059288,4.0,7.2,9,136.52797412072368
4.935267322594297,8.056431444614969,4.0,7.2,9,158.49131295389498
11.064029209136333,8.167490825359604,4.0,7.2,9,169.84343663331802
10.528263962352735,8.620006415628584,4.0,7.2,9,149.49566922355072
4.667671104773258,8.868783812258956,4.0,7.2,9,164.99952827925998
8.398084635737161,9.102247000938622,4.0,7.2,9,150.76344986125426
7.261664391160523,5.359089246218217,4.0,7.2,9,141.46107227836384
7.778904249095243,5.378141189405501,4.0,7.2,9,164.03907868085585
6.16770866673541,6.228768670678233,4.0,7.2,9,158.90423243133836
5.753382890736249,6.840555657895671,4.0,7.2,9,173.1316440619878
8.934170341089034,7.888866937474805,4.0,7.2,9,175.28444417694632
6.804338442746399,7.967836002971793,4.0,7.2,9,169.22104461908833
9.730137827055868,8.265962766289961,4.0,7.2,9,172.06487190220295
7.866687527525249,8.724338061667616,4.0,7.2,9,159.83157388372578
7.59795337162886,9.13454329692788,4.0,7.2,9,154.52187634589652
8.12584077884504,9.109362722309449,4.0,7.2,9,147.52465869444305
7.068216546354055,9.163768120675522,4.0,7.2,9,143.49353658721063
8.386038992430866,9.513112903577442,4.0,7.2,9,145.2518815500265
11.0513544790269,10.18976180269789,4.0,7.2,9,130.67754824601727
9.660721959833806,5.247762911766727,4.0,7.2,9,176.2218255170225
5.367062595145105,6.64002208723177,4.0,7.2,9,156.13723066876392
5.213405559020701,7.249909325196368,4.0,7.2,9,177.92805855209204
11.33587966374414,7.750654484964768,4.0,7.2,9,174.86082942230777
9.334743578742229,8.46847028311024,4.0,7.2,9,140.0540093566551
11.069467463825468,8.999770620044123,4.0,7.2,9,115.09938149063233
5.451287498988108,10.469717358413789,4.0,7.2,9,128.48519369532954
7.513020050043945,5.387554272681678,4.0,7.2,9,150.21458258626535
10.458545923846565,5.618491730663605,4.0,7.2,9,151.44055423335743
8.83945547554502,6.111933695067137,4.0,7.2,9,146.22833997784318
9.371588464672843,6.09564568264941,4.0,7.2,9,159.4024160777677
7.777726669315271,6.137740697783947,4.0,7.2,9,160.74771300512077
5.375534411744751,6.244745074054079,4.0,7.2,9,156.7338613005813
10.16345629824838,6.458487630927715,4.0,7.2,9,163.79350164246307
9.62984893961942,6.492789171032151,4.0,7.2,9,150.43380308594072
7.096092837666783,6.775065294951195,4.0,7.2,9,155.15290562038234
6.290866609722721,6.805804919374814,4.0,7.2,9,166.94956293360556
8.011382957019794,7.317804634720431,4.0,7.2,9,166.53237926778948
7.868551509701072,7.922793268697953,4.0,7.2,9,159.7876035630046
6.5447075349831,7.969031206184781,4.0,7.2,9,163.86794087775087
6.269105694296743,7.98878894768149,4.0,7.2,9,157.50013528760573
9.868412103666191,8.046423598167854,4.0,7.2,9,130.38598413535996
9.59803366510821,8.055449469319283,4.0,7.2,9,160.7882775475946
9.070349917473491,8.067582149650441,4.0,7.2,9,139.21743978661414
8.667696251191993,8.289962838603183,4.0,7.2,9,153.3787346168855
9.994234442481885,8.652984962112383,4.0,7.2,9,176.9124299845217
8.400079836717243,8.70453028518118,4.0,7.2,9,139.2107222909586
11.340548411621084,8.907942217112678,4.0,7.2,9,186.27935973473197
7.867621155345323,9.123804069701093,4.0,7.2,9,155.55213782089135
4.934826769342343,9.267402286078056,4.0,7.2,9,150.5094768209336
11.073010765830434,9.355176147709384,4.0,7.2,9,126.88783213059308
10.183783943960076,5.244923207626913,4.0,7.2,9,91.7435297572736
8.04703598226672,6.126299278571661,4.0,7.2,9,134.04820015641786
6.691066357906053,6.978052271186972,4.0,7.2,9,164.9490463674802
10.269693918402336,7.439750766873732,4.0,7.2,9,178.74630899347443
6.008048375538877,8.006811513565463,4.0,7.2,9,157.24102320427536
7.336537568776961,8.343227699443746,4.0,7.2,9,152.40646332810243
5.732596576726194,8.417176332116492,4.0,7.2,9,159.2384635566112
4.402365541791544,8.473398077666845,4.0,7.2,9,162.191622658115
6.004009521849472,8.80970859407303,4.0,7.2,9,158.9856954551251
9.06835613902154,8.874249061092653,4.0,7.2,9,138.74218946046858
5.202796431709446,9.24648272306352,4.0,7.2,9,147.04095444870396
6.728040165015144,5.379293855792951,4.0,7.2,9,136.86725310875502
7.2492363250199325,5.7698370398384125,4.0,7.2,9,129.62827572831014
6.42376395068192,6.989109848845004,4.0,7.2,9,159.5860887962259
7.212795272592256,7.366478094783985,4.0,7.2,9,160.8996930417638
5.3435119722615685,7.448613050100273,4.0,7.2,9,148.74186011781123
6.004759356395541,8.403331545046962,4.0,7.2,9,160.412712159117
9.730527978849157,8.663299537040876,4.0,7.2,9,169.8787541724504
5.465703559232939,8.832738489046614,4.0,7.2,9,166.9444411501574
4.664483721186904,9.27802843089964,4.0,7.2,9,158.6023919760458
4.820811652458104,7.07425660589901,4.0,7.2,9,151.74480757501578
10.136446146641116,7.631956090766107,4.0,7.2,9,166.99596599005682
10.940557737954537,8.390414436208825,4.0,7.2,9,159.5601560004002
10.664421326628752,8.414773403604807,4.0,7.2,9,159.31468659970056
10.79955301645214,8.587912371548189,4.0,7.2,9,131.2547550262562
10.9345362433122,8.790994970974387,4.0,7.2,9,157.81105506953702
8.123602790851454,9.51652455353446,4.0,7.2,9,150.12974143324337
6.798311923796242,9.579942577973595,4.0,7.2,9,137.40857005283883
6.498262602426859,10.834416489766108,4.0,7.2,9,133.35215790042085
9.682974305628168,4.846926652290373,4.0,7.2,9,160.65952110991955
6.586979617428171,5.603431266311708,4.0,7.2,9,156.1137010849837
10.9296533048735,5.812799494483818,4.0,7.2,9,188.4436391911483
5.643154555784104,6.244816197506244,4.0,7.2,9,139.281394599563
10.404719402472262,7.628658904418567,4.0,7.2,9,160.48252362412524
5.74042057197108,8.022750190134909,4.0,7.2,9,154.3661071830129
4.80406645041711,8.256823641155194,4.0,7.2,9,159.01289499785975
6.195999752699257,5.398838557405355,4.0,7.2,9,161.5801918610833
6.974353037556926,5.796884118685682,4.0,7.2,9,137.26243438383926
9.362033248239731,6.492052430477062,4.0,7.2,9,157.92351026769106
6.6949874885466185,6.580143612476277,4.0,7.2,9,147.1178321545836
5.900825697174829,6.617759083288331,4.0,7.2,9,152.25183175273534
11.099616833900008,6.98170485534273,4.0,7.2,9,138.8688225715455
4.811660844016325,7.455290148497782,4.0,7.2,9,151.1334670391599
4.547835279096876,7.472720089874087,4.0,7.2,9,152.17527802960672
7.734755652524823,7.732476694929859,4.0,7.2,9,152.24051721672978
8.134583872443233,7.922066176146446,4.0,7.2,9,150.0323161139124
8.53816110809878,8.082621290284672,4.0,7.2,9,154.6825377270614
9.067468845632495,8.46489681130662,4.0,7.2,9,143.50798743481656
8.00110648105082,8.509016148314535,4.0,7.2,9,143.28892632517258
10.799356549772128,9.01129344502988,4.0,7.2,9,153.12194256181937
7.665822881430304,4.752706127425064,4.0,7.2,9,147.81855555432568
8.262287030205833,8.908304855229407,4.0,7.2,9,159.1914843463635
10.260581182703593,9.040821119340247,4.0,7.2,9,160.37502603827397
10.642486369521864,10.418588804459256,4.0,7.2,9,135.41803340347292
8.815246236728377,6.898885225798285,4.0,7.2,9,142.42710816100046
9.873755436080389,7.262366599645072,4.0,7.2,9,131.1987188307431
11.294391952201211,7.375860018197503,4.0,7.2,9,162.90908135422083
4.673146063660464,7.673181806501456,4.0,7.2,9,157.52289144763776
11.069668453905164,7.776673519301656,4.0,7.2,9,157.68328545526194
7.33010470713439,9.15009764020397,4.0,7.2,9,139.46396009972568
10.791408773646646,9.404954244938745,4.0,7.2,9,142.29491907829646
6.524799091565806,9.597066089289584,4.0,7.2,9,142.64091227562412
6.965667227822343,6.57145619364579,4.0,7.2,9,160.1841152535415
6.802678982778932,8.368516789910347,4.0,7.2,9,152.75919547085024
10.130992351109988,8.439672234175577,4.0,7.2,9,145.29623623068778
6.256542474699351,9.60049196985,4.0,7.2,9,128.81853643881257
11.334642015140275,9.739364829178786,4.0,7.2,9,154.9263303941817
8.102465872105087,10.753556077903792,4.0,7.2,9,132.00095364822192
9.095427053115165,6.490180387596355,4.0,7.2,9,126.76778213545072
9.61170518944263,6.877954203330291,4.0,7.2,9,141.76252836285056
5.094635643389431,7.04020808855684,4.0,7.2,9,152.3414539931923
7.7454746899311475,7.324240556112631,4.0,7.2,9,146.11818959226653
10.9331051120811,7.991527601797914,4.0,7.2,9,136.32871121025917
10.398878582637732,8.029926162464847,4.0,7.2,9,150.06553898529336
4.536539543728921,8.263595959909154,4.0,7.2,9,139.77040482308246
6.533794804619516,8.379941936645787,4.0,7.2,9,146.58206069351326
10.665061073473344,8.810473529076983,4.0,7.2,9,138.2173365522963
9.462689101860375,9.471144373894054,4.0,7.2,9,127.86282247188554
11.328813037043762,10.066605768656515,4.0,7.2,9,152.53646802345884
5.651573024000953,5.8369951914078735,4.0,7.2,9,130.84509953738328
10.851328023772302,6.217604525459351,4.0,7.2,9,155.00870066329537
6.157995887974956,6.63135167144489,4.0,7.2,9,146.5875106800486
5.885894199243942,7.012095395704255,4.0,7.2,9,152.94632921630392
5.618073956849809,7.026694597150058,4.0,7.2,9,146.76043762244808
10.408847759995028,7.231078026108622,4.0,7.2,9,164.63072893077913
5.078876639296087,7.455879806747561,4.0,7.2,9,154.86922522709276
11.197949038409895,7.971972951610402,4.0,7.2,9,160.41983756978814
7.600212800356804,8.327770597997333,4.0,7.2,9,145.36937736164273
8.271845432160303,8.504189871712684,4.0,7.2,9,130.60040448992328
10.13049253769883,9.227871076792772,4.0,7.2,9,140.33997112854388
6.235088132890928,10.418175840433497,4.0,7.2,9,123.50309695661883
10.10336525368369,10.861008872213258,4.0,7.2,9,107.8524182294791
9.343944054610189,7.663314530433861,4.0,7.2,9,131.92674478944687
8.542077105566442,7.687472858788552,4.0,7.2,9,156.26751236159924
8.270829901037143,7.704870538965615,4.0,7.2,9,157.0273465270233
8.275260534338068,8.104069622294976,4.0,7.2,9,145.5707742917182
6.2699525218393415,8.38844094484933,4.0,7.2,9,134.64857748221726
10.39718747699362,8.423838432832728,4.0,7.2,9,150.14208047993577
7.464297575628341,8.529836190908982,4.0,7.2,9,139.18902989909586
11.069846305399384,8.575296743769584,4.0,7.2,9,160.1203514807284
11.481643321406596,8.594757392737097,4.0,7.2,9,168.48104610018584
4.9394814747971365,8.858117013494182,4.0,7.2,9,154.44965021268888
5.736218319678095,8.826075061250002,4.0,7.2,9,142.23707441553606
5.471220246867135,9.232645730640757,4.0,7.2,9,146.8760828620944
5.988388134504941,9.623268937750002,4.0,7.2,9,116.84963094900658
5.724246857302537,10.033254359952137,4.0,7.2,9,123.1280859061876
5.973657767364244,10.422959089340283,4.0,7.2,9,132.86963673176555
6.507282548045644,10.42046281425,4.0,7.2,9,108.87439384988296
10.7767580755202,10.626846551993312,4.0,7.2,9,130.85485669057832
8.64315982497253,10.739481302296491,4.0,7.2,9,115.3074259110892
9.910877820867558,6.070061945349999,4.0,7.2,9,159.31778766840273
5.113101046316663,6.270621871862237,4.0,7.2,9,135.7590177892123
6.429899424952813,6.591872613362554,4.0,7.2,9,141.29801695088725
11.154093355981413,6.688323407586583,4.0,7.2,9,118.96149061461884
9.08420057173659,7.273322156065283,4.0,7.2,9,113.43743255807308
7.301654044688853,10.78437204637452,4.0,7.2,9,139.4880364470476
6.189672714069972,5.798564707459109,4.0,7.2,9,148.4164613681238
10.263522536011838,7.839927027086828,4.0,7.2,9,155.97368132220967
11.342930014200002,8.15875050023964,4.0,7.2,9,150.69872976904398
7.071439800813548,8.361626747586122,4.0,7.2,9,154.77963422641784
6.532211973978348,8.77702866080936,4.0,7.2,9,127.90564839438476
7.599389036571395,8.739939159788763,4.0,7.2,9,134.86579138559907
8.377652730340936,10.313993011784376,4.0,7.2,9,137.21533649369093
10.790315022164878,5.744555435296676,4.0,7.2,9,159.10726622037296
9.34774179050274,7.276591117698128,4.0,7.2,9,136.49200536587628
8.551389643812076,7.295486110772394,4.0,7.2,9,141.80856521403493
11.693931197321549,7.3704110562203295,4.0,7.2,9,159.39993490156914
8.941629369824065,7.493622439099998,4.0,7.2,9,137.01284363707632
7.733215410745496,8.507307287781346,4.0,7.2,9,126.69203384321538
5.6006805441536045,8.621926717906923,4.0,7.2,9,135.7167994841762
8.664911003894167,9.099398676049953,4.0,7.2,9,139.26595157580823
11.343531653378534,9.463997033770855,4.0,7.2,9,130.11086704746637
7.317108716468038,9.958085427117078,4.0,7.2,9,139.13700075453178
6.721809859013682,5.772952945352248,4.0,7.2,9,138.14289761233528
6.699405487971867,5.846699480841638,4.0,7.2,9,131.00617068942572
7.223095250176978,6.960639667149955,4.0,7.2,9,143.66786303102478
6.944461168877106,7.370265128833345,4.0,7.2,9,135.36910558526807
5.874579258834812,7.41268617595517,4.0,7.2,9,146.91289369466386
6.676724999822978,7.389913771262645,4.0,7.2,9,134.72304583675285
6.675944221239293,7.779626780056478,4.0,7.2,9,140.407048061362
7.200886163338888,7.766469218158383,4.0,7.2,9,141.77937127018768
8.801135124194998,8.4853536570461,4.0,7.2,9,146.6385893172661
9.60345888412388,8.859930436555288,4.0,7.2,9,128.42035145743324
7.8519311009697,9.514516547969146,4.0,7.2,9,133.81264802904502
7.5890108015909234,9.543889176321194,4.0,7.2,9,122.94360597131724
11.196795224208907,6.157593376507876,4.0,7.2,9,102.6508773106114
8.298809088131634,6.521421432323344,4.0,7.2,9,130.46047792553313
7.499062667513982,6.559823925521116,4.0,7.2,9,145.46422976369274
7.755582522299901,6.933903318708425,4.0,7.2,9,139.3155622768704
7.488398143839561,6.945521778705229,4.0,7.2,9,145.53739168905767
8.017402432569865,6.931206797626121,4.0,7.2,9,145.10842768097143
10.141449550494023,7.248278915544359,4.0,7.2,9,145.82031330979132
10.66869634085516,7.616490993975774,4.0,7.2,9,123.87314306710586
5.342445848069913,7.832638364253977,4.0,7.2,9,145.57125156529068
4.537340904853714,7.875103131494076,4.0,7.2,9,148.65547157791693
7.204080120328242,8.145740061965737,4.0,7.2,9,138.36794114595725
7.864848631306791,8.31314004413225,4.0,7.2,9,153.55498053414146
8.536157997411495,8.49580902669974,4.0,7.2,9,138.69938653668157
9.59479666055319,8.469700594938702,4.0,7.2,9,138.24746833047206
6.799500774256733,8.767823050334387,4.0,7.2,9,139.65932906262398
9.999144274607117,9.040915339205648,4.0,7.2,9,127.2515405311
10.666854636159863,9.228774517360096,4.0,7.2,9,137.24924589600815
11.34142100928121,9.323397802081068,4.0,7.2,9,96.4789978475751
10.529437715372657,9.442157020271674,4.0,7.2,9,121.87766657739913
4.933840650037438,9.68021135751889,4.0,7.2,9,128.67372534464477
6.520473470746637,9.994746957277815,4.0,7.2,9,125.28446241364216
10.637370497298608,10.8013210803905,4.0,7.2,9,122.25568308133988
10.23355575037337,10.849391204886404,4.0,7.2,9,132.87950406774337
5.705322584646845,10.832174649043862,4.0,7.2,9,119.17499700035845
9.980927762082484,10.919965881444345,4.0,7.2,9,74.01285103182494
10.23836129975552,10.974597643309682,4.0,7.2,9,119.7252022924827
5.95989577059943,11.2322978391259,4.0,7.2,9,106.85299331771002
6.713692937131758,6.177025589515425,4.0,7.2,9,145.2342773196054
11.42982923552722,6.707883940548116,4.0,7.2,9,145.17540713978485
8.80518671926826,8.081249914689842,4.0,7.2,9,141.02785943536352
11.462761104566658,8.453403846882521,4.0,7.2,9,153.4717414847827
5.87119075165234,8.602017761487563,4.0,7.2,9,146.1663505634214
10.801361195349475,9.652030823052597,4.0,7.2,9,102.97195026304564
5.463656926426383,9.641924365876156,4.0,7.2,9,134.19366276663368
11.322648033177613,8.561185832310914,4.0,7.2,9,126.69706210106747
10.259225845140683,8.639275099155615,4.0,7.2,9,146.4129715824905
11.442158685959445,9.908786083572592,4.0,7.2,9,156.06568174157337
6.44413534092022,6.235536300604259,4.0,7.2,9,119.50717840108112
8.275241705414915,7.315236989485181,4.0,7.2,9,134.82203561093743
6.146492277432192,7.405114492699958,4.0,7.2,9,142.54132147670634
6.405070123473722,7.39574676907576,4.0,7.2,9,130.98123750985928
6.407654162950628,7.781326839556052,4.0,7.2,9,143.4233531054101
5.605457329923185,7.824961077267392,4.0,7.2,9,139.06343814916696
7.469660255032561,8.131697058746282,4.0,7.2,9,144.89374277949037
5.338878801580153,8.229991118432796,4.0,7.2,9,141.61729373770618
11.198289957385056,8.373858175279246,4.0,7.2,9,146.1453951217171
5.864046798260132,9.02338780402632,4.0,7.2,9,125.6339408324988
6.391715917274004,9.398641859928825,4.0,7.2,9,123.05428778884615
8.933761085149687,9.490557745089564,4.0,7.2,9,141.64512611110433
7.852877055848404,9.942261128665445,4.0,7.2,9,131.11021691071315
9.698975769059189,11.093859242128277,4.0,7.2,9,147.36086287382426
7.265875244084092,4.610823180092142,4.0,7.2,9,137.01337333337472
8.814655286020141,7.297713918790496,4.0,7.2,9,131.4170497462394
7.471444344807215,7.741128780025063,4.0,7.2,9,127.17584961382084
6.939977232765155,7.759573624317618,4.0,7.2,9,141.74695824014174
6.141731588043978,8.187228923723621,4.0,7.2,9,143.4956994719739
6.397864227536533,8.176128240504156,4.0,7.2,9,135.8349193588915
5.071225966193554,8.241944554376113,4.0,7.2,9,132.1036456595042
9.73085888742576,9.440021180849374,4.0,7.2,9,119.10141628868315
8.119452287998538,9.91936952045,4.0,7.2,9,130.62155475656445
9.987377566317049,10.549682026885588,4.0,7.2,9,133.45445809700664
9.966734985465278,11.038447425607144,4.0,7.2,9,112.55181067325344
11.643318888817722,7.09556283714647,4.0,7.2,9,92.74490481211288
11.207164292644327,8.078652315731091,4.0,7.2,9,153.13727990805907
5.730185243091397,9.224671999499998,4.0,7.2,9,139.94467374200218
7.998272382203148,9.306344261905895,4.0,7.2,9,132.8262143497445
10.264175247966644,9.440785604054463,4.0,7.2,9,136.15928076858677
7.323007290606829,9.539141569513491,4.0,7.2,9,136.56895891485644
7.044108321605046,9.982057020089163,4.0,7.2,9,126.52022165983388
10.24611575652807,10.23318925037032,4.0,7.2,9,128.47324929789437
9.713693987847943,10.26242986249526,4.0,7.2,9,129.3363491800132
5.1845765555430114,10.469786296467488,4.0,7.2,9,122.45866882934052
9.7034982314972,11.255632674736365,4.0,7.2,9,132.7859947980089
8.030487426853448,6.5341125094992805,4.0,7.2,9,146.03788982368573
6.932223569900353,8.56176331951301,4.0,7.2,9,126.99476294189812
9.067229202584375,9.269188185875588,4.0,7.2,9,102.4880771536012
9.992952924999829,9.449202679174862,4.0,7.2,9,133.4604342950205
8.789586126917525,9.684010756962516,4.0,7.2,9,109.78882473871096
9.72268116515965,9.865219412990813,4.0,7.2,9,127.96531743477156
7.040822776298916,10.381062241521429,4.0,7.2,9,121.21149133013682
10.236779164442938,10.647816758109297,4.0,7.2,9,115.06380071079154
9.44214507782184,10.98988701175,4.0,7.2,9,97.5431978053891
9.436320516791923,11.414453502968136,4.0,7.2,9,97.24680571316362
10.9030699910419,5.935146906481173,4.0,7.2,9,141.96492319733062
10.972459915450028,6.079608751068411,4.0,7.2,9,146.5494129295399
7.247471153711462,6.148460092454738,4.0,7.2,9,139.1639161003555
7.4822257798348115,7.344472676748658,4.0,7.2,9,134.5687638324388
9.870676804369127,7.651289131121048,4.0,7.2,9,137.74247995026113
9.604929411509104,7.664499392352286,4.0,7.2,9,129.8208511889035
5.063636092279456,9.448619908191477,4.0,7.2,9,125.97305236900164
11.057344222875232,9.773370568426984,4.0,7.2,9,100.91433020937733
7.581398074063031,9.952876144212004,4.0,7.2,9,131.30477849401552
9.992079357371113,10.03363947376132,4.0,7.2,9,108.1734250237508
8.637015087559021,11.480247282385744,4.0,7.2,9,90.106972117816
7.830089105495548,11.500351265333435,4.0,7.2,9,104.18269224091188
8.891262768941862,11.874339698330155,4.0,7.2,9,96.00484244911814
10.78504405762397,5.631302364217364,4.0,7.2,9,144.8768431462176
5.874796373859695,7.819211690027223,4.0,7.2,9,131.02061619482973
7.733648624785967,8.12818011588922,4.0,7.2,9,118.43747012484272
6.93535420533014,8.152695640405897,4.0,7.2,9,139.40013259236616
11.204372817522811,8.215013379986084,4.0,7.2,9,156.67453337683494
9.863663230086384,8.458858245125116,4.0,7.2,9,130.4560884576291
7.196418639333924,8.547765686777447,4.0,7.2,9,132.2705913917119
7.333469297829229,8.737940593449931,4.0,7.2,9,136.17983022437477
8.533877643826179,8.893270144980963,4.0,7.2,9,131.67112867777976
10.53305782438119,9.0252779815505,4.0,7.2,9,124.56769507945876
6.793745387990802,9.171813575991123,4.0,7.2,9,130.44892567746422
6.268286501990412,9.208988907005542,4.0,7.2,9,121.56817167524004
7.193340147010126,9.356094824179785,4.0,7.2,9,136.1529510093109
10.652870011941372,9.60988825062186,4.0,7.2,9,132.30605850588228
9.459275489658772,9.857701731573057,4.0,7.2,9,121.52524552093114
6.786743480378254,9.981095294667108,4.0,7.2,9,126.60220327057225
8.910544753973731,10.320603318636651,4.0,7.2,9,119.31638718989792
7.842706654301338,10.354389291668417,4.0,7.2,9,128.14680369827977
8.910134572326777,10.695925527135488,4.0,7.2,9,129.84865649341873
11.147293078363004,6.555696273262713,4.0,7.2,9,54.02775593208478
10.128911257841562,8.040843559135896,4.0,7.2,9,147.44971121750092
8.803927965665881,9.278249301290804,4.0,7.2,9,124.8741197949234
10.78635135076413,10.493386608620671,4.0,7.2,9,88.24572305088628
9.174325528346383,10.68535546644205,4.0,7.2,9,127.25564728872249
7.842989548679354,10.921556108049998,4.0,7.2,9,92.45115686123296
8.364275428554912,11.167761653846126,4.0,7.2,9,108.03956459990124
11.207486685895166,8.768487699678266,4.0,7.2,9,105.01768605960196
9.333430546784026,8.87162899705,4.0,7.2,9,116.78679764573975
5.607575267325872,9.02633908260852,4.0,7.2,9,120.60139372678
5.728098674072919,9.616307433373818,4.0,7.2,9,128.86225124422828
6.113432138713463,9.793811755985978,4.0,7.2,9,130.3837190333217
10.784765446828311,9.79727899274752,4.0,7.2,9,130.75127898756293
8.921565969404746,9.894711626452862,4.0,7.2,9,126.17132379201529
4.921711738397296,10.060266091525392,4.0,7.2,9,123.87063593985434
7.309210427324101,10.367756018193935,4.0,7.2,9,138.49267313867884
10.776300534032371,10.846800132773913,4.0,7.2,9,106.99134867009292
9.1707630538253,11.790915098592496,4.0,7.2,9,99.6565180544291
8.363118850548943,11.869568185033156,4.0,7.2,9,106.72895992768572
9.071808846168365,7.686893290227476,4.0,7.2,9,138.58744737959418
5.60350117051552,8.218123336998737,4.0,7.2,9,141.8217431638985
11.330647457614592,8.40097093272235,4.0,7.2,9,154.2146944530331
6.6602651894215485,8.575021128719104,4.0,7.2,9,139.25335694217566
8.802569999024566,8.878233771938262,4.0,7.2,9,131.70602564580113
11.54000361921132,9.232696770878286,4.0,7.2,9,115.60505441026328
8.530599207344107,9.283108869213402,4.0,7.2,9,108.83058748433234
9.99728545884078,9.896592552560149,4.0,7.2,9,87.90000114694293
5.983133267194221,10.00815780729766,4.0,7.2,9,131.1021330545939
9.180680230881904,10.311367065258764,4.0,7.2,9,112.41352443339338
7.974424279008252,10.53474285181802,4.0,7.2,9,112.0080001302924
7.035380363420577,10.77942264375664,4.0,7.2,9,122.26930068764196
10.062432622202998,5.027394435404552,4.0,7.2,9,71.21173335672901
9.339703649284198,8.073951630759924,4.0,7.2,9,133.56228413354097
5.872592975788467,8.202594923791603,4.0,7.2,9,142.09197762745714
11.830657034652596,8.574701748790014,4.0,7.2,9,133.68457748715093
11.185512525103729,8.598220932387287,4.0,7.2,9,152.17047553218984
6.267870921591676,8.803298093348635,4.0,7.2,9,140.1932602498429
6.661905851500204,8.973685651076217,4.0,7.2,9,108.72885073073375
10.397855601189033,9.242671483205076,4.0,7.2,9,104.42447459569593
11.484333195644345,9.53987969002104,4.0,7.2,9,68.0003955992401
5.1929348845694765,9.65622483277324,4.0,7.2,9,124.65125905144934
7.5729589693305535,10.750723634754776,4.0,7.2,9,121.60539602335771
5.971410181771297,10.823404183861031,4.0,7.2,9,115.10059611222168
9.44829866097972,10.85784555292815,4.0,7.2,9,118.28823085934803
7.436758792080164,10.954472814306728,4.0,7.2,9,107.16290460952072
10.4975932175524,11.03203226138898,4.0,7.2,9,115.94914010166195
10.236940233393517,11.242027940319732,4.0,7.2,9,135.9873423963214
5.339742585567873,8.632761804989931,4.0,7.2,9,141.32686296647077
6.134489232628412,9.014550249583491,4.0,7.2,9,109.19910444269944
11.6303108580395,9.019317546577112,4.0,7.2,9,76.79338579700718
11.20932328275052,9.187746283944616,4.0,7.2,9,142.8618962041058
7.719849861694894,9.739351536381976,4.0,7.2,9,119.54723716205572
10.794719149840798,9.99266457713176,4.0,7.2,9,85.2833761485633
9.472926641829185,10.052737225454145,4.0,7.2,9,93.79738764739832
5.842631120833251,10.67100946115,4.0,7.2,9,60.94056167077732
6.762916239026113,10.782367503054992,4.0,7.2,9,106.42169517859568
6.13759262477054,8.591027993625243,4.0,7.2,9,123.22848305259733
6.938121803991313,8.957003027143418,4.0,7.2,9,118.001816472751
4.802633783070771,9.055347989803794,4.0,7.2,9,132.16080538340685
11.63180116573069,9.481013495692796,4.0,7.2,9,149.65567487088
9.327617824449591,9.672707641807436,4.0,7.2,9,136.94159553707772
5.190363922247366,10.05773130233774,4.0,7.2,9,109.92806742211808
10.9069506910362,10.38437685345704,4.0,7.2,9,124.63366956785084
6.2390785998171525,10.836255949609876,4.0,7.2,9,106.11045276081758
7.032364940099053,11.19560856399783,4.0,7.2,9,106.63324243576574
7.562416655431622,11.55899961128889,4.0,7.2,9,105.64138075838598
11.057198404418822,8.690038416306217,4.0,7.2,9,140.04185372569887
4.532534784149313,9.078437225466216,4.0,7.2,9,119.5864512254082
11.325801627524871,9.06342163633096,4.0,7.2,9,129.64551638857716
10.253516061641674,9.83769236499845,4.0,7.2,9,109.1151580183769
6.110895055539941,10.21064977671015,4.0,7.2,9,111.97398671033056
10.4046122508142,10.217999668776224,4.0,7.2,9,112.46200830267496
10.514618682103649,10.215470103150002,4.0,7.2,9,109.49685001265016
6.775263604948248,10.42046281425,4.0,7.2,9,103.51358667006608
8.628981753864812,11.1379373031,4.0,7.2,9,114.02492889790962
8.629197917087602,11.709258967896726,4.0,7.2,9,111.36284971578414
4.536661807731563,8.666244220476004,4.0,7.2,9,134.92804410991715
7.728743752749172,9.328328856747266,4.0,7.2,9,111.6369825482237
10.933170185271823,9.361250000364596,4.0,7.2,9,106.01125044475268
5.591370040790874,9.423051232848213,4.0,7.2,9,107.67891793128476
7.989764036296779,9.730777121853173,4.0,7.2,9,111.01261074648195
9.19038971877343,9.887696554262709,4.0,7.2,9,122.77903038853113
8.654167315015375,9.933283632848264,4.0,7.2,9,107.48376177725154
7.985804205809948,10.124814243051334,4.0,7.2,9,115.61935968823524
6.79421000594858,10.181592659976303,4.0,7.2,9,104.63580148823536
8.383549652837567,10.650350646326622,4.0,7.2,9,95.6349892843666
8.524200005540305,9.700257351476717,4.0,7.2,9,132.8359923953533
10.789692765852095,10.14713919945,4.0,7.2,9,85.26948791987826
10.511372548936633,10.819059752501447,4.0,7.2,9,76.70051053480947
9.168389880150382,11.61231033214613,4.0,7.2,9,100.16450110954943
8.566347784546359,6.5310919013467,4.0,7.2,9,121.41240929324118
4.803104230562209,8.651971898332892,4.0,7.2,9,128.68817631107382
6.530269875539206,9.2018950316,4.0,7.2,9,118.19831575353372
11.318989585291272,9.167033996844214,4.0,7.2,9,140.30676619258858
11.468586885006632,9.353518006787995,4.0,7.2,9,105.7233797861112
6.660409677194025,9.375646026192015,4.0,7.2,9,121.89203331181218
5.744170033660649,9.453871850630708,4.0,7.2,9,126.5645258082349
11.196885322453214,9.780538125528055,4.0,7.2,9,123.64782452469858
9.44767762503578,10.283801006849975,4.0,7.2,9,100.23237082479476
8.113062539177552,10.362024622391536,4.0,7.2,9,112.02260447792966
9.992685018281955,10.44751228772846,4.0,7.2,9,99.02099020976692
8.237893945784045,10.897728609063998,4.0,7.2,9,99.85234862134617
9.837075640293172,11.087200818647007,4.0,7.2,9,83.23039458792724
7.564099890471969,11.165057161908384,4.0,7.2,9,121.07147296422154
5.071676684705274,8.644952597213393,4.0,7.2,9,135.8296637290614
7.207882026965592,8.959127203837706,4.0,7.2,9,125.22174800169611
5.334600146752347,9.031887046770834,4.0,7.2,9,127.33075550781987
4.792028887227865,9.858466713600755,4.0,7.2,9,117.23613966763176
8.387888065800611,9.923156305125689,4.0,7.2,9,111.14905583385256
5.455294087551716,10.03295654112918,4.0,7.2,9,122.90908066483284
9.715829381881903,10.667668820641916,4.0,7.2,9,107.89355333611772
5.304591752853113,10.664981600730972,4.0,7.2,9,91.4513476630178
7.301538082543853,11.171043226261348,4.0,7.2,9,115.53278248418908
6.671585435863265,8.169295077415116,4.0,7.2,9,124.65118902716296
6.927457350305673,9.363772011747116,4.0,7.2,9,120.53292317601915
10.392647265723332,9.60049196985,4.0,7.2,9,104.32847988337448
6.247008245287758,9.998569886406395,4.0,7.2,9,118.01819794152004
8.650568259431886,10.283801006849966,4.0,7.2,9,113.26316172104345
10.511521606732575,10.597468084839528,4.0,7.2,9,105.061148343092
9.439556907274367,11.280937803955162,4.0,7.2,9,84.53792993113628
7.302513524166104,11.571045242440798,4.0,7.2,9,111.26317467881896
6.141273505362468,7.802582108456546,4.0,7.2,9,135.59908908419516
10.283778260566718,8.43898879265136,4.0,7.2,9,114.88351214007368
6.555702161913601,8.96900981363982,4.0,7.2,9,99.02360330907813
5.078164201909559,9.076621708150002,4.0,7.2,9,107.67918937385213
7.177609058234383,9.751463638689067,4.0,7.2,9,116.6829620798912
10.520146650647668,9.81123694435631,4.0,7.2,9,114.74407912688486
5.205459715764038,9.853641700284664,4.0,7.2,9,103.55413991343389
7.443357748220456,10.147139199449958,4.0,7.2,9,106.30553572738428
8.502615406932213,10.921556108050002,4.0,7.2,9,103.75220087697087
9.16410050479797,11.099742641993032,4.0,7.2,9,116.17220919319604
10.241344013263264,11.106069259625958,4.0,7.2,9,103.36396466636369
8.09987741015623,11.160347334401894,4.0,7.2,9,111.78403917277736
8.098333305169252,11.477403890458502,4.0,7.2,9,102.20715911669006
7.024745860696655,11.53045315802338,4.0,7.2,9,107.29033146472132
8.595259295644402,4.914179442188739,3.5,6.3,10,188.6425472049349
8.061403476718832,4.929583610933647,3.5,6.3,10,185.9387985216864
7.795520088697958,4.951999711245113,3.5,6.3,10,197.62534016038728
8.994374734659406,5.09355211825514,3.5,6.3,10,186.28854776897424
6.323269485144571,5.569836785216215,3.5,6.3,10,168.3986812164893
7.126382721259321,5.559532815115933,3.5,6.3,10,175.1963181569808
6.869549536145721,5.163320296532306,3.5,6.3,10,145.11137568545448
8.977452863164833,5.888338453096322,3.5,6.3,10,153.2447967181982
9.51641724566152,5.469953311901411,3.5,6.3,10,167.5366521587329
8.589640774658248,5.699890007717504,3.5,6.3,10,156.17797633582364
9.229697206399075,6.696627631330709,3.5,6.3,10,169.3741421543925
8.456744375509498,5.125332437341914,3.5,6.3,10,184.4830102477265
8.324742541892778,4.934183147907748,3.5,6.3,10,171.50796987958097
5.778575620307708,6.043388949388373,3.5,6.3,10,196.6538179941762
6.582069322964266,6.002771971512197,3.5,6.3,10,173.5319332725505
8.188067095205009,5.919934165075107,3.5,6.3,10,156.23858023554266
8.71987761988538,5.11261347216942,3.5,6.3,10,183.5184478892172
7.907486665949309,6.332729937439555,3.5,6.3,10,168.35709023330793
7.648246600317041,5.9496312579782025,3.5,6.3,10,171.52586248676627
8.04869690565617,5.72936979950452,3.5,6.3,10,148.99965139763202
6.857388740482607,5.585038725431449,3.5,6.3,10,167.42788777442038
9.37864958349875,5.678177969836782,3.5,6.3,10,166.22560129200815
8.443147435127894,5.9318434174588885,3.5,6.3,10,179.2581756033872
7.92352593773941,5.149138554493085,3.5,6.3,10,183.01484965408167
7.397856563571622,5.1533112811031,3.5,6.3,10,171.80201954716102
6.464180671666718,5.3782857908149,3.5,6.3,10,131.99485371685108
9.512942768389124,5.861957764885336,3.5,6.3,10,178.31909108813232
7.655006421400565,5.544369377887914,3.5,6.3,10,155.48614905334108
8.183471228111319,5.5372222717745485,3.5,6.3,10,184.9138577764632
9.78674883341819,5.440295792805786,3.5,6.3,10,173.1264772994288
7.914394865787981,5.530368326274305,3.5,6.3,10,162.2066832466799
8.978843568011255,5.499296199093849,3.5,6.3,10,176.6909865877522
7.267191901373743,4.9653790022,3.5,6.3,10,143.64325677557724
9.220957782799836,7.080275091583804,3.5,6.3,10,183.8836577247417
7.533892924802398,4.942602034300001,3.5,6.3,10,149.42403301609042
8.708044821220273,5.920791874658598,3.5,6.3,10,145.11490060724324
8.189627061911446,5.140270052108607,3.5,6.3,10,167.92220593831595
8.716587716125334,5.509399356932314,3.5,6.3,10,173.08371377530017
5.496484757919484,6.8365270701306144,3.5,6.3,10,176.5048265616846
8.161413725542563,6.7215868272691495,3.5,6.3,10,157.99835083973383
10.052030853576712,5.849279397133969,3.5,6.3,10,154.36551105075094
7.391815009982035,5.534803199700267,3.5,6.3,10,154.18438024702485
6.056011976782037,5.613448527517733,3.5,6.3,10,165.4671149580756
7.664538651856728,5.156399128876204,3.5,6.3,10,157.78543560513504
8.453746335634838,5.527126409808882,3.5,6.3,10,189.736562816267
9.24208517845432,5.8902938049561895,3.5,6.3,10,172.60981575574712
6.561905962039265,6.790364714005554,3.5,6.3,10,156.83778984831554
8.963941697695306,6.315623453995448,3.5,6.3,10,167.6355072551961
9.482714469491777,7.071158715132895,3.5,6.3,10,148.43104660440574
6.830713202648733,6.776976599863745,3.5,6.3,10,150.9718185976972
9.478339469904396,7.466735005444113,3.5,6.3,10,159.87932869045267
6.05277373834016,6.010980314643167,3.5,6.3,10,162.59174854042251
6.314862832197464,6.008575719392541,3.5,6.3,10,179.1567088323223
10.047966566295653,5.442748150402495,3.5,6.3,10,149.01583134696702
8.850186215272945,5.711318351033341,3.5,6.3,10,157.44268593314771
9.784462717121968,5.872905731519593,3.5,6.3,10,173.62166295130748
5.512974633903196,6.424111900588767,3.5,6.3,10,156.6611544434967
6.549740833390047,7.186892957324497,3.5,6.3,10,168.21368611651204
6.733526111276471,5.364573677533437,3.5,6.3,10,150.2582201133067
9.265064797754048,5.071316189164992,3.5,6.3,10,178.04219921299978
7.360870066145217,6.752528808572256,3.5,6.3,10,166.52315062697153
10.573811573200674,6.236533536474301,3.5,6.3,10,164.46173322039084
6.572234967212768,6.384429697901603,3.5,6.3,10,163.22529051712883
8.15175036358735,7.119491500490582,3.5,6.3,10,155.92886764820256
7.386302152713826,5.936587174453916,3.5,6.3,10,160.2410597044739
10.793178279584431,7.793837377291638,3.5,6.3,10,108.98763489814507
10.794635565981675,7.401932484779977,3.5,6.3,10,133.475199144684
11.321933317287014,8.804985761731233,3.5,6.3,10,181.61676958664327
8.698847036619176,6.6864871513667214,3.5,6.3,10,152.70678546409047
9.213038415150107,7.843194907464231,3.5,6.3,10,148.81644094093815
9.12468678996715,5.280629757578465,3.5,6.3,10,160.81928518477002
7.897220659058367,6.724565155094302,3.5,6.3,10,159.0001512035362
7.377716160408918,6.355166118305625,3.5,6.3,10,161.10352740212198
7.120958307690079,5.974680530896379,3.5,6.3,10,146.45485644354707
8.313806258733786,5.726343805622944,3.5,6.3,10,117.92207447418106
8.428914653545329,6.7076986199769735,3.5,6.3,10,156.48078311035476
9.919607284932372,5.649330182019201,3.5,6.3,10,158.1392458993263
7.131079084177748,5.1619422131722486,3.5,6.3,10,160.6777365739709
5.774387910876678,6.41141392971845,3.5,6.3,10,150.40234216949295
10.013019854236637,7.049505393146111,3.5,6.3,10,157.65102685369826
9.251149670310928,5.489590773089744,3.5,6.3,10,159.13704481910162
5.2302436825918095,6.855272857885056,3.5,6.3,10,154.70301424855066
6.851840323020715,5.984883223592525,3.5,6.3,10,155.64283868904178
7.107499703428774,6.364374538643148,3.5,6.3,10,162.41436894137289
6.042221287598824,6.4276523978685445,3.5,6.3,10,144.87762993136937
7.627967604044096,6.747366954511533,3.5,6.3,10,157.41817489260004
7.088119031337763,7.166874802049398,3.5,6.3,10,144.47464400186777
10.040564157875547,6.25403031755068,3.5,6.3,10,154.10294747520757
5.920427491860035,5.806771818416324,3.5,6.3,10,150.56057395162145
10.184432025799142,5.638140138807676,3.5,6.3,10,173.20743373669595
6.279407194673448,7.607507278599999,3.5,6.3,10,134.86685042002753
8.432234977643375,6.309220108300002,3.5,6.3,10,146.1754975042316
8.008971549769107,8.10669226849232,3.5,6.3,10,120.06116782954848
10.3006500676562,6.248814879078798,3.5,6.3,10,141.3681651895775
5.481306033085615,7.626285347208712,3.5,6.3,10,155.38851773374174
9.762512845789832,6.658819076882873,3.5,6.3,10,170.19848559861478
10.025771580473798,6.650809944929396,3.5,6.3,10,138.7378787687755
10.55018669747184,7.026752187311129,3.5,6.3,10,149.81491830189515
4.95311455241094,7.250047429075953,3.5,6.3,10,155.42676148856523
9.397853714296623,5.273153469349647,3.5,6.3,10,161.1954094238901
9.2322157046817,6.299411480014367,3.5,6.3,10,167.89029992237576
6.835565516676213,6.373737553232526,3.5,6.3,10,157.5369974729815
5.758495924792305,6.821396844409155,3.5,6.3,10,142.75605409075385
5.7417615843373015,7.615982006743211,3.5,6.3,10,144.5019981633021
6.193227232576465,5.793100860906696,3.5,6.3,10,157.76490978853943
10.44573261370894,6.033696544207384,3.5,6.3,10,148.34378330287626
6.28674322036982,7.205248279350165,3.5,6.3,10,152.04649159495034
10.321628175772164,5.833737719388149,3.5,6.3,10,163.9640936675494
6.996938774036928,5.364419519538616,3.5,6.3,10,138.51140324806096
11.079926153720562,7.37748706988604,3.5,6.3,10,111.3211585894566
8.292375898008629,6.906937917466141,3.5,6.3,10,140.49114835091297
5.216032759619724,7.638007151739481,3.5,6.3,10,153.72318280899157
9.653177820824707,5.663148057052309,3.5,6.3,10,152.8068945673458
6.026420168196776,6.8081979160514585,3.5,6.3,10,152.6340938316701
10.566820384075674,6.6282889328375925,3.5,6.3,10,145.65198917396074
5.612607811025064,7.430741810220428,3.5,6.3,10,116.29317368930217
5.47413239908687,8.416981967277184,3.5,6.3,10,139.90707646591645
7.268583167612922,5.346437054705771,3.5,6.3,10,158.6407583270381
8.414859352165543,7.507826428889692,3.5,6.3,10,153.39973489576096
5.213594423029707,8.846700022199213,3.5,6.3,10,132.52338549572605
7.788176664588382,5.734316681845172,3.5,6.3,10,156.92019473931325
8.671809760577627,7.883993090979715,3.5,6.3,10,133.46417964145198
8.95200044764724,7.098132974809085,3.5,6.3,10,139.51321287798984
6.81488051547935,7.559488597555905,3.5,6.3,10,140.82078035531575
8.703007997906544,6.313421716150789,3.5,6.3,10,134.68347612843212
10.002373322299327,8.248111068700192,3.5,6.3,10,139.71917765318054
9.65795863806313,5.24749211313851,3.5,6.3,10,164.68162283045547
10.430160763668582,6.442003732390115,3.5,6.3,10,161.8745318539235
9.11627131725352,5.671465007099999,3.5,6.3,10,150.72147032936138
9.35877634842556,6.870876795160777,3.5,6.3,10,129.40275577846606
5.484670730848627,7.233301214375914,3.5,6.3,10,148.99052193482623
8.558873405849877,6.884261009884742,3.5,6.3,10,123.16502168148844
8.685514162533762,7.079474561437338,3.5,6.3,10,145.7341627675084
11.222990049042112,7.179809054975838,3.5,6.3,10,111.042211328094
7.642781507300963,6.351484443573641,3.5,6.3,10,159.32989432424003
6.294942273489852,6.795911329494058,3.5,6.3,10,169.51494880426637
6.30615911900874,6.383608234906289,3.5,6.3,10,154.40263714910563
6.819714659463223,7.1844788478275134,3.5,6.3,10,133.2820183184837
11.465850061398138,7.957677043117112,3.5,6.3,10,139.95811737801648
11.338125246403754,8.906613178933661,3.5,6.3,10,174.2870447353093
8.678696383396751,7.478283991938241,3.5,6.3,10,144.94414374799473
9.617270083355267,7.254610182992452,3.5,6.3,10,141.56750894174357
10.703503484507388,6.425028843536852,3.5,6.3,10,143.7514605786184
7.343877401356107,7.5475181594148,3.5,6.3,10,129.4055438895704
7.255981306333548,5.744214962324823,3.5,6.3,10,135.4414777671049
5.215469768567785,7.23258297405228,3.5,6.3,10,159.99780427526676
9.75157993931685,7.060860048999999,3.5,6.3,10,123.65698802610405
9.20905626827698,8.662162552782004,3.5,6.3,10,115.64695402905646
10.980237066693345,6.404758391064493,3.5,6.3,10,137.9669183060264
9.903492925095277,6.477450757002861,3.5,6.3,10,129.68973888876965
8.854796233185226,5.319919423165802,3.5,6.3,10,156.0717625407319
9.645322407410813,6.083783968074669,3.5,6.3,10,129.19322457945893
8.94149479616073,8.268935103181663,3.5,6.3,10,138.3381573666984
10.289427898698731,6.64323030999714,3.5,6.3,10,159.85215434352585
4.940214632923236,8.05045511009609,3.5,6.3,10,145.6471026870953
8.423588307278763,7.0943990072800815,3.5,6.3,10,137.7971492084901
6.593429083172764,5.587150786475415,3.5,6.3,10,158.19249640558078
8.174194417972743,6.331984697931266,3.5,6.3,10,148.67631043510482
7.612996766075309,7.534548592065592,3.5,6.3,10,136.87874226845904
5.211434571087039,8.425563969209326,3.5,6.3,10,132.11830616294014
7.3390871825113475,8.3182813030451,3.5,6.3,10,130.5449077860752
6.724452654522972,5.770151364346731,3.5,6.3,10,143.9729336532588
10.39916850637513,8.851832421530263,3.5,6.3,10,122.98877606921666
4.946430006542448,7.648476216015434,3.5,6.3,10,150.11667047335564
5.737244178454736,8.403896211002417,3.5,6.3,10,129.6428163786315
7.085903426471945,8.769293441596668,3.5,6.3,10,120.21087099351818
11.21345462410968,7.562955907445819,3.5,6.3,10,148.0717967472189
5.208027088008045,8.036456944660397,3.5,6.3,10,132.20568014962444
6.509423317214565,10.845689959873468,3.5,6.3,10,124.91454543349796
10.830687803802544,6.61839970745456,3.5,6.3,10,129.4818319602825
7.609132217058056,7.921619875940251,3.5,6.3,10,133.15000548153282
6.021126108282309,7.220209170976206,3.5,6.3,10,140.24507463456538
8.943903925277336,8.674310415280774,3.5,6.3,10,125.48232687464235
6.454742240129254,5.785718239492807,3.5,6.3,10,145.91003747560015
8.844429727444483,6.092682132257277,3.5,6.3,10,129.1106200169162
8.05235703108172,6.118821902992728,3.5,6.3,10,130.6802881051803
10.5344294750951,7.416674610161681,3.5,6.3,10,128.0515824134679
8.404807468953784,7.900445828606158,3.5,6.3,10,141.91649663987545
5.751403439522315,7.226423735554005,3.5,6.3,10,135.08732884573
7.915127747062763,5.9365321502095245,3.5,6.3,10,132.76072780599156
10.685910131015875,6.807563352050163,3.5,6.3,10,148.27132991066617
7.519134483674676,5.7500134156002085,3.5,6.3,10,140.31559173887214
6.251708849082946,10.426761966500798,3.5,6.3,10,106.75740831655276
9.747417856334875,7.462582924613419,3.5,6.3,10,116.86533720971816
5.480957276317808,8.028881184750002,3.5,6.3,10,146.87251213198593
8.13888637715178,7.512709332292627,3.5,6.3,10,145.62356627387794
11.206114948864164,8.08001641526428,3.5,6.3,10,167.89950870155653
9.49541511337486,6.682451987758957,3.5,6.3,10,118.00258265055564
8.93971244341774,7.881222512971519,3.5,6.3,10,127.35360326633776
10.821453995779825,7.00341733326427,3.5,6.3,10,108.7742209005463
8.388973140107417,10.32396000790388,3.5,6.3,10,97.6588904195531
7.0786274799772855,7.957137292213906,3.5,6.3,10,119.23913888109357
8.57959965232128,5.32573158201606,3.5,6.3,10,154.85679733270592
6.275467429428527,7.98332724895008,3.5,6.3,10,126.5934159938631
7.737897681680817,7.724195912450087,3.5,6.3,10,115.52613007183398
8.839915200989493,6.500303681930113,3.5,6.3,10,147.86572032230808
6.6949708682268,6.57165966530631,3.5,6.3,10,126.05296585305555
7.352314804620253,7.155754348033416,3.5,6.3,10,147.035057300314
5.078611684500681,7.830710700722561,3.5,6.3,10,142.5580692637165
8.059092693833641,5.33599635359614,3.5,6.3,10,158.59402928083426
6.987576509773062,5.773265871853768,3.5,6.3,10,137.93245489001592
7.0997675012283015,6.77614795025025,3.5,6.3,10,122.35401912912202
7.871262814899471,8.715086038518171,3.5,6.3,10,131.14586106973445
9.090797350848248,6.881950072997027,3.5,6.3,10,138.43286751083093
6.0141081855849885,7.595762548051033,3.5,6.3,10,142.08397299073485
10.14822687357612,6.846109451331777,3.5,6.3,10,144.99313009629446
10.182039052662365,6.049618205489794,3.5,6.3,10,144.78569611686908
10.800336551829195,8.193282818837883,3.5,6.3,10,130.41620964353078
11.46487998778087,8.455409360304706,3.5,6.3,10,149.19508299855067
9.88525695445836,6.858387509350606,3.5,6.3,10,144.17487845611873
9.476197658779627,8.651682159668542,3.5,6.3,10,109.26151987982615
7.618992322024688,7.134711451573323,3.5,6.3,10,140.9890286872746
7.744458836492398,7.314163507183141,3.5,6.3,10,124.214342408393
5.638155610780553,6.613266469531821,3.5,6.3,10,137.77044955994987
10.668824534200494,8.008471127074497,3.5,6.3,10,125.0387989288948
8.676209725206512,9.499957794476185,3.5,6.3,10,124.44056330475055
7.874398347564981,7.911838791141151,3.5,6.3,10,132.7656485755814
10.649457574758614,10.418716981054333,3.5,6.3,10,114.8078302489782
7.53186914941363,5.336125948004046,3.5,6.3,10,138.9706463126573
10.26559941846466,8.230075386538486,3.5,6.3,10,127.15213513705709
8.324015053790559,5.31842200465,3.5,6.3,10,117.24409163768506
5.371022042367096,6.63836182038636,3.5,6.3,10,131.78151363767225
7.341320577508986,9.138366360977594,3.5,6.3,10,109.80004753518648
9.878571829070536,8.03466431885356,3.5,6.3,10,111.9994104158844
8.946626349539436,7.45245892599647,3.5,6.3,10,119.15409910334878
8.005085196741653,8.920355057997797,3.5,6.3,10,116.62858541842412
7.511220212507964,6.157556887842441,3.5,6.3,10,132.21155937522192
6.548626368403268,7.584568431045929,3.5,6.3,10,143.92918906508302
4.942868156565035,8.43787162905422,3.5,6.3,10,126.64429042945446
6.551253642585179,7.983327248950001,3.5,6.3,10,126.70480196691275
11.294485533597898,7.375828624344554,3.5,6.3,10,145.71413711429403
10.003920298087165,7.845761852447427,3.5,6.3,10,109.53962732572204
9.47578007213714,7.858398442985975,3.5,6.3,10,127.8916953028012
8.641617185699742,11.463161700173124,3.5,6.3,10,100.05393274169022
9.982870027283058,10.923233794737303,3.5,6.3,10,77.7660967131681
6.716602696237767,6.169846762847976,3.5,6.3,10,137.66081039435156
8.96458942833793,6.696428562599999,3.5,6.3,10,146.34671755120448
5.747234482234982,8.014133189575906,3.5,6.3,10,129.34852160669004
7.6071510959444355,9.128092960020677,3.5,6.3,10,132.3443137528028
7.89019705780131,7.128158192962437,3.5,6.3,10,133.08667405805437
9.445876491412582,10.9776608392578,3.5,6.3,10,112.65695692197788
8.013662926220881,7.30964428641218,3.5,6.3,10,133.39896993473295
9.734424092357369,9.014252312942538,3.5,6.3,10,115.88635153755548
8.945340596946117,9.081939851002168,3.5,6.3,10,131.98632131947778
8.67380967775403,8.669895797805523,3.5,6.3,10,135.7705652414947
7.872727327802688,7.534372670266759,3.5,6.3,10,138.05974013965343
6.960924317507952,6.956217314847633,3.5,6.3,10,137.38878277432605
6.693447408404612,6.971080596807689,3.5,6.3,10,148.28240401899853
9.47835637292907,9.06312569436623,3.5,6.3,10,125.85597260338338
7.875015063964605,9.11643928408572,3.5,6.3,10,128.1373632827998
9.212303636905729,7.467907147333625,3.5,6.3,10,131.2438543522332
8.008761924540376,7.698625649799756,3.5,6.3,10,106.07635150149174
10.848979605456051,6.216318928478355,3.5,6.3,10,142.50256045836366
5.744041159458849,9.451526287764148,3.5,6.3,10,132.531173618906
6.5357115888358726,9.585817449042787,3.5,6.3,10,109.1684997993641
10.53017618074374,8.229342227901883,3.5,6.3,10,126.93591919039632
7.0598984924664165,9.545623157899014,3.5,6.3,10,117.02712604439746
10.929697473034995,7.576302109069117,3.5,6.3,10,124.99979556520536
8.141558534615902,8.324981767450002,3.5,6.3,10,131.89901232536295
8.14465255408151,7.90424333951089,3.5,6.3,10,116.99585820796734
9.638863894567246,6.4778978268474114,3.5,6.3,10,109.87741693741776
9.216634832647168,8.302204799550001,3.5,6.3,10,105.16189033900017
5.359745535891111,7.033967093979983,3.5,6.3,10,149.04248453948247
7.780600371346563,6.128918084826927,3.5,6.3,10,152.18400794668813
6.157328222985804,7.001692727442631,3.5,6.3,10,139.67840350396696
9.740544902675667,7.83677070458626,3.5,6.3,10,113.41505936830258
9.473467398546031,8.260726801460802,3.5,6.3,10,143.29591646982334
5.094698377226446,7.035830173153746,3.5,6.3,10,136.73466018299442
4.945339660187226,9.264531269558036,3.5,6.3,10,119.74315849602446
5.914490832091063,6.213861231442233,3.5,6.3,10,133.9266583309014
8.543077411070234,8.079021393608151,3.5,6.3,10,124.93323915373244
8.132388368240449,9.5207725822,3.5,6.3,10,114.42381549548496
11.103267360656638,6.982270049562938,3.5,6.3,10,105.78907063944706
8.942472505525599,9.48834437740622,3.5,6.3,10,115.54952447008932
7.771627902012002,6.544078080578192,3.5,6.3,10,132.75982380655634
8.136393326316567,8.700428241854041,3.5,6.3,10,131.5975556467609
10.268569577986147,8.637639004894734,3.5,6.3,10,106.83254294367426
8.310677096607053,6.131941309287683,3.5,6.3,10,129.81685760797868
10.136441887996408,9.216884907681486,3.5,6.3,10,137.21360769734338
10.42373648265,6.837935035447748,3.5,6.3,10,145.94696857946298
9.740539105476484,9.415391170828451,3.5,6.3,10,118.4042097213764
5.8853977471719645,7.0079974376801095,3.5,6.3,10,126.54428948646304
10.681538001214385,7.230957459473934,3.5,6.3,10,125.933880788393
7.608938737977222,8.742976446473275,3.5,6.3,10,103.2099792240019
8.54640190643191,7.683806507376428,3.5,6.3,10,128.4795985099117
9.378064255805384,6.08722418457586,3.5,6.3,10,139.93971044217878
5.347561046572967,7.4381212247214785,3.5,6.3,10,118.98870646215532
8.652694145809978,10.751238228752678,3.5,6.3,10,109.54451926357596
10.973438013726314,6.800063060605194,3.5,6.3,10,119.46423615513704
7.236863731900214,6.553908236819028,3.5,6.3,10,130.52686855274607
6.433907718480737,6.582468409889971,3.5,6.3,10,124.95228660178148
5.879952881588834,7.802949783375367,3.5,6.3,10,109.53442020846194
7.3342644986462115,9.514680729468862,3.5,6.3,10,109.46049316750526
8.657537824114435,10.260884803279176,3.5,6.3,10,112.46825650721942
11.313511643350422,9.163208035681237,3.5,6.3,10,147.66438638359253
9.09754237927949,6.465991855274928,3.5,6.3,10,116.90540614258563
8.677704447099522,8.27942783165,3.5,6.3,10,131.0507299222579
9.913456268182395,6.063688360315676,3.5,6.3,10,131.98287227274645
4.808458968712063,8.245420634807704,3.5,6.3,10,137.61878823445593
7.888207152086027,8.527488212358042,3.5,6.3,10,119.98421020409388
5.744759297561052,8.817033091944813,3.5,6.3,10,121.05217070094632
9.470120967402528,10.05081362251933,3.5,6.3,10,99.59945242145083
9.355265123327126,7.259229600437023,3.5,6.3,10,128.78510948209012
6.794178750413852,9.967923000408556,3.5,6.3,10,109.91867461628374
10.280149875100342,7.047365889544781,3.5,6.3,10,131.94985147283225
11.204043233097416,8.212316968807068,3.5,6.3,10,145.3232120252024
8.812794844569925,7.670133423436196,3.5,6.3,10,126.92055562232709
8.131551663209262,9.91936952045,3.5,6.3,10,105.701717279786
6.542351987864509,8.368557742113683,3.5,6.3,10,121.88399026630168
6.166453069884093,6.593932207049928,3.5,6.3,10,116.66121045912872
6.27400655112747,9.63266457561732,3.5,6.3,10,125.88052383659398
8.580380426171494,6.07693418393738,3.5,6.3,10,119.14833197689428
6.012240145311265,7.999615696154435,3.5,6.3,10,133.01280212077762
8.406354534919044,9.098051164788266,3.5,6.3,10,123.630179568525
5.902895601795006,6.60589322786262,3.5,6.3,10,135.9245383827874
7.847463037671737,10.92155610804996,3.5,6.3,10,108.6189921927024
5.082238105774884,7.449314901880278,3.5,6.3,10,131.01887242352504
7.345187425666003,7.937773313150001,3.5,6.3,10,116.6887637476798
9.772540072613358,6.279401104093215,3.5,6.3,10,126.22982209511773
10.003180299584,9.946598814620907,3.5,6.3,10,88.83653961437288
9.086886200650811,7.257469966882401,3.5,6.3,10,100.91949961603466
9.990350213311888,10.032163763350797,3.5,6.3,10,118.10078998279162
5.740686001271729,9.227295496538366,3.5,6.3,10,112.00152087085716
11.216673374396049,8.734967189649998,3.5,6.3,10,67.5715973132943
6.979310164799127,6.177942547529702,3.5,6.3,10,138.6496449915493
8.005079650430897,8.502433830277258,3.5,6.3,10,115.9083759499386
9.503391242013176,6.285535257804721,3.5,6.3,10,128.83653521937742
9.350499404216723,7.644972209589327,3.5,6.3,10,113.95292676007486
7.079436304140813,9.1791180637,3.5,6.3,10,107.67910525138956
5.746627293448614,9.342188149396907,3.5,6.3,10,97.3237642982994
8.398290181402045,9.506131272254816,3.5,6.3,10,109.12626931961836
6.007541003744871,8.386896939209356,3.5,6.3,10,126.34121161837264
9.98832629939149,10.548214104856186,3.5,6.3,10,128.78918949056006
7.487227520899432,7.335591495107143,3.5,6.3,10,117.31990554072352
11.180889806120437,8.599221346830115,3.5,6.3,10,140.8615370361105
8.277625255324098,7.303481300556821,3.5,6.3,10,116.263055636081
10.00684856483818,7.446861445678393,3.5,6.3,10,124.3796238605564
5.4764558247092285,8.837463545200002,3.5,6.3,10,114.85042395724348
5.212271751100185,9.243708422421578,3.5,6.3,10,101.76886099888412
7.044931558985721,10.762239453462072,3.5,6.3,10,106.41088144811116
10.795885303165653,9.413671354438923,3.5,6.3,10,93.78894898806035
7.360184788150271,7.38763037496369,3.5,6.3,10,104.51223620922816
8.43626732485023,7.305807892050175,3.5,6.3,10,104.21096218330123
6.810782657365287,7.955196388378583,3.5,6.3,10,134.17628011079734
8.410927393803307,8.305534882881558,3.5,6.3,10,119.30657401924626
7.8356817594242525,11.4795918216,3.5,6.3,10,93.61064170472072
7.040714542160658,11.166856992518683,3.5,6.3,10,102.55308656393304
6.151815192493304,7.400015938971643,3.5,6.3,10,114.4054713491604
10.282466679477915,8.422875356497821,3.5,6.3,10,94.06848213558206
7.846532825774195,10.765753793687862,3.5,6.3,10,92.35741278921844
6.830110984337744,7.797242858944704,3.5,6.3,10,118.0721419930386
9.076170543085674,8.061920961841677,3.5,6.3,10,103.1413208418559
11.337820670159106,7.748445585464863,3.5,6.3,10,143.0438835877674
6.539878070113114,10.0491909155022,3.5,6.3,10,122.15782949270054
8.555590608359225,7.285914986834975,3.5,6.3,10,121.07766547828592
8.30153430497137,6.500606161971823,3.5,6.3,10,119.02429472704542
7.079402105887674,7.557240939938987,3.5,6.3,10,121.88936498000996
7.862225844295852,9.95183772374512,3.5,6.3,10,114.04051890935594
10.105963379134144,10.877187443924225,3.5,6.3,10,89.76602800079807
9.73717866520938,8.265922713506164,3.5,6.3,10,128.7749678224229
11.337492186126926,8.254546783582901,3.5,6.3,10,144.09975424742868
9.210891736949373,9.471909432505573,3.5,6.3,10,123.48689346783142
10.677437313188396,9.229114454641332,3.5,6.3,10,105.37478375318072
6.449435491895115,6.17535630159593,3.5,6.3,10,126.88575283475068
5.7547796382177525,8.205889846491607,3.5,6.3,10,108.2950949942795
10.145240123137278,7.994715732899998,3.5,6.3,10,66.43157203192891
8.281294779176784,8.095687158122505,3.5,6.3,10,112.18587326474842
9.346773460672244,8.452432689901556,3.5,6.3,10,105.23088632999192
6.01028690551965,8.806384583568663,3.5,6.3,10,122.47676126950424
10.526424945739905,10.214611289218476,3.5,6.3,10,92.20922675752308
10.944202277302889,7.192281160313517,3.5,6.3,10,126.60425826609932
8.509363517991835,10.932975787786107,3.5,6.3,10,93.12672432962214
9.19569372806649,10.338291857354646,3.5,6.3,10,105.4994910739953
6.003247750446203,9.63086348371582,3.5,6.3,10,86.7584184598913
5.478867255164186,9.23001316647468,3.5,6.3,10,119.37406112411048
7.782946550169422,5.367479485873798,3.5,6.3,10,130.634539655308
7.25112988746801,6.145925443543526,3.5,6.3,10,138.28442462685808
6.549877300467862,9.066381603658105,3.5,6.3,10,96.43274377350312
9.073824025767612,8.453829478629935,3.5,6.3,10,91.7303235908551
5.207201507561781,9.845102491680947,3.5,6.3,10,107.07819037098852
7.311999986162373,10.801391839757263,3.5,6.3,10,110.40032887662616
8.63572315199856,11.143658757864628,3.5,6.3,10,97.2385683378218
10.271074333209585,7.434617196955984,3.5,6.3,10,136.5384611371091
10.801960651206034,9.675591843397925,3.5,6.3,10,96.28334336193396
10.53156315166028,7.822616721328638,3.5,6.3,10,107.69372595385536
6.680566725018377,8.152773560347526,3.5,6.3,10,98.49685612498374
10.006372285679406,9.021079792440672,3.5,6.3,10,113.04274661533272
10.795231277324268,10.096774616807602,3.5,6.3,10,111.36879177585853
7.080095897002774,8.349717063347677,3.5,6.3,10,128.51905600363932
6.808127231752405,9.565510455551454,3.5,6.3,10,123.91742250240873
6.96670904199163,6.564323210728129,3.5,6.3,10,134.67454629381177
6.561089974014393,8.96542053768342,3.5,6.3,10,110.82574670551188
6.426626898544582,6.979680846887648,3.5,6.3,10,148.57745548918388
10.805200248978284,9.017906707497117,3.5,6.3,10,107.38155975583324
9.84080655274906,11.089130866782805,3.5,6.3,10,79.28047944476258
11.199768455059196,7.975124837694558,3.5,6.3,10,133.095342563042
5.738543804469746,9.610181265254392,3.5,6.3,10,110.76905946021746
6.276522645482948,8.381924187200001,3.5,6.3,10,105.66387122753076
9.101053387619356,6.096741950745465,3.5,6.3,10,127.9142631572912
7.859004212159924,9.49074403548896,3.5,6.3,10,110.13144342892268
8.94001227028623,10.0906911895044,3.5,6.3,10,100.0843509692306
6.816910824864609,8.359147219300011,3.5,6.3,10,118.39032102013608
6.80591886002967,8.748310201811655,3.5,6.3,10,101.94773909489231
6.810285165296635,10.149174380354994,3.5,6.3,10,82.75239424588946
9.341686149100212,8.844572182937263,3.5,6.3,10,108.08103326300932
6.522552687083417,10.448258393789596,3.5,6.3,10,90.03676064917137
8.369464986544685,11.21307337917382,3.5,6.3,10,98.54648445450349
7.320250732357874,10.363958041822016,3.5,6.3,10,107.51492536302128
7.217364860021286,7.363227398152457,3.5,6.3,10,123.6658677391703
10.933117048433262,9.36267417262016,3.5,6.3,10,104.24212421740556
10.141254589933734,8.431214920209804,3.5,6.3,10,111.7280521858584
9.51570204034642,6.444450207192781,3.5,6.3,10,101.30530889944856
5.987175095536923,10.000238264035856,3.5,6.3,10,100.8475627961839
8.504442756379898,11.49263162862689,3.5,6.3,10,96.8506299954268
8.693838217534774,8.075034632663348,3.5,6.3,10,112.02068384615212
8.115291787831929,10.753353731324914,3.5,6.3,10,98.58322146686324
5.647586346772295,6.237603484929711,3.5,6.3,10,116.22006969218606
5.472868606797302,9.640719777445554,3.5,6.3,10,104.69998774078658
6.280198939288386,9.22803852478694,3.5,6.3,10,113.81341102829798
8.575257820120003,6.487316051787699,3.5,6.3,10,114.22017743384696
9.077185760736189,8.856259489075914,3.5,6.3,10,116.49977093204132
8.407736288898803,9.946440277143989,3.5,6.3,10,113.3979077553941
9.36880293255939,6.483973271654069,3.5,6.3,10,121.17008626293774
5.34270647045726,7.8159084085540815,3.5,6.3,10,122.32781116171786
11.080168354259378,8.917144248773768,3.5,6.3,10,122.30802576240158
10.93614930268279,8.406400681024914,3.5,6.3,10,86.32702794197309
10.802807479995144,8.561615051780452,3.5,6.3,10,88.56306049272277
7.225162106517508,6.945417987631621,3.5,6.3,10,123.66279081951836
6.145061769000328,8.188319960050002,3.5,6.3,10,104.3433772378531
8.92586450464113,10.348699830906202,3.5,6.3,10,93.16819146202842
8.646811623804602,10.902658812482144,3.5,6.3,10,98.9467960137079
7.358790983042858,8.429626651331093,3.5,6.3,10,92.07739212140672
10.541005469044904,9.43761074550384,3.5,6.3,10,83.59219344054054
9.617419592694707,6.858523197912594,3.5,6.3,10,115.53188185031148
6.411556669933103,7.771462825640278,3.5,6.3,10,112.09800629325328
6.5476860667897006,8.78052112545,3.5,6.3,10,101.75233826892097
6.174491624111095,6.218112236697416,3.5,6.3,10,123.3100154438048
5.877669822160634,7.406838647125278,3.5,6.3,10,120.07095619689136
6.936844481961154,8.55038482337363,3.5,6.3,10,88.54602787064726
8.418858306481965,7.69071919653422,3.5,6.3,10,116.32682116684184
9.449581674988035,10.854307226068713,3.5,6.3,10,112.67895224471852
8.375033248268762,11.482346846056137,3.5,6.3,10,80.1922633567366
9.351645949154642,8.06647660237595,3.5,6.3,10,113.7356046738375
8.270875442929782,8.891154759237642,3.5,6.3,10,109.17668180494938
6.943513567895717,7.778334537850001,3.5,6.3,10,95.31721919586693
10.669423000895438,8.41743180852504,3.5,6.3,10,124.94943066148488
11.200106349113163,8.368220678238178,3.5,6.3,10,143.13607171118113
7.058992948786611,9.993203049429512,3.5,6.3,10,93.45839285359604
6.683402621036385,7.770099622602859,3.5,6.3,10,120.68682637741146
7.599543232181878,8.306432969206183,3.5,6.3,10,119.04177718961478
7.055985171544128,10.559160977884249,3.5,6.3,10,94.32665098155302
6.2900492592613135,7.389739978782094,3.5,6.3,10,99.75430920253818
11.33019470735982,8.401922746969065,3.5,6.3,10,141.90854963435945
8.02381703560532,6.910605542245867,3.5,6.3,10,115.07791851372502
6.5230852618347175,10.32370384918974,3.5,6.3,10,89.02577335129556
7.346192426143639,8.735984058779861,3.5,6.3,10,103.81376179440969
8.134340340585476,9.100966169218845,3.5,6.3,10,118.75201383047744
5.736230577864756,10.050900952654745,3.5,6.3,10,111.54493408680086
8.005646724350003,9.738391274217184,3.5,6.3,10,95.71443764226214
7.746212853781412,8.126168611370506,3.5,6.3,10,92.38658119193612
6.542414122550035,9.181656100131107,3.5,6.3,10,93.60667461658598
8.393297837332888,10.497953416730825,3.5,6.3,10,106.78728397679711
9.17527313544172,11.247697403750474,3.5,6.3,10,105.38671325967528
5.609064441332177,7.808703321995213,3.5,6.3,10,106.69490657052192
6.0129210305194,9.41827622665,3.5,6.3,10,86.47040765451092
5.999997092893628,10.16425149220174,3.5,6.3,10,101.85089072459547
9.340110757356124,9.671608595124914,3.5,6.3,10,126.18383792846356
6.299522755411657,8.582207987982555,3.5,6.3,10,79.17108854846722
11.07050129953506,9.333204031943175,3.5,6.3,10,82.95985170120396
10.532557551243729,8.622683875580245,3.5,6.3,10,93.15178596773896
10.521554020374351,10.461851483907092,3.5,6.3,10,90.39124535050787
6.68145563779665,7.383482637563352,3.5,6.3,10,120.02830196358816
8.936025179107386,9.838058559355389,3.5,6.3,10,96.806648588593
7.206268823173718,9.942116779288613,3.5,6.3,10,108.4290487139739
9.208855542147155,9.067656896721031,3.5,6.3,10,117.3955536627616
10.396698114731157,10.223566304465976,3.5,6.3,10,118.36787652001546
10.255993027701615,10.239556624536736,3.5,6.3,10,87.72243431279597
9.99006340761271,10.44204902946497,3.5,6.3,10,86.07854952697134
8.121663944971047,10.27589762580539,3.5,6.3,10,98.45826385119294
8.108989638211105,11.288005335157518,3.5,6.3,10,112.58563056955916
7.869404777325359,8.304956340532016,3.5,6.3,10,114.73384329451808
9.482842587386513,9.18420668083815,3.5,6.3,10,93.84595694720508
5.988215323205143,10.443632994934658,3.5,6.3,10,109.26535640038942
9.478006856679777,9.474993974730046,3.5,6.3,10,85.96833426592704
8.412363549287099,8.676911106729564,3.5,6.3,10,99.25969237250013
8.909888102697913,11.2096225826903,3.5,6.3,10,101.89321814877144
7.599947651073899,9.514807047027755,3.5,6.3,10,109.10252527694882
8.12985765020791,10.373550061187071,3.5,6.3,10,116.02871356544615
5.867552880730751,9.837277709171834,3.5,6.3,10,76.65908576420476
7.993705156623837,10.12757496514443,3.5,6.3,10,93.23618728681406
7.591923743196362,10.37843228058304,3.5,6.3,10,103.2883038442218
8.80926415025035,8.071441909383731,3.5,6.3,10,112.03849843413012
5.752192636601626,8.62422035921957,3.5,6.3,10,116.39166550796156
5.071849348461602,8.233873895850001,3.5,6.3,10,112.7110794791753
5.202509535654759,9.65212073698502,3.5,6.3,10,102.06261722798304
7.8376003526311715,11.057382507649766,3.5,6.3,10,106.06624278863217
7.50481158636642,6.539205322863069,3.5,6.3,10,128.73516894869675
9.454955986934827,10.722092959447352,3.5,6.3,10,97.6520244305392
10.244163042363038,10.647952598597982,3.5,6.3,10,91.74437434302436
6.397146579588569,9.393932253439864,3.5,6.3,10,90.83683746647183
8.147917638490695,9.316536757597618,3.5,6.3,10,108.32903357632672
5.075328250577367,9.450831245298891,3.5,6.3,10,91.71623551097456
6.55278270728811,9.404183180074671,3.5,6.3,10,102.56835764413384
7.307847121418911,11.0675775228615,3.5,6.3,10,101.46511895087062
6.789514637688409,10.469450481568211,3.5,6.3,10,106.27825602715116
8.428857544897031,8.135539326482155,3.5,6.3,10,107.11145287748067
6.2467009076172735,10.864539699143476,3.5,6.3,10,116.04845969522528
4.946945160729432,8.853299952548227,3.5,6.3,10,119.18190745020937
10.268014031859972,7.8529405577954545,3.5,6.3,10,113.92137464530524
7.585353753984411,10.839260235210409,3.5,6.3,10,95.402060327205
10.168631943188764,6.454752654978838,3.5,6.3,10,129.95803384129783
4.810756414843996,7.841023898663527,3.5,6.3,10,120.22328372665136
5.471810110977458,10.261585810997971,3.5,6.3,10,102.44085155372794
8.957295007730322,7.698995736944357,3.5,6.3,10,77.15081593875556
6.019358305974463,8.607365347738366,3.5,6.3,10,109.90269582635908
8.6546615302885,10.62988047451058,3.5,6.3,10,105.32065717547924
8.272133860686047,7.698962022257326,3.5,6.3,10,121.42526108442723
11.324222767473904,9.062388780513832,3.5,6.3,10,123.80956719857336
7.625935393219445,8.94818387378752,3.5,6.3,10,99.91659874485364
7.351914011387472,8.978687609593857,3.5,6.3,10,90.5516797190158
6.810824685038531,9.759022987376936,3.5,6.3,10,106.46591101290468
7.758793859058233,6.919366976355463,3.5,6.3,10,122.25870835453232
6.278936907353066,8.788370931981643,3.5,6.3,10,110.4674343824132
6.150246303441511,9.01646600642615,3.5,6.3,10,87.83445720639237
7.094692239957125,7.766414393846555,3.5,6.3,10,107.1727770737215
5.620568167457039,7.026694597150001,3.5,6.3,10,126.07687568756609
9.740012837047608,8.609693866199999,3.5,6.3,10,86.17158485914756
10.004431380105377,9.453332342156544,3.5,6.3,10,94.07753907135252
6.9380398848971145,8.146995584552336,3.5,6.3,10,105.10253216613307
5.725354333688856,10.505602869422432,3.5,6.3,10,104.86898252261132
7.479866932268526,7.732533046847477,3.5,6.3,10,100.18127213414188
9.876081768675892,9.076621708150002,3.5,6.3,10,79.50657026060485
10.274217827410224,9.447025995182404,3.5,6.3,10,114.80012768474484
10.002839719700438,8.656972483824605,3.5,6.3,10,112.65648341554552
5.353675214781014,9.243194418088004,3.5,6.3,10,99.09728097383278
7.338609865467435,9.771574849552344,3.5,6.3,10,91.26129136970518
10.410790938864864,7.233332840783728,3.5,6.3,10,126.03400989123617
8.161065925771382,7.3285953719484676,3.5,6.3,10,100.64050665160548
6.774804870172617,10.75836635594074,3.5,6.3,10,88.1722301581725
7.12306414209845,6.159103359574041,3.5,6.3,10,100.52469671052006
5.982434058316668,10.634793946524404,3.5,6.3,10,103.16466516894008
9.702463188225767,11.092383367299998,3.5,6.3,10,106.67979241559854
6.827942783153158,8.174302356899304,3.5,6.3,10,82.25109099401004
8.659885057010518,10.493106501400437,3.5,6.3,10,96.214806108338
6.797407359365941,9.146575543348508,3.5,6.3,10,87.40321391619266
7.735358510187418,8.50249502461345,3.5,6.3,10,90.9421427458227
8.113138261942499,10.64582493664344,3.5,6.3,10,102.95927013666964
8.544923647405634,8.489148057801966,3.5,6.3,10,111.74200230215098
7.47774069784035,8.122996317784558,3.5,6.3,10,107.54861515021383
8.182105774085558,6.530468113273845,3.5,6.3,10,88.77119227207976
10.93575474432585,8.71996163559008,3.5,6.3,10,67.5342042425863
5.343694286230171,8.678024769900002,3.5,6.3,10,92.56926302586952
9.7294558624331,10.23824707105,3.5,6.3,10,83.06250289391738
11.069478897840131,7.771159602056199,3.5,6.3,10,103.70978294697672
8.288622776155814,9.101087348121691,3.5,6.3,10,107.22176307112092
6.94779199461824,9.215406936035151,3.5,6.3,10,111.59718196493152
10.144799079336565,7.245536880483064,3.5,6.3,10,103.34809739032414
7.611748249338047,9.352753650516595,3.5,6.3,10,105.47283319527148
8.946714086460975,9.665883724088305,3.5,6.3,10,84.33030945245322
8.038322990655193,6.5237113176037855,3.5,6.3,10,121.02923907349732
6.406209079319799,7.381296401717922,3.5,6.3,10,104.21473162756028
10.139910865616004,7.626150630933722,3.5,6.3,10,121.58331052056624
7.10427031918817,7.362498338681098,3.5,6.3,10,98.66147904914628
7.091318060761104,8.982662275644445,3.5,6.3,10,104.15347776107646
8.537237823665722,9.697215531277896,3.5,6.3,10,106.07156413192868
8.539020673484783,10.17163945050882,3.5,6.3,10,107.7978552454331
9.456561058321135,10.581729780486006,3.5,6.3,10,101.88299522007452
10.932983668179013,7.398604278715177,3.5,6.3,10,121.6068770449021
9.18526303086321,10.846371336049591,3.5,6.3,10,102.17379558220262
7.874678809688682,9.723570532060508,3.5,6.3,10,103.9110536997931
6.555125184054138,8.164345590568404,3.5,6.3,10,94.05740991042616
5.876707154070277,8.59519879690149,3.5,6.3,10,116.3710413134477
9.089955278847407,9.449142961024906,3.5,6.3,10,103.91746231236888
8.8217519535363,6.885391575352584,3.5,6.3,10,111.80569976145053
7.623625486745741,8.169649547200489,3.5,6.3,10,97.69710720345616
6.718157608908793,8.359026870941888,3.5,6.3,10,74.16919795543517
7.606966749745445,9.586863883900136,3.5,6.3,10,104.27713573125996
7.97341627350754,11.120872931544314,3.5,6.3,10,90.90139208079373
10.66444073706558,7.561953342799999,3.5,6.3,10,81.94282902326209
7.985186041025712,10.521129858252566,3.5,6.3,10,85.05984518964299
10.547075343569956,9.034799272069892,3.5,6.3,10,99.74181119326636
6.577066248209396,6.990989449939866,3.5,6.3,10,114.06276660047216
7.306131156379243,11.38680829212581,3.5,6.3,10,95.63072470240364
6.604236570309261,5.159872476004639,3.0,5.4,11,155.77907174916166
6.469862457735857,4.958708113866241,3.0,5.4,11,159.85000707148538
8.46659473862309,4.7125697521940655,3.0,5.4,11,155.68026970128423
6.326844358182433,5.564203424564172,3.0,5.4,11,162.70456224419414
7.800322687393247,4.946475521895132,3.0,5.4,11,162.58966583633008
8.063222155877233,4.925153198052781,3.0,5.4,11,163.8516692858803
5.796758746076755,5.6115176306788905,3.0,5.4,11,167.32516361015337
5.521940152113031,6.030476208840604,3.0,5.4,11,168.09158576521685
6.744666649941841,4.95369089829756,3.0,5.4,11,174.32337785605904
6.877987396070172,4.756345258255441,3.0,5.4,11,157.02991312679123
7.007503403347657,4.97375043454446,3.0,5.4,11,152.31409883691043
6.872161248562711,5.148995410813063,3.0,5.4,11,147.01622160163916
8.597054071427271,4.909907249692413,3.0,5.4,11,152.46846483927192
11.763498513203468,9.179449559610696,3.0,5.4,11,181.91585903708147
7.130941742543016,5.552250390902385,3.0,5.4,11,160.16886913099492
9.80760532318951,5.044175788623709,3.0,5.4,11,136.4677854519772
9.220961762309036,7.834807259219434,3.0,5.4,11,146.0856678009402
7.9278572713937026,5.147804463953846,3.0,5.4,11,157.79003980866554
8.73784897094695,4.685383078335714,3.0,5.4,11,149.2723259718509
8.59664239360125,5.692596146299409,3.0,5.4,11,153.65637811915977
5.933661491066023,5.396077430517337,3.0,5.4,11,146.4310075518966
8.065247929689614,4.503666115874477,3.0,5.4,11,163.16562965434636
7.654142838383648,5.9437200631212335,3.0,5.4,11,149.5820365551936
8.192200664134127,5.916124911033176,3.0,5.4,11,143.50111367472846
8.860418905823732,4.895543990516674,3.0,5.4,11,150.43367911861367
6.3218354486797335,5.998744186992763,3.0,5.4,11,158.7822932878151
6.468859537980984,5.3611159886796695,3.0,5.4,11,120.90697338896548
6.075931591266568,5.204199358304273,3.0,5.4,11,133.3581866424581
8.980372846659249,5.873172968491004,3.0,5.4,11,109.42365522713985
9.517037928281043,5.85569278002415,3.0,5.4,11,143.64462625514983
7.389771633159215,5.931417752645325,3.0,5.4,11,145.1143238119995
8.323683761037389,4.930227577933275,3.0,5.4,11,134.82700817441926
9.517694919014373,5.466418546299593,3.0,5.4,11,119.81596448953366
7.401845278040927,5.141082287022658,3.0,5.4,11,147.10001721726093
7.272304560085201,4.9653790022,3.0,5.4,11,128.66303014832891
6.738732920518806,5.358891404365653,3.0,5.4,11,147.34697193354185
6.863445007950301,5.574187835346737,3.0,5.4,11,142.64529758274006
7.536666623347894,4.93495916716639,3.0,5.4,11,132.85506448220283
5.52696981152559,5.631267866143415,3.0,5.4,11,137.5549429833683
7.93168095946815,4.737609323200001,3.0,5.4,11,130.36825153584283
9.384663065475468,5.67509578266364,3.0,5.4,11,126.18132134139212
6.590575214060812,5.994490007297861,3.0,5.4,11,145.3616325785892
6.197946623469824,5.788435861931245,3.0,5.4,11,149.30273791046616
7.913658982565079,6.323175431440667,3.0,5.4,11,133.64881627809615
9.786740880628155,5.435317470551569,3.0,5.4,11,138.30167130940072
8.330546836925004,4.488779188641869,3.0,5.4,11,145.5698355433413
6.291869749002828,7.60149996819932,3.0,5.4,11,113.16644871378524
6.036954491383381,6.801238880434895,3.0,5.4,11,125.38306332383486
11.205547568291696,8.082440169964118,3.0,5.4,11,177.18309626369694
10.04848311534824,5.441330212186481,3.0,5.4,11,121.43051553967162
7.398795008765568,5.540871396817424,3.0,5.4,11,153.5705551596763
5.519438936992457,6.414436071946566,3.0,5.4,11,135.4366602806446
8.458554532882532,5.523421864077644,3.0,5.4,11,161.14061215017318
8.200466817105687,4.717394768973228,3.0,5.4,11,142.5184062385568
6.557899192906256,7.169610400679366,3.0,5.4,11,130.46779757634218
11.321451142200122,8.803551744463215,3.0,5.4,11,158.38577268944047
8.459283327525183,5.120236058079618,3.0,5.4,11,140.79596055192312
6.06279514942531,5.601948168102628,3.0,5.4,11,146.82408712916452
7.918383115656016,5.523414715749998,3.0,5.4,11,136.1394925774006
8.054793502106923,5.71987395836861,3.0,5.4,11,119.77882483139032
10.931058785954695,5.815834574581817,3.0,5.4,11,174.83464033473993
7.661536202105571,5.538620823219548,3.0,5.4,11,139.05927906874268
11.201124959355948,6.161200375637387,3.0,5.4,11,123.1157551058047
5.785151426447677,6.033547945521616,3.0,5.4,11,155.23544453175666
9.225488173102148,7.079396528289456,3.0,5.4,11,140.35977611515764
11.628593432739027,9.033145997356565,3.0,5.4,11,87.93216475510665
9.23976926656161,6.6999881153575584,3.0,5.4,11,125.24820333117604
8.706026042967027,6.678967539580767,3.0,5.4,11,123.19430526678552
5.239625744582795,6.846466628201318,3.0,5.4,11,125.85172232596165
9.928959297023976,5.238492925071678,3.0,5.4,11,110.95782625828446
8.996183018565922,5.090632563559989,3.0,5.4,11,120.8386030284454
10.055843304442126,5.844207989288441,3.0,5.4,11,116.33155370840387
8.188047915225285,5.537762668879288,3.0,5.4,11,149.2985262237493
10.323319362791043,5.44135076838243,3.0,5.4,11,96.7767248209338
5.257703354616828,6.0391607538910685,3.0,5.4,11,138.0995779234648
8.980047534574457,5.494477352092038,3.0,5.4,11,122.31365519678351
5.502703105475282,6.833257062111917,3.0,5.4,11,145.95203097161618
6.569172258154984,6.784088203054077,3.0,5.4,11,122.76255726463116
10.599574399233846,5.808019677169664,3.0,5.4,11,152.31947260409223
6.0560607132041255,6.001094273330177,3.0,5.4,11,130.18095654594228
6.335656506748827,5.193035636613551,3.0,5.4,11,144.12187145679678
5.3895196565281935,6.232908835958737,3.0,5.4,11,105.05857627198512
5.978542467676454,11.26681452024581,3.0,5.4,11,107.24693241143306
4.967618053012745,6.85653221708301,3.0,5.4,11,132.96598616256176
8.849796358648977,6.505806458216823,3.0,5.4,11,124.12420351333628
5.222913113102959,8.851188577054725,3.0,5.4,11,122.24303277855115
11.321950550684033,10.066787411708312,3.0,5.4,11,141.75516770367278
9.655400289921504,5.247082367284526,3.0,5.4,11,136.05056215999508
7.667339859818373,5.149441431720237,3.0,5.4,11,128.22507486837148
9.681601963420356,4.843522828643937,3.0,5.4,11,126.97883379154666
7.669153375276906,4.73780234820604,3.0,5.4,11,127.1095427249583
4.985960508719561,6.438257480065099,3.0,5.4,11,132.26378069652213
8.324506530560495,5.713981875545878,3.0,5.4,11,107.39293203751684
8.720709921686522,5.110748691873199,3.0,5.4,11,135.7024789540976
10.968747742234278,6.080267193429829,3.0,5.4,11,151.20643178644883
7.346945394934131,8.301128043272554,3.0,5.4,11,106.7270231826152
7.144245055793496,4.744228241411304,3.0,5.4,11,128.23679528084963
5.7653446508822,6.802204499563742,3.0,5.4,11,120.89072762273034
5.6621796622390175,5.820861524177774,3.0,5.4,11,123.61140694946587
5.754050629326344,7.611456749838355,3.0,5.4,11,116.21110808217276
7.095150962212087,7.95879862295709,3.0,5.4,11,109.78819016409578
6.256422037945393,10.434213832249586,3.0,5.4,11,107.30098690746983
9.133570230122624,4.8742711306,3.0,5.4,11,141.58451675551493
6.840229979346965,6.365249297974647,3.0,5.4,11,129.3314987520711
6.832041261766311,7.795988034814447,3.0,5.4,11,111.95386365887256
8.644387219219638,11.464649856547606,3.0,5.4,11,98.54915184031832
9.400548486287382,5.271714260658808,3.0,5.4,11,122.69263582373964
7.1356904675998125,5.155944473484113,3.0,5.4,11,141.84692662570643
6.842108815494658,6.781161878899453,3.0,5.4,11,114.00911653009676
5.749032257461354,9.349373776938425,3.0,5.4,11,103.62820929936328
8.113199534724101,11.64752902473717,3.0,5.4,11,101.07402650106252
8.16062148334436,7.118343850784742,3.0,5.4,11,120.07218293899284
5.249753088063555,6.437697977523962,3.0,5.4,11,118.03113298669172
8.403639531436632,10.35539463080275,3.0,5.4,11,92.17511831860833
8.019145213632397,8.11320846482263,3.0,5.4,11,104.71749112408295
6.29839603420549,7.206298550705359,3.0,5.4,11,129.69646946764146
8.721618522699758,5.5052790737117805,3.0,5.4,11,137.7155722159881
5.467338900351768,10.545057101242596,3.0,5.4,11,113.0498953354859
6.310445223760572,6.371007408572577,3.0,5.4,11,126.91416499025948
9.245977063848288,4.64481585354901,3.0,5.4,11,111.57389887690876
11.311077082881168,9.16203543892405,3.0,5.4,11,152.8893157710201
8.685274588245885,9.49565153547354,3.0,5.4,11,104.4578345873584
9.789753305703217,5.870802445623199,3.0,5.4,11,133.39839092579794
7.80589423784535,4.504897970067151,3.0,5.4,11,128.0738044247269
8.663487009492426,10.254700609385056,3.0,5.4,11,119.2835853574012
8.999248764750181,4.685584111821288,3.0,5.4,11,135.8747219738183
8.71923509322125,5.876457718199998,3.0,5.4,11,99.39498035338116
7.894061400026493,8.524826730444175,3.0,5.4,11,122.2820200178964
10.97795458150748,6.402258214595414,3.0,5.4,11,107.36606054153816
6.85783283528248,5.969791662610188,3.0,5.4,11,140.46193461897
7.368446384447416,6.74171884569672,3.0,5.4,11,120.95294099776602
9.39868726621162,4.855371323979009,3.0,5.4,11,133.43437576001418
5.49419411773365,7.231687308251789,3.0,5.4,11,116.97799702607344
9.491543854615456,7.062087809562722,3.0,5.4,11,108.2409494989053
9.226979135577048,8.32456745915329,3.0,5.4,11,92.39460049574376
8.169960243543901,6.720418804128843,3.0,5.4,11,113.80216404046712
5.745378641280839,9.450405335865176,3.0,5.4,11,125.4423732312532
7.127768093436868,5.948309046750659,3.0,5.4,11,136.86090416009952
11.06822164913347,10.210256835780877,3.0,5.4,11,127.98614762873358
6.562821165914472,8.96088635127533,3.0,5.4,11,122.50102645234676
6.7279537044979945,5.7685178113249815,3.0,5.4,11,127.75386262324083
8.718742008659381,6.3034191340372026,3.0,5.4,11,99.2856134031526
9.119577153601105,5.671465007099999,3.0,5.4,11,119.9106200701468
8.438922028626175,7.3076009893975105,3.0,5.4,11,110.78687905338866
8.431757740785736,7.110677273401472,3.0,5.4,11,101.23444110326304
10.242598433929132,10.84030851369602,3.0,5.4,11,105.97614741197964
11.14984833586951,6.685801770508381,3.0,5.4,11,132.21350321332577
7.907676320189337,6.719205530500002,3.0,5.4,11,126.7681460046295
6.024907796167165,7.588677924328727,3.0,5.4,11,114.2049800641342
5.749246074098606,8.400772462767332,3.0,5.4,11,108.43397652975574
10.195124443147693,5.248102564613785,3.0,5.4,11,79.21674621063514
9.262018561829484,5.070854520728776,3.0,5.4,11,131.69980243534
6.301650359341168,6.790457648130305,3.0,5.4,11,138.5996903666518
8.970831296168646,6.31782180105474,3.0,5.4,11,123.82044420716304
10.185849731136006,5.63714895865806,3.0,5.4,11,135.71329840132756
10.787537764298468,7.791605297372966,3.0,5.4,11,59.96143118073767
8.948769012387688,7.4249360167979,3.0,5.4,11,103.91960624213206
7.095693882570715,7.157156586234572,3.0,5.4,11,117.86999854247426
4.960788401368802,7.244264565176071,3.0,5.4,11,117.85021124178498
10.540725999011457,10.202058475590706,3.0,5.4,11,124.99622152584983
8.196656261220621,5.136261515375237,3.0,5.4,11,127.63679545879609
7.383175888825809,6.337604735672208,3.0,5.4,11,123.7604731908332
11.333178397410922,8.253275225543755,3.0,5.4,11,149.33025641319117
8.15646815851948,8.33187873322352,3.0,5.4,11,117.80140405176834
7.36110272856271,7.958248978829061,3.0,5.4,11,100.38173673058952
6.828475654879905,7.174029016037093,3.0,5.4,11,101.88956059922656
9.875288392181249,9.098471418582244,3.0,5.4,11,100.98778292358432
9.105027863303144,8.256006996443109,3.0,5.4,11,124.3332833665376
8.18604639894579,6.334166025749263,3.0,5.4,11,113.50816014045223
4.704767943570341,6.869241520349935,3.0,5.4,11,129.0674941471161
6.545301363158705,10.082042758838591,3.0,5.4,11,121.3546737863239
5.781420330817768,6.401337124804175,3.0,5.4,11,124.5333349265042
6.288746516656543,7.996117065947702,3.0,5.4,11,93.78924668743755
6.049411873211456,6.392921804259392,3.0,5.4,11,117.82503812276684
5.391070136193973,5.832739077078196,3.0,5.4,11,117.27327317359018
9.48597666827511,7.465613034450648,3.0,5.4,11,108.17820199586282
7.0946793916453705,8.779356531733509,3.0,5.4,11,112.34819033159717
5.491170699067288,7.63031056952515,3.0,5.4,11,128.44309037788918
4.95615059386586,7.636285747400769,3.0,5.4,11,118.15936441223194
6.560780312853204,7.993764550815328,3.0,5.4,11,105.98507924621288
7.048626972321777,11.175388441913633,3.0,5.4,11,92.03673073084882
9.888663437995582,8.031423306222308,3.0,5.4,11,101.08439359732311
6.599385242316319,5.580742571136456,3.0,5.4,11,145.3803016536794
9.237877515267916,6.304146203330437,3.0,5.4,11,121.19223884926686
8.940570018473911,10.098505846210076,3.0,5.4,11,95.4976786946717
8.950049255196358,8.256305523767393,3.0,5.4,11,109.14497652738258
11.542329143270342,7.276504565597803,3.0,5.4,11,145.62337056500806
10.7775754326659,10.844971953293951,3.0,5.4,11,104.57832357628006
4.693205875430674,7.262042978807775,3.0,5.4,11,117.89226975901904
5.9227112897863945,5.801687956168089,3.0,5.4,11,126.37592503792732
8.69219296793305,7.072702479600135,3.0,5.4,11,117.65468741838124
10.235779934790392,11.2432668805493,3.0,5.4,11,103.64843185902592
10.57250546601087,6.237104943007594,3.0,5.4,11,120.11743554284456
9.746381392913085,9.408140065690224,3.0,5.4,11,112.2255975096926
7.887218075114871,9.152839059379462,3.0,5.4,11,108.32710307609226
9.924201521886902,5.646802696659331,3.0,5.4,11,120.81506468574348
9.490271886976124,8.268641055679279,3.0,5.4,11,106.44502842535712
7.3579591190843905,7.551414266740531,3.0,5.4,11,98.14045498921637
6.031166327018715,7.22315191711676,3.0,5.4,11,102.01378435406542
6.555540857159238,9.049642965792165,3.0,5.4,11,96.51828077306294
7.639761317203342,6.749841322674119,3.0,5.4,11,119.28986467084604
8.295856544625321,6.89636240601094,3.0,5.4,11,99.69707028345428
8.69767582188933,8.072566120510597,3.0,5.4,11,119.32243180977912
6.804870260274403,9.967444378038616,3.0,5.4,11,92.94796999234296
8.450587755366481,5.927502473398132,3.0,5.4,11,133.6490522443431
10.78945352775252,5.742122306927707,3.0,5.4,11,140.85223034764115
4.940240499313267,10.0689379339553,3.0,5.4,11,97.59400357861732
8.421292704961246,7.510060928468939,3.0,5.4,11,115.50288398349646
5.22552724898306,8.05165815265,3.0,5.4,11,105.20093871403424
4.948803636846655,8.044525177561638,3.0,5.4,11,118.20974083427636
8.952960471323669,7.871077683552163,3.0,5.4,11,76.56269059100566
8.425004117026829,8.129477137389364,3.0,5.4,11,104.20070337836762
9.461079903566922,10.596607228015246,3.0,5.4,11,100.1053452384888
6.204655115697918,5.389476718524207,3.0,5.4,11,146.19132490814553
10.785684113052726,5.634489155183107,3.0,5.4,11,136.41282264050915
10.24755686757686,11.115705244315633,3.0,5.4,11,117.11827488348531
11.467659808635393,8.458513858141393,3.0,5.4,11,129.38067418980103
5.223739406987997,7.626460866363645,3.0,5.4,11,123.51490429628022
11.478602069231066,8.597244665229672,3.0,5.4,11,146.64048468767805
7.621777305329815,8.766489187561715,3.0,5.4,11,110.15838608921976
9.749996403577946,7.826348907313614,3.0,5.4,11,95.46430352411184
9.450804782322008,10.972159793548462,3.0,5.4,11,109.94958648785878
10.70770454179094,6.02754032627067,3.0,5.4,11,125.51307733074428
8.141818124868763,9.94352967243832,3.0,5.4,11,106.96832442774964
6.561369330026684,8.800917852509842,3.0,5.4,11,108.37875529510262
9.24657618725048,5.886419583671965,3.0,5.4,11,124.50966090092751
8.379756930338873,11.498748164657393,3.0,5.4,11,71.17036149120396
8.685466609140185,8.68941325385,3.0,5.4,11,103.74674777340242
7.26175080838255,5.743173365973406,3.0,5.4,11,129.98632457578967
10.55408269353874,7.01949826682683,3.0,5.4,11,105.5452289270995
6.58289547409536,6.368313809374655,3.0,5.4,11,124.57666402806169
8.421955838578391,7.689079649206672,3.0,5.4,11,120.96656266988744
9.0908563019713,9.444896606855234,3.0,5.4,11,128.9626905088445
11.336557294669497,8.904783622261583,3.0,5.4,11,142.35757895528616
9.638681632334825,6.4177067650295525,3.0,5.4,11,109.107253253459
10.44418976784868,6.029478369402959,3.0,5.4,11,108.62846090570318
11.21283685327376,9.590687472514931,3.0,5.4,11,128.82092544345838
7.794365639034108,5.729981066685473,3.0,5.4,11,142.2819039830594
8.288881738553233,9.097297479041744,3.0,5.4,11,114.20804937019948
6.519727722018906,10.943243225028336,3.0,5.4,11,101.84500820927482
7.528234991027224,5.7386039880525646,3.0,5.4,11,122.6076862997842
6.276023042051834,9.620484834877455,3.0,5.4,11,110.12340136946368
9.893392112093636,8.291921128670332,3.0,5.4,11,87.49748801450072
8.416859927724907,9.108213694036738,3.0,5.4,11,95.6568040225949
7.35532366393953,9.189727973703794,3.0,5.4,11,115.03135225787447
9.177490627868522,11.243011632956213,3.0,5.4,11,110.65905793953026
8.05759961004262,6.133197259874144,3.0,5.4,11,117.05210926734792
9.752415706574514,7.060860049000001,3.0,5.4,11,77.19318792517208
9.76738064544174,6.658515470242495,3.0,5.4,11,126.52373551680547
8.4133322618967,9.96570592876039,3.0,5.4,11,117.35399271345364
7.364523283586695,8.465012362428205,3.0,5.4,11,110.79985159793004
6.602965788343309,5.799134803093533,3.0,5.4,11,105.870457386224
8.437082267227655,6.298975595609217,3.0,5.4,11,113.4478899737881
7.649676685554489,6.346540465661855,3.0,5.4,11,126.94325042145051
5.761128313319584,8.205853022277674,3.0,5.4,11,107.75158567375831
5.721377430645793,11.018672057559495,3.0,5.4,11,105.5272169305484
7.273803524725777,5.348084563776877,3.0,5.4,11,127.9538112747588
6.784602666202956,10.92256167507693,3.0,5.4,11,96.13143171979884
7.786828941722492,6.116629946761192,3.0,5.4,11,122.91949626486812
8.109941758299513,11.8972228239439,3.0,5.4,11,90.26363204407706
10.32284826827486,5.832009555047177,3.0,5.4,11,124.17905382826746
10.3007246751187,6.248407026919218,3.0,5.4,11,89.59859978988743
10.79098023207034,7.402725514393378,3.0,5.4,11,73.33720992657516
11.624839112274346,9.160448464896383,3.0,5.4,11,105.93326684016502
6.993267230509559,5.754532645013086,3.0,5.4,11,119.16479112403049
7.363320183278385,7.387862434337063,3.0,5.4,11,112.3353970528302
6.844255605716039,7.356960631700002,3.0,5.4,11,85.50013932465212
8.656615954513338,10.763244293979426,3.0,5.4,11,95.78065835845184
6.830784706846006,8.169480398380104,3.0,5.4,11,98.90178005188632
9.483855643173586,8.622605719582952,3.0,5.4,11,85.8896337479974
5.484256148011157,8.414054223735002,3.0,5.4,11,105.95367915997774
11.545997085297518,7.871497674466653,3.0,5.4,11,114.85216571583877
6.515206847136704,10.853225204349998,3.0,5.4,11,109.07344702945056
7.111814902326096,6.355784572780946,3.0,5.4,11,123.8203344457186
8.649931346958844,10.899271431107977,3.0,5.4,11,98.86242617591016
7.099680710797682,8.15131439294421,3.0,5.4,11,111.48720653733425
10.45646836509199,5.619049356813776,3.0,5.4,11,112.83066377251976
7.357297375648461,8.986963487871298,3.0,5.4,11,99.71761041213398
7.590068284253546,10.859542560357449,3.0,5.4,11,91.20194245680986
8.135184102528921,10.349738612944206,3.0,5.4,11,113.54677592720108
6.297891595108034,8.577286744754913,3.0,5.4,11,103.96290553645083
7.315794266738972,11.291368397172842,3.0,5.4,11,110.6129594689554
6.01708761085475,9.41827622665,3.0,5.4,11,92.88889420024292
8.380829308019411,11.908910263330345,3.0,5.4,11,102.5472641566861
7.879393388013828,8.717150619159245,3.0,5.4,11,101.9658283624721
7.886815060324662,7.906870068543121,3.0,5.4,11,101.89378914194609
8.641821266168074,11.142625664474352,3.0,5.4,11,86.41544371596362
4.957555485490659,8.454714252719322,3.0,5.4,11,96.3905480713617
6.511977085028559,11.3508667753635,3.0,5.4,11,115.92049593241153
5.761810528257761,7.229708782040336,3.0,5.4,11,102.01871949934154
7.053382663899364,10.756258731082385,3.0,5.4,11,97.13743405099598
8.286654008582136,7.289642465273808,3.0,5.4,11,85.64108260347923
9.98867600858523,10.033485078238511,3.0,5.4,11,103.1346613333796
5.226114299650677,8.436817607387972,3.0,5.4,11,117.68978935243074
11.694491383283005,7.370357656608916,3.0,5.4,11,127.98916520288527
9.127082023207006,5.270229765488633,3.0,5.4,11,117.02571751500918
6.161305674746657,7.402587779452157,3.0,5.4,11,99.30652433481832
6.462054346977655,5.771596550992868,3.0,5.4,11,129.42751886491973
8.396732503411082,10.48693829325361,3.0,5.4,11,108.03211267004048
7.343808086558933,9.778305430010748,3.0,5.4,11,94.70935173324128
8.560552258299138,6.873877682874571,3.0,5.4,11,94.55989129990245
8.65981172130081,10.613517232117552,3.0,5.4,11,98.16899482055354
10.016624486263607,7.0416867924345,3.0,5.4,11,97.47643070058808
7.863298035193745,10.552153281248264,3.0,5.4,11,108.2123319693153
5.756581889850829,8.626544602115887,3.0,5.4,11,115.87924683378208
10.00532404919865,9.322561993036391,3.0,5.4,11,122.05606965491624
6.556839006219954,9.40887116632774,3.0,5.4,11,106.34258120788436
9.98578321407484,10.92007871994242,3.0,5.4,11,72.36721919049197
8.682721211325957,7.472886983470035,3.0,5.4,11,110.40571705433238
10.523080910610693,10.464695097974843,3.0,5.4,11,111.08193538970568
9.202565352677045,10.385762556663366,3.0,5.4,11,109.0296337595006
10.277500092837744,8.636038233030888,3.0,5.4,11,77.52964003887145
9.533989122811962,5.061570266445359,3.0,5.4,11,121.0357575680473
5.890070116088999,7.799240896890932,3.0,5.4,11,87.50160226256673
7.094716378952083,8.347648760656984,3.0,5.4,11,112.39672554990656
4.421855750756984,8.074435120550023,3.0,5.4,11,105.9643050878186
10.404205131681662,8.853821120293789,3.0,5.4,11,91.96241388353432
10.28274972394516,8.412301148409114,3.0,5.4,11,91.38982404633528
6.832924527297716,8.507352349289466,3.0,5.4,11,103.58000719550031
7.879640646630896,9.72768481896751,3.0,5.4,11,100.32974448580774
6.823792493210597,7.963275463290221,3.0,5.4,11,107.11051510418255
4.684435688847016,8.447744479429529,3.0,5.4,11,112.8666468070986
6.547319859115801,9.620319790819195,3.0,5.4,11,97.23826035114116
6.79563688845066,10.518955732553938,3.0,5.4,11,106.041084805989
8.58205536950774,6.059348273443956,3.0,5.4,11,101.27008037313082
8.423004317486768,8.310778690645948,3.0,5.4,11,111.82797845764884
6.701472366045232,8.340214459622716,3.0,5.4,11,93.32391533027992
7.915713813362182,6.936069541464748,3.0,5.4,11,91.91520698638726
7.103039781424191,6.737081875234085,3.0,5.4,11,98.45619642023202
7.869029216865144,9.965646162532016,3.0,5.4,11,115.9191178377322
8.062868645368383,5.303987341976129,3.0,5.4,11,128.66479379417711
4.977748268132446,7.058698269117964,3.0,5.4,11,111.32293299250138
6.246153304616794,11.062156870193126,3.0,5.4,11,102.1044046087848
5.209420491377824,9.837824532872226,3.0,5.4,11,102.22627909757308
7.334744614087035,10.37140849541071,3.0,5.4,11,102.08236500378024
11.208159662128631,8.703648602397829,3.0,5.4,11,122.69670116174856
9.177989347177062,11.616253629,3.0,5.4,11,105.94407689693254
9.447220025132724,11.588331613903692,3.0,5.4,11,111.78953504769277
6.294260472447349,7.388309263566509,3.0,5.4,11,92.6164267889974
7.0010433696942505,5.35388862703102,3.0,5.4,11,110.10184637211084
5.747214698243892,9.614660582836398,3.0,5.4,11,94.04791920697366
6.250452578496112,10.806264541296208,3.0,5.4,11,100.98261933995902
4.683286240401188,7.641672730450002,3.0,5.4,11,117.0773120493653
7.0457663315681165,11.054013553242116,3.0,5.4,11,101.36002263546398
7.044758985968192,11.778533022584972,3.0,5.4,11,109.11300663601008
7.321255219052024,10.865301417366863,3.0,5.4,11,112.71379115770858
10.043721577856202,6.247794521426072,3.0,5.4,11,102.78866633619675
5.109374328702899,6.634453528209234,3.0,5.4,11,98.39814627780456
5.623764574232815,7.433558188313951,3.0,5.4,11,83.55454683351475
6.528704951751879,10.547231515275312,3.0,5.4,11,124.57083901734752
9.252091713026982,5.489241763257379,3.0,5.4,11,115.2104638478291
7.082281107842918,9.76292048808177,3.0,5.4,11,89.84130287322985
9.655568302223111,5.659408794548837,3.0,5.4,11,109.391531197016
6.815900063211713,10.13638488999464,3.0,5.4,11,96.86049810094865
6.578239519359387,6.9903531321654135,3.0,5.4,11,115.47043106192427
5.486733781488017,9.403112253631408,3.0,5.4,11,113.08574136010732
8.434494655635454,6.6957954282823255,3.0,5.4,11,111.42361340553948
10.006045518747506,9.964923456249998,3.0,5.4,11,83.59430171047772
8.857321513433083,5.704908071185845,3.0,5.4,11,117.1179841490021
6.561754568651966,8.579334055214495,3.0,5.4,11,104.2217437222292
10.4254182976703,6.798924918149999,3.0,5.4,11,81.70777248058552
6.6954919470851575,8.146542557632987,3.0,5.4,11,94.01513378670312
7.616120705999114,9.354367840635112,3.0,5.4,11,100.16004875717756
9.470789648543418,10.054101211752494,3.0,5.4,11,80.59819228319816
5.748797205578617,9.795105860084645,3.0,5.4,11,109.66729791141752
11.29632948352782,7.374143087738533,3.0,5.4,11,124.85487005794256
7.60716107337781,10.072141010297848,3.0,5.4,11,106.88790715485732
8.293928365519498,7.553505741847811,3.0,5.4,11,89.95044877164638
8.674762324217033,9.690501290412328,3.0,5.4,11,106.52921502791013
6.296928429726661,8.154897660636061,3.0,5.4,11,96.24800500202316
7.32958219809955,10.506111536705427,3.0,5.4,11,102.88113396165704
6.292739457469159,8.904919633338542,3.0,5.4,11,108.22369376079364
8.953300442007091,9.500507377413198,3.0,5.4,11,99.89407569093636
7.479583156454377,9.904377225300848,3.0,5.4,11,100.20973135556504
7.854810067116856,10.76545058103132,3.0,5.4,11,88.11812555855177
8.506122924848599,11.489746342999362,3.0,5.4,11,90.73838842945284
11.169438449740444,8.600914055683917,3.0,5.4,11,110.47350331804007
5.49096618329784,8.028881184750002,3.0,5.4,11,110.72798270517262
7.364820144321028,7.697179638374927,3.0,5.4,11,96.08271243987312
8.687157321102728,8.473032058800001,3.0,5.4,11,113.3514984449094
10.55242195310491,9.922128916691992,3.0,5.4,11,94.68518457502616
4.950631471624727,9.634024249367414,3.0,5.4,11,95.2874839975719
8.153550397774493,7.875031098686446,3.0,5.4,11,107.59313420830492
6.412737507219684,9.917423043275653,3.0,5.4,11,114.5974690022643
8.163323741638502,7.325386291416511,3.0,5.4,11,103.00763458318671
9.484737195817248,9.188967006174432,3.0,5.4,11,96.36949401931736
9.217412513402776,8.649955615710024,3.0,5.4,11,92.92856631213996
9.70928704587956,11.254318390551502,3.0,5.4,11,104.564616725881
11.06007168364813,5.9450979181269,3.0,5.4,11,97.41306521316636
8.111516720124209,11.27826139794519,3.0,5.4,11,117.70798399052806
5.753434453875768,9.232463267941354,3.0,5.4,11,87.06944619388736
6.560675528281443,9.294035209429952,3.0,5.4,11,103.1280618827042
11.316400901443483,6.643581150392373,3.0,5.4,11,120.23914261286863
7.107220689118004,7.364151736609833,3.0,5.4,11,113.62483665884602
6.8257322870133725,7.573341826750001,3.0,5.4,11,103.03976415877092
7.626788101012779,7.129785416541777,3.0,5.4,11,105.61286430583496
6.558430552664049,8.157282035358495,3.0,5.4,11,103.55286276751389
6.0233973879258205,8.003548305205166,3.0,5.4,11,100.40086205672506
5.484978955888086,9.640182203176051,3.0,5.4,11,83.64063873469654
7.368261917441095,7.186133372450001,3.0,5.4,11,104.68469134648356
6.694137238648564,7.7699126367985345,3.0,5.4,11,102.40710322139518
8.969728067812685,6.685040078649998,3.0,5.4,11,111.2068250280023
5.2235392681544655,7.215791136389006,3.0,5.4,11,116.5832117491694
9.18237359750367,11.089234452474225,3.0,5.4,11,85.54140809185819
7.62431467392306,8.170750466579355,3.0,5.4,11,102.2230597446101
6.819012325037924,9.564644409097587,3.0,5.4,11,109.6635262056587
6.775966970004316,11.4315635392334,3.0,5.4,11,90.1489762828804
7.137730586847189,5.351161073670148,3.0,5.4,11,115.7464215653839
11.431121127959146,6.708956924353318,3.0,5.4,11,122.95242357655596
5.089884710838366,9.468329878421525,3.0,5.4,11,103.06292957431327
5.979679195480107,11.038102376690633,3.0,5.4,11,106.57731368219024
6.003705309171105,10.160678147208667,3.0,5.4,11,105.49373960043576
5.759512906371892,8.018800979401279,3.0,5.4,11,107.58872855008582
8.515745567247453,10.953055617467175,3.0,5.4,11,93.54776482251468
5.877913470610296,9.852235826320053,3.0,5.4,11,115.80118865827352
7.413903051450001,4.710675572390004,3.0,5.4,11,86.76253610727932
4.5491947049822254,8.244356204112062,3.0,5.4,11,88.46944711265371
11.20433150931265,8.210088736000586,3.0,5.4,11,122.05681830211763
11.040645729149436,9.280732759451096,3.0,5.4,11,82.99020974099895
8.660665584807257,10.486542195350822,3.0,5.4,11,94.47898254639946
7.316281753156065,11.652536664655036,3.0,5.4,11,107.02988487576964
8.145371175790547,8.697969387813524,3.0,5.4,11,109.47107812167592
7.92372488542353,5.929582450973733,3.0,5.4,11,119.9284809798004
5.75599156518534,8.81746274958097,3.0,5.4,11,97.28788503146826
8.422719686434,8.487655534852259,3.0,5.4,11,100.656243263704
7.8526163721173665,10.913518514909784,3.0,5.4,11,106.74793732448272
8.183489401469066,6.5270641460952,3.0,5.4,11,98.88965788241217
10.65399041318972,10.409792415678046,3.0,5.4,11,105.00980194664427
8.90968157431926,11.3896043639086,3.0,5.4,11,108.50036606779776
9.484584223512089,7.855761187868103,3.0,5.4,11,91.72382934990968
8.689858940550188,8.302204799550001,3.0,5.4,11,102.56681665543556
7.905073523409427,7.121920713775335,3.0,5.4,11,105.19183149984664
4.422285894732764,8.482985207872483,3.0,5.4,11,96.88355191041224
11.441481823613112,8.756931803089495,3.0,5.4,11,125.61577360879572
8.412905291984831,9.715668759053807,3.0,5.4,11,97.87832999061224
7.538207520948311,5.328737551689735,3.0,5.4,11,114.67683231856942
7.344805048177268,9.494218491509034,3.0,5.4,11,94.196190009377
7.579456615989215,11.300970772613775,3.0,5.4,11,107.47713113135173
8.33357326872464,5.300920310981844,3.0,5.4,11,105.1042451090402
8.908527986009188,11.64072919087311,3.0,5.4,11,98.68637075707096
6.815689709248791,9.736873491975386,3.0,5.4,11,116.31375412289214
10.904382342219876,5.70649595213859,3.0,5.4,11,129.35891070966468
4.68868103563206,8.975181433181241,3.0,5.4,11,104.03301073754936
8.913335142791638,11.229396852116553,3.0,5.4,11,105.1230263975955
10.288906412844522,6.951920643639209,3.0,5.4,11,67.86011926855336
9.918363037768884,6.052844820402775,3.0,5.4,11,94.8094495647603
8.943080712061445,9.816873164900006,3.0,5.4,11,87.61564811936509
7.747036614101588,7.305717617423249,3.0,5.4,11,92.57555946403129
7.364956898805882,8.751002846921791,3.0,5.4,11,102.62004217630891
9.50853412687824,6.686747759502385,3.0,5.4,11,94.025805263052
9.188381760992296,10.83044823645,3.0,5.4,11,110.8206166901765
7.31117596171355,11.058541083520147,3.0,5.4,11,102.79338784246264
7.618965488705771,9.144203184390465,3.0,5.4,11,103.73872581845352
8.416231818364144,8.66753803282047,3.0,5.4,11,90.6047970908024
9.987252982347313,10.432867573206634,3.0,5.4,11,72.95335007568191
11.048388157753026,10.50625340375562,3.0,5.4,11,124.76104982843006
8.86195813443786,5.321910529136437,3.0,5.4,11,120.9420020972333
6.82940517951387,8.378327580469934,3.0,5.4,11,105.027838617167
9.26645544430503,6.028870740709317,3.0,5.4,11,128.5335633980958
8.956982103089057,8.66082924472295,3.0,5.4,11,94.1974248347198
6.605605114282525,5.373938008440601,3.0,5.4,11,99.96735603958749
7.124433644392691,6.1622418629127225,3.0,5.4,11,97.32644522195724
5.4747362843594125,10.211783591605933,3.0,5.4,11,120.74101225995128
11.328959223643604,9.950182702014958,3.0,5.4,11,116.31339894796804
9.223704296616312,8.089679958756332,3.0,5.4,11,90.56338036562116
10.646259897094971,10.805164657759702,3.0,5.4,11,82.67134210616385
10.262441958720178,10.041764571659082,3.0,5.4,11,108.92457101810032
8.953528547206725,9.657090177140814,3.0,5.4,11,92.25669446951385
5.2003777534751965,10.279467376901144,3.0,5.4,11,102.54149589844698
8.280673842234924,8.88091567422475,3.0,5.4,11,77.77774273717591
6.28795188133727,9.265037550693226,3.0,5.4,11,112.32843228314104
6.795228749344124,10.392355162619005,3.0,5.4,11,85.87784812262191
6.288307795315032,7.934554917405761,3.0,5.4,11,101.88009777595528
7.620480208231093,7.51904757045031,3.0,5.4,11,100.55437146135732
4.691349472296393,8.291745027561708,3.0,5.4,11,89.46508088862291
6.562797472153012,7.589636149129026,3.0,5.4,11,114.99092301117368
8.960200831280511,7.69291042914819,3.0,5.4,11,82.02515764907567
7.610006450416944,9.649550638522244,3.0,5.4,11,103.82397192970924
5.489637476949567,8.864359034107864,3.0,5.4,11,95.34760571795331
5.367265173924938,7.030270188012339,3.0,5.4,11,112.051739391369
8.143256186530012,9.550499653550627,3.0,5.4,11,95.30125342359042
9.451283281839212,11.099381054532442,3.0,5.4,11,101.14358386439038
6.331624268632647,6.450654332494516,3.0,5.4,11,89.99525155094025
7.575780412725928,11.762943827536644,3.0,5.4,11,84.25967099471475
5.768795601879819,7.40165462294555,3.0,5.4,11,103.39572344768511
6.022311604597478,8.601742703925392,3.0,5.4,11,116.36751316134372
4.942456989332424,9.889810593628132,3.0,5.4,11,108.63582262998656
7.339194998760841,10.10587667262649,3.0,5.4,11,98.72482101686415
7.842924751348893,11.4831337790151,3.0,5.4,11,77.51430023635265
6.594276936726061,6.548000412562043,3.0,5.4,11,79.1805781910683
6.722965018339892,6.164350733155786,3.0,5.4,11,109.059464582085
6.250610740331845,10.934168006175454,3.0,5.4,11,101.4169878447058
9.973107819980829,11.2434388872179,3.0,5.4,11,97.36905751993643
5.087766542008513,7.824578300528045,3.0,5.4,11,106.84132674193027
6.986767291818483,6.1660120456393965,3.0,5.4,11,112.78836463787086
5.0812310186082215,8.233873895850001,3.0,5.4,11,84.77964594818248
4.428229648315964,8.279573421329886,3.0,5.4,11,93.5412490893804
9.714903995239066,11.55403439842416,3.0,5.4,11,94.81684022148156
7.74679644540733,9.31161980116508,3.0,5.4,11,83.5775197691891
9.620460408252582,7.258209500640327,3.0,5.4,11,112.01182846210244
9.487089243840346,9.57202419108433,3.0,5.4,11,82.36252116497633
7.657600489303753,6.546647662619152,3.0,5.4,11,99.32728369899203
9.519001241320057,6.442072407181404,3.0,5.4,11,99.7243326689997
6.030842160653526,7.390702867447343,3.0,5.4,11,102.4749197686617
7.889736033001167,8.964676532968928,3.0,5.4,11,101.202590877723
10.794981732846349,10.089221660529224,3.0,5.4,11,118.67784106091754
8.314395672310608,6.7507037811463615,3.0,5.4,11,78.09719477081646
8.668122226850286,9.829034012271304,3.0,5.4,11,91.55947228830146
8.542173590836397,10.17251510505197,3.0,5.4,11,95.20874223818444
6.824151412210954,8.964911569056417,3.0,5.4,11,109.91893390520694
7.12228500980136,6.5917742494900295,3.0,5.4,11,95.8240559410082
7.096610940979061,7.766012758341535,3.0,5.4,11,107.50991607293486
6.398059977756597,10.355975397347787,3.0,5.4,11,115.28995662672015
9.889388350890489,9.733799746988746,3.0,5.4,11,66.50486131608444
7.354471833808048,9.360483037262613,3.0,5.4,11,101.19560799349466
5.4848126203796514,8.625508640624997,3.0,5.4,11,96.88520652039044
7.601861976865519,9.921241378309556,3.0,5.4,11,79.338680110083
10.676153085385426,10.14399001219172,3.0,5.4,11,106.1909691324383
5.481329942131679,9.77989202803024,3.0,5.4,11,109.19621855300456
5.999706580724308,10.019130356443087,3.0,5.4,11,78.11406571021708
7.0443238303711455,11.58119826717842,3.0,5.4,11,88.27697684239394
6.959463682024963,7.739410917627075,3.0,5.4,11,90.06945919925319
10.853180106909988,6.21758837991532,3.0,5.4,11,125.042720472286
8.293888512388234,8.090965070049872,3.0,5.4,11,69.14020489862011
6.691842160777167,7.38635855096696,3.0,5.4,11,104.56288576767916
7.209608863933831,9.932891459994876,3.0,5.4,11,100.621853495099
5.233270279395438,8.591061027711763,3.0,5.4,11,87.467724815105
7.062305435799532,10.542198482072198,3.0,5.4,11,102.0126397838319
8.906055135655931,11.778540932792357,3.0,5.4,11,99.89322424194002
7.87471639791965,9.486607130352562,3.0,5.4,11,85.93435541026987
6.510815555159675,11.556649568803714,3.0,5.4,11,96.704391117274
5.919162418235535,6.206723752750003,3.0,5.4,11,107.60965316631145
6.785714189420204,11.28531029581127,3.0,5.4,11,83.14846978483975
8.681744446814632,9.276235861637977,3.0,5.4,11,102.29803461678644
5.358405017141934,9.240422768414492,3.0,5.4,11,80.97380686114877
5.494358126856217,9.041671164329408,3.0,5.4,11,108.9150448818312
10.9878759056133,6.79989949842648,3.0,5.4,11,70.7946491718292
11.079554152367818,7.356960631701024,3.0,5.4,11,59.552958279709706
6.949921570204947,9.21266987283327,3.0,5.4,11,108.51464664507728
6.259083034246664,10.637661394959885,3.0,5.4,11,116.32882638166194
9.702588277459562,11.375223076950604,3.0,5.4,11,98.52493636856424
10.027659889812211,6.639486142849999,3.0,5.4,11,96.46028722103762
6.15552527875037,9.156615754000342,3.0,5.4,11,120.99546121722658
8.584041463219968,5.327340095538429,3.0,5.4,11,104.73315038200722
9.75427513146815,7.454564371061371,3.0,5.4,11,74.83213429910258
7.097008188394834,8.518585994599997,3.0,5.4,11,105.37536516783172
6.2441088647841205,11.36084763154456,3.0,5.4,11,105.90763754943146
7.60079001916232,10.388136911834993,3.0,5.4,11,99.35061670208768
8.55595273078701,8.076875176979371,3.0,5.4,11,94.12919372984756
9.911822994336887,6.483889076345252,3.0,5.4,11,86.2671602852585
10.833238013768154,6.607092548556452,3.0,5.4,11,71.92953794955176
10.902153500728588,5.933105285311792,3.0,5.4,11,108.17398371851142
7.842122232650975,11.7081288143366,3.0,5.4,11,99.41173104787566
8.243873890735495,11.717776362405464,3.0,5.4,11,99.38743246994711
10.53648360580294,10.329737587690133,3.0,5.4,11,110.3734323398003
8.85064587220282,6.073517561058737,3.0,5.4,11,103.67964915130628
11.648165170242336,7.096140988384263,3.0,5.4,11,73.15725037002441
7.84148452235885,11.033960547204304,3.0,5.4,11,103.58260177118282
6.290900885869772,8.383781588036262,3.0,5.4,11,87.69485002268956
11.215400201506494,7.576152363711445,3.0,5.4,11,97.01781886857982
5.743234378751151,10.044642843899998,3.0,5.4,11,94.73977830096752
11.822309170898292,8.580808760607717,3.0,5.4,11,88.9061325720538
7.3717620996695,8.134653526859005,3.0,5.4,11,96.47018536379234
7.2550103035101,6.148110803950162,3.0,5.4,11,120.26989879213532
8.69232449785215,7.732480907512591,3.0,5.4,11,99.6633051223826
8.909644007470341,11.529895007442684,3.0,5.4,11,98.1270467593084
5.731828224841851,10.589692980211307,3.0,5.4,11,101.49944333213628
7.369893634988296,7.008037980451952,3.0,5.4,11,75.73137743137043
8.408067281693938,9.821492646272366,3.0,5.4,11,99.04204102736472
9.615443249760435,7.632418242417346,3.0,5.4,11,82.64227496793715
6.408255518877745,10.00192083120946,3.0,5.4,11,88.91655282268617
5.995937175442546,10.483942170696634,3.0,5.4,11,104.22835924859903
8.369885271503458,11.256258843300223,3.0,5.4,11,102.98593193775422
5.893534494590618,8.60580910845931,3.0,5.4,11,95.63798784047368
7.753456822317621,7.717479253698747,3.0,5.4,11,88.05796635184319
5.730264890423382,10.528324561137516,3.0,5.4,11,110.19618282919672
6.322518157341971,6.593039187710718,3.0,5.4,11,114.17656459473282
11.577688926647896,7.429395440827602,3.0,5.4,11,113.65683081755157
6.278000273951792,9.449309727214848,3.0,5.4,11,92.22170192941805
10.688378011746932,9.23495730369862,3.0,5.4,11,68.90025160490246
8.148658764586424,9.07740770727294,3.0,5.4,11,93.89881234583817
8.39243470066902,10.754877109884584,3.0,5.4,11,97.79868756420156
10.275987000149664,9.697849098935212,3.0,5.4,11,103.33046994538236
6.174181367904819,6.579330316365975,3.0,5.4,11,92.37453897331484
6.8222189205711645,9.397150001146803,3.0,5.4,11,109.1735901882936
4.686093690381616,9.411296157389271,3.0,5.4,11,103.67463061253136
8.15120280790162,9.316444220517855,3.0,5.4,11,108.62154227277694
7.308301884574715,11.394909112015736,3.0,5.4,11,98.41682116946444
7.581210348410726,11.179228021757234,3.0,5.4,11,91.3436764561756
10.800945354387965,8.197920040173573,3.0,5.4,11,77.2787659830529
10.253416707221763,10.58825000504758,3.0,5.4,11,71.09344136135782
6.701377533432305,6.967223913278324,3.0,5.4,11,115.86040681424238
7.628822937423664,8.955911507086036,3.0,5.4,11,101.46857731451982
9.050297813621675,11.67368823034925,3.0,5.4,11,96.99838833246132
7.62654055186849,7.755788562953123,3.0,5.4,11,84.12041157400643
6.8196867920218525,9.05422779894354,3.0,5.4,11,79.96722596634686
9.757718150062066,7.965370499694106,3.0,5.4,11,81.60449713148387
5.536250273743192,5.838606688349843,3.0,5.4,11,99.3674847044389
8.154553296589778,8.798271949346974,3.0,5.4,11,88.56077138580666
4.950833135526881,8.39331267115,3.0,5.4,11,100.41748780856324
10.391900719890357,10.230307525507254,3.0,5.4,11,120.55315720407648
10.78831779398501,10.46601675005,3.0,5.4,11,72.10392873472912
6.5511691589059735,9.768316967606646,3.0,5.4,11,103.37548132433724
7.0919702863337655,9.307826238550158,3.0,5.4,11,104.81204442661344
7.307877303278579,11.785995704096376,3.0,5.4,11,99.61048732005509
8.965825112114034,8.059162036496087,3.0,5.4,11,111.81448747923582
5.3827368585035,6.650874626800001,3.0,5.4,11,94.9281005054438
4.960803805055837,8.233214598463844,3.0,5.4,11,95.15142492924694
6.020528584806646,8.860635588900537,3.0,5.4,11,92.20635675952816
11.431579160774906,7.048997887026438,3.0,5.4,11,74.34580592286223
6.55403371887579,8.271816022208744,3.0,5.4,11,94.67537805061356
8.829504085159023,8.24819120471521,3.0,5.4,11,124.43053197393948
7.976908503296509,11.111905275856682,3.0,5.4,11,95.17095811123323
8.112726396799452,11.044194108366892,3.0,5.4,11,93.44729255903464
11.612399379371,8.775315386281491,3.0,5.4,11,110.97444199646247
10.15130064071986,6.842558631015686,3.0,5.4,11,93.40423904679292
10.529978727829269,10.706114097896632,3.0,5.4,11,99.05189214497828
10.246126354467751,10.960123175213877,3.0,5.4,11,106.9189175392263
4.684890456100464,8.05165815265,3.0,5.4,11,100.8021103977327
10.93066820606665,8.71520636325625,3.0,5.4,11,63.56729828599652
8.136944723344088,10.124362231549858,3.0,5.4,11,116.37149636372646
10.194011200041034,6.04264602220377,3.0,5.4,11,91.75137309924712
9.047048688029571,11.446242132351689,3.0,5.4,11,105.18872922118834
8.693313441163651,9.134447417072863,3.0,5.4,11,105.21980581566842
7.092804790165648,8.983399172005939,3.0,5.4,11,92.33254754887638
9.489538041548109,8.407644918180708,3.0,5.4,11,90.56297472682196
6.323848580995011,6.19589585037261,3.0,5.4,11,90.93744397847588
5.856499070750751,11.1907054176056,3.0,5.4,11,104.69562758363809
4.692256551224941,8.61495700154544,3.0,5.4,11,95.01171408435223
7.6202910320439186,7.925707380981962,3.0,5.4,11,100.2145135282432
7.58603867155173,11.024120591184396,3.0,5.4,11,80.97967066506996
7.071396590342094,10.13771773892997,3.0,5.4,11,104.04098173984768
8.153861622052485,8.222342045203442,3.0,5.4,11,84.71171658193425
4.9661875628275975,8.624134045795085,3.0,5.4,11,92.28508812806548
8.829687553680557,8.649769184807385,3.0,5.4,11,105.78225633494188
8.948299593435511,9.270225935300951,3.0,5.4,11,92.42742188429996
6.14887393043534,9.580222096399376,3.0,5.4,11,98.151684052394
7.351271207715801,9.6574343896,3.0,5.4,11,88.66963527962042
4.956562113798828,9.265043123795497,3.0,5.4,11,106.26344218404412
8.633845068682582,11.766299014787332,3.0,5.4,11,95.35874610380633
10.930423841948498,7.396934439386879,3.0,5.4,11,83.76383347893378
8.385848386086945,11.097751261480743,3.0,5.4,11,84.95136230039829
6.268153342285276,10.192629094866202,3.0,5.4,11,105.6966698610316
7.59808018062126,10.520721142664064,3.0,5.4,11,100.32770592457496
4.961347980214994,8.865003149356028,3.0,5.4,11,100.38376954050864
8.420178250956194,9.299456253872869,3.0,5.4,11,102.0336961678969
5.232692760445492,7.805393720764332,3.0,5.4,11,98.94656846368296
7.522064459530497,6.149542447633801,3.0,5.4,11,94.24327788065423
11.08010851840253,8.249325353097184,3.0,5.4,11,78.03094345852952
9.219872283167335,8.802009047707108,3.0,5.4,11,92.26109089870502
8.11683497227035,10.637987230215554,3.0,5.4,11,94.35170501539086
10.00984040446406,9.012427242187806,3.0,5.4,11,101.62375767948008
4.9538991769128495,9.42710637385412,3.0,5.4,11,104.03221468457312
7.8890774331029725,7.527787890950461,3.0,5.4,11,103.97457731740118
8.742074392009755,4.863859863690871,3.0,5.4,11,80.28861097799087
7.889268198510794,9.28462325216994,3.0,5.4,11,101.78552320618914
5.459055304750316,10.721471387639244,3.0,5.4,11,92.68781864546976
5.3527394327053806,9.609977605431126,3.0,5.4,11,94.95355154481354
11.332077845768124,6.457270399650168,3.0,5.4,11,37.6493768608382
4.840023791569333,6.650076334359689,3.0,5.4,11,99.54645448615976
8.961243859605714,7.094013408903487,3.0,5.4,11,92.95221346908926
10.140639763955246,9.213627425520766,3.0,5.4,11,118.31977182988298
10.002980226320307,9.63986057012962,3.0,5.4,11,79.0842442717473
6.023634097023869,9.288251041968616,3.0,5.4,11,95.02163432642172
8.680291524947407,7.875289349412952,3.0,5.4,11,92.7401758032374
8.545440151180973,9.51631120777786,3.0,5.4,11,109.78763517440044
11.08972306370542,9.657245111338668,3.0,5.4,11,90.57075122959893
7.895004510196259,8.076683414822305,3.0,5.4,11,89.88276133310895
9.098904305123622,6.451584405647266,3.0,5.4,11,102.40535920224404
6.4280669426388775,8.345185973617175,3.0,5.4,11,82.76854104603072
7.752040787096285,9.139668732693416,3.0,5.4,11,104.01823967004847
10.703334697423752,6.421745846765212,3.0,5.4,11,106.1323545114497
8.100704629446069,11.775307451616811,3.0,5.4,11,85.60338303497369
9.326564550937276,10.840552896087916,3.0,5.4,11,82.55310427790496
8.149426284265536,7.537303095827964,3.0,5.4,11,108.71225769333394
6.46153514967134,6.394005402095591,3.0,5.4,11,103.75178635170876
7.573657016490617,11.446306042815763,3.0,5.4,11,95.7024994929285
6.0009547171434425,10.252862382060444,3.0,5.4,11,102.62141129143744
6.869800242227474,5.783850303656797,3.0,5.4,11,93.27219721616144
9.648814168944986,6.056865495220353,3.0,5.4,11,91.43861080185752
9.213434691475529,9.654848964769078,3.0,5.4,11,103.2569922096333
10.804190877718533,8.532944741808771,3.0,5.4,11,80.04073228934382
11.500166742361976,9.343651938993704,3.0,5.4,11,70.24752247326988
6.1560749264161405,8.188319960050006,3.0,5.4,11,76.59441158617696
8.015410022591892,8.92499322794764,3.0,5.4,11,94.40830925664618
10.272917124539983,7.619361156587913,3.0,5.4,11,90.91147453244064
5.502071009031601,7.460812508956899,3.0,5.4,11,92.27451390382753
10.571177216021264,6.630309439161406,3.0,5.4,11,88.12682757711869
9.736774050988474,10.228428275557135,3.0,5.4,11,63.74864128757464
5.212518600720504,9.6620918955856,3.0,5.4,11,92.96639640566976
8.024285334504528,7.921513129346885,3.0,5.4,11,97.1420982203418
6.246376940074729,11.21627123555383,3.0,5.4,11,105.31593193305338
8.582621539529327,6.482295258956761,3.0,5.4,11,93.69270583418042
6.010574380987087,9.817964150496556,3.0,5.4,11,101.74573748592522
7.225028102041244,9.10453121008306,3.0,5.4,11,98.0115594592684
10.432379743999256,6.4421117334720615,3.0,5.4,11,98.72818171796808
10.426902857998842,8.299423825212978,3.0,5.4,11,97.75868826523552
11.686802349515,7.9892212915301615,3.0,5.4,11,119.2841874268444
5.800366224772741,5.855773091010511,3.0,5.4,11,118.18702143835732
7.317976475605776,10.658661147905285,3.0,5.4,11,66.63660878885354
8.243237906097148,11.459227465578357,3.0,5.4,11,94.82601645135134
7.091891167180824,9.124313846332132,3.0,5.4,11,86.0943942037853
9.843997215148246,11.0859314041845,3.0,5.4,11,68.44592278064815
10.68272930318736,6.803008713514678,3.0,5.4,11,109.37515970982255
10.662196265611758,7.541203351867895,3.0,5.4,11,70.88141902746078
9.218012197555993,7.445375984779139,3.0,5.4,11,94.24146411883224
7.740596531765806,10.333309621478342,3.0,5.4,11,96.18631953374452
7.498249657111387,7.7390493599419745,3.0,5.4,11,85.34622448577126
7.51646510130329,6.559766755200001,3.0,5.4,11,90.7805112916264
8.000113183736822,10.661987712984638,3.0,5.4,11,93.96612275842764
9.181544131602932,11.422649401850002,3.0,5.4,11,74.50701594442563
11.2290451747,7.193670313619486,3.0,5.4,11,68.87563670365428
7.40561923031468,5.742048249607048,3.0,5.4,11,100.2602038517176
9.747654131970164,9.947868024508368,3.0,5.4,11,88.84438403085431
5.495623693269495,7.82581121972843,3.0,5.4,11,93.47723817893852
8.042216331137157,7.156050847850596,3.0,5.4,11,116.78127825021966
7.497635204974006,7.329983547628622,3.0,5.4,11,94.3465221275996
6.452387340651666,6.167034758679833,3.0,5.4,11,114.85508756865448
10.017898766168251,8.403897421790981,3.0,5.4,11,87.33876478305639
6.696837879033437,8.602962995600834,3.0,5.4,11,106.5698453576479
8.394832465047136,10.229481188726432,3.0,5.4,11,87.27853460001452
5.22500408085739,8.679167374421919,3.0,5.4,11,100.51566090769607
5.257495300740001,6.702419057809758,3.0,5.4,11,83.82865312613428
7.39353517547137,6.166002573326742,3.0,5.4,11,85.6767950450938
7.908836632347,7.270303212020938,3.0,5.4,11,75.08405779150162
9.346743447798328,9.676862540006784,3.0,5.4,11,112.49188107451344
10.00738818379689,7.977449917646664,3.0,5.4,11,52.683542131876166
10.570338377821477,9.052432319360536,3.0,5.4,11,77.72718101436429
9.083474069454187,10.088506365610636,3.0,5.4,11,94.79187738098764
8.928464400473372,10.733128652579952,3.0,5.4,11,72.77044915351013
5.101093852743273,7.614877538529169,3.0,5.4,11,91.03948659906692
9.989406410959267,10.546866404278706,3.0,5.4,11,98.73842547883856
7.78094997709004,6.542054474544447,3.0,5.4,11,101.07710887938148
5.855382827891196,10.815536745400744,3.0,5.4,11,105.2898680865758
5.092692445856574,7.447937997293517,3.0,5.4,11,98.85120073244588
6.607102646447645,5.155812446889521,2.5,4.5,12,116.8522848442715
6.746583579754928,4.954345294196782,2.5,4.5,12,139.2950551458528
11.204926814868289,8.083649212892219,2.5,4.5,12,171.77428670789357
7.01014336504128,4.976695499880582,2.5,4.5,12,133.05811922716404
6.471782631035811,4.951182209340689,2.5,4.5,12,118.45825032604724
11.76009642013734,9.178446136762252,2.5,4.5,12,157.85723100109067
8.066063923367613,4.921886229941693,2.5,4.5,12,121.7334469400928
5.802543794948075,5.611711378647732,2.5,4.5,12,130.03441238719765
9.230334779118929,7.831348536916602,2.5,4.5,12,122.47548178692516
7.807828210252228,4.941858720394353,2.5,4.5,12,118.77239598869674
11.200294370247326,6.162957221169736,2.5,4.5,12,125.82269497496786
11.62642269646682,9.045976586955875,2.5,4.5,12,152.77284897842418
5.527331063708471,6.0229337692713525,2.5,4.5,12,135.1019348111396
8.467070308227076,4.714777035658838,2.5,4.5,12,107.71324005463867
6.331281924406088,5.558988683638392,2.5,4.5,12,125.17129580994934
6.835017215099964,7.806392780959265,2.5,4.5,12,111.94541501417298
6.548110578545013,10.09604946580198,2.5,4.5,12,132.62255606697605
11.544081564963808,7.275112620347325,2.5,4.5,12,153.47736842133088
5.470994104762739,10.555506795779692,2.5,4.5,12,112.25030382342511
9.807466337648046,5.038751047763496,2.5,4.5,12,94.6013893307302
6.330273324886837,5.993296170071283,2.5,4.5,12,134.5194001276717
6.202888249165931,5.785036846318183,2.5,4.5,12,133.37278688154683
6.874260268546372,5.144177678223823,2.5,4.5,12,117.94495081656804
8.164582106473295,8.343885092384804,2.5,4.5,12,98.75493238734472
5.252994873970639,6.842392511293348,2.5,4.5,12,112.01313274155147
10.154974978999102,5.407352447853679,2.5,4.5,12,148.88862475938714
6.050376490604055,6.802061075322715,2.5,4.5,12,110.95380185237232
6.788200295212121,10.913138349772233,2.5,4.5,12,108.51130802153642
5.751569462508791,9.345174560160652,2.5,4.5,12,105.73202648090022
6.878092387822056,4.7571496485936375,2.5,4.5,12,123.55457130852088
7.932150360741905,5.1505346243621855,2.5,4.5,12,118.45464393121117
7.365306126808234,7.700182182241503,2.5,4.5,12,111.2087537376543
8.740556157680068,4.686571712794679,2.5,4.5,12,119.54194870377674
9.874392663489456,9.106647528750756,2.5,4.5,12,123.02824951186858
5.93669706838459,5.394001061859703,2.5,4.5,12,107.32419730689156
7.939307428641706,4.739619615539223,2.5,4.5,12,101.87892516288092
7.480665737172324,9.897818443143436,2.5,4.5,12,112.55002941935405
7.324370546394347,10.86977881346409,2.5,4.5,12,124.63942543588728
6.6028377429646286,5.796219197397713,2.5,4.5,12,109.2193709537484
6.472691774849337,5.349881113764089,2.5,4.5,12,101.84473982212612
6.563701054752729,8.958290049736274,2.5,4.5,12,118.05391881889098
8.117529431032452,11.646023898021369,2.5,4.5,12,119.14389676480036
7.320130523458002,11.65757798014137,2.5,4.5,12,118.5676559102356
8.463645753456543,5.523976917658496,2.5,4.5,12,122.0986144756832
6.299444498779817,7.603749061168916,2.5,4.5,12,106.67256873002346
6.565674759222462,8.812937335967906,2.5,4.5,12,108.1860398260321
7.609217026424465,10.071037674816996,2.5,4.5,12,121.45540562723784
7.368115219297587,8.467673399835537,2.5,4.5,12,124.61875656218062
11.311382151484256,9.161707057087025,2.5,4.5,12,142.61149088676012
5.265641060150915,6.02805267731019,2.5,4.5,12,106.40930119356436
6.844798391159898,7.272491258383933,2.5,4.5,12,108.02636798546632
7.37090807314707,7.975789251492425,2.5,4.5,12,102.66828391927748
8.667830624570493,10.259044957876617,2.5,4.5,12,112.09129120753784
7.377191967733742,7.206062145916389,2.5,4.5,12,110.90234002717648
6.846518723796034,7.356960631700435,2.5,4.5,12,99.92262163808688
11.328494740761712,8.250345771468645,2.5,4.5,12,143.60687690009206
10.978332948311282,6.396868251353767,2.5,4.5,12,62.60933617700741
8.379134562727977,11.506138675693716,2.5,4.5,12,90.93632843254896
7.393465576129005,5.92832878049139,2.5,4.5,12,113.67832612485482
8.110583508748798,11.89409979602524,2.5,4.5,12,82.56807690775952
6.7431593231299845,5.358012999592687,2.5,4.5,12,125.38855443131914
5.77174911619933,7.397574637487246,2.5,4.5,12,116.88399609791172
5.232724263998891,8.097372950001642,2.5,4.5,12,115.5627719517974
8.691839583310971,9.491762270129003,2.5,4.5,12,94.84818138909694
8.425486108354821,7.687916533688567,2.5,4.5,12,116.12900276699102
11.666906950347316,8.850000407398063,2.5,4.5,12,140.6600200721988
5.5159711880303375,6.836339716631273,2.5,4.5,12,119.7957551963978
7.662482691742244,5.944105632293756,2.5,4.5,12,117.05195569415253
7.6680839123969875,5.54771019097919,2.5,4.5,12,117.30402594274132
9.186672456007871,11.093804551959396,2.5,4.5,12,85.68840461879697
11.145735428133218,6.683669060378151,2.5,4.5,12,142.3567971761806
8.395276089283271,10.763426593344493,2.5,4.5,12,104.02310196212818
5.227528665253935,8.852427491999308,2.5,4.5,12,104.84048473201804
10.966199433326924,6.079648207612978,2.5,4.5,12,139.58847251852322
8.958286921794087,8.255295974293366,2.5,4.5,12,86.15664856263017
6.836101879847401,8.118140570715404,2.5,4.5,12,108.35890391545622
9.466635021637996,10.600507336294427,2.5,4.5,12,82.30786851512168
8.136019293723653,10.34245117395968,2.5,4.5,12,101.08705452329976
6.258498828779711,10.4320781964199,2.5,4.5,12,87.25474567282127
4.994380654956817,6.42590481229541,2.5,4.5,12,104.3843450593734
11.619031073352623,9.162497980661898,2.5,4.5,12,117.56382050913916
5.765827968213412,7.615649867765142,2.5,4.5,12,102.34034036869704
8.408293596480954,10.363251166028835,2.5,4.5,12,95.02302971658868
7.614551761348819,9.667886958713886,2.5,4.5,12,102.24731565811324
7.05437874974498,10.878591836293197,2.5,4.5,12,130.31910138110663
8.063831583216256,4.502946654997795,2.5,4.5,12,122.9364092514712
5.476637694048059,10.204730501053632,2.5,4.5,12,120.87105942171164
8.195971301937162,5.916550877384627,2.5,4.5,12,116.8534132126166
7.058272134159784,11.159229230435814,2.5,4.5,12,78.39858521400112
9.244386853835394,4.649084766895437,2.5,4.5,12,91.60743072239924
8.942987896278071,10.119382083070096,2.5,4.5,12,93.69785354667026
5.235970241527189,7.801794712242137,2.5,4.5,12,111.46640453603796
7.865989953075687,10.564898747103651,2.5,4.5,12,100.0845424772509
6.306042038794602,7.214675365700029,2.5,4.5,12,109.23313924265211
7.945485523962789,4.9932880067627,2.5,4.5,12,133.54128373973208
5.776247747905857,6.801752605423574,2.5,4.5,12,102.63293643831572
8.59982447697733,4.905577302776116,2.5,4.5,12,109.22334488262898
7.897530235883332,8.523436748061432,2.5,4.5,12,116.87697334476204
6.298232047839104,8.149562835443872,2.5,4.5,12,111.53109852695576
6.531772735715187,10.532854829019678,2.5,4.5,12,127.27583476535852
7.873126019982107,9.971371834626382,2.5,4.5,12,117.4716276170518
8.439607666815693,7.305947901649519,2.5,4.5,12,100.02802411957413
7.100383594033702,7.960776493528485,2.5,4.5,12,105.30665052559765
6.568751473830658,7.152049371749501,2.5,4.5,12,101.17734325999342
11.315054038458264,10.066995854490074,2.5,4.5,12,125.99147602510074
8.333311280878505,4.484615338909025,2.5,4.5,12,110.10125796463292
7.098310925364815,8.524110072909432,2.5,4.5,12,113.20967029289754
4.689093191162177,9.414800764515329,2.5,4.5,12,111.4338542471571
7.048091871473618,11.79005835899056,2.5,4.5,12,108.81024428158916
6.606033759838731,5.598724709139519,2.5,4.5,12,115.23396603043722
7.101679048569888,8.150870543203231,2.5,4.5,12,115.21671040102648
6.558873165329333,9.410617524289483,2.5,4.5,12,108.2883233325846
5.759369258564376,8.627392203642733,2.5,4.5,12,111.36550097547256
10.931033779920783,5.818555592436375,2.5,4.5,12,139.78100628211106
8.86244470628606,4.895698648318842,2.5,4.5,12,107.73280127819112
10.523653484832266,10.457294033729788,2.5,4.5,12,119.7185640671508
8.389431178657185,11.111220950923784,2.5,4.5,12,98.7113557892754
6.563965541231091,8.579034510543584,2.5,4.5,12,111.96993252387024
4.6900787329858495,7.603430925255142,2.5,4.5,12,119.0394910074823
6.780138043605019,11.701304902562262,2.5,4.5,12,113.84948172431284
9.103986343507906,8.257172775818827,2.5,4.5,12,114.3269626786584
7.883667322418511,9.743220682638812,2.5,4.5,12,96.85289930293986
7.797803142912024,6.343311492632398,2.5,4.5,12,103.61633424730437
7.542305443171124,4.942602034300001,2.5,4.5,12,106.31975439850962
6.033712180203092,7.590770941899973,2.5,4.5,12,95.48407848937627
5.748669904121091,9.451327236723746,2.5,4.5,12,114.04640742470498
10.048468347054149,5.436533028566671,2.5,4.5,12,80.8515297305167
6.060460690741073,6.007024077122296,2.5,4.5,12,100.773736149484
8.16086727515962,8.816823159068003,2.5,4.5,12,92.38756420903204
10.545242974916432,10.198103588902264,2.5,4.5,12,124.6493144926612
6.334338609921265,6.474732869847621,2.5,4.5,12,100.9775294952471
6.554358642990784,9.764743571935709,2.5,4.5,12,109.136921346612
5.773656940842622,7.245430075584815,2.5,4.5,12,100.93470305679008
9.679358615555156,4.840043705380783,2.5,4.5,12,83.25536195362604
9.134054494642612,4.874271130600012,2.5,4.5,12,98.56568750960837
6.856371177127103,6.7957460967386165,2.5,4.5,12,108.99701988595936
10.005494425597632,9.318318799590408,2.5,4.5,12,119.43748839127046
6.024630574878736,8.602729236100423,2.5,4.5,12,116.9668031677418
9.22407155545092,8.103524030542703,2.5,4.5,12,85.56154113171542
7.358516576467031,8.296893486342595,2.5,4.5,12,82.73841628169262
5.210631254301302,9.838208084221517,2.5,4.5,12,93.23549433438876
4.43243600150323,8.27279318946403,2.5,4.5,12,96.18141343338228
8.721432745453452,5.851260556310187,2.5,4.5,12,78.54109042953091
6.521719599515814,10.9316627648881,2.5,4.5,12,102.53438638232944
8.698075856258631,8.069965782395267,2.5,4.5,12,108.98951437541253
5.526908785391824,6.409558362410804,2.5,4.5,12,106.8236025507367
10.31037164667017,5.437870108058442,2.5,4.5,12,67.28954507077006
8.694171080111802,8.73034322967971,2.5,4.5,12,104.33149685369152
7.674528633753418,4.734991263858078,2.5,4.5,12,103.99734936710688
6.296671547741561,8.911975476405896,2.5,4.5,12,113.58055739416965
8.445648451357057,6.92661904309305,2.5,4.5,12,104.2936682877598
9.091422312539246,9.444119084791232,2.5,4.5,12,128.67148159983336
8.424027778852558,8.1157122416458,2.5,4.5,12,86.59236740368063
6.069579561738562,5.601538947637141,2.5,4.5,12,115.48748639296
6.514308887555223,11.330891696332722,2.5,4.5,12,106.79210812869589
7.085905061222818,9.781805220962738,2.5,4.5,12,94.69124005463624
8.643245375522188,11.223692510933375,2.5,4.5,12,112.97655607812942
6.298521983716806,7.826257661930418,2.5,4.5,12,110.68249343000936
7.068224482522588,10.50513605889297,2.5,4.5,12,110.35534309457104
4.966238446955487,7.616783016896854,2.5,4.5,12,104.75512958145968
5.4836115339151466,9.776727910813197,2.5,4.5,12,112.76770224674672
8.427902975985527,8.487098228260939,2.5,4.5,12,99.56493448908104
8.912783470204898,11.529573110168348,2.5,4.5,12,106.7970532334824
6.798128925355915,10.517041128578157,2.5,4.5,12,117.50807368453856
8.968294126012273,8.059771809779942,2.5,4.5,12,130.00658818795114
6.056952772321573,6.369467191274957,2.5,4.5,12,105.97629385997531
6.601666546877516,5.98343287293023,2.5,4.5,12,112.14961449171273
10.241047034702794,10.846877876211064,2.5,4.5,12,121.87649476841624
4.983487779154731,7.05584586394164,2.5,4.5,12,109.92131660433922
7.1362646459907415,5.548270232853293,2.5,4.5,12,128.59999832513338
6.079638624067366,5.200782960582482,2.5,4.5,12,113.16226234184931
7.594626716561367,10.858247340295913,2.5,4.5,12,90.8771460987244
5.755640585373779,8.391500653665043,2.5,4.5,12,101.60229457267516
8.859683840508332,6.510812112258552,2.5,4.5,12,112.77412737760554
6.8683324863368505,5.566997591659296,2.5,4.5,12,109.91261890054788
7.049189201593388,11.678783792678493,2.5,4.5,12,117.46948328355306
10.426132171455023,8.292041212313999,2.5,4.5,12,112.7286762493866
8.145223346028187,9.964274848683278,2.5,4.5,12,100.16536366734964
6.2534206354663615,10.820954605288389,2.5,4.5,12,90.42259357233446
8.16571135566741,8.0655924506534,2.5,4.5,12,108.48810861755854
5.232217197986377,9.124669332665194,2.5,4.5,12,95.02701297058684
7.1051810077385165,7.171005870890621,2.5,4.5,12,104.72300105443972
10.519597699801716,5.887463020636317,2.5,4.5,12,142.16221791090464
8.38448212893015,11.916050702674925,2.5,4.5,12,113.0012485609579
6.028529140020815,7.814209976067097,2.5,4.5,12,112.44357311159536
7.626575908093847,9.24501110443509,2.5,4.5,12,91.86917571468966
4.9867229606243,6.875215890740842,2.5,4.5,12,106.45393952447566
7.581702896719868,11.28707879120267,2.5,4.5,12,110.90488626846331
7.33336545875175,10.501256646941831,2.5,4.5,12,107.45711860784598
8.914359144074632,11.381464457746556,2.5,4.5,12,109.10082399592628
6.420280960017892,9.540071954872191,2.5,4.5,12,101.56543364228683
7.317159169574295,11.288343040474118,2.5,4.5,12,117.88833322828076
7.402639656254735,5.540912952663655,2.5,4.5,12,122.76778447711544
10.541448352533124,10.327159488957353,2.5,4.5,12,116.4051089483847
8.646484464065038,11.469480336105796,2.5,4.5,12,90.11058450281917
7.918311364934466,6.935586725550001,2.5,4.5,12,105.2453699221887
7.127326708569392,6.581561977255643,2.5,4.5,12,99.03746617596272
7.9332357402923535,5.921721156226159,2.5,4.5,12,100.68892626145784
7.371358661654731,8.131502543549479,2.5,4.5,12,93.69525540555804
7.101488845019819,8.870995314173586,2.5,4.5,12,109.3014991223568
4.694067681551911,8.291732829253892,2.5,4.5,12,107.00085095843134
8.415970655313972,9.9851941484726,2.5,4.5,12,117.67694034117392
9.52188387708041,5.850565761414632,2.5,4.5,12,99.18680403386377
6.560237920642921,9.034127824679617,2.5,4.5,12,93.0556886411008
8.690239020364343,8.473032058800001,2.5,4.5,12,108.49637119628947
9.653090198618862,5.244976582652838,2.5,4.5,12,91.5877515425829
7.407317183839326,5.137936309118097,2.5,4.5,12,106.30034384150484
4.963481422022428,8.481905709620545,2.5,4.5,12,91.166805517588
6.569543711012512,7.606201161174812,2.5,4.5,12,106.93954191560262
8.951439304414487,7.412865785649131,2.5,4.5,12,84.7231899774627
10.78788503977887,5.739702353216605,2.5,4.5,12,130.55071323894612
6.416248645444888,9.914998502308071,2.5,4.5,12,110.67633670739458
7.898997286918278,8.059222418897793,2.5,4.5,12,108.93648968069114
5.748425320356635,10.189685450228996,2.5,4.5,12,101.4397990037341
5.536544720273684,5.618770202376353,2.5,4.5,12,103.0210375424692
5.488451624920359,8.627200946374806,2.5,4.5,12,101.34692222363316
7.91985415547714,6.3145012392371775,2.5,4.5,12,95.24591489265164
5.259952895877873,6.658704359498723,2.5,4.5,12,89.70344982769626
7.621697126767412,9.365547458289496,2.5,4.5,12,91.60637741515929
8.448497252475951,7.1413420914473456,2.5,4.5,12,105.34457933088808
8.831769234045591,8.248208275814429,2.5,4.5,12,130.38147111311216
8.679657664360445,9.694044664830647,2.5,4.5,12,88.24845424599856
6.562421187653603,9.30575989166249,2.5,4.5,12,108.74798393607998
8.293605694741936,7.558519293176996,2.5,4.5,12,79.92416047875092
7.922046139809619,5.521966398905095,2.5,4.5,12,84.63635992854142
6.000924192969772,10.50482102426754,2.5,4.5,12,114.80914703758206
6.04488120878608,6.99446965094404,2.5,4.5,12,115.84247133393224
5.235627683097476,8.585841475595393,2.5,4.5,12,102.08858485383018
4.433894380675271,8.08704902977355,2.5,4.5,12,95.17267803841467
6.604433387295769,5.372730511980632,2.5,4.5,12,110.00183647456468
6.5710175692046455,7.312081223444969,2.5,4.5,12,107.10454563597244
6.790830630865631,11.297827320979636,2.5,4.5,12,87.13122324898265
6.280440799640866,9.620214292180554,2.5,4.5,12,100.0004338046179
5.725440689219705,11.013273008761283,2.5,4.5,12,104.33341454260012
5.984378300692758,11.035482411812984,2.5,4.5,12,104.742817486606
6.263958862560713,10.64292503237819,2.5,4.5,12,121.44880572915984
8.971642403975055,7.962596026279576,2.5,4.5,12,110.35127795356368
9.230095926866316,8.359930631207915,2.5,4.5,12,82.56617146871443
6.006916660327344,10.13400349530374,2.5,4.5,12,98.03590880539068
6.818282608069551,9.725765293300002,2.5,4.5,12,117.68237869916044
4.693337789246586,7.838136174972487,2.5,4.5,12,98.99211801777032
6.729810352509595,5.768897621185768,2.5,4.5,12,100.80626707130526
8.60071951118966,5.692854559552025,2.5,4.5,12,118.86681448511204
8.28245532947944,9.848872553571274,2.5,4.5,12,106.81973810419294
7.148098472418004,4.74443302166549,2.5,4.5,12,109.5468038495963
9.267482515203392,6.026910444895569,2.5,4.5,12,123.75890841655033
6.297725814068688,8.054909175550762,2.5,4.5,12,98.8854533793228
6.271020062035572,10.192822507928884,2.5,4.5,12,97.79173447993904
4.963542542628989,9.366986593190708,2.5,4.5,12,112.76078193385128
7.361697636988648,8.990819576226716,2.5,4.5,12,109.4454914973048
4.945719985515463,10.075613305020338,2.5,4.5,12,84.46677424247744
9.45629831369952,11.095906540205046,2.5,4.5,12,101.33745223255286
8.667914657747398,10.60902967958547,2.5,4.5,12,87.08491095469975
6.299960600672204,8.575466745323071,2.5,4.5,12,104.83933608528278
7.108753636612252,7.362794242461985,2.5,4.5,12,119.12926464207708
7.375374126214401,6.999270664740685,2.5,4.5,12,84.21281206381276
7.642305386411643,7.320323306767922,2.5,4.5,12,104.54365093576118
8.20721195641998,4.712000926494422,2.5,4.5,12,96.2826925833784
8.993028934593633,5.45508381205,2.5,4.5,12,64.09750414043606
5.40779753663439,6.238970047035925,2.5,4.5,12,83.42196086678021
7.634752831724175,8.050877080201262,2.5,4.5,12,100.91729720800242
5.503595037694351,7.254070572189304,2.5,4.5,12,97.30133712568734
6.027503350193541,9.288905136847267,2.5,4.5,12,95.72174435648354
4.971097318771676,7.449398970441816,2.5,4.5,12,110.49480207624114
4.958146178838023,9.662861321339188,2.5,4.5,12,99.02031667103336
10.249027263848426,11.114361348977448,2.5,4.5,12,111.18921242236688
7.91574350769812,6.7341687694427455,2.5,4.5,12,103.45931568187405
7.047748766661935,11.59297856819889,2.5,4.5,12,93.56084473699654
9.085576225564369,10.095022114445934,2.5,4.5,12,110.99026867518064
6.780763710800322,10.99142716401486,2.5,4.5,12,104.89686161230316
10.850329218028572,9.5094272166375,2.5,4.5,12,111.20679092381188
8.659877950195964,10.76411408376834,2.5,4.5,12,83.11948057088728
7.628849348095828,8.16046881718833,2.5,4.5,12,102.63946877207846
5.794228101421575,6.438290620800952,2.5,4.5,12,99.39381646994477
5.759102054776417,9.73734181404424,2.5,4.5,12,96.01645974684637
9.179106875448763,11.237300689610912,2.5,4.5,12,101.0089311849632
6.5682163946418886,8.023331524830448,2.5,4.5,12,94.26129901110826
5.231159995261952,8.252304796502038,2.5,4.5,12,106.91237267721505
5.106069035182808,7.611956807448238,2.5,4.5,12,95.46768856094072
11.304823263943147,8.786497705632616,2.5,4.5,12,54.56749499369376
8.314023855815904,6.741155480658587,2.5,4.5,12,74.72222707495786
8.041657660029676,7.1583555351172885,2.5,4.5,12,121.03037929773218
8.696786060185948,9.16313599091156,2.5,4.5,12,114.36635649696828
7.586333358531114,11.642960456634142,2.5,4.5,12,108.68458779920616
6.015110509070936,9.751446093333518,2.5,4.5,12,96.89941516065612
8.71494003478202,6.672525597234864,2.5,4.5,12,96.22625816240236
10.258695001917484,10.039077759195322,2.5,4.5,12,100.81366285556872
7.051739841781694,11.017605346658186,2.5,4.5,12,100.96680198727226
11.073891123409275,10.209486717621177,2.5,4.5,12,116.17224961629498
9.392709641525554,5.674662517813796,2.5,4.5,12,84.52707753131442
5.493769566938831,9.631407596209272,2.5,4.5,12,76.06412730146681
6.579236209165452,6.987268189299365,2.5,4.5,12,105.08983286947388
6.325258731691662,6.591375211826022,2.5,4.5,12,119.22052184433451
7.126417188337336,6.388939495950028,2.5,4.5,12,78.36599404280446
8.604250976119857,6.679946406686908,2.5,4.5,12,83.82599104569444
7.625829861131862,8.776840276614003,2.5,4.5,12,93.45920384810758
6.032596121856793,7.387621130499524,2.5,4.5,12,105.32746138483672
5.779585410216889,6.986338139539939,2.5,4.5,12,114.62899292852865
5.667368018689954,5.821363299075062,2.5,4.5,12,97.42977371542705
7.230163564268694,8.304754137871862,2.5,4.5,12,103.94194091022558
6.8336461833443165,8.500953173262623,2.5,4.5,12,113.05291862275814
7.278037746072124,4.9653790022,2.5,4.5,12,100.08726543405244
10.199307067228547,5.246683633662165,2.5,4.5,12,60.36304505499772
9.25211594326561,6.709690981798271,2.5,4.5,12,81.99250165752558
7.357252412569732,9.354719326572262,2.5,4.5,12,101.70784695140324
10.778619980204082,10.841685742148568,2.5,4.5,12,104.66702361663287
11.33350618869682,6.457270399650584,2.5,4.5,12,38.29344098757659
5.509123856443907,7.035067803684735,2.5,4.5,12,98.23786558519213
6.250871586977842,11.07015511071256,2.5,4.5,12,99.5866947080845
4.696335176725048,8.614465975276078,2.5,4.5,12,99.8085912686562
11.4369542301086,8.763427303807951,2.5,4.5,12,126.47039270136791
6.515767004395769,11.476375244876827,2.5,4.5,12,101.97461381171678
7.65390402439895,6.7875364342000015,2.5,4.5,12,106.4641411089378
8.19767093617145,6.340569213107439,2.5,4.5,12,87.09278640966127
4.716484717784869,6.875313933670453,2.5,4.5,12,108.53253501136976
9.4983961382315,8.278103494627718,2.5,4.5,12,87.51125479598404
9.894689557464693,8.287832112929395,2.5,4.5,12,81.0272829468493
9.456387816657296,10.96672623457941,2.5,4.5,12,92.24964908148402
4.557253314273596,9.21183327621068,2.5,4.5,12,113.8488006833209
8.372800637038562,11.251163876242346,2.5,4.5,12,96.3271600612538
6.033589678185371,8.157617650058562,2.5,4.5,12,96.24374844803528
7.898712512558759,8.850260922621617,2.5,4.5,12,97.71512553832171
8.243738181980582,11.72097047835218,2.5,4.5,12,112.20003139081103
8.140296170144127,10.119392004130075,2.5,4.5,12,106.97216743377508
7.102968207927315,8.344221418669024,2.5,4.5,12,99.18715254958737
6.827519111035886,8.965357450854663,2.5,4.5,12,104.7836905513336
5.213907502814333,10.151047461480056,2.5,4.5,12,101.840766013012
8.114553798050656,11.260585124373616,2.5,4.5,12,113.01542389681906
9.751719876773594,9.403963938402674,2.5,4.5,12,105.45825090831374
7.386974644282687,6.899952542355272,2.5,4.5,12,89.15922595899868
9.896804052240986,9.726514843527154,2.5,4.5,12,79.08317060346104
7.350049106543015,9.785196288619131,2.5,4.5,12,95.33353197809951
5.89858798416565,7.811299908708889,2.5,4.5,12,74.3879798790614
6.801119547826784,10.394777607228454,2.5,4.5,12,89.41071923237878
6.40047430910658,10.344604293332033,2.5,4.5,12,116.8981034092774
7.366068149067775,7.415794744684274,2.5,4.5,12,112.93316044157352
7.358608448434275,9.185547642372663,2.5,4.5,12,96.20114389813948
7.66792036922465,5.138363052596733,2.5,4.5,12,87.69514912683698
8.430943672122632,8.32543824477727,2.5,4.5,12,99.29031167453054
5.487242331632819,9.404873995298878,2.5,4.5,12,107.99781235107082
7.370022251506069,7.575509806991359,2.5,4.5,12,90.14664780421514
5.396908458776375,5.827796153838476,2.5,4.5,12,85.19488337163207
7.132250534150924,5.950049449293068,2.5,4.5,12,108.08324955428309
5.879954048401374,9.850047432306807,2.5,4.5,12,99.82083742748674
5.767680186575188,8.041151058672538,2.5,4.5,12,106.92502901590736
8.424754777286243,8.660034285537746,2.5,4.5,12,91.03224112746734
8.677797660175255,9.81598113245664,2.5,4.5,12,76.57574813801325
6.824344191640215,9.401158328482564,2.5,4.5,12,110.76073035088534
11.310656535096632,6.644034621889557,2.5,4.5,12,115.25930891104824
6.779330747412009,11.433348281163136,2.5,4.5,12,81.98831146852598
4.433197730959954,8.513593874805084,2.5,4.5,12,93.21630348298152
6.3126195657153685,6.804952044836556,2.5,4.5,12,108.93873627307114
5.798667959280342,5.858553926291688,2.5,4.5,12,114.7714776815221
6.166599446494943,7.415281564283994,2.5,4.5,12,81.83247958611516
8.165718485138592,7.326890360320978,2.5,4.5,12,96.04165428754372
6.817348702654939,9.960926152062232,2.5,4.5,12,77.31329090609944
8.319067085554384,4.92363359577727,2.5,4.5,12,89.68828361735805
7.632094642475923,8.977928576249326,2.5,4.5,12,100.29528291568906
8.960934203204824,9.516335860581464,2.5,4.5,12,95.74916757338949
6.411610676091663,10.004243304964984,2.5,4.5,12,79.98272931607596
5.3498397025160775,9.59992713261865,2.5,4.5,12,86.57699878191421
5.793832769887079,6.027409778788575,2.5,4.5,12,109.65689027958784
4.694929205100895,8.074619060859352,2.5,4.5,12,91.57091753357533
7.2276356138751,9.099530881870615,2.5,4.5,12,112.27591685007108
10.235237050931138,11.240515472512048,2.5,4.5,12,100.12466104331357
7.13622472819455,5.352881104586801,2.5,4.5,12,112.4137153464475
9.903709417932138,8.030134010133201,2.5,4.5,12,87.17742297607496
10.265857963199815,7.622371122453061,2.5,4.5,12,100.73295579414788
8.648442568172674,11.93203799164984,2.5,4.5,12,77.86431701340607
6.021684864745371,9.41827622665,2.5,4.5,12,93.23551417690386
5.990608104077851,10.961572648666111,2.5,4.5,12,116.90642280611532
6.066312869328899,5.855792419157034,2.5,4.5,12,101.32766518336888
6.461823862059217,6.384577572106784,2.5,4.5,12,111.05415978459736
6.870384208826749,5.790565116440769,2.5,4.5,12,95.7434681370708
11.331094733471248,9.945441797573633,2.5,4.5,12,104.62167038666794
9.9307580044,5.639357961410633,2.5,4.5,12,82.80997144071566
6.586319266099131,6.819472820344792,2.5,4.5,12,99.93543156281316
6.5690123422406295,7.427310263257716,2.5,4.5,12,106.96250859670371
4.964004381169534,8.223650092291809,2.5,4.5,12,105.7910327471502
7.100957906984073,7.717349738891129,2.5,4.5,12,106.61871993574424
5.50437677835159,7.463718774762007,2.5,4.5,12,108.60497273596596
7.264181852598615,5.739795910800317,2.5,4.5,12,99.65544537304518
10.552012196227626,9.913763861253182,2.5,4.5,12,93.7361092506392
6.959253608165981,9.10395522431834,2.5,4.5,12,103.15216549013536
7.61163137501066,9.935737250006351,2.5,4.5,12,78.40932390309783
5.7330912423986335,10.534823541729637,2.5,4.5,12,108.0440419133264
8.544025778480243,10.166723349115085,2.5,4.5,12,86.86378994870721
5.2381387940722846,7.334183663799998,2.5,4.5,12,94.60403859088495
7.398692728495707,6.379164036061542,2.5,4.5,12,82.22189559284514
8.064852847577079,5.718820287789522,2.5,4.5,12,80.32255760173129
7.060193710147703,10.754409809569042,2.5,4.5,12,87.47843325907557
6.535338303783916,10.694612519624188,2.5,4.5,12,103.28727178185304
9.205910477754138,10.392324860264692,2.5,4.5,12,101.94610307545824
11.00072104230512,6.880004750648123,2.5,4.5,12,114.45430706703972
4.968137457359285,8.873328993760335,2.5,4.5,12,92.16973063262964
10.3425205128432,5.8081268145,2.5,4.5,12,54.27588678504745
7.5870094269751,11.185618838954282,2.5,4.5,12,93.91676801871054
8.661571385730534,10.491626795534934,2.5,4.5,12,80.33937982251595
8.291068694911457,9.093020913646372,2.5,4.5,12,90.78257054982832
5.600460772301608,10.74582625847883,2.5,4.5,12,110.93521261290226
7.3820040188648255,6.743288781540444,2.5,4.5,12,95.7952874121922
6.299921684938155,7.370329795798084,2.5,4.5,12,92.2134798207376
9.407522868422316,5.269605087017065,2.5,4.5,12,88.3623570945082
7.894216438809601,8.972101563853187,2.5,4.5,12,96.53715217837144
5.49998920625964,7.619563821457654,2.5,4.5,12,102.5455961516674
6.697717707007242,8.32232582305065,2.5,4.5,12,95.57777810287872
4.691853549596738,8.993561095793021,2.5,4.5,12,108.83323345331443
7.633099800439882,7.753330350782814,2.5,4.5,12,89.24396619221181
6.862856429823976,5.962218312477322,2.5,4.5,12,115.82486774864152
5.5356614128082136,5.852226820160008,2.5,4.5,12,103.0147285056848
9.758896666259243,7.825863623221664,2.5,4.5,12,78.21538258164848
7.200033552144395,10.701477572208976,2.5,4.5,12,113.33010648532226
6.825735201792643,9.563393681176816,2.5,4.5,12,101.96282423176989
4.961725652156168,7.823547738892635,2.5,4.5,12,105.0200096427044
5.144082773017533,6.057169432650484,2.5,4.5,12,103.13245219338552
11.0275206619728,9.272583268240007,2.5,4.5,12,95.62964621936544
10.806790536454209,6.575047225511672,2.5,4.5,12,43.0758846290515
6.597325206075946,5.523414715749999,2.5,4.5,12,105.09276971045288
8.161614912870688,8.199974963379018,2.5,4.5,12,84.3151304755119
7.658678733007094,6.352848213090302,2.5,4.5,12,89.62681683193101
11.68884882637968,7.990463689299409,2.5,4.5,12,129.61770807915485
5.232833044503394,9.327168355049988,2.5,4.5,12,90.15093420751968
5.206837191338454,10.2724125229008,2.5,4.5,12,100.2258583464996
6.053872282670947,6.6474571812402585,2.5,4.5,12,104.22591115772563
6.56161163064679,8.149439332070477,2.5,4.5,12,105.13756945188771
9.3597005829265,8.217056335752275,2.5,4.5,12,86.93650191897119
4.429163252612855,7.838850351080787,2.5,4.5,12,102.8240802056182
8.024839683107738,7.916670523166974,2.5,4.5,12,92.70937216302076
10.881654783305382,8.14225725172172,2.5,4.5,12,96.3157069104118
8.685090678483126,9.263671174677937,2.5,4.5,12,87.71689047268535
6.246717246909159,11.409990883255585,2.5,4.5,12,110.5764431297123
6.042449252613301,7.248600974727491,2.5,4.5,12,90.1049149040482
6.252732176388504,10.937345948836215,2.5,4.5,12,100.745173060874
9.396054600975978,4.852516103794136,2.5,4.5,12,101.03826739586974
8.156126618154742,7.863108707765267,2.5,4.5,12,92.97658772225098
7.917729538221568,6.548378271250002,2.5,4.5,12,89.57106412175551
6.29290735390089,9.281614419249932,2.5,4.5,12,107.47855073267668
7.75490524909629,9.313251472136775,2.5,4.5,12,72.22956259651099
8.004645854984933,10.658102605787304,2.5,4.5,12,110.57610619131812
9.182797501425222,11.616253629,2.5,4.5,12,91.15288050822056
9.05088791560879,11.67508179575578,2.5,4.5,12,88.43811853309754
8.959326462586109,9.642827179994011,2.5,4.5,12,93.00767880421536
5.498248463506255,8.091864414087285,2.5,4.5,12,94.6741829803599
7.889509667780874,8.734810444890794,2.5,4.5,12,89.05649242065682
10.794080569587663,10.084456674628743,2.5,4.5,12,104.25649074719446
5.231724198019811,8.454928212579555,2.5,4.5,12,104.41996029875914
10.2848278251497,6.932624223371801,2.5,4.5,12,104.91721070812804
8.576247118965972,7.100156753015933,2.5,4.5,12,92.2464205739273
6.970067846804825,8.295586395540004,2.5,4.5,12,85.00579826191878
4.946984023550795,9.892060763989306,2.5,4.5,12,109.45929591197248
8.957457934907952,8.490895724933496,2.5,4.5,12,91.6099874823557
6.834198271019981,7.590837023757814,2.5,4.5,12,73.67816020164217
8.567043585742786,8.653999412339186,2.5,4.5,12,108.9740648105748
8.169241288703917,7.194425482702496,2.5,4.5,12,96.65139776655997
7.342845555173109,10.10227273684348,2.5,4.5,12,101.89221857732502
6.005334410941893,10.255371735287277,2.5,4.5,12,94.694116058078
7.534459676480016,5.728294526073795,2.5,4.5,12,92.1431992163325
7.34044437436865,10.369278109216204,2.5,4.5,12,101.7976697129879
8.193326707690023,5.538379691710721,2.5,4.5,12,107.23910750960285
6.851148520481956,6.364827655888692,2.5,4.5,12,92.7938573069078
7.465621710292352,10.706336977237145,2.5,4.5,12,100.31257479406946
9.230273949514364,7.0835692835584805,2.5,4.5,12,85.36920135820976
6.749570509946241,5.165090771646411,2.5,4.5,12,98.75134306449648
5.093062276730033,9.474988173060032,2.5,4.5,12,94.64802063871664
8.156269281590166,9.24900694704401,2.5,4.5,12,98.1121388777324
5.7295855642146165,10.940639510787308,2.5,4.5,12,103.86140988305247
11.547172949278536,7.872129834411324,2.5,4.5,12,109.1396446520605
6.158063345146768,9.1546104278243,2.5,4.5,12,114.83788604057176
7.579330090642976,11.44332681971037,2.5,4.5,12,89.90018943681552
7.740393799446743,10.677455658951514,2.5,4.5,12,88.4783704852554
4.696871108422737,7.6758381823000015,2.5,4.5,12,89.91546201470986
8.420617564929552,9.328621624062173,2.5,4.5,12,86.96933516112226
6.168384554815598,9.023541231936148,2.5,4.5,12,89.69070583578579
7.847347472534056,11.008625852601147,2.5,4.5,12,101.12880412560608
7.893804063809857,9.185999492624097,2.5,4.5,12,94.44433158432948
8.979005158514902,5.84579643780376,2.5,4.5,12,51.12614324370471
9.047849593327555,11.435889102570837,2.5,4.5,12,99.143820060339
7.1844159224714765,11.49421026558088,2.5,4.5,12,102.56687135736142
9.187083068234028,10.837051546694378,2.5,4.5,12,102.73516336819443
9.190269795998192,11.422649401850002,2.5,4.5,12,62.35660860470495
10.984378831930156,7.527787890949999,2.5,4.5,12,39.38342682438813
9.490047960540432,9.560931858115651,2.5,4.5,12,70.26783084903602
10.16528643830401,7.949215940580712,2.5,4.5,12,37.010884274908086
8.118668015428126,11.046563434379111,2.5,4.5,12,82.44834717927611
8.41152018233663,9.724606262340917,2.5,4.5,12,96.22505422975205
6.96800879090453,7.731405743984248,2.5,4.5,12,68.2668401984856
5.762508876475494,8.206876107472462,2.5,4.5,12,108.70596449494263
9.138410342593335,5.228030705623708,2.5,4.5,12,90.54580257387497
7.368213669129945,8.88603029488321,2.5,4.5,12,86.07168463306856
7.660845407150793,6.541722711226545,2.5,4.5,12,105.4937980871906
6.59561521077958,6.547705768075329,2.5,4.5,12,87.20348646498343
7.911022403638062,7.26737647027934,2.5,4.5,12,86.42325170178825
10.786243774649767,5.636729276596309,2.5,4.5,12,114.7621008776429
4.704228619219601,7.293555762898513,2.5,4.5,12,96.56644249643917
5.621751510946915,9.619812822876046,2.5,4.5,12,68.7985042204242
8.296766383484568,7.277241244050002,2.5,4.5,12,69.30826210013761
5.7589188171070935,7.9004181727863,2.5,4.5,12,99.92953068722538
8.726097609117616,6.899039705091722,2.5,4.5,12,107.40150033509867
7.857459691315797,10.900934905517111,2.5,4.5,12,92.16695777264216
8.570499460572197,8.260569916699433,2.5,4.5,12,103.17608387697076
9.22235533003817,8.63238678298517,2.5,4.5,12,80.56134307604735
11.580893136660078,7.426687621356377,2.5,4.5,12,110.41495770221692
6.325390014880112,6.194264574555917,2.5,4.5,12,91.2934236354622
6.057538034615004,6.473979123517427,2.5,4.5,12,107.36434892451358
7.630967450206015,8.558897887896377,2.5,4.5,12,78.11104854018663
7.105734280023606,9.11627674787942,2.5,4.5,12,81.38471135773307
7.592661104020676,11.036225516968956,2.5,4.5,12,82.85853936412386
11.155019421787848,8.604732801623868,2.5,4.5,12,77.0373366223515
5.103595804071573,8.6474266729339,2.5,4.5,12,86.31293818263416
10.426998817333889,6.760658653086318,2.5,4.5,12,119.75118512768928
9.450672918659428,11.34505307509054,2.5,4.5,12,84.42174347452942
6.600362844659529,6.1800073997059135,2.5,4.5,12,93.6451330165128
5.498890226409622,9.01720175437312,2.5,4.5,12,118.34826882873035
7.076215721190075,10.118999017635543,2.5,4.5,12,106.67692358566364
9.7965616778457,5.868648666002642,2.5,4.5,12,93.1461737107815
9.781737530067025,5.428861455962563,2.5,4.5,12,86.26971602545582
6.249040733296328,11.222698284466556,2.5,4.5,12,99.6193546642117
6.794448619493436,10.771020561108894,2.5,4.5,12,81.57334481313472
9.180972791919652,11.348039369321524,2.5,4.5,12,74.82728969536855
8.690285501685628,7.761424413349275,2.5,4.5,12,90.19991233490046
11.804886599487237,7.695229819234217,2.5,4.5,12,88.36280975093008
6.3001179382086026,8.37703781942921,2.5,4.5,12,86.46555768909387
9.488549779808215,8.606169152167588,2.5,4.5,12,71.34530519444868
6.806306112610544,10.254695848799331,2.5,4.5,12,97.62112593812974
4.965000115421063,8.630143928938097,2.5,4.5,12,103.53798248317511
9.766532236536092,7.958941694960595,2.5,4.5,12,91.3000231424064
7.370874679379082,8.753530946378298,2.5,4.5,12,95.87987824797855
7.340345631299113,10.2268585871,2.5,4.5,12,85.004026146322
11.459216858632503,8.969551485095476,2.5,4.5,12,106.42543325123644
8.727627894659834,5.508303141561705,2.5,4.5,12,92.75289002068573
10.124280823130356,9.77590260895236,2.5,4.5,12,89.06436575779983
8.425280500853242,9.125817647234069,2.5,4.5,12,74.60790514424664
6.310799324417614,6.99900201843173,2.5,4.5,12,99.3042291426874
11.115282089277857,7.292764384838113,2.5,4.5,12,69.8625775263809
8.953685584467935,9.270225935300004,2.5,4.5,12,81.22628384436904
4.996003668075272,6.674173895621991,2.5,4.5,12,105.42815210241596
9.482941002882171,8.115483352450584,2.5,4.5,12,88.61326263614792
8.43450123251942,8.834169998889225,2.5,4.5,12,89.26922712136006
6.699162293327524,8.608825320985531,2.5,4.5,12,93.98276616015272
6.515815197239892,11.202005436722253,2.5,4.5,12,96.26744074381516
5.34822273207653,9.960603779918094,2.5,4.5,12,86.52016947664384
6.386830287767909,11.119973824821678,2.5,4.5,12,76.84275816451338
5.264022226799651,6.252277688550001,2.5,4.5,12,100.9919265482504
5.225124137098508,9.435407642056594,2.5,4.5,12,101.94802279712913
5.225636150594244,9.532325745710017,2.5,4.5,12,83.79177376945059
7.0958851667971246,8.98833829487463,2.5,4.5,12,86.96642657835545
8.311047826501751,7.086930425572121,2.5,4.5,12,99.8453515794236
9.1811018845059,11.774292809704914,2.5,4.5,12,94.0381932304822
5.497943131359437,7.818352512232995,2.5,4.5,12,100.5612445523426
8.926570521732229,11.113578163449793,2.5,4.5,12,67.68459901962184
5.917630748280995,6.780955705938102,2.5,4.5,12,105.69401698230617
8.587638127414568,6.0567074450648,2.5,4.5,12,56.07525026635468
4.703787101751867,7.44296989054388,2.5,4.5,12,102.2494021195636
9.449689261047869,11.592335337950088,2.5,4.5,12,99.52609653014584
10.729360065031692,8.766355808932014,2.5,4.5,12,81.07490859090572
6.473167949729305,5.594633625263805,2.5,4.5,12,96.5034214169316
5.363049568364967,9.234846420190436,2.5,4.5,12,73.98220504407549
5.897996314276036,8.674319257283344,2.5,4.5,12,96.45923157305694
9.973873052667452,11.25508193261784,2.5,4.5,12,84.86236406542719
6.9619882450033055,7.906155930007904,2.5,4.5,12,83.75001054416651
9.466300411741871,10.753251812097188,2.5,4.5,12,75.47259067474731
8.728170074307146,6.298135313438285,2.5,4.5,12,72.64513775214834
5.081782292999445,10.004660464932703,2.5,4.5,12,95.63479525840675
9.802616103683484,5.646215271289827,2.5,4.5,12,76.3975068221425
8.160807416878104,7.566238925298442,2.5,4.5,12,92.82704145114693
10.531890006266618,10.713060692369003,2.5,4.5,12,95.7158304648718
7.228839181797768,8.74379752962806,2.5,4.5,12,96.41029330413151
6.025806774755489,8.882885832506526,2.5,4.5,12,92.83701433560822
10.903767197627763,5.708440736188304,2.5,4.5,12,115.56405779745782
7.800367504977302,4.500101316566522,2.5,4.5,12,95.15564339696525
8.246601568949915,11.4568148537,2.5,4.5,12,89.42776715716357
9.516786390657913,5.468026183642313,2.5,4.5,12,69.80853978318629
7.639576831587395,7.14508906151529,2.5,4.5,12,84.41995059757464
5.251107687088352,7.0333668189348,2.5,4.5,12,101.95040465631328
9.893232488974029,8.569132838526595,2.5,4.5,12,93.52066904106908
6.027960468980036,8.986424459120178,2.5,4.5,12,87.46558079011349
6.693359847215793,8.727087424000706,2.5,4.5,12,96.2760959128271
6.594467432066407,6.3411280728044765,2.5,4.5,12,95.19417591003572
7.768633761646887,8.280620773115576,2.5,4.5,12,89.44083682016432
6.8350066415575865,8.371165461927266,2.5,4.5,12,94.25344315278788
7.894866546402393,7.769965463478535,2.5,4.5,12,106.72704704756153
7.890462553436,9.344223703522442,2.5,4.5,12,102.84782294941569
8.468396041955694,5.843651848735403,2.5,4.5,12,78.8556535462582
7.602667835346994,10.510530678873351,2.5,4.5,12,90.95828296648205
6.147573444685683,9.566998621031251,2.5,4.5,12,83.98578085112544
7.859764732196488,10.774351530369772,2.5,4.5,12,76.4000233875337
4.9731472596966295,7.26541017052123,2.5,4.5,12,90.3492408023208
6.340980654243781,5.187969282013094,2.5,4.5,12,103.08540643590254
6.776540622659867,11.482238683211564,2.5,4.5,12,88.47065022186868
11.6931107088162,7.372750297365017,2.5,4.5,12,100.67407764334712
7.11843208326657,6.32914286293988,2.5,4.5,12,90.43229802013832
6.999314333583054,6.1847199778557815,2.5,4.5,12,86.93300625792494
5.496299024491595,8.235047478007862,2.5,4.5,12,104.33866533769768
5.262409237349736,6.44320203961177,2.5,4.5,12,88.25953573337412
8.332813919830532,5.716312765719599,2.5,4.5,12,86.23654460643522
7.12501255963603,6.812937681450162,2.5,4.5,12,82.33871111181848
9.061980179666222,10.62083252163903,2.5,4.5,12,99.75302257729754
7.38996551724578,4.694614722163739,2.5,4.5,12,65.32018061692482
6.000924791466374,10.702526471258134,2.5,4.5,12,77.19910032521625
7.899279220993111,7.928782623132435,2.5,4.5,12,80.44181310414783
5.754772584408347,9.912857356678954,2.5,4.5,12,82.11549516538072
6.342841135665585,5.0792638417,2.5,4.5,12,78.16970527980381
4.717353189232543,7.062728045290302,2.5,4.5,12,90.73930459195032
7.797861893438029,6.103956783448188,2.5,4.5,12,94.91379454923852
11.615109756355835,6.881563031356022,2.5,4.5,12,99.84180673204035
8.423421951786557,8.040269668699999,2.5,4.5,12,72.20477538804714
8.652786376010242,10.895367213351022,2.5,4.5,12,89.53194398302148
5.6343760224322175,8.621154539730252,2.5,4.5,12,101.20021285133096
7.839360377074349,11.339231667374015,2.5,4.5,12,86.51776305597487
10.279114431992728,8.404701155100069,2.5,4.5,12,76.78460356172586
6.851320353572437,6.949053684593583,2.5,4.5,12,100.8838066962791
8.158038370880545,8.546253326838873,2.5,4.5,12,68.07094797668604
5.4675390684819325,10.656688982023098,2.5,4.5,12,97.48708888652013
9.332213966308474,10.842333263052268,2.5,4.5,12,80.1456867274848
5.499914448612256,9.975139141916667,2.5,4.5,12,78.46981176305944
7.238676885095437,7.5104777967296865,2.5,4.5,12,103.88991975842626
8.340028113062997,5.290553801553251,2.5,4.5,12,98.59769963509268
6.282821238953085,9.436815503097217,2.5,4.5,12,87.6714530143596
7.810419420558089,5.183365186042519,2.5,4.5,12,100.55730939205822
6.433402387685547,8.737688585569286,2.5,4.5,12,97.5517551714771
10.853225204349998,5.883310721558408,2.5,4.5,12,43.7613314382067
6.651116113639771,11.115106238819202,2.5,4.5,12,104.15628630574768
6.947755735699363,9.751761283466454,2.5,4.5,12,95.69471058063024
6.693892572738506,9.13283105530022,2.5,4.5,12,84.53160645458752
7.31735688231088,11.048894882231677,2.5,4.5,12,88.84214292525618
9.48591250133504,9.180264172551368,2.5,4.5,12,85.20494245407929
10.2749493283194,9.68974481387538,2.5,4.5,12,100.18712787224284
9.615047658643524,7.608315576982604,2.5,4.5,12,102.66181066763434
7.604129217155507,10.37851319801146,2.5,4.5,12,94.34118469313916
8.697852988425593,8.333934198425162,2.5,4.5,12,83.12089637932995
8.914545880672357,11.235400178846774,2.5,4.5,12,104.6896940628988
9.12421542296318,5.671465007099999,2.5,4.5,12,80.41078472678942
7.401946830924308,5.751184394751983,2.5,4.5,12,90.26734867640448
6.699441942945158,7.76850202000663,2.5,4.5,12,89.69504562543952
11.475002861313673,8.598522570337925,2.5,4.5,12,118.73063980900768
7.870900881682996,10.362694664719694,2.5,4.5,12,104.18119345313548
4.962631669269994,9.221059155902427,2.5,4.5,12,85.48618102887897
7.674113010333908,5.706367440728903,2.5,4.5,12,101.51795398826084
9.713380321718864,11.255928285938774,2.5,4.5,12,83.51012298361117
5.770683073873336,7.112859717246598,2.5,4.5,12,78.16546127402273
8.74213646166853,4.867865214572168,2.5,4.5,12,80.29176217108495
6.9964910197681895,5.749827971088932,2.5,4.5,12,86.7003237023003
6.56667189128949,8.403026580119196,2.5,4.5,12,99.78804847484702
7.845108699891592,11.550919015381949,2.5,4.5,12,72.37000789042536
8.539868846287092,10.339647930383729,2.5,4.5,12,86.19062280550402
9.540593812081667,5.052223423675312,2.5,4.5,12,86.4660283070992
5.762512704413735,8.914855090670509,2.5,4.5,12,98.0832090954434
9.21556315043036,9.664862322724897,2.5,4.5,12,89.15238853683425
10.986976046470788,7.149304785227746,2.5,4.5,12,113.13301010571338
8.021659071301482,9.077153765168568,2.5,4.5,12,103.71929379501373
5.616759407827592,9.805897234443858,2.5,4.5,12,88.26493175462788
7.141753975615491,5.150269590501142,2.5,4.5,12,99.63575160743876
7.469543061011126,10.344180465975866,2.5,4.5,12,79.97948058129076
5.231546095847678,8.987866484404542,2.5,4.5,12,98.03524676871032
11.29382429360594,9.39743803093906,2.5,4.5,12,115.67674050163454
9.985599215567827,10.046026027424505,2.5,4.5,12,80.3895000076711
9.25948588695126,7.561727191139752,2.5,4.5,12,62.27003047529798
7.740275002830935,10.33146162638063,2.5,4.5,12,88.05899773479723
8.260428063042632,10.645744210532891,2.5,4.5,12,89.17902174794021
5.63327187670495,9.404499595516564,2.5,4.5,12,81.53432450110883
8.184917447914252,6.525220719424961,2.5,4.5,12,99.90053283452224
4.960991266659173,8.032383644647831,2.5,4.5,12,96.57886645794184
8.962769196072758,7.685601845289045,2.5,4.5,12,77.97888126984748
8.818993837190204,9.83245818869129,2.5,4.5,12,70.88625017934147
11.441483967207375,9.08506964991624,2.5,4.5,12,103.9002209494878
8.164077573949552,8.695344825084446,2.5,4.5,12,92.38072013352014
10.259951903825767,10.583467436204296,2.5,4.5,12,70.69876926301787
8.037736617027269,7.4932813776284,2.5,4.5,12,91.1495181020644
4.829991934668772,8.04496068710005,2.5,4.5,12,97.62020877632284
6.464164067668984,5.771854791593897,2.5,4.5,12,90.65710256322828
8.649441206570451,11.633023700931496,2.5,4.5,12,79.8139981677937
11.819391742256649,7.815527184279185,2.5,4.5,12,120.26765443816046
10.009389471340604,9.94708384611106,2.5,4.5,12,74.57114966217011
9.737257866760595,9.674731491195928,2.5,4.5,12,100.07290368599767
9.980815668933213,10.431185023590524,2.5,4.5,12,50.33283259559712
9.520008971269466,6.436191853834772,2.5,4.5,12,96.60658065535816
7.888526422318349,9.475218646400002,2.5,4.5,12,78.0586683929021
5.735651590193079,10.705448387935924,2.5,4.5,12,90.54819184329098
6.700378888953801,8.14640768999119,2.5,4.5,12,93.29763556241392
7.1263175677910935,6.16335760843299,2.5,4.5,12,78.41145744226709
10.797319056807972,10.377531303301271,2.5,4.5,12,70.30351001812635
8.426238919472759,8.93365129100195,2.5,4.5,12,95.60111820976016
7.749621663587522,9.85826309156176,2.5,4.5,12,94.27750341925454
9.653883870673509,6.233066701098185,2.5,4.5,12,108.31860359325124
4.997153972998642,6.26281474005919,2.5,4.5,12,86.25766826984469
5.09477900803485,8.233873895850001,2.5,4.5,12,73.12855892464269
6.209867928083315,5.389437169110948,2.5,4.5,12,111.53709355599602
9.982904813202078,11.17210275494999,2.5,4.5,12,92.19811339597332
8.830335179054313,8.638058191194052,2.5,4.5,12,94.16618709432043
10.6053873743711,5.516910271664079,2.5,4.5,12,92.10069194716434
7.104952471455375,7.544088171671653,2.5,4.5,12,87.40928792805823
7.844247569060927,11.705615580250312,2.5,4.5,12,88.42763009290765
4.966336395181966,9.05637896911115,2.5,4.5,12,93.118849401031
5.743257457231653,10.30657797475,2.5,4.5,12,80.48052770740476
9.496045640029235,7.982494359105869,2.5,4.5,12,77.76767644065156
10.001099484979436,10.357598414784478,2.5,4.5,12,79.99257545501216
8.17805690474483,6.940433340862067,2.5,4.5,12,88.39929320478394
5.365713574139222,7.44219574989394,2.5,4.5,12,80.47308974762187
8.508565819908585,11.49677532192829,2.5,4.5,12,82.039785849897
9.75050570082355,9.94874587241331,2.5,4.5,12,89.24271437739327
7.210346922522787,9.926864943580318,2.5,4.5,12,85.42422328426096
6.129975240727487,10.356554379940674,2.5,4.5,12,86.04808096466405
6.561774418205859,8.222485412064946,2.5,4.5,12,83.10414940069172
9.49098603877863,8.404134311387825,2.5,4.5,12,69.36138714531552
9.221378614941512,9.94214648835,2.5,4.5,12,85.20707313270117
5.616717814290897,9.191618813083464,2.5,4.5,12,91.97061415712248
8.123016394245232,10.894522650493345,2.5,4.5,12,99.54829219113616
8.951650908894264,9.816873164900002,2.5,4.5,12,64.14599738737348
8.059007793680335,6.143098363719648,2.5,4.5,12,100.14785950518085
8.695928020197345,9.048948434797223,2.5,4.5,12,63.98941362823825
7.311837850214784,11.796104368237811,2.5,4.5,12,84.41839499519402
6.729685452347025,6.404719396093705,2.5,4.5,12,66.19786533418312
8.0261036311682,8.122579022979311,2.5,4.5,12,83.9664207131882
4.827100125612309,8.397679449550264,2.5,4.5,12,90.3270913750804
10.117367470587368,10.644904841081404,2.5,4.5,12,85.10379993549259
9.824038652433,7.170531152642423,2.5,4.5,12,88.29681421103264
8.385230403851269,10.889104627926018,2.5,4.5,12,113.57784554118489
7.798868419179396,5.725589925696869,2.5,4.5,12,107.78586385139243
8.017219794093652,9.503345043269505,2.5,4.5,12,93.0864556423246
8.700349160200192,7.612122817928036,2.5,4.5,12,79.05276084473671
7.899408401937968,8.3667691754749,2.5,4.5,12,85.8772330907693
9.591592609366804,10.889474486364268,2.5,4.5,12,76.31720677588602
10.82655952929546,7.328009067567386,2.5,4.5,12,106.24091527017794
5.794477173399692,6.59785564768743,2.5,4.5,12,86.73027190806783
10.55712462165,8.760922804746498,2.5,4.5,12,50.38324236559745
8.702023262403822,7.078486408408804,2.5,4.5,12,76.94082790168758
8.189909324684677,5.730141958066784,2.5,4.5,12,86.30861091622819
8.031182172280666,8.505156502407972,2.5,4.5,12,77.02227479567416
6.672269380700367,10.287622565903158,2.5,4.5,12,78.16643312151521
11.473586059974927,6.899787071589082,2.5,4.5,12,104.75792878464851
10.13267929584783,10.125222888035855,2.5,4.5,12,111.39115993148592
10.26290132856043,8.7773650502555,2.5,4.5,12,98.04366299896458
11.219566181504236,9.588619013941257,2.5,4.5,12,98.94120872841026
6.316794665093743,6.350537406715381,2.5,4.5,12,93.83709824232116
6.936521932987302,10.372972937886493,2.5,4.5,12,90.89801650927726
11.258175061483904,10.223625702974733,2.5,4.5,12,107.86559481356356
8.187401018522623,6.747764428115821,2.5,4.5,12,81.59727578203338
11.173099335011504,8.921148946621036,2.5,4.5,12,95.6239755887321
9.70511481572274,11.377404329157825,2.5,4.5,12,74.78966672566186
11.0862504221091,7.60620150007315,2.5,4.5,12,83.8177432901513
9.200212709016675,10.59183004071758,2.5,4.5,12,96.72517336399486
8.460175952040474,6.480007560892589,2.5,4.5,12,88.95273275749224
6.555632625478957,9.62783857664168,2.5,4.5,12,82.36096129652968
7.456379994764543,11.478972968236278,2.5,4.5,12,97.94361273645065
7.260859936431224,6.156048297923818,2.5,4.5,12,92.04533202935596
8.566973750598883,7.876834944084106,2.5,4.5,12,120.6929777930296
5.231943095923894,7.615658886071711,2.5,4.5,12,94.27658851393126
9.923263440246211,6.037921605254013,2.5,4.5,12,66.0972080384382
9.815907773106916,6.040562268730959,2.5,4.5,12,48.703076055654286
7.0963306694615405,9.292672581427103,2.5,4.5,12,97.03768214487364
9.24887469655238,6.438312161746853,2.5,4.5,12,91.4506608048337
8.636965306346557,11.780096127757956,2.5,4.5,12,84.47478899581898
8.705166954528991,7.26705566536268,2.5,4.5,12,82.89087763588533
5.080034190101538,10.298402830686053,2.5,4.5,12,79.6016702471307
8.413197281271499,9.794096197000002,2.5,4.5,12,85.75387039304195
6.014976106513606,9.841835466511109,2.5,4.5,12,97.55480427155914
9.0593029824075,10.30874055266094,2.5,4.5,12,65.33009614329488
11.472761938711455,8.464865175138076,2.5,4.5,12,97.96593455566058
8.973643752559774,6.888013551325182,2.5,4.5,12,88.55945673196062
10.910835127764464,9.053844740250108,2.5,4.5,12,60.0789809918732
9.487529832748203,9.930313225417716,2.5,4.5,12,80.18020012905802
7.39232565503876,6.15712736797096,2.5,4.5,12,85.22193840940022
10.386149171322796,10.233980845192482,2.5,4.5,12,106.5530571889466
10.76598526907708,7.782186563078267,2.5,4.5,12,36.26792279838817
6.190605650548155,6.580014591964783,2.5,4.5,12,83.36187675076145
9.658208495748786,6.751712683999742,2.5,4.5,12,108.22537750178876
10.008372478685764,9.006844132724012,2.5,4.5,12,83.6754157285852
6.31006684206582,7.101585573745938,2.5,4.5,12,91.73283220526928
8.521604274448691,10.95834979623818,2.5,4.5,12,92.7646606900736
11.04981702415912,10.492941096689613,2.5,4.5,12,98.41799509048676
5.087871176289378,9.851510416104968,2.5,4.5,12,65.03729751088024
9.998245466715035,7.982531800706737,2.5,4.5,12,53.07604976052938
6.063554236408836,6.206985027387009,2.5,4.5,12,96.5451374339147
10.944741728376645,6.979731895599255,2.5,4.5,12,57.20193286392864
8.606882010169542,5.221751023817582,2.5,4.5,12,95.03862753333064
6.034302700673696,8.028005397686252,2.5,4.5,12,90.88608069610962
10.436129599289616,6.016353674544689,2.5,4.5,12,72.09080691385168
5.868181210645536,10.353352775274672,2.5,4.5,12,96.43643798768888
11.097286830112555,9.648400132704484,2.5,4.5,12,85.43803722893244
7.978074631122684,11.1151603352,2.5,4.5,12,82.41199776492702
8.929363939844682,10.478050049186695,2.5,4.5,12,79.06961809793658
10.798866319897895,7.062825283953032,2.5,4.5,12,48.02465701307817
6.169079094516499,7.567325960045687,2.5,4.5,12,90.22329170337106
8.400038859142809,10.595367648020352,2.5,4.5,12,78.68630428260026
10.15628322838313,5.408646689741769,2.0,3.6,13,155.89697751036954
11.204815806817518,8.084627408885423,2.0,3.6,13,161.43301071852426
6.550080612421629,10.096729862082798,2.0,3.6,13,132.3029607974972
11.665910489034877,8.853408306738746,2.0,3.6,13,166.8573383380633
7.321349067916175,11.662584979495998,2.0,3.6,13,127.5726771588693
5.236906147319995,7.804231718933213,2.0,3.6,13,116.94298193879172
11.546256228611226,7.274007087068873,2.0,3.6,13,154.38663738918666
5.472967486445711,10.547289118383851,2.0,3.6,13,103.56891177850328
7.365087140216494,7.704897194489491,2.0,3.6,13,109.1197810257831
6.792960895811303,10.899593993508372,2.0,3.6,13,117.0829721596399
5.260306970901119,6.649407750573336,2.0,3.6,13,97.8395305656944
6.516089936441102,11.315967016475453,2.0,3.6,13,103.34255945483402
7.796599123127934,6.342227767182784,2.0,3.6,13,111.49399104843344
7.875980712124536,9.971441961646995,2.0,3.6,13,114.77821327097502
8.397610047224719,10.767352977826729,2.0,3.6,13,112.35545041963012
7.480464464493846,9.898335661297075,2.0,3.6,13,108.85297477359973
7.597799766345665,10.854313014165328,2.0,3.6,13,86.60827735994833
7.057528270061908,11.007942152336064,2.0,3.6,13,97.72911976355584
7.619516469624029,9.66224771925095,2.0,3.6,13,98.84078230346128
6.523219639320176,10.916321967182482,2.0,3.6,13,93.02140549669588
5.75594142522258,9.336091329823136,2.0,3.6,13,99.3517341257784
11.627212606193169,9.048239260357676,2.0,3.6,13,141.21023480885262
5.238545715824772,8.57668488011425,2.0,3.6,13,108.03008850499742
9.190004734270255,11.10223195413012,2.0,3.6,13,86.77998964067363
7.381336750095616,7.213878506948249,2.0,3.6,13,108.8624745900712
6.8393011638739365,8.085620142041753,2.0,3.6,13,115.65709827023863
5.77395176081907,7.397614750938452,2.0,3.6,13,118.98746674266148
6.568456926325704,8.813268436045053,2.0,3.6,13,104.49568475922352
6.5748609557650575,7.312090331260238,2.0,3.6,13,112.01820596195444
6.534983126096157,10.521271102355527,2.0,3.6,13,122.76156610953626
7.367909227890424,8.131377540299999,2.0,3.6,13,81.0855940555817
6.30072545636137,8.910652644158754,2.0,3.6,13,119.61079790732512
6.84003321600351,7.818011003247952,2.0,3.6,13,103.19837429948085
6.604347167388478,5.799363526031347,2.0,3.6,13,106.48724140141783
7.3775265900706914,7.985414151060816,2.0,3.6,13,116.26262843121796
8.171605186314663,8.355382591364279,2.0,3.6,13,83.75473155532576
5.491209605496811,9.750710784607085,2.0,3.6,13,100.1175397607274
6.270015039303896,10.520752101236946,2.0,3.6,13,111.29641713798016
7.325913648041357,10.873554888305836,2.0,3.6,13,117.24767366851074
4.695970296372347,7.836058419963098,2.0,3.6,13,103.69136087615284
7.100722093457978,8.526146519287423,2.0,3.6,13,103.96370955456962
5.752921948606367,10.165926065053933,2.0,3.6,13,103.3755121677621
7.898670926354744,8.05639053368658,2.0,3.6,13,105.74430166807196
7.637583391434787,8.045287648676975,2.0,3.6,13,105.93976144235572
4.69755483743952,7.591332803833153,2.0,3.6,13,111.92217315335418
7.642939914591873,7.313683195463399,2.0,3.6,13,103.63918145967529
5.257827215273415,6.827449561227794,2.0,3.6,13,100.11433502756395
8.136033331027724,10.344378209060034,2.0,3.6,13,92.42894393241768
7.871706537232676,10.357373309679412,2.0,3.6,13,116.76573802042608
6.848778724690492,7.366137791483626,2.0,3.6,13,102.68182239084582
8.377574629281295,11.507546905789356,2.0,3.6,13,86.01937595712535
6.301002896409476,8.148961763835207,2.0,3.6,13,106.47301286794976
11.207333425925649,6.58700275533046,2.0,3.6,13,137.195502763882
5.235578627699451,8.128685995126848,2.0,3.6,13,120.11327662380242
7.063681948794121,11.155147891662152,2.0,3.6,13,85.65899320580101
5.239917679834307,9.124976983884338,2.0,3.6,13,95.65765758740204
6.847315709239365,7.27849808034384,2.0,3.6,13,102.38893815225876
6.567092908768188,8.592026169225827,2.0,3.6,13,107.8308383779344
11.14309323629851,6.682335010398977,2.0,3.6,13,133.6455629765238
8.390593181461858,11.115205158670616,2.0,3.6,13,105.38740454277249
6.307749466927263,7.223332991600848,2.0,3.6,13,99.30458201614312
7.055617497551969,10.879657961414525,2.0,3.6,13,127.8735216150477
8.457501682341245,7.151941270677967,2.0,3.6,13,110.6944016430046
6.003164032628361,10.508268981409165,2.0,3.6,13,121.91508472167617
6.036681765561728,8.143976757894295,2.0,3.6,13,96.67187904939708
8.698108717829253,8.740109252875856,2.0,3.6,13,112.67274491734445
5.763867911062226,9.72149764251253,2.0,3.6,13,95.52731463136104
11.461447849228296,8.96761484159984,2.0,3.6,13,118.99186768423462
4.966152128564161,8.480612935689036,2.0,3.6,13,90.3788534185286
8.165711002548248,8.07170966726567,2.0,3.6,13,104.6265679451525
8.428460428452679,7.68828301954034,2.0,3.6,13,108.377830108729
6.012134167098198,10.13402027712603,2.0,3.6,13,88.74284434120165
6.047022350421364,6.990686861900954,2.0,3.6,13,107.06662800989707
8.644756587957387,11.216080884973826,2.0,3.6,13,103.8558612817047
11.433928936657528,8.770837041394742,2.0,3.6,13,127.65193346108522
7.58692954588601,11.647501852097454,2.0,3.6,13,119.26465579020386
6.334344769012949,6.478452932541483,2.0,3.6,13,107.20015220136736
7.371608938527059,8.463813017442337,2.0,3.6,13,114.57310909667277
6.29988416133395,7.83272754668136,2.0,3.6,13,112.24322623412704
6.056134865947634,6.806854153393748,2.0,3.6,13,96.40788113036886
8.947493209695825,10.133136059629486,2.0,3.6,13,90.99332278886511
6.422286609756354,9.540939173760275,2.0,3.6,13,96.9598875385362
6.520406052337512,11.470364871716306,2.0,3.6,13,89.82634938879043
5.788022209752099,6.820427640601977,2.0,3.6,13,91.02186220554836
5.216170997550427,10.163869004820407,2.0,3.6,13,97.10267444157644
7.655624741467589,6.8105735775774745,2.0,3.6,13,99.49824643525125
6.305720397388569,8.549193919630888,2.0,3.6,13,102.16958667916911
4.972674331955779,7.424564344573514,2.0,3.6,13,106.66458464837608
11.01352568030782,6.382151305942328,2.0,3.6,13,45.1224633778333
8.694164293160725,9.511461403023764,2.0,3.6,13,85.7819071233993
5.6008280699339705,10.739654882371656,2.0,3.6,13,115.87234384894607
7.889997218950454,9.635264272995409,2.0,3.6,13,120.66058382267354
6.5575213656341145,9.768593467559109,2.0,3.6,13,103.14479058662968
6.301523832892804,7.708073739990312,2.0,3.6,13,108.16918779947316
7.941283264519294,5.923912831571004,2.0,3.6,13,89.2295594435415
8.915630841166932,11.534353487946264,2.0,3.6,13,105.9929705544526
6.031781822346699,7.818586044107214,2.0,3.6,13,110.58214947322762
6.612393824254268,5.155297933226632,2.0,3.6,13,80.3913793267287
6.565299600219644,8.952239443678675,2.0,3.6,13,103.76813553108173
8.409285266170752,10.120293614590851,2.0,3.6,13,94.81572467332234
8.408944351445001,10.360667206264129,2.0,3.6,13,87.27336073489136
6.06648858930794,5.851565552722809,2.0,3.6,13,108.79960277833356
6.031999755641696,9.277482447268332,2.0,3.6,13,99.4046701031822
7.104610547785614,8.865982957244281,2.0,3.6,13,113.32237879204098
7.320382816930496,11.271546522533898,2.0,3.6,13,110.04717104480106
5.762488238965008,8.619385628776392,2.0,3.6,13,113.15710613323849
6.206275808460873,5.783856503550855,2.0,3.6,13,119.35698707810576
8.970759536861294,8.063150362418991,2.0,3.6,13,129.13018411011606
8.165386909252168,8.822189828131872,2.0,3.6,13,93.75738035389182
10.306577974750011,5.403506667621002,2.0,3.6,13,50.922745056510834
6.748743178896646,4.958672508039156,2.0,3.6,13,95.16059986218448
9.225233842402565,8.103669532862611,2.0,3.6,13,87.3420997671727
8.655639407523859,11.625717996566303,2.0,3.6,13,75.97464518055553
6.571804717012111,7.618423311038032,2.0,3.6,13,101.45942143489545
11.690476513280013,7.99069553047929,2.0,3.6,13,136.76725616374168
6.970407825687729,8.287838605599793,2.0,3.6,13,94.07142099684428
7.101070491790024,7.70472668296722,2.0,3.6,13,99.01857176669304
5.228815010460547,9.418091117637708,2.0,3.6,13,103.39912557382628
7.049754124600048,11.572227276786478,2.0,3.6,13,95.26708160661286
6.786675399474864,10.996437521588652,2.0,3.6,13,99.96489833815752
8.67909673796276,10.325778809338326,2.0,3.6,13,67.72450003111473
7.010550687902646,4.9835431933211485,2.0,3.6,13,107.89659920225394
11.31633790353192,9.162892613871694,2.0,3.6,13,107.10377029747391
6.823666454862397,9.718563983777049,2.0,3.6,13,117.86824717082538
5.478735009461389,10.2040324979412,2.0,3.6,13,105.6883061723286
7.094463542886027,9.845900802905192,2.0,3.6,13,93.88906040210836
5.797811392286368,5.861189858729146,2.0,3.6,13,116.383839760708
11.322682063537282,8.246693549387015,2.0,3.6,13,130.04636952419764
7.054307311941112,11.287885621547334,2.0,3.6,13,110.02122589398031
6.563235079713776,9.305900664344207,2.0,3.6,13,99.2440852014889
10.54479868035035,10.32688101604784,2.0,3.6,13,103.6290102932767
6.5378761436356605,10.693786429049998,2.0,3.6,13,103.37128084701578
5.498821033782862,9.62288236485233,2.0,3.6,13,85.7072081753318
9.34978629125982,8.203580821297408,2.0,3.6,13,76.37027324270468
5.776897169171844,7.250128715369896,2.0,3.6,13,93.02586323879588
6.277095796003598,10.206989103781671,2.0,3.6,13,84.6027963873504
5.502159262676484,8.985513836549998,2.0,3.6,13,109.78968951629594
7.5833149697739,11.279057078702554,2.0,3.6,13,101.19162528261036
9.471009183682268,10.61774205293981,2.0,3.6,13,71.24311697066469
10.262162313682536,7.625942698205455,2.0,3.6,13,100.97049555107604
4.9615522344526335,9.65982018156096,2.0,3.6,13,97.10740245688248
7.050382419989517,11.677831750849595,2.0,3.6,13,116.5556237404136
6.798708163814696,10.5133679500257,2.0,3.6,13,115.11667503416314
7.228854723510511,8.299215031418775,2.0,3.6,13,91.65763103847182
10.254481942791166,10.03726486395588,2.0,3.6,13,98.392186638657
6.0299818920314925,8.592440244022503,2.0,3.6,13,106.45753480940094
4.962640743376606,7.823237741706026,2.0,3.6,13,102.76823254491866
7.34392565550926,10.366048056829245,2.0,3.6,13,96.69595755668558
6.302096093361403,8.063046636597388,2.0,3.6,13,94.2175664639674
8.569255148547718,8.651810007097952,2.0,3.6,13,111.5177197859454
7.610357013227052,10.076323108657151,2.0,3.6,13,104.99792707425772
8.115594857733228,11.254728117940164,2.0,3.6,13,95.79240164413356
4.9569498755803645,9.777002722854068,2.0,3.6,13,96.36440869494628
6.572685872653301,7.435327274771279,2.0,3.6,13,106.96052426062246
7.457209152171663,11.474407188853426,2.0,3.6,13,111.2884888819131
6.41990315650711,9.910758828327811,2.0,3.6,13,95.22857459450518
9.205236801615316,10.69694070468641,2.0,3.6,13,90.9300789428356
9.475519716424223,5.249361496990114,2.0,3.6,13,37.78752911339338
6.31168598980317,7.000335904822841,2.0,3.6,13,104.08089593050094
4.967953142821711,8.627314909408765,2.0,3.6,13,98.84958926285462
8.69964338086395,9.16932183676443,2.0,3.6,13,116.86596010171982
6.796409126556969,11.299699036831536,2.0,3.6,13,94.30961553596038
5.106967652914771,7.60794905502372,2.0,3.6,13,98.5491867532847
6.386243307736751,11.11332831747268,2.0,3.6,13,100.23322470591772
7.619842265164866,9.931514867508463,2.0,3.6,13,95.38831038065172
5.511704599143253,7.029992922834138,2.0,3.6,13,90.02185622559593
7.854518820545941,11.006488415235133,2.0,3.6,13,92.88043052420272
5.507765058443562,7.494934977249906,2.0,3.6,13,108.78727588668148
7.234747888780431,7.503051195454332,2.0,3.6,13,109.80474131372992
8.039832562054139,7.159732866180132,2.0,3.6,13,115.94567703043968
8.607480987429259,6.676823839348654,2.0,3.6,13,104.55943054015088
4.6949961541102345,7.903031988072763,2.0,3.6,13,105.1263101707494
4.989345737313964,7.05294238609521,2.0,3.6,13,107.0169141252757
7.633905884945243,9.248273344327496,2.0,3.6,13,96.12839609072404
5.902189399063617,8.692009328222074,2.0,3.6,13,97.28811803992716
8.165785799000709,7.586185584841907,2.0,3.6,13,85.26981525792985
4.699453095866054,8.094911093685882,2.0,3.6,13,88.99426594408258
8.965156153860617,9.621843289203174,2.0,3.6,13,86.93267019027151
6.019597794562989,9.746797551438783,2.0,3.6,13,90.14436183905332
7.334435824348384,10.572437126031422,2.0,3.6,13,91.6648071863178
7.080787926271995,10.11064270686484,2.0,3.6,13,105.12871789548235
9.084060153824788,10.102852845871672,2.0,3.6,13,105.79231018532334
6.169619829934474,7.550393938323694,2.0,3.6,13,98.58843502833412
7.378178123859907,6.998592855328619,2.0,3.6,13,88.30604937769961
5.498405401239704,8.274178344695184,2.0,3.6,13,106.80990690188048
4.965642790259517,8.22981229408337,2.0,3.6,13,107.08124665215988
7.387478436909026,6.895369890675408,2.0,3.6,13,91.95567240294386
9.207119420450017,10.578582037260205,2.0,3.6,13,93.84962780550973
8.679556039151015,10.61218216695949,2.0,3.6,13,84.36043738760885
6.259219721241732,10.822270299779357,2.0,3.6,13,83.51098710308668
7.063825472893978,10.758435434300337,2.0,3.6,13,82.70242028312127
8.571826177073655,8.258075043442828,2.0,3.6,13,92.72737889656764
8.919202323444036,11.37876078932257,2.0,3.6,13,104.9470785506923
7.902640095127084,8.840657572731178,2.0,3.6,13,107.21872105576672
7.068816927520153,10.501915061705963,2.0,3.6,13,102.9452201959356
7.229779048763836,9.094950596533057,2.0,3.6,13,102.4033115733867
10.855509079379788,9.507622346108276,2.0,3.6,13,106.35156366287612
6.337413767331724,5.990336281305259,2.0,3.6,13,110.6423560425796
8.96275741149949,8.25624720923171,2.0,3.6,13,65.81932614120358
5.231650847230515,8.861414486301674,2.0,3.6,13,82.15232098710322
8.418777766002096,9.9763119402,2.0,3.6,13,107.240744208813
5.216573412681085,9.768000622279756,2.0,3.6,13,81.48027456075063
7.742581161596489,10.675436937898418,2.0,3.6,13,89.28668457164525
9.874987383446376,9.105801882953198,2.0,3.6,13,107.36651401957826
6.923524339849514,11.055784248067129,2.0,3.6,13,76.78659103125254
4.972265485931922,8.8707623719961,2.0,3.6,13,81.34168441290821
10.425227736311044,8.28337390313348,2.0,3.6,13,110.48195726653144
7.9077511276633246,8.426377239782603,2.0,3.6,13,80.21223355436331
7.371739637052542,7.423771958259644,2.0,3.6,13,108.979783581869
7.104331231568031,8.163262024791889,2.0,3.6,13,106.04710560549977
5.80928155412317,5.615796092947033,2.0,3.6,13,91.70541282128032
4.965953443757681,9.361765847948734,2.0,3.6,13,110.80494770497076
6.326535566951239,6.592480466184708,2.0,3.6,13,113.36815008990892
8.974434848684679,7.963767839723806,2.0,3.6,13,110.43182170049155
6.593818609691864,6.514212819399999,2.0,3.6,13,80.75804532332505
8.118314475107955,11.646355583402316,2.0,3.6,13,113.30625227636946
6.966049389646273,7.893285346574183,2.0,3.6,13,82.91936460209817
7.405431223097637,5.550724550275628,2.0,3.6,13,101.2633437451966
5.106979662247122,8.649660940694075,2.0,3.6,13,84.99228556741495
7.356193515362011,9.685742003629636,2.0,3.6,13,100.6831127372517
4.972260971211375,9.2061641082617,2.0,3.6,13,81.54315307871144
5.350224479279732,9.59285787174112,2.0,3.6,13,67.33806888100355
5.779955212040204,6.984835160662065,2.0,3.6,13,105.39139452115562
5.495121707515723,8.632674646224883,2.0,3.6,13,101.5150604256325
8.832590345480263,8.25014416294631,2.0,3.6,13,119.45337088012889
5.992025369227531,10.952502801039932,2.0,3.6,13,116.533021454922
9.479548990443291,8.113289107992877,2.0,3.6,13,83.09241624962554
8.379059370577446,11.248768323803136,2.0,3.6,13,80.22911257059805
6.592202232508032,6.836147483989696,2.0,3.6,13,82.41186025551224
5.7738974275834645,7.625736458101689,2.0,3.6,13,84.04348070609971
7.110168845703805,7.359660216403791,2.0,3.6,13,107.62624397669944
7.138896481208882,6.439861203534952,2.0,3.6,13,91.28608148710002
6.8538995346149925,6.9370173470839145,2.0,3.6,13,97.36545564002124
10.379351489214509,5.771608862711369,2.0,3.6,13,93.98954370181984
7.367448601946129,8.902516076727006,2.0,3.6,13,76.09731088138068
6.303338685429489,8.378040280515625,2.0,3.6,13,87.32633254520461
5.472208726130214,10.659779755784951,2.0,3.6,13,93.40718079986137
7.593260564859523,11.184240496376448,2.0,3.6,13,72.73213899226295
8.285024247641656,9.846854489561606,2.0,3.6,13,108.82601275667076
6.952349353046152,9.754100489978066,2.0,3.6,13,92.37237938245434
7.505683937715256,8.264683444396276,2.0,3.6,13,105.77672944543616
9.207572601477844,10.430889634061156,2.0,3.6,13,80.24304501388238
10.005529474942987,9.316983863817136,2.0,3.6,13,98.02179383532469
4.705780304784091,7.442040939645391,2.0,3.6,13,109.8867850648225
7.131374736833918,6.571126244908894,2.0,3.6,13,94.82758369720824
9.249258001746002,7.823291388916909,2.0,3.6,13,91.98165242197868
6.5806890375069145,6.976953229512817,2.0,3.6,13,103.4495748651109
7.869567245455002,10.583309479663193,2.0,3.6,13,85.27154920289274
7.110886260883216,7.220387222265172,2.0,3.6,13,101.93750416710088
8.31154866016693,6.726427254520806,2.0,3.6,13,69.15115823847461
7.938247082629367,4.98432334976189,2.0,3.6,13,78.65108280486194
7.6050008088041565,10.372674898839575,2.0,3.6,13,85.90343366223041
5.503007946493919,8.104330084199354,2.0,3.6,13,97.84878610482284
5.7644926614813885,7.894817286266006,2.0,3.6,13,92.56239957835548
5.635065587691284,9.398160094090125,2.0,3.6,13,89.71777093793204
8.14587691413187,10.089158772487384,2.0,3.6,13,96.47959545247448
6.063333489678335,6.349629215862286,2.0,3.6,13,97.0132582029389
8.696895353157066,8.07184470260693,2.0,3.6,13,85.65468165116377
10.71203970298536,6.955782487362285,2.0,3.6,13,33.464968092038106
8.6980584594321,8.461189230731213,2.0,3.6,13,99.55456252696858
6.832937585774618,8.553081003766692,2.0,3.6,13,100.48927337321028
8.313898907667097,7.080179267238988,2.0,3.6,13,101.97889878028532
8.930375383811402,11.121956304787943,2.0,3.6,13,72.34774528185413
9.458854902719104,11.094918404239388,2.0,3.6,13,94.63462439944064
5.771160275706866,8.04834643787887,2.0,3.6,13,104.79993085685692
6.251436925165021,11.227450185754163,2.0,3.6,13,90.26869898640884
6.0080464618874645,10.715178487181667,2.0,3.6,13,76.19359423039444
9.81633843704566,7.167778889208242,2.0,3.6,13,89.28262993453974
7.8012565681592285,5.180622807436263,2.0,3.6,13,98.62037181938014
7.887364564042048,9.76891025613572,2.0,3.6,13,85.89292253018614
8.962930993553709,9.525068769749346,2.0,3.6,13,99.79401589470451
8.070362446582228,4.918777812544472,2.0,3.6,13,81.64411642443271
7.662860944628623,6.545682865017959,2.0,3.6,13,91.94195694498887
6.039759122603658,7.601965701926005,2.0,3.6,13,81.99798520062909
8.414190225276123,9.756894115062464,2.0,3.6,13,82.79791159176868
4.696583370582895,8.287616132297336,2.0,3.6,13,105.95846196820132
6.298877880409643,7.459554917315568,2.0,3.6,13,96.1429395140482
6.839629491579896,8.362129553073546,2.0,3.6,13,89.00201773578942
7.126251115621331,6.839882650990416,2.0,3.6,13,80.91315361294298
5.241087513845873,7.358211213030424,2.0,3.6,13,106.53311816080272
8.194081794113877,6.782545798960173,2.0,3.6,13,78.82798694335615
6.268046055361385,10.643169426847884,2.0,3.6,13,108.01792580892644
7.766294123200017,7.885397054078794,2.0,3.6,13,96.16207072794003
7.919028127713705,6.935586725550001,2.0,3.6,13,102.9854316118788
6.285604553808338,9.614125052415298,2.0,3.6,13,87.71247728120072
11.409126714868862,8.566168489233776,2.0,3.6,13,108.2362162319818
8.409565015708212,10.597556990103508,2.0,3.6,13,79.30695773857688
8.132459681936792,10.752916106767495,2.0,3.6,13,87.49600402852698
7.816716339451696,4.877661592261904,2.0,3.6,13,42.42733593528598
8.432718120974538,8.493506826512991,2.0,3.6,13,85.65147584064546
8.447942117496572,6.926954824409676,2.0,3.6,13,87.61854537153962
8.470920643426652,5.52575465980086,2.0,3.6,13,84.06549589704998
8.5644660776005,7.877069814497737,2.0,3.6,13,118.45604392170635
6.806082540758162,10.390046287712831,2.0,3.6,13,90.87193919586566
10.525551282728015,10.448712207883384,2.0,3.6,13,110.78005743205148
8.171473582864914,8.4576967506141,2.0,3.6,13,95.2346521963076
7.135352099568405,5.9634066857218695,2.0,3.6,13,86.80445532603139
8.550778573487262,10.149353335455226,2.0,3.6,13,69.39682200229798
8.439331450306947,8.337686403464435,2.0,3.6,13,86.2766917332125
5.491340817148013,9.406703881967568,2.0,3.6,13,86.78583426595843
8.575406624867513,7.096999530705504,2.0,3.6,13,81.81890565979033
4.69976896989726,8.613524648200658,2.0,3.6,13,99.34507754984732
5.7597755269480055,8.404701155099998,2.0,3.6,13,84.11778269161914
5.735851078943242,10.532102276550493,2.0,3.6,13,92.0725829670003
4.701153348088051,7.707884313805122,2.0,3.6,13,85.47312661444175
6.058741712233078,6.596666431398703,2.0,3.6,13,99.01279902405822
5.634229923784804,8.622225517270472,2.0,3.6,13,101.09009641328078
10.20641960654022,7.950330583664917,2.0,3.6,13,31.076526490026147
10.77805983319181,7.990512116489803,2.0,3.6,13,99.61674827739262
8.159273775101537,9.21425486542445,2.0,3.6,13,97.22264344515072
8.201621641238788,6.364219574406597,2.0,3.6,13,68.29838661621346
7.402489234636403,6.527176165356094,2.0,3.6,13,84.01919045119914
6.602647039365824,6.156549889567176,2.0,3.6,13,91.69042513676344
4.996047944283164,6.676948727672314,2.0,3.6,13,110.62396850164316
4.993776507340021,6.897940935694582,2.0,3.6,13,100.92745452388732
8.142850499260996,10.473246073033502,2.0,3.6,13,83.71302830537803
7.400498231282876,5.767327999186365,2.0,3.6,13,76.88940343028068
8.72176516799019,5.832292603665364,2.0,3.6,13,56.22768109822913
5.919893758446468,6.78498874531368,2.0,3.6,13,102.36805384903136
6.078254672194818,6.134927147006171,2.0,3.6,13,79.7423127098751
8.250294731231563,11.724117052286898,2.0,3.6,13,77.17040217346468
5.624756575557673,9.635768516797386,2.0,3.6,13,73.39995172533364
5.762976444852107,9.91939363651426,2.0,3.6,13,85.8339918021169
5.237742055694808,9.327168355049722,2.0,3.6,13,87.84301676176275
10.517250225242387,5.888451794682233,2.0,3.6,13,127.19775640824986
5.084367459956889,10.010079541764444,2.0,3.6,13,95.12583881925524
5.534722694679973,6.402059141345003,2.0,3.6,13,80.82533109175682
4.972811390777044,7.610198690513552,2.0,3.6,13,85.22905255222202
5.253800176792901,7.036363835826003,2.0,3.6,13,106.22650519623758
6.566279586693464,8.143920149641012,2.0,3.6,13,102.72850038088916
8.02244272039776,10.25998210547752,2.0,3.6,13,76.24273929871055
7.907156831286199,7.933635185210509,2.0,3.6,13,65.55138638148638
8.959212255368028,8.490763128580717,2.0,3.6,13,81.23255918603508
11.167972816263076,8.926787374647216,2.0,3.6,13,93.74669552843844
10.963208993384844,6.078210377615292,2.0,3.6,13,121.43431442584634
8.662126114003572,10.750700696075812,2.0,3.6,13,72.41643222398032
6.835632073089349,8.88787551412448,2.0,3.6,13,91.93665124908324
8.690468680110651,9.667669833362694,2.0,3.6,13,77.93418593901872
6.875314355622801,5.141047386915633,2.0,3.6,13,85.13534577858604
10.916211643822184,7.395649964381234,2.0,3.6,13,100.05697842394493
5.2366083207121,9.546220250343604,2.0,3.6,13,79.31867197053242
7.947299194813503,4.756793020806153,2.0,3.6,13,94.80543337967656
9.145111286187383,4.9024845672089015,2.0,3.6,13,76.8874526554593
6.06007527579141,6.508392893064852,2.0,3.6,13,96.06496016576038
4.828734240411187,8.382331547681572,2.0,3.6,13,89.01986904705795
6.726567885087808,5.771696363951435,2.0,3.6,13,76.68747911263006
6.297530338668848,9.286287768770812,2.0,3.6,13,87.99087056552037
8.331630718984403,6.587946238589057,2.0,3.6,13,60.21260039418105
5.883172250321835,9.851836931026972,2.0,3.6,13,78.62429415216621
11.277823301342597,8.357540580168177,2.0,3.6,13,99.73168719363018
6.034878719322228,7.386288481870406,2.0,3.6,13,89.25489060193738
7.922570223631433,6.493362880730979,2.0,3.6,13,82.53659972921969
9.092616066739737,9.446793384076283,2.0,3.6,13,115.2968596504117
6.572726186088008,8.41523061428792,2.0,3.6,13,98.35284094406852
6.0135214836518935,10.25942667033175,2.0,3.6,13,80.89522033675806
11.082718154258888,10.210597681653503,2.0,3.6,13,78.7173151494294
6.601841411848779,5.36992476167854,2.0,3.6,13,94.87943757138166
7.853604457186304,11.140676817811023,2.0,3.6,13,93.60681752942806
8.02472713959848,7.863876624819222,2.0,3.6,13,80.03739655688508
6.870039585022173,5.796952628290509,2.0,3.6,13,80.56110285806164
8.405275996442652,10.44978455447251,2.0,3.6,13,84.77824704719134
5.49916344548915,7.79861159875666,2.0,3.6,13,97.68452689269856
5.510634679688834,7.274521539600705,2.0,3.6,13,82.62076152944844
6.816177551180858,10.091550311589796,2.0,3.6,13,77.03543447992955
11.00816626700374,6.8884955936278365,2.0,3.6,13,60.47865768089503
7.256697887751965,6.723748066904412,2.0,3.6,13,71.78430332453684
7.114767809703398,9.11651923246662,2.0,3.6,13,76.89554725299337
7.183091996388825,11.484603492645851,2.0,3.6,13,89.30878265556646
6.827538816196945,9.310316527597085,2.0,3.6,13,97.90489113473576
7.615071860631511,10.624889352503024,2.0,3.6,13,89.18079552347676
6.249176749664647,11.313185515307811,2.0,3.6,13,85.30481146559708
6.830745038743151,9.55594321825087,2.0,3.6,13,94.0961765451899
7.763408017343062,9.314787728527069,2.0,3.6,13,67.61311502076177
6.047458643122583,7.2544642761499984,2.0,3.6,13,83.910182560223
10.255197751863244,11.11115712428347,2.0,3.6,13,86.90307367075327
9.051015031027031,11.674031385094066,2.0,3.6,13,73.02322065392376
5.532419793260911,5.859136909840455,2.0,3.6,13,93.17893402592482
6.304248957906115,7.357372245501093,2.0,3.6,13,93.99584725443393
5.533447031396366,6.019494043263659,2.0,3.6,13,89.44356569442296
8.430449492812906,9.221053883881163,2.0,3.6,13,87.26036769644905
8.004832279130486,10.658340957985942,2.0,3.6,13,102.67881415564946
5.525714096050446,6.846178963983378,2.0,3.6,13,93.6151223425287
6.576543369927803,7.156433070379414,2.0,3.6,13,84.28124572619978
7.103719074957551,7.965535416218707,2.0,3.6,13,83.75214175279349
4.696626932107368,9.020197876053786,2.0,3.6,13,103.3270102516596
8.150862811466599,9.983833652577763,2.0,3.6,13,89.8225183471956
7.894881768976486,9.478776350890854,2.0,3.6,13,75.17906411760927
8.439904131706635,7.30212888151403,2.0,3.6,13,76.62926968299195
7.649103888904596,7.199788636948795,2.0,3.6,13,72.28112005251378
7.326266871574933,10.967209173793696,2.0,3.6,13,103.68762321724527
5.990560797679665,11.03797102276854,2.0,3.6,13,92.67496082031336
6.83944427097011,7.641672730449999,2.0,3.6,13,71.77954298276714
11.43491600983155,9.086170003571436,2.0,3.6,13,104.2043618216915
7.364805498430867,9.188834581947356,2.0,3.6,13,89.00026432767537
6.606459477430479,5.96354264463425,2.0,3.6,13,84.5841284371445
7.638733305509964,8.555479525448296,2.0,3.6,13,78.08634628631502
6.033495074552415,8.983764086080157,2.0,3.6,13,79.98471199188431
6.800434093303341,10.761946672737366,2.0,3.6,13,78.69540239338407
8.171463485210982,7.268009030553258,2.0,3.6,13,100.34720518297031
6.171575994889621,9.026427200013536,2.0,3.6,13,85.68226123083765
5.625472554826396,8.39944806030112,2.0,3.6,13,95.3330220873916
8.02546578330442,9.07243036576792,2.0,3.6,13,98.50571493631745
7.606554257622846,10.51798702945512,2.0,3.6,13,79.20231788877282
5.8007353263242925,6.475497066245195,2.0,3.6,13,86.93517067340466
6.171140078800839,7.920947834510452,2.0,3.6,13,94.5601175394084
9.100320092443985,8.260173130442565,2.0,3.6,13,85.91598188115309
7.255487304846134,5.697712309768215,2.0,3.6,13,91.05690576060722
6.022783553077869,9.844866586591476,2.0,3.6,13,88.12070781121153
7.674265687441066,5.551739465936766,2.0,3.6,13,88.4384431574911
7.362327530367041,9.282363273737444,2.0,3.6,13,96.43013119490408
6.813239665301143,10.25172826376913,2.0,3.6,13,85.41097735928416
10.167706178489922,7.755557569949999,2.0,3.6,13,40.62353292524316
5.617481242167167,10.619805726990522,2.0,3.6,13,79.79257373449153
5.796078232656987,6.592255167265874,2.0,3.6,13,94.94990218014122
7.357907588536359,9.81489491588772,2.0,3.6,13,81.12745178984407
6.693340798110601,8.720187796530148,2.0,3.6,13,88.00957360523263
9.460014483080338,5.409728763313647,2.0,3.6,13,33.774368487265164
7.349090125036914,10.07404268862012,2.0,3.6,13,103.135524807219
8.280186479200228,9.975525040944618,2.0,3.6,13,72.5367298999734
5.89398550576281,8.352222544987132,2.0,3.6,13,99.301589955049
7.105743675464379,8.344045252386152,2.0,3.6,13,87.36286666062185
9.885204068600002,7.381383308881612,2.0,3.6,13,68.73769319576797
6.476301937590084,5.354596701066294,2.0,3.6,13,74.19826449543181
9.268916935924713,6.022964784806406,2.0,3.6,13,101.5620919913585
8.937266135937493,10.49399059057056,2.0,3.6,13,76.19829145983222
8.704037123909659,8.367018882713953,2.0,3.6,13,78.70266924405611
5.2350556222402265,8.467193809938255,2.0,3.6,13,98.99685535229337
6.611901909900406,5.614706409324752,2.0,3.6,13,72.76226173017125
8.293494379594751,7.556969824767428,2.0,3.6,13,69.66792897013133
7.674319380698379,5.952535431829833,2.0,3.6,13,82.87377871618418
6.572575448062196,8.045161369130101,2.0,3.6,13,88.71696391610757
9.775741119982976,7.954017035266204,2.0,3.6,13,83.91207707280202
10.788881607410303,10.085793472598414,2.0,3.6,13,85.28690188943798
6.861205197755155,6.80023962973135,2.0,3.6,13,95.52811558289385
10.8279245650963,7.326122551439667,2.0,3.6,13,95.99798347084084
8.64621296603376,11.136324284026845,2.0,3.6,13,70.33616962513659
7.911944187595608,7.254197547870598,2.0,3.6,13,85.19316188560997
5.905785849121282,7.828463802809431,2.0,3.6,13,65.75438676852116
7.895305463035093,9.380324346213811,2.0,3.6,13,101.6336905252006
8.436706359353908,8.842386141624152,2.0,3.6,13,82.16952745095077
6.521979670050992,11.172086541326236,2.0,3.6,13,87.42378348185738
7.864263378047483,10.86310925216672,2.0,3.6,13,81.88495679257386
5.352487798633982,9.948883247209018,2.0,3.6,13,82.21080863871134
5.370408644191909,7.198831473660641,2.0,3.6,13,79.11632445491827
7.34964368979868,10.240882271527342,2.0,3.6,13,77.74472915726345
7.633082962158901,8.166587455940416,2.0,3.6,13,89.70487032665369
8.83128785301173,9.063318322669703,2.0,3.6,13,90.04260452958057
8.576335703037719,7.458915660885516,2.0,3.6,13,83.34721052435602
7.011969569178596,5.8684452579987685,2.0,3.6,13,66.04607188221816
6.747656260953203,5.359761358979157,2.0,3.6,13,94.73155468301717
5.626671076500704,9.80193974396897,2.0,3.6,13,79.29313137802552
6.6559749720725065,11.116000495287263,2.0,3.6,13,109.7767324856776
8.94273534352796,10.32935494264891,2.0,3.6,13,70.65828398216193
8.2634541236859,10.646595915176864,2.0,3.6,13,81.98738763699271
8.018315570710092,9.502014831190486,2.0,3.6,13,85.85473238460135
6.949467399734658,9.103101591404206,2.0,3.6,13,71.07648678661349
4.562578488521856,8.3819241872,2.0,3.6,13,86.19392245153206
7.752055914200118,9.854947553992954,2.0,3.6,13,89.07373132294101
9.189826613118836,10.838827514580228,2.0,3.6,13,86.52806750438889
7.006504599681491,6.206461905963391,2.0,3.6,13,78.67024301585369
9.89019637530108,8.565711429129443,2.0,3.6,13,93.00257398644516
10.786022594141828,6.557085050190339,2.0,3.6,13,40.344994506480624
9.196338254202065,11.422649401850173,2.0,3.6,13,55.05510197029085
9.460950810353213,11.490479033301977,2.0,3.6,13,84.34553691096987
7.637675226328684,8.985513836549998,2.0,3.6,13,86.32543250106417
8.425707815269263,8.093999316471029,2.0,3.6,13,75.61523224564532
10.7776715819569,10.41001638782693,2.0,3.6,13,55.64080176819272
7.203271987928712,10.39126996838855,2.0,3.6,13,71.69621804769969
10.671453692216776,10.142943086311808,2.0,3.6,13,90.5909208606672
6.028545556211723,9.420478778468556,2.0,3.6,13,86.1504177288464
8.916636583639958,11.23487624610774,2.0,3.6,13,84.98360045715638
8.077227256452302,5.7181749166150455,2.0,3.6,13,58.94399212023896
7.116862611955188,6.928257674772751,2.0,3.6,13,89.46232666520585
5.507154618078484,9.236417036212195,2.0,3.6,13,86.580067659696
11.023283938345733,9.263122133553845,2.0,3.6,13,86.39798895186416
10.24572288178186,10.84544797285944,2.0,3.6,13,107.83740808471974
5.8722052111135135,10.722130670235275,2.0,3.6,13,90.13596256382296
6.471633766648759,5.593542342161608,2.0,3.6,13,83.880444561207
6.827805915228949,9.880023865025166,2.0,3.6,13,82.08655103597745
8.659274429137415,10.971053947755804,2.0,3.6,13,80.65265509827113
7.230986299963551,7.936931781917226,2.0,3.6,13,80.8305362261647
5.368013984169659,7.980732891394031,2.0,3.6,13,87.21140805303911
5.102779852813636,8.7833693590154,2.0,3.6,13,98.771937840081
6.546272720843555,10.234694567921276,2.0,3.6,13,71.95362052193293
9.80063865157562,5.648379498392089,2.0,3.6,13,59.65287193827552
5.502598888949236,9.968321848905958,2.0,3.6,13,69.26130852234307
9.229205153404804,9.161605005605594,2.0,3.6,13,84.2806240151346
6.869808785409301,5.957532462542291,2.0,3.6,13,81.7283955687116
10.279975218955562,6.927624636625594,2.0,3.6,13,81.17460568416473
11.58507688595553,7.4212301306828445,2.0,3.6,13,108.1086635599452
10.115777295043694,9.768680862157362,2.0,3.6,13,77.58241966962724
10.259644580103778,10.585163517173234,2.0,3.6,13,71.06805049661912
11.62029751927309,7.827637169643711,2.0,3.6,13,96.0805576244974
7.848329713646616,11.79697326275929,2.0,3.6,13,68.53758848425453
4.827338225126344,8.044599823370321,2.0,3.6,13,80.16211390936553
10.54869056774686,10.196831201992817,2.0,3.6,13,97.85359978907992
4.968184286007641,8.973225541719929,2.0,3.6,13,83.20503023687289
8.037284656440116,7.487130860632889,2.0,3.6,13,93.21091335694544
5.76472048552468,8.19845593899041,2.0,3.6,13,94.17521278485384
5.263240960100847,6.25629737600472,2.0,3.6,13,93.45709309808612
6.170684568165983,7.43247459823733,2.0,3.6,13,75.6049610550854
5.942488762005368,5.939620486011841,2.0,3.6,13,73.86495422535984
7.320506645845853,11.514371468839624,2.0,3.6,13,83.10129741695611
8.199670784751595,5.918350074173405,2.0,3.6,13,88.67320833643134
9.985768636269698,7.989239441176342,2.0,3.6,13,48.37194276672349
8.171629950389972,8.192068666452824,2.0,3.6,13,78.68601027424909
7.229660152654299,8.751137041837644,2.0,3.6,13,92.65196188001217
11.105772558347349,7.275755602486672,2.0,3.6,13,61.47234047413394
6.050378890732899,8.728271363533802,2.0,3.6,13,70.38261094055214
8.462497715115209,6.4675048709888685,2.0,3.6,13,79.66384207536122
6.567164784508237,9.03106777235,2.0,3.6,13,76.7799561997824
9.900242968852112,9.721651180155687,2.0,3.6,13,75.05073568024552
7.468935188101106,10.360014832269483,2.0,3.6,13,71.80754222868332
6.439983192345329,7.416542848885925,2.0,3.6,13,78.48193395319103
7.454444869869957,11.586056406410206,2.0,3.6,13,67.96562489336489
5.096571474988955,9.477310862596193,2.0,3.6,13,90.13126153987784
7.979812979881305,11.722433403635447,2.0,3.6,13,105.35632212695543
8.72281071279727,6.802432999886859,2.0,3.6,13,90.20145696912512
8.82087040184527,9.806843558500386,2.0,3.6,13,59.93246873091272
8.56263515282069,9.44003539573593,2.0,3.6,13,82.67110832329926
10.734890112377494,8.7694497975478,2.0,3.6,13,76.64877686836944
11.085408115196437,7.627243992859864,2.0,3.6,13,37.57028788693366
9.755281502354196,8.875094209803688,2.0,3.6,13,77.28881124328127
6.326586096222409,6.194144208346092,2.0,3.6,13,79.19208887722584
9.768155726999217,6.92406700784206,2.0,3.6,13,70.35516191756132
4.837283343980572,8.79515037556259,2.0,3.6,13,81.76803322683801
7.937443751819694,5.151766955215173,2.0,3.6,13,67.32128991220675
7.1989473270642375,10.702442147054938,2.0,3.6,13,99.716172301309
6.323584922848937,6.836247514263888,2.0,3.6,13,81.07503323620469
8.516465613190908,11.2041944103187,2.0,3.6,13,86.74701931809066
8.428527826700575,9.325868095194911,2.0,3.6,13,73.05475160979621
9.59245329571173,10.891705688472925,2.0,3.6,13,74.14921122488576
7.6081016839965026,10.22345097196176,2.0,3.6,13,79.05040666059242
6.97192336332763,7.721847933320033,2.0,3.6,13,56.33683978665314
7.522036020517844,6.748419630759733,2.0,3.6,13,93.8238147851942
6.403115834199711,10.334041802280044,2.0,3.6,13,98.73756399903876
9.495540671544324,9.554760887844845,2.0,3.6,13,75.90514974599988
9.215080662456948,10.327106384290826,2.0,3.6,13,78.32289899422501
8.68666872163954,9.787952515352975,2.0,3.6,13,65.4925144946341
6.43745691228153,8.818055438577845,2.0,3.6,13,67.83245140241705
6.939677949934936,10.396724695892804,2.0,3.6,13,87.23731217378031
7.360209082456712,9.353419912203671,2.0,3.6,13,85.72281987822485
7.504996683077634,7.489959238591958,2.0,3.6,13,102.93226226891484
7.9038118024314095,7.793868716367231,2.0,3.6,13,87.00991455780414
8.97124315928582,8.346692109957282,2.0,3.6,13,78.47501900848198
7.102163003280161,8.991513507445706,2.0,3.6,13,76.94437788278792
7.067761706800317,10.607999094788363,2.0,3.6,13,83.2905878796598
6.940590822589893,10.674204708731368,2.0,3.6,13,101.7236035828011
7.599203285988533,11.038633103479384,2.0,3.6,13,72.16889939322182
8.1822250548548,6.940564341602953,2.0,3.6,13,78.719562584195
6.408781315306271,10.455553914915368,2.0,3.6,13,101.0952802691284
10.534347653750002,8.821283731275454,2.0,3.6,13,45.11071425506956
6.032311598744303,8.884213311073292,2.0,3.6,13,89.586747094285
7.1418184868235794,5.547346084408125,2.0,3.6,13,96.7253415280237
4.849148308067998,7.372993058075106,2.0,3.6,13,87.70470671994276
6.406671773214579,10.641120008911846,2.0,3.6,13,86.59762432797125
5.7409103757899045,10.699710514342048,2.0,3.6,13,87.35704539695458
8.248881137248025,11.302276076484128,2.0,3.6,13,67.25073922308468
6.460113377175385,6.377566508595781,2.0,3.6,13,96.34210105066092
6.522528317004681,11.059116860238678,2.0,3.6,13,84.59132698193665
8.343696024095161,5.288780100849627,2.0,3.6,13,84.25948344169235
7.634251531163847,8.790325490118406,2.0,3.6,13,61.841445801772856
7.08150015727902,10.38127322255901,2.0,3.6,13,86.49725716859622
8.959753263046563,7.425949746352649,2.0,3.6,13,100.0266608601056
9.32076935526821,11.60486514505,2.0,3.6,13,64.9896657863862
7.374635474457383,8.755352918015092,2.0,3.6,13,85.67631137005166
10.890702834051966,8.140932530766205,2.0,3.6,13,88.9079907040772
9.224511597278893,8.62806868386167,2.0,3.6,13,64.28201383353533
6.750246175877074,5.164937650934608,2.0,3.6,13,88.93973312784853
9.9307580044,5.629804958703244,2.0,3.6,13,40.80857642143911
8.940887951954855,10.743898382953976,2.0,3.6,13,67.05309356243109
8.550425114840854,9.816873671699758,2.0,3.6,13,93.05615911750292
5.500670106459404,8.831897713412909,2.0,3.6,13,75.8700480834037
7.192865906261935,11.073693951572457,2.0,3.6,13,92.60812565524232
9.23209566544418,8.372628756373357,2.0,3.6,13,64.65749520194194
8.664064581523247,10.506131680328506,2.0,3.6,13,57.678847616035256
8.696046886585167,7.767581584693743,2.0,3.6,13,69.5035903735764
6.702762264907203,8.607296563658368,2.0,3.6,13,79.04170907559595
11.38848395,9.594022676499444,2.0,3.6,13,42.50351005612544
4.981310193684255,7.341748214791487,2.0,3.6,13,87.45461925105612
7.862795733090652,10.776242461207328,2.0,3.6,13,62.87552872105113
7.848104058015246,11.554689109242178,2.0,3.6,13,58.23664695975367
7.585918750851185,11.442784044426794,2.0,3.6,13,76.66586598308406
6.673185118064193,10.28219682845266,2.0,3.6,13,88.07694436467722
8.338081901545989,4.679115971906263,2.0,3.6,13,61.25344827394392
6.715572619470536,7.116443462265145,2.0,3.6,13,101.02640225540812
8.7048337526283,7.586681538520953,2.0,3.6,13,72.15980366671006
5.614462140179337,9.96416215235309,2.0,3.6,13,76.34781461837618
7.105145732569561,9.450453781257364,2.0,3.6,13,55.8929307642697
4.710209151356567,7.326087101499571,2.0,3.6,13,93.86999197098872
6.30721527089188,8.723320004723456,2.0,3.6,13,78.19389886885962
7.465645383589297,10.70421287874392,2.0,3.6,13,92.49495643900308
6.6632851090001255,10.823048489662304,2.0,3.6,13,81.20494927356019
6.14909139526502,9.574143649027263,2.0,3.6,13,62.787039784921845
9.870581669250358,8.739414502500104,2.0,3.6,13,83.55821418594145
5.111189519222386,7.478962248746193,2.0,3.6,13,69.83551860914523
8.42979285125302,8.945741595298454,2.0,3.6,13,88.68884444892896
5.766405667620435,8.93271481079015,2.0,3.6,13,93.82293559894396
8.814705691034753,10.798684750776388,2.0,3.6,13,50.40935851189342
7.897458954117194,9.252928452512828,2.0,3.6,13,85.86356339790453
6.739750382709798,6.531595383972073,2.0,3.6,13,74.94191952695647
9.001891188871634,6.364803054297076,2.0,3.6,13,61.48356076786363
8.830027418021645,9.415042125582485,2.0,3.6,13,85.21464479514664
6.464208123227913,6.617920738936317,2.0,3.6,13,70.0587000410209
10.988683510059122,7.153053139535872,2.0,3.6,13,102.68769959834592
6.60260678535974,6.327201526171483,2.0,3.6,13,79.83875291663298
6.689012417120012,9.110787160000752,2.0,3.6,13,71.24609441550682
10.243675008031474,6.191184055879644,2.0,3.6,13,53.51553983899709
5.870175637078651,10.346325302969634,2.0,3.6,13,80.0359105114925
10.576280756810617,6.961677069378173,2.0,3.6,13,47.78749162181218
9.104255348750486,6.652702969491686,2.0,3.6,13,40.97718661429954
9.049591260041144,11.426108457751155,2.0,3.6,13,96.89668186267936
8.565383343901965,9.021394061600487,2.0,3.6,13,82.11225805086819
4.562767683422224,7.997357878058343,2.0,3.6,13,87.0593978123192
11.293798877453549,9.397694951616876,2.0,3.6,13,105.2393954743056
6.967532294065316,8.698746957319939,2.0,3.6,13,83.06263119997706
6.063251540356686,6.213460396983827,2.0,3.6,13,81.51605416456852
6.039525011410142,7.970028187572782,2.0,3.6,13,69.62280269066831
7.391913098336669,6.747006292701537,2.0,3.6,13,77.3115298489151
8.416730460341018,9.637165296197407,2.0,3.6,13,87.01505668385072
7.370179217549622,8.282298181261421,2.0,3.6,13,64.93082257489291
7.852184015206453,11.257019332290032,2.0,3.6,13,84.31551172587447
9.2018950316,7.984151234754355,2.0,3.6,13,65.57180406785758
6.870585127218356,5.40170534214061,2.0,3.6,13,77.98444671401204
7.639820175430864,7.670013295629077,2.0,3.6,13,100.39251079787589
8.452794782834292,7.4323293404680655,2.0,3.6,13,59.3243375979154
6.861527678217965,6.46638861908435,2.0,3.6,13,83.87698571433106
9.271596247424142,7.562517735899298,2.0,3.6,13,75.35481747612646
6.564334994121487,9.609893669118282,2.0,3.6,13,78.3245872896117
6.966865089440576,7.550769322953929,2.0,3.6,13,79.22953510999685
8.125012048377275,11.05383111407241,2.0,3.6,13,68.05394602999192
5.770886553029753,9.11100956836354,2.0,3.6,13,69.3245682299887
10.55712462165,8.75718415860801,2.0,3.6,13,40.1214020206919
9.223623312347245,9.942146488349994,2.0,3.6,13,79.62615285983571
6.075858279793822,5.62247512686956,2.0,3.6,13,84.63013853200508
7.636954041277984,7.757956719192705,2.0,3.6,13,79.4211932142952
10.486673216062414,5.705530484349522,2.0,3.6,13,80.92897387814821
9.36126822178029,7.876047034432402,2.0,3.6,13,70.85641092858272
4.968299594741104,8.09902912533136,2.0,3.6,13,86.03004817531335
4.834903814050931,9.424206723302348,2.0,3.6,13,77.21693040329306
7.111610379765786,7.544814830253211,2.0,3.6,13,73.63252576142725
7.933263041929687,5.414699567058321,2.0,3.6,13,71.3132747303165
7.991942439057155,11.079183880412735,2.0,3.6,13,93.79039301114835
8.382750954023031,11.788033412814624,2.0,3.6,13,85.95218575249227
7.902940025002162,8.707948153962304,2.0,3.6,13,55.88034804344515
5.502229121015931,9.48662229265453,2.0,3.6,13,66.67621473866562
8.96207198795898,9.286363257203226,2.0,3.6,13,72.36316969803471
7.758926051339085,9.443597841361523,2.0,3.6,13,89.02525011868075
7.458605579973821,11.075056845242388,2.0,3.6,13,65.99573166130338
8.283648398247259,9.735794641728218,2.0,3.6,13,103.29176157050574
5.5247458404631695,6.248615906458073,2.0,3.6,13,92.26341547439723
8.71734806989665,7.254050192755439,2.0,3.6,13,59.2417560980989
7.773270865716862,8.673571474232638,2.0,3.6,13,95.828938248258
7.53733098750055,5.721131695015577,2.0,3.6,13,60.07286375859229
7.130358440690966,6.30950195004797,2.0,3.6,13,70.19668013276767
5.909585954290479,7.421877305397872,2.0,3.6,13,77.65305383142962
7.9036083608521235,7.621284141382313,2.0,3.6,13,93.09638081291516
11.365054678898794,7.888745432631196,2.0,3.6,13,85.22320769986422
8.789189752330282,11.164415305231056,2.0,3.6,13,75.47980704976477
9.697313520507262,8.407640185744768,2.0,3.6,13,60.84436060954403
5.912456395200668,7.16260963659094,2.0,3.6,13,90.90836695988678
6.569133355468717,7.858353873183268,2.0,3.6,13,69.96480236758522
11.38720722455367,8.445991777108137,2.0,3.6,13,91.65075683894568
6.145221479805802,9.921495660182682,2.0,3.6,13,81.37091052842567
9.470619014408692,10.748189489864838,2.0,3.6,13,67.69956996038077
7.658444275149242,6.144799241983423,2.0,3.6,13,92.93947294522113
8.423417961877536,8.040269668699999,2.0,3.6,13,72.51121784894355
9.75475727448836,9.399064615843242,2.0,3.6,13,80.8841259731616
9.105173091053317,8.132688184311798,2.0,3.6,13,86.28317888662725
9.912442996057573,6.3589627418305446,2.0,3.6,13,78.64031501662794
8.043052823411477,7.064530144915152,2.0,3.6,13,91.31381469501687
6.434115875186026,7.912667752464988,2.0,3.6,13,75.04627590161789
5.675819850269586,5.828826360408155,2.0,3.6,13,69.17837150881846
10.612442629726017,8.292319119987152,2.0,3.6,13,63.11325792922865
8.529346218050078,10.668365904785327,2.0,3.6,13,82.34766113365599
5.367427763621829,9.227893268972196,2.0,3.6,13,71.37334421014172
10.123482939530556,8.939959900749711,2.0,3.6,13,71.1374091631123
7.546432079322863,4.943918363863755,2.0,3.6,13,78.33525964449342
10.093154557054213,10.930091801343982,2.0,3.6,13,72.2659272231618
7.9233933190596835,6.122051643634574,2.0,3.6,13,78.24113242032405
7.722246861678956,11.46728916666402,2.0,3.6,13,93.17385471796004
11.140676646497068,9.865085986825962,2.0,3.6,13,72.04346124923231
5.34083835489131,10.378472605440365,2.0,3.6,13,79.89134274048958
5.633774710520914,9.10121700390578,2.0,3.6,13,87.10515656829729
7.6812632976005695,4.73316555598922,2.0,3.6,13,72.67852214210447
8.448516606990394,6.178008363023347,2.0,3.6,13,72.4638568272738
8.589887568786608,6.2431404251981775,2.0,3.6,13,90.426859072829
5.532408699271672,6.159699889303737,2.0,3.6,13,78.31581198561972
8.934478488721133,10.831984198029804,2.0,3.6,13,83.08713497262579
9.10656668503581,6.357554204271457,2.0,3.6,13,78.52814689948342
4.569768136305672,8.663737072895175,2.0,3.6,13,78.47343638169103
11.163708277633717,8.599735760152136,2.0,3.6,13,64.75887251780448
8.323606097405738,6.290570799172487,2.0,3.6,13,66.3225545666371
7.637837313919653,8.456864862470939,2.0,3.6,13,83.72213621794405
6.593540398283835,5.510400159767663,2.0,3.6,13,77.36692393433408
8.20208986347301,5.2844464026147735,2.0,3.6,13,62.89376814140751
9.456783269734656,11.351868754110956,2.0,3.6,13,68.08006218635997
10.1897062743081,7.004938260436796,2.0,3.6,13,88.74016990846457
5.6310916128022654,7.940666610074391,2.0,3.6,13,64.06390124957986
8.282725022679925,10.155202674396651,2.0,3.6,13,89.07951040870189
6.99492281376421,6.74286067662984,2.0,3.6,13,79.61989084340931
8.173146041526806,8.701065096084264,2.0,3.6,13,77.07870534449256
9.737939214678455,9.668788209549968,2.0,3.6,13,96.54453957288035
6.169176102160629,8.32110176799771,2.0,3.6,13,82.96270086211172
11.090059124396353,6.426742206459743,2.0,3.6,13,35.627811115969806
10.904515319498502,9.038465033418088,2.0,3.6,13,68.22939290113011
8.97321294690154,6.901911004390888,2.0,3.6,13,80.8108434761655
11.013302291550197,8.633140288425833,2.0,3.6,13,60.23360021627631
8.12330318776913,11.790778151418184,2.0,3.6,13,75.04686678476145
6.337994641874992,5.55108103729192,2.0,3.6,13,73.22842400190922
9.236656763094157,9.517886813331485,2.0,3.6,13,92.08161311188742
6.161796995135792,9.155405487874786,2.0,3.6,13,88.78226124844882
8.18725315762168,6.521513301047496,2.0,3.6,13,90.74009957720348
5.527387772469715,6.649483900586387,2.0,3.6,13,75.38629293120434
10.62179743641956,9.052348375196775,2.0,3.6,13,39.32639693538824
9.150623559904412,5.450560067028761,2.0,3.6,13,106.73238087883696
7.396532445974729,5.928590320069334,2.0,3.6,13,75.75447103275019
8.247070809944459,11.443581685595698,2.0,3.6,13,76.29844099512758
9.216488778698562,8.505208511455152,2.0,3.6,13,75.6752989987252
8.131768409145339,10.595537073041136,2.0,3.6,13,70.79715197271479
5.348255112864001,10.042349533737728,2.0,3.6,13,79.49008753115854
5.36531009800314,8.831065377537064,2.0,3.6,13,75.80946764756501
4.819576918835088,9.593482680175825,2.0,3.6,13,88.64302820623783
6.728297023471471,6.979680723458387,2.0,3.6,13,79.6265247074468
6.99867875287848,6.348449745356442,2.0,3.6,13,87.73741496312803
11.240433658650716,8.7919096094,2.0,3.6,13,37.32050023118489
8.152830065896321,9.634657421699984,2.0,3.6,13,87.47258907529644
8.571235523992499,7.561996082852765,2.0,3.6,13,83.18043270528341
5.372085366153036,7.4594569872499985,2.0,3.6,13,67.93052300191482
8.704480080206608,9.060840219418068,2.0,3.6,13,56.436274427797166
6.552655824234421,10.099789077040407,1.5,2.7,14,127.27920019188602
5.23771320928507,7.806093437611883,1.5,2.7,14,117.03680461582448
7.872226702924243,10.349748973112447,1.5,2.7,14,144.86417628255754
5.495698299328927,9.739779782176427,1.5,2.7,14,93.11150179542167
6.840513152481599,8.086256395682334,1.5,2.7,14,109.75451870823622
7.06365467228614,11.00958691243386,1.5,2.7,14,99.2761722141445
6.528836959429042,10.90504003004654,1.5,2.7,14,91.85719906855608
11.462314071156722,8.96735677277405,1.5,2.7,14,132.20227290957803
7.596854513001832,10.85587507555673,1.5,2.7,14,82.56714046260505
6.797222237108143,10.89283759767446,1.5,2.7,14,128.90869023294158
6.305439753718323,8.908347883801618,1.5,2.7,14,130.68283908943934
5.2628820255143935,6.643257737558027,1.5,2.7,14,97.73579151584116
7.327789008660785,10.873065922571715,1.5,2.7,14,103.47802325749464
6.019003304199283,10.124606900610738,1.5,2.7,14,85.42611027291568
6.542766343950433,10.68388902582821,1.5,2.7,14,100.84672769204448
7.876782429244044,9.964457097354556,1.5,2.7,14,97.19721145194217
7.367344863616057,8.114255692801143,1.5,2.7,14,64.16581300402584
7.8920698258049375,9.633014312641336,1.5,2.7,14,129.26412000079043
5.24145614493008,8.579972908131792,1.5,2.7,14,104.34391546860722
7.346344588879864,10.358989226889662,1.5,2.7,14,101.33016425391344
11.20518138884953,8.085894544753936,1.5,2.7,14,141.61642980145058
5.238320596382002,8.162895895558846,1.5,2.7,14,95.9730470874173
7.794393248024849,6.342504905402411,1.5,2.7,14,104.27999226858104
5.757137320436106,10.15779152014924,1.5,2.7,14,95.1706915439516
6.926983219597941,11.05533381400684,1.5,2.7,14,80.44808564480924
4.970015075397062,8.47086939017626,1.5,2.7,14,98.1045348086204
7.64244180596999,8.043883802883284,1.5,2.7,14,101.76454524227027
8.131862160644069,10.75367368012987,1.5,2.7,14,95.40796664055256
7.380785766858846,7.98700179560067,1.5,2.7,14,116.6695982433367
8.399070940718563,10.774192907138517,1.5,2.7,14,92.94459479011232
7.912512254118891,8.43072257108977,1.5,2.7,14,91.74093904890712
6.539218108807898,10.512748962704643,1.5,2.7,14,129.44144890861395
7.623612348970941,9.931484953865407,1.5,2.7,14,115.7385711605904
5.766597243746108,9.7206303887311,1.5,2.7,14,90.59453201742406
11.431611186573676,8.780071015373357,1.5,2.7,14,126.78333044126852
5.489273496339304,10.09427421066333,1.5,2.7,14,92.67712059293164
5.5035360602016485,9.612564568454012,1.5,2.7,14,106.40215677060068
6.577881547736411,7.314523122169223,1.5,2.7,14,103.17470028339174
5.512731605034367,7.499708197783451,1.5,2.7,14,103.78192282400356
7.367108602717704,7.7100343733096866,1.5,2.7,14,94.08657212707296
7.624487619461695,9.659397993241464,1.5,2.7,14,90.68844567189194
8.663979017211444,11.629558252561647,1.5,2.7,14,67.99295124598447
6.573597321478129,8.610735763117214,1.5,2.7,14,101.34106824482234
6.308518951734556,7.223966513775817,1.5,2.7,14,105.78968001085585
6.003208519081137,10.512073891001377,1.5,2.7,14,114.95905104592548
7.357135272070288,9.679387775910955,1.5,2.7,14,81.80859894763118
6.272833213733689,10.517229571535747,1.5,2.7,14,97.08503268665656
8.173631087994472,8.458734751686654,1.5,2.7,14,95.12382552400018
7.864172252876904,11.013278832329537,1.5,2.7,14,89.74596486554906
6.310077161245264,8.542203252155947,1.5,2.7,14,91.19179477979252
10.70278178619467,6.961051781480332,1.5,2.7,14,37.56837240069541
8.463828736646068,7.160491181544153,1.5,2.7,14,100.13529361395688
8.377391778829773,11.515700129241475,1.5,2.7,14,57.50442152479779
9.1908972541791,11.109619664955597,1.5,2.7,14,74.81240140717846
4.972047880424638,7.420415074727384,1.5,2.7,14,93.35165809931206
6.304053075668917,7.704942656405806,1.5,2.7,14,94.06586943981954
7.479998725053107,9.898984473491044,1.5,2.7,14,95.90637658663972
6.425471635001448,9.907357704912128,1.5,2.7,14,94.68076753637126
6.970216892016454,8.285227859537471,1.5,2.7,14,96.2772599838408
7.459465713285597,11.05813070257867,1.5,2.7,14,68.59781361305637
7.107125486018814,8.86294494424113,1.5,2.7,14,114.7347903663606
5.740568160594313,10.520552606706962,1.5,2.7,14,89.00015061042407
8.697554310317985,8.74054969076767,1.5,2.7,14,113.03021963536833
9.503840136162603,5.239721443184918,1.5,2.7,14,118.12866713752749
6.79782153804746,11.29396604290394,1.5,2.7,14,102.27037451654763
7.641643015799272,7.308671793768338,1.5,2.7,14,82.67434426045325
7.322114824908661,11.262926454040825,1.5,2.7,14,93.621385728525
7.45440926640401,11.472428728752895,1.5,2.7,14,110.27750384442156
5.2668415759402665,6.8014666864137885,1.5,2.7,14,74.07099918836775
7.063524844242145,11.155658155182149,1.5,2.7,14,93.58121053288627
8.684736758662627,10.610917523638744,1.5,2.7,14,86.39858789771112
6.3032773480292255,9.302934979282677,1.5,2.7,14,83.3906031643519
10.637094860127688,7.459050628243574,1.5,2.7,14,39.00434968099904
5.502218139582104,8.304076404583444,1.5,2.7,14,92.51676282986286
9.205739645721518,10.70051854025769,1.5,2.7,14,100.21422383945836
5.875640907004123,10.716784061643615,1.5,2.7,14,114.56118510504947
5.7954924340301055,5.859442214715761,1.5,2.7,14,103.16493879054174
7.604301191211866,10.35305384923602,1.5,2.7,14,75.58454186748847
8.152361803072925,10.064053738900736,1.5,2.7,14,110.58236844248744
8.116672208703523,11.257244664609422,1.5,2.7,14,77.60259145240245
5.904854085882194,8.681524600559573,1.5,2.7,14,88.74641079419818
6.041282039802684,8.137284717570111,1.5,2.7,14,96.71776822987616
9.22197590070414,10.570983347279078,1.5,2.7,14,84.48673038820505
8.24842597319974,11.304286822803812,1.5,2.7,14,88.52952503147858
9.971837253134074,7.967493328524767,1.5,2.7,14,64.46836468131326
6.066041156299847,5.846836743374705,1.5,2.7,14,107.97711019704263
8.964862350902635,10.574669999972706,1.5,2.7,14,68.13315073807357
7.857048663324321,11.255856089687851,1.5,2.7,14,95.76422871919632
8.389215379858886,11.12271778538728,1.5,2.7,14,111.86420839587711
6.568316994521504,9.30124635963949,1.5,2.7,14,86.22452110785383
11.4141561275979,8.57035948772947,1.5,2.7,14,95.65545265288908
8.135697331411402,10.350657210264488,1.5,2.7,14,83.96294191000071
7.065859977668863,10.756613229383673,1.5,2.7,14,76.75775472170861
6.384609246620935,11.1147901404198,1.5,2.7,14,117.959519357475
7.055473834398256,11.286151212600071,1.5,2.7,14,102.78652316390806
6.569912888576791,8.808122770402568,1.5,2.7,14,103.7829784951884
7.3730753355403,7.821538829008694,1.5,2.7,14,89.05521049131758
8.673104557589383,10.971704924887511,1.5,2.7,14,75.98841574201538
6.607948349999709,5.804575082726742,1.5,2.7,14,115.1689919653406
7.894499726467246,9.50134921611273,1.5,2.7,14,68.72214554111785
9.2018950316,7.98392190504597,1.5,2.7,14,73.8986252334311
8.410265196710107,10.455892217648636,1.5,2.7,14,78.92203143265002
6.286258470559743,10.108333548021042,1.5,2.7,14,77.84500436746657
4.977914708957535,9.207988446411038,1.5,2.7,14,79.60754092957777
8.025523178334323,10.263009768775898,1.5,2.7,14,70.54317225288315
7.206757767367054,10.40175935922537,1.5,2.7,14,85.30499583521556
4.963308849836741,7.827356498711965,1.5,2.7,14,90.97730310498876
5.773268152799834,8.037937315631993,1.5,2.7,14,91.07225084131856
5.774349922591898,7.896513988994407,1.5,2.7,14,78.03808672930127
6.309395231920369,7.911796305422347,1.5,2.7,14,84.73779887124714
8.422157967616076,9.954539333842966,1.5,2.7,14,88.96157109155476
10.77526243948915,7.988253341866399,1.5,2.7,14,93.77472796283688
6.716505258465258,7.113763770036488,1.5,2.7,14,105.97014153418364
7.893998618924347,8.056207802686957,1.5,2.7,14,89.87806193200085
6.313006182745656,6.998653134511037,1.5,2.7,14,101.72059753516209
7.900028214449728,9.389894697296132,1.5,2.7,14,98.8336298246253
6.025526038833567,9.7389471622932,1.5,2.7,14,90.46284345111326
10.263057827335505,7.630527426814748,1.5,2.7,14,87.63030748797892
6.167634143411595,7.541501169433161,1.5,2.7,14,90.53320906550972
7.942233945838941,5.924019601864387,1.5,2.7,14,97.7199434965204
6.290467454478693,10.230230155148874,1.5,2.7,14,84.07512662531727
7.860809555396208,11.424550159784175,1.5,2.7,14,77.30243508967605
8.137670777528712,11.364605770842411,1.5,2.7,14,106.09038992196736
8.965124882082776,9.62491462011008,1.5,2.7,14,80.29035057513308
6.036166337074816,9.271220471761774,1.5,2.7,14,97.2306427114119
9.332001231767544,8.197741156347215,1.5,2.7,14,63.236926330401694
5.509103394046838,7.35991221328046,1.5,2.7,14,82.5557350305222
7.587254929265046,11.271873064474171,1.5,2.7,14,83.83321785665433
8.679489909023419,10.320461628313897,1.5,2.7,14,81.11513087117889
6.95950867640413,9.74832440946918,1.5,2.7,14,81.98675179240288
7.6278021731023955,10.61980831349408,1.5,2.7,14,84.54193799925439
6.835219349992222,9.55131566348459,1.5,2.7,14,98.45053381602808
8.945670457374318,10.311281136681924,1.5,2.7,14,80.2376403800563
5.245351751217312,9.13011988446338,1.5,2.7,14,95.96843158713584
6.046453270616329,7.436979744349473,1.5,2.7,14,64.87374516309215
8.557424645164735,7.87959968124455,1.5,2.7,14,108.86065286324246
7.9191473925670435,6.496466316303503,1.5,2.7,14,78.26943596997927
7.768091658031894,9.321505508500174,1.5,2.7,14,91.71167005035063
6.830056550097133,9.301105981830508,1.5,2.7,14,94.95951099739368
10.550818408569478,10.329008327541397,1.5,2.7,14,84.25679199517536
8.41727908808076,10.601337360347024,1.5,2.7,14,76.20286770946959
7.322351994669416,11.528499107083311,1.5,2.7,14,72.51275483911432
6.856980072110936,6.940776243370335,1.5,2.7,14,84.5333752617695
6.973124893168654,8.680195436317888,1.5,2.7,14,83.51002956922187
10.112511686601875,8.926568267198759,1.5,2.7,14,69.61528182821414
7.851567246632142,11.14569727929318,1.5,2.7,14,95.3096782115358
8.698298362184477,9.179118063700086,1.5,2.7,14,93.34908119448409
4.977326007463459,8.85691927899166,1.5,2.7,14,81.27449115482571
5.499543273253575,9.867028277902484,1.5,2.7,14,59.00681717569623
8.284165910566013,9.973295359593964,1.5,2.7,14,79.48817178286698
7.383459575829775,8.211740277769946,1.5,2.7,14,76.50274520764205
7.105057443075486,8.533570174286917,1.5,2.7,14,88.4147663341902
8.428622191858667,7.686481651506399,1.5,2.7,14,110.17442848691948
9.885204068600274,8.561014668904207,1.5,2.7,14,74.15785012027379
5.63278915606969,9.801137396916175,1.5,2.7,14,83.32839437462115
8.644139884431908,11.214585341853336,1.5,2.7,14,79.3334311515906
6.852077545680912,7.375924876867684,1.5,2.7,14,93.4461879604654
6.5511620918029845,10.382379259640969,1.5,2.7,14,100.22621603134888
11.407719015468,9.218471988957344,1.5,2.7,14,45.6738168064056
6.573169312435397,7.622729325465791,1.5,2.7,14,93.47253497723108
6.305852717890901,8.381188421551855,1.5,2.7,14,81.42938054382374
6.841000092838996,8.367739483642458,1.5,2.7,14,86.4991076037806
6.839082491192237,8.474834025610107,1.5,2.7,14,99.734369094784
5.233852298395775,9.413073591101153,1.5,2.7,14,99.88740708625672
6.30936190037593,7.458740880313024,1.5,2.7,14,87.50803270089703
5.795995871614802,6.595873353546028,1.5,2.7,14,94.79137864286712
8.149690135053797,10.472722769771492,1.5,2.7,14,75.26976297276896
7.082290896572343,10.37285223917672,1.5,2.7,14,104.50033361310447
7.994149947226157,11.07564779714322,1.5,2.7,14,89.47552926509506
5.1091373162921165,8.646923218689635,1.5,2.7,14,89.42420279439496
7.507132236810294,8.26420318990361,1.5,2.7,14,102.92537662193423
6.048358743052757,6.986756290902374,1.5,2.7,14,83.84233156887495
4.840619782433034,8.788884128465149,1.5,2.7,14,69.85042673073934
9.219303658364648,10.318615641319663,1.5,2.7,14,66.80674124367451
5.778379023840333,7.372269475926172,1.5,2.7,14,101.70105668875776
8.96073905157154,9.932825165096292,1.5,2.7,14,80.36490175782777
6.441963776263159,7.411943260723542,1.5,2.7,14,101.31119988649488
6.830843363875526,9.716129849983528,1.5,2.7,14,94.24456461528617
8.198367660797919,6.789924443077558,1.5,2.7,14,79.45235680850611
6.175804006586362,7.920801909057374,1.5,2.7,14,108.21570985263943
8.916346200887107,11.539456180072468,1.5,2.7,14,93.56146222970406
6.40441261237675,10.716789757626623,1.5,2.7,14,54.76377331156061
5.79745959360474,6.828496419193809,1.5,2.7,14,88.23853387456687
11.315983023232222,8.242649166225778,1.5,2.7,14,114.32354901520924
5.761894017550405,9.325170135406644,1.5,2.7,14,93.51724191839315
7.64263289311564,9.254938806768989,1.5,2.7,14,108.17669409942113
7.52031462036734,6.32447403700519,1.5,2.7,14,87.38621851914506
5.504611778724646,8.9760795134233,1.5,2.7,14,98.18628026443524
8.929130896494494,11.374223317454204,1.5,2.7,14,81.55714500811987
7.353537853914176,10.068136836314723,1.5,2.7,14,94.14692043427333
5.63519168029841,8.62114940884706,1.5,2.7,14,100.21789823128395
4.97471425388471,8.62761774806698,1.5,2.7,14,81.8940069047523
8.578763213215595,8.265078433919895,1.5,2.7,14,85.74875753455356
7.379958661409668,7.437867758997584,1.5,2.7,14,76.52530335780003
7.191698169829555,11.06840609096986,1.5,2.7,14,94.66324367031636
5.505166173269124,8.836906162403352,1.5,2.7,14,80.41793690031855
8.917711166263558,7.604097565239186,1.5,2.7,14,84.78658488314962
8.414192100573274,10.119348504863844,1.5,2.7,14,84.84082522005392
6.804875401370136,10.7546383629184,1.5,2.7,14,83.0504934743425
5.502863617656673,8.171543788617244,1.5,2.7,14,86.76666570358198
6.578150156640538,8.416455357659489,1.5,2.7,14,96.99320142696814
7.384265087391014,7.215740552913362,1.5,2.7,14,90.7643204558884
6.6204683751985325,5.947614824051588,1.5,2.7,14,66.64325565917308
8.44359783137277,8.340426958050037,1.5,2.7,14,90.00162179437191
8.739681869981503,7.413866452554747,1.5,2.7,14,77.8496953477856
8.520241578151886,11.325202067209696,1.5,2.7,14,80.9464470238921
6.830246977694779,9.963222259624724,1.5,2.7,14,67.6804948285751
5.102436353275568,8.782903595631321,1.5,2.7,14,90.46015237396875
5.240208361087946,7.35075350464917,1.5,2.7,14,99.34984318681876
11.278808068783452,8.36145604873116,1.5,2.7,14,103.25048360732254
6.577865454779968,7.439635973295369,1.5,2.7,14,92.69616581438152
7.644373269441242,8.438652699585562,1.5,2.7,14,89.90149027028296
8.336892047128469,6.58114285382805,1.5,2.7,14,66.01154877253585
6.150787319611348,9.918593592125712,1.5,2.7,14,85.23048891762127
7.887810978426798,10.466158887485934,1.5,2.7,14,97.70158924023616
6.590547450279507,6.561128008553244,1.5,2.7,14,78.19736370630868
8.694750954606393,9.53104406205344,1.5,2.7,14,98.77264112166296
6.660453194514555,11.119785626912869,1.5,2.7,14,107.86427157038834
10.9186193386753,7.396287694413666,1.5,2.7,14,100.3752080557839
8.16997240571892,7.268551694046009,1.5,2.7,14,92.67567581029924
8.593245440158567,7.571347903777752,1.5,2.7,14,60.1779937622788
6.307129452866896,8.042403219365195,1.5,2.7,14,85.85244297712575
8.162414961389988,8.075947253930932,1.5,2.7,14,78.95411787690314
7.056039611491417,10.87662025181736,1.5,2.7,14,101.23356830838286
6.024610105974077,10.00339320484538,1.5,2.7,14,81.33315435051469
6.333467051845494,6.471318880948118,1.5,2.7,14,109.4842970390762
8.0770159404862,5.712881244948653,1.5,2.7,14,54.15921793925746
6.79877737718562,10.51407248979988,1.5,2.7,14,109.84401886071196
6.943007093967217,10.67467343289663,1.5,2.7,14,112.02056114228834
8.698298959593568,9.64076754380416,1.5,2.7,14,77.52748329267948
8.974382389481919,8.0684778786662,1.5,2.7,14,105.68876699085104
7.110994099423017,7.321964166667228,1.5,2.7,14,81.0169146071653
8.927677223502059,11.124014950075791,1.5,2.7,14,71.72609188388405
6.569783570034242,7.727052852317858,1.5,2.7,14,84.56693620187858
7.140801568085266,6.449157942666655,1.5,2.7,14,93.7544726519696
5.936806674788027,5.943765024576661,1.5,2.7,14,81.3677181873509
6.557414942416931,10.2448449223315,1.5,2.7,14,73.96746004429097
5.225415007536911,9.73715377725,1.5,2.7,14,60.46529445824236
8.833702652003407,9.417951927661838,1.5,2.7,14,106.41923588900356
6.264869271274103,10.823031586442829,1.5,2.7,14,80.53806358884253
4.967061863914679,8.2222075650247,1.5,2.7,14,90.7617819657474
10.644783399796252,7.755557569949987,1.5,2.7,14,46.74263947855362
7.36826232749616,8.901343818644497,1.5,2.7,14,62.907455311570985
6.041602380308107,8.485294563212785,1.5,2.7,14,83.39566637467439
9.212610021298309,10.443661377748375,1.5,2.7,14,71.44981174337742
6.848016829545471,7.838662451811605,1.5,2.7,14,95.51948646829352
8.526747099623284,11.073416622467924,1.5,2.7,14,100.5845347824102
7.339915192299493,10.560873158628064,1.5,2.7,14,86.93288163810446
5.777119999866312,7.245154167292592,1.5,2.7,14,85.65620998649636
6.870751603540708,9.119440452579846,1.5,2.7,14,68.80575535382481
6.840069414487602,8.885399749756074,1.5,2.7,14,86.63589691251349
7.33096353331911,10.995820958761874,1.5,2.7,14,87.18828528891761
8.157264044431807,9.320918899761118,1.5,2.7,14,65.94247509962763
5.635469779887392,9.392112064016162,1.5,2.7,14,86.42531302164342
7.719048573206419,11.468590109266229,1.5,2.7,14,94.72275433118554
5.2413894251557,9.574950942183031,1.5,2.7,14,81.24078098257223
8.281764794101095,9.734932954746636,1.5,2.7,14,108.26564552444408
7.09759616184174,7.687416443627118,1.5,2.7,14,101.53951621841117
8.389025548154462,11.25204962466495,1.5,2.7,14,69.94335771758536
8.169054403920349,7.607507278599999,1.5,2.7,14,62.68961837817144
5.510880397035996,9.230473174711149,1.5,2.7,14,85.81312686737292
9.80993781910994,7.166392038001432,1.5,2.7,14,75.85143250757395
9.091494158805856,8.142821804006084,1.5,2.7,14,66.58012300003351
5.52961669284566,7.169861434940675,1.5,2.7,14,65.69657297921705
11.365837848961249,8.082605605251125,1.5,2.7,14,105.91670580119786
7.653460038490812,6.820678454389979,1.5,2.7,14,78.17196725188099
7.465584698440357,10.690221609837389,1.5,2.7,14,73.16441102899714
7.103906949303412,9.844442222848828,1.5,2.7,14,86.83198864864401
8.432576925162126,9.220728503132037,1.5,2.7,14,81.38042713110298
7.105789259135032,8.346875425673185,1.5,2.7,14,90.29514950760506
9.46034005689978,5.3948059333667295,1.5,2.7,14,39.53472281616715
4.972819632610136,8.974615983997117,1.5,2.7,14,80.97845015895689
7.9164189822773,6.918728791187929,1.5,2.7,14,79.84729315532877
6.326991134183003,6.597160728643192,1.5,2.7,14,91.15434339241212
7.645330166668963,8.857202078309518,1.5,2.7,14,85.25486456809898
5.364892911071751,7.186884338506938,1.5,2.7,14,83.02045093869047
8.175848771106772,8.356765212841973,1.5,2.7,14,70.67174344854067
10.729488405327718,8.772239720612392,1.5,2.7,14,70.72917102428725
6.967853485057582,7.104778311256276,1.5,2.7,14,58.27868483183399
8.427683942230027,9.776843844050344,1.5,2.7,14,71.7546333235724
6.048900212646562,7.254464276149998,1.5,2.7,14,74.10494969004768
7.018340435177457,5.879694745869946,1.5,2.7,14,99.93148786613104
8.525705789857774,11.555814592507687,1.5,2.7,14,94.6590718114752
8.038719749386896,7.1565356501874,1.5,2.7,14,91.7529406892686
8.712501617576397,5.831247616300503,1.5,2.7,14,40.032071237826976
9.092818304733385,6.628097658900002,1.5,2.7,14,47.67186020918633
8.156940953610317,9.216347649180594,1.5,2.7,14,84.54493095057211
5.7629091811384425,8.42778430484635,1.5,2.7,14,79.57982108766784
10.798691299540277,10.39298222143876,1.5,2.7,14,44.03267916828333
10.534347653750002,8.830125706950863,1.5,2.7,14,50.075344054236574
10.477405234000017,6.545503043122295,1.5,2.7,14,38.70826037429703
7.602168954296165,10.999910510106815,1.5,2.7,14,70.08998033990626
5.80090891990691,6.505654754051534,1.5,2.7,14,73.31040379652437
8.85847435401031,9.656539695740438,1.5,2.7,14,65.1724950981181
8.568347277772263,8.656863567614447,1.5,2.7,14,104.47287703429784
7.228502858830502,8.31442406333999,1.5,2.7,14,75.37282340684014
6.044946674250447,7.969967708219968,1.5,2.7,14,71.08140974331153
5.765266702304628,9.607915267733656,1.5,2.7,14,85.87415062028239
7.116168282728455,9.127652435071296,1.5,2.7,14,74.04282133092872
8.443835919694235,8.534350515695884,1.5,2.7,14,44.90017962251537
6.582547907882615,7.885259423153912,1.5,2.7,14,65.98690735486767
5.108583212953616,7.603155886276962,1.5,2.7,14,93.21469585141725
11.430638315869755,9.088101431316462,1.5,2.7,14,94.39579581057414
10.669474549137782,10.145902481494062,1.5,2.7,14,73.39684853601324
7.7556399115355745,9.85793305047256,1.5,2.7,14,80.07528274480983
8.702643141204002,8.460006836739952,1.5,2.7,14,92.70738420043796
7.90392289485709,8.838955588691144,1.5,2.7,14,106.27438250925334
7.76269927133158,7.879595635569149,1.5,2.7,14,78.57068204189089
6.291667839580711,9.60188903136432,1.5,2.7,14,82.30708527265098
6.970684172857014,7.890906125420796,1.5,2.7,14,70.79175555968105
7.228557854542692,7.496754657534629,1.5,2.7,14,86.2873967622296
6.035109044046725,9.849552687365929,1.5,2.7,14,87.68658049884442
8.002361911039554,10.664526359767704,1.5,2.7,14,88.91399474690763
7.251916169280918,6.738799489459645,1.5,2.7,14,61.63580948383561
9.076918860728084,10.109055938636589,1.5,2.7,14,102.98886721562008
8.162575854090749,8.917461717262666,1.5,2.7,14,76.9774671013645
8.68561350856858,9.94294551865666,1.5,2.7,14,64.94578427981659
8.309588053562878,8.639711254222671,1.5,2.7,14,84.80604389825349
10.843178919289157,6.53778648782683,1.5,2.7,14,84.03570221660108
6.702600376685763,9.068874089628636,1.5,2.7,14,57.60046090523751
6.305876719736927,8.140717166922649,1.5,2.7,14,92.31666172471256
5.916225427545967,9.376599111827982,1.5,2.7,14,82.76415869568287
5.25742534765717,7.084295597025076,1.5,2.7,14,77.54966775475772
7.639208535558047,7.666782123481694,1.5,2.7,14,86.27828364153414
6.560218736131245,9.77761223665499,1.5,2.7,14,86.89725048252957
10.166496602804138,7.755557569949996,1.5,2.7,14,42.85315930188396
7.211690273111654,10.27054326587425,1.5,2.7,14,80.29508951498364
6.816291876734379,10.098666937932482,1.5,2.7,14,53.17856828796991
8.550334592050396,10.359278752236536,1.5,2.7,14,70.68577145797121
6.588454334859654,6.946975209494887,1.5,2.7,14,66.78163756465176
7.093202511327498,9.677028277038737,1.5,2.7,14,79.13411436214254
6.0389383915408406,9.180937026108523,1.5,2.7,14,92.20805283147116
7.135074021833685,5.967565589799996,1.5,2.7,14,66.36633084931009
6.571526281115869,8.131576995655152,1.5,2.7,14,92.93154152747732
7.740336087904145,10.67367054769599,1.5,2.7,14,85.39159622759983
5.358246184662777,9.938496452675896,1.5,2.7,14,85.28422298140836
6.058415414687275,6.8104085873709685,1.5,2.7,14,79.03405913446237
7.231925962933584,9.09314183986983,1.5,2.7,14,85.28832721684945
5.513997335793384,9.092405267597016,1.5,2.7,14,91.0167281836591
9.915427677080713,8.229400673357608,1.5,2.7,14,44.767870090767055
6.063945178942546,8.748189996217535,1.5,2.7,14,88.47611555821656
6.794651725574113,11.006209706897597,1.5,2.7,14,85.41674844583454
6.330715017266783,6.8596398319769305,1.5,2.7,14,70.59108351788007
10.781029056764172,10.089155055274452,1.5,2.7,14,93.60079951700004
8.795351705250491,11.168037171387189,1.5,2.7,14,83.72800939191224
5.243853069885676,8.957519485213139,1.5,2.7,14,90.04743400008073
9.471973346812163,10.64192005863578,1.5,2.7,14,61.91371560720306
7.086466309390422,10.10350526248052,1.5,2.7,14,94.77657396341404
8.154770976437536,9.642906538612053,1.5,2.7,14,80.05410864640919
6.6032086776404375,6.142832547296266,1.5,2.7,14,80.07872382477659
6.036897871077311,7.846557477287298,1.5,2.7,14,94.48022692859163
5.238724547847852,8.876937554336415,1.5,2.7,14,69.7058502250424
7.362675378191016,9.251719795072926,1.5,2.7,14,79.20397097301033
7.403620665738664,6.692668862899931,1.5,2.7,14,47.69140213456547
9.034058902169708,6.992800442222241,1.5,2.7,14,42.76717979426965
6.021120259652431,10.27047454010743,1.5,2.7,14,71.46017319661469
9.859121882006036,6.984254362109928,1.5,2.7,14,59.0243531401452
9.262154421743857,5.280336330004308,1.5,2.7,14,80.67503987111495
8.016148040459939,8.660669597406645,1.5,2.7,14,55.51843817044831
6.424696021763295,9.546829262620776,1.5,2.7,14,80.6503422225601
7.597881292778249,11.170117949130963,1.5,2.7,14,57.97521617464575
7.753599971208734,9.065349692094747,1.5,2.7,14,63.28226553684706
8.17261072951935,7.147725223800524,1.5,2.7,14,65.0348697364339
7.518551335270128,6.741982498404827,1.5,2.7,14,84.18845913619039
7.242587967996459,5.687919695918353,1.5,2.7,14,83.65496935963898
7.903401828284591,9.2470859392918,1.5,2.7,14,71.58233756242605
5.490914236550172,10.276132236062969,1.5,2.7,14,76.56057933787343
10.516195458992405,5.889656660691098,1.5,2.7,14,108.93866540790796
5.779899969865029,6.981828794011839,1.5,2.7,14,81.51834653345317
6.527346171004218,11.05143196262876,1.5,2.7,14,72.21825866911686
10.7962827846,7.317438162243492,1.5,2.7,14,27.40231109237081
6.044861330039402,9.540740933132504,1.5,2.7,14,82.87716622519936
8.304525242266761,9.173210460776248,1.5,2.7,14,90.54490404071316
10.578444966181692,6.939017394626744,1.5,2.7,14,42.746551963812095
11.383294450428128,8.446408023100622,1.5,2.7,14,91.48309772488722
8.52099024709622,11.208815558013152,1.5,2.7,14,88.27955693027535
9.481897490841698,8.107132366638927,1.5,2.7,14,45.80197851387966
7.38583882412796,6.90437220421963,1.5,2.7,14,76.51962026055568
5.3537602858457625,9.59027408825095,1.5,2.7,14,46.944676202725184
8.419856158002059,9.642813191925605,1.5,2.7,14,84.2959021203347
6.841781907408855,7.65471072415184,1.5,2.7,14,77.95319443148665
5.54857745212453,6.392772734926114,1.5,2.7,14,67.65475903569883
7.782611914582121,5.121709116997959,1.5,2.7,14,45.973836840278125
10.62719123753521,8.287434228174918,1.5,2.7,14,71.25259727370675
11.085211861309723,7.63461424594461,1.5,2.7,14,36.61822152679754
7.126350962497765,6.842932323196318,1.5,2.7,14,58.248739461392006
8.571081881030416,7.093944082755437,1.5,2.7,14,63.97978080066929
9.69159984145,9.927789712705447,1.5,2.7,14,82.1110199901886
8.467476327643316,7.43055387078741,1.5,2.7,14,66.19473376611445
6.33240363587943,6.707664104433744,1.5,2.7,14,74.67152428334454
8.957063817061846,10.1357507155,1.5,2.7,14,81.52131924183163
5.77966961133611,9.146661724613596,1.5,2.7,14,71.3460417972144
5.77032544411261,8.620009773315054,1.5,2.7,14,89.62466822360649
5.625251057725661,8.402941279736144,1.5,2.7,14,88.40168191820733
6.944032886519845,7.511903097460134,1.5,2.7,14,57.84805969575957
5.506924528384769,8.56058611217298,1.5,2.7,14,83.1938483943715
6.856422170036556,6.551426012830633,1.5,2.7,14,74.98069101991287
8.410715160470204,10.346954642981965,1.5,2.7,14,83.26219013306422
8.143184233878195,10.593083499893586,1.5,2.7,14,68.120200772826
11.164597869970589,8.932612130754874,1.5,2.7,14,96.47086734840003
5.513676151123575,7.033789118034504,1.5,2.7,14,74.14921941992557
10.26273248029213,6.890032789749998,1.5,2.7,14,41.51573729279053
6.011055699655538,10.706334038870102,1.5,2.7,14,75.79415282398769
6.572787173696844,9.4296647106,1.5,2.7,14,80.22704527210162
7.747934559816673,10.545313064891255,1.5,2.7,14,63.791410925876846
6.466338232700092,6.633502531172056,1.5,2.7,14,56.91902053655678
8.741094754029403,7.791326277152962,1.5,2.7,14,46.94375322597408
7.500597710184253,9.618866386149335,1.5,2.7,14,81.57003337097586
10.766995736470305,7.879309394760011,1.5,2.7,14,95.34890940447204
7.908979263518984,8.988068447535456,1.5,2.7,14,69.01877442426728
5.5314883418351375,6.15602471988198,1.5,2.7,14,73.9084223748749
8.825690913453526,9.794096197000002,1.5,2.7,14,43.26329812557156
5.77254887867014,8.940857587285992,1.5,2.7,14,90.42864650734276
8.118061650393361,11.649816361411863,1.5,2.7,14,92.7397568813318
11.1454172051396,8.297889494165013,1.5,2.7,14,103.0802062196208
5.239595618094908,8.46225249823177,1.5,2.7,14,92.71288035128784
6.407088990751587,10.316549668661208,1.5,2.7,14,75.74815794957526
6.571876677264622,9.582806707211011,1.5,2.7,14,96.89091351136884
8.459869117375645,6.468658883600002,1.5,2.7,14,62.24622490541777
7.697071298520906,5.549344141160058,1.5,2.7,14,49.57317966994329
6.302491237068998,9.84714426328654,1.5,2.7,14,82.40835826212967
10.248043796772317,10.033637870813262,1.5,2.7,14,83.59655267189066
10.83044823645,6.89420629775327,1.5,2.7,14,58.64334627205738
7.467134108950786,10.809310013845804,1.5,2.7,14,55.26654997295286
7.917791838882955,7.891321457768655,1.5,2.7,14,61.59693522310545
9.233853583882016,9.521945475546532,1.5,2.7,14,88.1525444128022
7.865985357699341,10.876549015799924,1.5,2.7,14,91.98058683887176
11.398875258846402,7.323808565520486,1.5,2.7,14,83.96436661023418
8.271026862305286,10.659760014148766,1.5,2.7,14,66.07547205726101
8.832128288669335,8.25613608611016,1.5,2.7,14,104.85703208237044
8.313645657541349,7.084210291136718,1.5,2.7,14,86.56047944395578
5.774424275421119,7.756343510614657,1.5,2.7,14,80.56875645128484
7.8808308934000015,10.6158506658086,1.5,2.7,14,55.49338176964192
8.697736930612818,8.08007558586261,1.5,2.7,14,82.16915940721827
5.001365249244698,7.1603480333692255,1.5,2.7,14,71.86291067064818
7.103572636650904,9.560594158706875,1.5,2.7,14,65.98570062910419
7.60593292533385,10.748373639491613,1.5,2.7,14,64.4769322924452
7.70601577625469,5.956310359224297,1.5,2.7,14,58.72686383282827
6.073648941328957,6.130090500879942,1.5,2.7,14,81.34555778660021
9.66642603333374,9.30736961057736,1.5,2.7,14,91.49053374874448
8.005202783487931,10.35996272722046,1.5,2.7,14,74.46478321606222
7.09019865154089,10.1988442612227,1.5,2.7,14,75.2365840864486
6.275171744138343,10.653672360196383,1.5,2.7,14,85.02592556502556
8.024148316486698,9.431712194323518,1.5,2.7,14,66.96837973914732
8.69635325124741,10.158992076290774,1.5,2.7,14,68.74899399590237
7.190016201345504,11.198083081763794,1.5,2.7,14,82.95488925115536
7.399990568967061,6.514122682748156,1.5,2.7,14,59.38468398716306
5.911174312750553,7.428405312725883,1.5,2.7,14,80.10976459135001
9.280336460498573,7.188039099684606,1.5,2.7,14,52.04865251198965
7.621633341580476,10.22623048045133,1.5,2.7,14,62.18242361358985
8.549975374873636,10.147444456839398,1.5,2.7,14,84.24796819970305
5.503422525439287,8.643522849101926,1.5,2.7,14,91.056145577181
5.781400066333643,7.638905660791536,1.5,2.7,14,64.29743742325589
4.839064383973881,8.62793692483621,1.5,2.7,14,78.78329692213933
5.632650987607336,9.648753731193109,1.5,2.7,14,82.59303516848126
8.304643821557004,6.716339278366386,1.5,2.7,14,89.56415165861785
10.088276818760022,6.7713310382020335,1.5,2.7,14,46.97257968393709
5.514005079306,7.630849319667809,1.5,2.7,14,66.89376432087379
11.059836625104468,7.9605502810500015,1.5,2.7,14,34.03179420544109
6.449051648084139,8.842897742220016,1.5,2.7,14,69.98719665284843
9.875700952066556,7.795682557739266,1.5,2.7,14,48.62141023199645
9.610857946732974,5.846742969557618,1.5,2.7,14,94.86766750337412
6.312193324330533,8.772827879268075,1.5,2.7,14,82.0366054352108
8.716627259531428,7.1943624441821,1.5,2.7,14,45.793106861467386
6.820893763759215,10.25098529935326,1.5,2.7,14,67.40222305751846
9.578782275771976,10.91429459684652,1.5,2.7,14,48.75159722106188
5.499065446020085,7.792830189579825,1.5,2.7,14,82.38629993199896
6.848890071016733,7.267183837609928,1.5,2.7,14,79.36808250250385
10.94498970647208,7.270806353292321,1.5,2.7,14,48.46699005527604
8.615131666666876,6.678946916866291,1.5,2.7,14,86.7920476083777
5.891279933752621,8.355087881888517,1.5,2.7,14,92.95637011132143
6.809734684607198,10.387398292669378,1.5,2.7,14,84.42641025756218
8.424144247020527,9.501251556783693,1.5,2.7,14,73.08804044376937
9.226733758071688,8.102968842188512,1.5,2.7,14,88.51301295116495
11.000698624052092,8.636467738407443,1.5,2.7,14,98.30993566344254
7.402501372599236,5.554501820812078,1.5,2.7,14,89.18490718276173
4.977704153401032,7.686013647283042,1.5,2.7,14,70.11759942107373
5.505973033493435,8.41752107566082,1.5,2.7,14,77.31617164247562
5.765068334507607,8.185356234743422,1.5,2.7,14,69.5969607815479
9.89904582819612,6.013119525600001,1.5,2.7,14,58.15721441348327
8.6096938662,5.0792638417,1.5,2.7,14,41.54026074786256
10.921499487548967,7.890391440794389,1.5,2.7,14,40.179706713178575
8.687422651660095,10.022717083731502,1.5,2.7,14,78.5309301643416
9.463830162449998,10.811934931898453,1.5,2.7,14,48.34034346563949
6.294034815551613,10.009908667274688,1.5,2.7,14,69.50288471564204
6.718471630970714,5.767733963704891,1.5,2.7,14,66.27770524566975
8.552581548785346,10.53232565040846,1.5,2.7,14,55.7765840330988
10.880876557080253,7.519552970511398,1.5,2.7,14,94.44893573269178
7.138925775528215,6.533569052052557,1.5,2.7,14,74.32439306144968
8.834056745646027,9.0610048595298,1.5,2.7,14,81.94524597559524
6.05779066421611,6.589893834090848,1.5,2.7,14,76.48257984120552
9.14914988358457,5.553049377019514,1.5,2.7,14,63.60561224218075
8.856882580768616,5.571084812201208,1.5,2.7,14,76.7376957586628
11.1459427254151,9.861348218467208,1.5,2.7,14,83.25086969706628
9.69528356579319,8.39090504036813,1.5,2.7,14,43.43963260720528
6.617285717265292,6.3250364552552005,1.5,2.7,14,57.6481788023668
7.335108098391363,11.145666100436417,1.5,2.7,14,69.29939725946436
7.650060373890504,9.009647167276896,1.5,2.7,14,72.02686393559475
10.073980671809618,6.567450930263866,1.5,2.7,14,90.38797668754914
6.185839587603933,8.62870064654507,1.5,2.7,14,89.10144635094584
6.293114278724612,9.718614854636622,1.5,2.7,14,72.16206963207986
11.11583203100314,8.749376632744939,1.5,2.7,14,73.326834828606
6.325326233486279,6.19616864824867,1.5,2.7,14,66.65749928699913
8.290010781486696,10.13221824190615,1.5,2.7,14,65.18682263366063
7.3800196313526705,7.00910818455065,1.5,2.7,14,73.46232653130453
6.415091253177222,10.228235900109532,1.5,2.7,14,74.79820883972788
7.378538358241026,8.456810335829612,1.5,2.7,14,90.17730684018606
6.305417879365049,7.351306497736462,1.5,2.7,14,75.36045293193011
8.305160325724488,9.431385400093102,1.5,2.7,14,93.81768338657436
8.918298397017532,11.255158665839854,1.5,2.7,14,66.64049631446913
7.666246614368134,6.521272161852748,1.5,2.7,14,74.55373895501016
4.831812824439374,8.366588060067109,1.5,2.7,14,78.4632299732371
5.633669450586714,7.923625290590506,1.5,2.7,14,73.71090098046562
7.009434090606313,6.2208012184636745,1.5,2.7,14,72.87928587065824
5.112320347364668,7.48791315732484,1.5,2.7,14,84.71302546839112
7.11145673186446,9.451017598460886,1.5,2.7,14,67.6744756403037
6.697146079319658,8.71933476167025,1.5,2.7,14,75.28279509071365
9.516573880770348,5.582121750572336,1.5,2.7,14,60.42066060691682
6.31876851001789,9.064942514005176,1.5,2.7,14,79.6974148384106
6.41337805627079,10.460533683777836,1.5,2.7,14,92.3507423471398
10.391135659255305,7.257987462889798,1.5,2.7,14,71.39789959892941
6.995149657489722,5.487514723958842,1.5,2.7,14,60.75005731977247
10.423571450771483,6.572746985521002,1.5,2.7,14,66.05876031415137
7.717534186514071,11.3423567199804,1.5,2.7,14,51.249432098865285
7.784317323382496,8.1243669040309,1.5,2.7,14,69.2863038175558
5.502028252834581,9.414230800663852,1.5,2.7,14,63.08321067089684
5.366020600394321,9.82572697139593,1.5,2.7,14,91.34465120062892
9.79264389369821,7.952678680902646,1.5,2.7,14,66.28755800480634
10.535055877287972,8.307316143923947,1.5,2.7,14,32.17153032339072
6.172954268657824,7.442040264430826,1.5,2.7,14,75.2082317712175
8.15861284448025,10.204822318290873,1.5,2.7,14,70.76291044430585
8.70569708842662,8.361203067769654,1.5,2.7,14,66.87899884509903
7.093807735932116,9.94685802240545,1.5,2.7,14,80.09068925292085
8.057110574632125,5.592151526419809,1.5,2.7,14,52.06395296827048
9.318441713196853,8.966042305290218,1.5,2.7,14,68.16313097952845
6.17019231678602,9.372897732145011,1.5,2.7,14,83.30817790814666
8.292650689480471,9.851602270347945,1.5,2.7,14,101.3601272305626
8.975765814327602,8.34868853366495,1.5,2.7,14,61.10093543021612
6.205489023626749,5.780874168146612,1.5,2.7,14,104.39607595247791
8.055357633005425,7.613389936790081,1.5,2.7,14,69.48323114730127
10.861739948480803,9.51171729960963,1.5,2.7,14,81.71845305635699
9.372332267290334,5.203554378687508,1.5,2.7,14,42.010101343993824
7.793457924664917,8.510053050002249,1.5,2.7,14,79.63318921381918
6.046069617044096,7.609237161564037,1.5,2.7,14,76.17426385463718
7.914409559061692,7.209211969254685,1.5,2.7,14,65.04867168390635
7.650132471632811,8.595930792501436,1.5,2.7,14,65.15594833491066
6.043454166501688,7.303506490863843,1.5,2.7,14,69.46406729601794
10.392751002090575,5.76699891176321,1.5,2.7,14,69.20868130480385
7.589666354222241,11.40410265069806,1.5,2.7,14,67.47491933882762
10.782231429730146,6.698113905952865,1.5,2.7,14,82.49516684110841
5.101224826096211,9.471223028775553,1.5,2.7,14,81.11081726025695
7.377286772093158,7.579539843633213,1.5,2.7,14,61.75687735982429
8.56598468891446,9.43216518324694,1.5,2.7,14,94.3444329153214
10.918131567490772,9.289434656280555,1.5,2.7,14,47.02130150023487
8.558341144573694,9.710387935582409,1.5,2.7,14,69.95200730539526
9.885204068600002,7.335794656235203,1.5,2.7,14,54.45944453246063
7.117319395416165,7.545818259738043,1.5,2.7,14,53.587110945290405
9.755823628404835,8.851911720335947,1.5,2.7,14,58.453244751876426
9.955523100042946,7.233499847082655,1.5,2.7,14,57.87933069727385
7.112710359848824,8.594146211028699,1.5,2.7,14,66.44396851201918
6.440741117845589,8.08834157783078,1.5,2.7,14,57.5747742199344
9.159179773985462,5.0337099059,1.5,2.7,14,27.537845163409656
8.246864212652252,11.432504636899369,1.5,2.7,14,61.53991349049101
6.43205671921673,7.914656436079073,1.5,2.7,14,84.00554631879454
7.370760748044348,9.85103861675,1.5,2.7,14,60.34932057190348
10.657351419818678,8.160680675407717,1.5,2.7,14,68.42881656275347
8.477325239132925,7.014857469080952,1.5,2.7,14,44.3679574225682
4.829438985961797,7.901111399301761,1.5,2.7,14,73.52015981258191
8.71690319924729,6.803208818722252,1.5,2.7,14,74.46454948763548
5.920475132223689,6.795651915144408,1.5,2.7,14,81.1908199388515
7.115239709810954,6.93362514774103,1.5,2.7,14,69.3842784012158
8.442488165390573,8.841621880293003,1.5,2.7,14,54.825880584862986
5.640553169455581,8.109023883578923,1.5,2.7,14,74.40079866178351
6.839947581654447,8.780608631179678,1.5,2.7,14,91.68062175454392
8.037842576434214,8.252999392548935,1.5,2.7,14,59.519905743442685
5.91065166062922,7.828018077666774,1.5,2.7,14,72.2816798776041
5.529934951340082,6.864602016141623,1.5,2.7,14,67.7576813372834
9.98770042415,7.664189872496493,1.5,2.7,14,39.30507947940704
10.232421422089043,9.926866582293206,1.5,2.7,14,78.37563013825326
6.69600210713996,9.88836532977982,1.5,2.7,14,50.61825918964363
6.990305955194454,6.73839991643648,1.5,2.7,14,73.60676007856135
6.620251825194412,5.683907717090743,1.5,2.7,14,56.79990063373143
6.955766597901851,10.00200098857503,1.5,2.7,14,91.39189261350155
8.563011519420632,9.023805192687709,1.5,2.7,14,65.82441016085444
7.900953401339825,9.798296128848634,1.5,2.7,14,63.58753621964811
6.1672351480444005,8.140904982636014,1.5,2.7,14,71.36747883391989
6.149574260573641,10.20943162384739,1.5,2.7,14,78.17671949776887
5.766711193710602,9.4733574294373,1.5,2.7,14,64.37499289855934
5.888186080622262,9.844335148988936,1.5,2.7,14,68.6889134426534
11.008991455274687,6.905304432305799,1.5,2.7,14,44.920539207592576
7.501548792877631,7.493701663993213,1.5,2.7,14,87.6251154840719
7.404190235668426,5.783889711607479,1.5,2.7,14,70.77877500409083
7.612424413239697,10.08656185985173,1.5,2.7,14,69.67963259467128
11.135664894171716,7.021552619168256,1.5,2.7,14,66.12367854683325
8.961133666150099,9.526705110001195,1.5,2.7,14,89.83062074455866
5.377647417919677,9.463861190248746,1.5,2.7,14,86.43677929853573
8.448829875139081,7.541896891004123,1.5,2.7,14,65.08653617865721
9.46047655917173,7.587702174027353,1.5,2.7,14,62.00108712150187
9.24939288790883,9.768077301679348,1.5,2.7,14,56.81331360472145
8.839070163340967,8.61936203820876,1.5,2.7,14,69.3256111699131
7.1787790420443125,11.47527704078531,1.5,2.7,14,80.78541230926496
9.610655274535782,6.771527509968452,1.5,2.7,14,30.703701858664807
7.774322268036873,8.666787472273974,1.5,2.7,14,87.93583233180465
5.877954865230341,10.340615013541594,1.5,2.7,14,61.007199661057385
7.325529321242899,11.42869974769359,1.5,2.7,14,62.27086567209261
6.061532723139581,6.227913449099803,1.5,2.7,14,63.85338271426648
8.032201784310667,9.065324257052769,1.5,2.7,14,86.8070007340005
9.793024907829633,5.666676734765683,1.5,2.7,14,47.78592073035619
10.479726342020667,6.107378298098249,1.5,2.7,14,72.68028999277685
6.698228587878032,9.615110745751933,1.5,2.7,14,60.44996664299304
4.984946334910656,7.342889565050023,1.5,2.7,14,76.88085398558998
9.115731159384664,9.03551289887787,1.5,2.7,14,83.07470005424494
7.91911643686045,6.110805964204378,1.5,2.7,14,65.81078504594987
6.306283426106245,9.43522213088539,1.5,2.7,14,65.89389247855624
10.429522695719312,6.766477674681025,1.5,2.7,14,82.24285674761114
9.459179682915362,11.09676397569796,1.5,2.7,14,77.01203273020832
8.976012837030542,7.960772092219202,1.5,2.7,14,81.87232590527532
6.583869797260206,7.162431473416497,1.5,2.7,14,67.26117669931374
5.531357519865755,6.619245370340035,1.5,2.7,14,70.30903164758766
7.773288698663292,5.960420631993658,1.5,2.7,14,60.73059027183228
5.616309929224615,9.960098251279764,1.5,2.7,14,67.80196366507708
4.8272629896540415,8.049397616901866,1.5,2.7,14,66.90627782356235
7.778909691003966,8.03705856132699,1.5,2.7,14,43.552058185965066
7.215938964132484,10.549462460069943,1.5,2.7,14,88.2275616968162
8.168514537855804,9.789941254715496,1.5,2.7,14,83.25604639913506
7.4769496730607905,10.383232237367269,1.5,2.7,14,72.18083304367043
8.708957159015242,8.95248068931308,1.5,2.7,14,61.60395545792716
10.076544524786488,10.92544313299007,1.5,2.7,14,61.28251538509922
7.590762392873218,11.526903810252303,1.5,2.7,14,42.84793253341596
9.085357787604709,10.329354942650042,1.5,2.7,14,42.67007382327007
8.999439245451684,6.752971784427988,1.5,2.7,14,65.2075397061081
9.114055798754627,9.276942547327277,1.5,2.7,14,55.68000085072482
10.594107658231495,7.979785836071399,1.5,2.7,14,38.15586224670929
8.437068128332841,8.477517288548,1.5,2.7,14,80.18248395955474
8.82057554740635,10.78613015387995,1.5,2.7,14,56.34101797503102
9.747120285150505,10.044675879313926,1.5,2.7,14,50.70883997495606
7.105563444374126,9.258391191069718,1.5,2.7,14,78.22788873937031
6.041335581650702,8.91526754580671,1.5,2.7,14,82.51091389500527
5.75934273367348,10.010773678375736,1.5,2.7,14,72.85966137717323
8.978420829392194,9.351172981729208,1.5,2.7,14,69.14689781132869
10.006337103959977,9.320233107781617,1.5,2.7,14,57.93774663965987
7.378722042323283,8.75383614121116,1.5,2.7,14,76.05707274675304
8.34921656020265,5.294218955452733,1.5,2.7,14,56.14538798368038
10.477405234,8.801387134301264,1.5,2.7,14,40.882359995848326
10.641873248311256,9.008998511403693,1.5,2.7,14,37.47860652240388
5.912272299229362,7.153965169738744,1.5,2.7,14,89.48122364879316
7.138582521216772,6.035896493500004,1.5,2.7,14,65.80118300291734
6.071290628591984,6.351463219571847,1.5,2.7,14,65.31902346059084
9.130566180179317,9.978719485108693,1.5,2.7,14,61.48873429889586
8.443319583525534,9.34889413009989,1.5,2.7,14,55.59318520055363
9.65332450514614,9.48399916509241,1.5,2.7,14,24.255369526463188
9.097578661905354,6.359461426358643,1.5,2.7,14,57.8053984508841
8.541362962500001,5.860289512628327,1.5,2.7,14,55.22196581222633
6.6944324976836445,10.055191763099424,1.5,2.7,14,69.56081394678934
5.380392366976217,8.19560496154482,1.5,2.7,14,90.00904582416774
7.377501864879754,8.65545197175692,1.5,2.7,14,74.90943035271486
8.177578583941168,8.699348737545067,1.5,2.7,14,57.29553637227702
6.133458502571272,10.984033192753966,1.5,2.7,14,85.94582311570451
6.888033772773343,6.272773163952896,1.5,2.7,14,72.74910094935755
7.111579087797154,8.179292520815714,1.5,2.7,14,90.77531644533929
11.373206021573209,7.88898490718532,1.5,2.7,14,75.31474660345665
7.501275918196455,7.103171570968471,1.5,2.7,14,65.23873901364057
9.006270158078586,6.377534917859842,1.5,2.7,14,65.83391758913152
7.11004489605113,7.9763444003704835,1.5,2.7,14,61.60686302105405
5.240583985483059,7.680656958967633,1.5,2.7,14,66.31462311322845
7.19635463877759,10.707223213834816,1.5,2.7,14,63.46456459136809
10.656962706295534,9.315014783481852,1.5,2.7,14,54.11379278318706
8.642954813826957,11.118142892175795,1.5,2.7,14,53.52874137594847
8.94330486830914,10.720205949649827,1.5,2.7,14,76.95296222102662
8.977499165742366,8.610333335177138,1.5,2.7,14,38.179197305043445
6.947853320333829,10.413527050561692,1.5,2.7,14,71.96041699442027
10.990526763364944,7.1599807957516886,1.5,2.7,14,86.00968747496769
8.26397929025743,11.0468294315,1.5,2.7,14,61.96516412611126
8.692208949201696,9.7570950810176,1.5,2.7,14,63.389774208706
8.1330127047464,11.032059687071646,1.5,2.7,14,56.99830100700999
9.9307580044,6.173425065445652,1.5,2.7,14,57.932917753623386
6.673953170040844,10.277500687839378,1.5,2.7,14,84.08149916223563
10.193657068245107,8.119200960977984,1.5,2.7,14,58.54180987792223
5.41003936516011,6.565031737475092,1.5,2.7,14,51.56688182807792
8.983603532268642,8.97060984372294,1.5,2.7,14,68.31500303910771
6.478477754137196,5.914259670195899,1.5,2.7,14,82.78432576743286
6.97724340198622,7.739218098947522,1.5,2.7,14,46.46869189721019
6.599129927425049,5.367606137032706,1.5,2.7,14,61.65172370255117
6.593412532696943,9.138212535418488,1.5,2.7,14,58.56708547586688
10.11125403187506,9.763796151267943,1.5,2.7,14,62.3166295396527
11.103899544746817,7.704294503103374,1.5,2.7,14,49.43526504557919
10.54471911385768,7.960550281049999,1.5,2.7,14,35.17920285205583
8.300860229266407,6.275054656450001,1.5,2.7,14,49.61137933848444
8.844165542626905,9.96225191537814,1.5,2.7,14,76.13203603686462
6.712351102305287,8.569882132024995,1.5,2.7,14,75.6200525796281
7.076343794778998,10.618192813454897,1.5,2.7,14,66.80691914193443
9.868402591831993,8.751133825118098,1.5,2.7,14,72.25864869415447
7.496033130587043,9.432198060413684,1.5,2.7,14,65.43781717678513
8.695452128814306,6.419049941529319,1.5,2.7,14,52.42782649712888
5.370555242658213,8.774156987854404,1.5,2.7,14,52.46777917616196
6.162063013700887,9.641341739020996,1.5,2.7,14,67.36258839271044
7.863839466215905,10.74789154696552,1.5,2.7,14,49.16464378950291
9.902747906095202,6.359931219168415,1.5,2.7,14,67.26890429533233
7.111123502061167,8.999677948339134,1.5,2.7,14,67.51016746928971
10.25313401904872,10.583155099069458,1.5,2.7,14,43.08495557335205
6.062459984265604,6.525601303349998,1.5,2.7,14,73.42607524072653
6.836723639319084,9.440282171022744,1.5,2.7,14,62.40503377647317
9.05228634825164,11.424805055984036,1.5,2.7,14,82.91848045955318
8.205348393286915,6.399715393886579,1.5,2.7,14,48.33042217510584
11.193704639743428,8.576952412581985,1.5,2.7,14,47.487565981455845
6.315516959801409,9.160389553078478,1.5,2.7,14,67.03926582411967
9.05788512664391,10.932944592000002,1.5,2.7,14,54.007064060714
5.246362156962987,7.540407305430859,1.5,2.7,14,83.65619141285202
9.547621076014002,8.307663232010196,1.5,2.7,14,63.54626351692902
9.469183384451416,10.38629736240013,1.5,2.7,14,48.36158923001059
8.1832920480926,8.19412781863243,1.5,2.7,14,75.36378112185027
11.0190972650041,9.255665985854572,1.5,2.7,14,66.33873821303493
5.399986822408882,6.345842828598951,1.5,2.7,14,72.73828972566142
6.983687673104984,9.34427924834878,1.5,2.7,14,70.42453225042529
5.623449880966683,10.29799413798884,1.5,2.7,14,59.42723536532392
6.736231967748701,6.982135540625046,1.5,2.7,14,64.47503143761068
6.99242198747456,6.34974197469248,1.5,2.7,14,74.19596164731962
8.586596151343295,5.476292490781867,1.5,2.7,14,38.5840720606562
8.883017481000001,5.444831529901521,1.5,2.7,14,70.32729041537702
10.735231356950084,6.101002467619356,1.5,2.7,14,74.68922491513958
5.374427164838033,9.033418020643792,1.5,2.7,14,78.34238313111152
7.871735610869946,10.344855208353309,1.0,1.8,15,167.6956856116681
5.239589339793789,7.808047522321734,1.0,1.8,15,119.14489718520645
8.149730699415086,11.362387496727507,1.0,1.8,15,141.70004635072334
6.555882965899224,10.103791319189032,1.0,1.8,15,142.5022253094987
6.535460422828712,10.903439470580938,1.0,1.8,15,141.10676438893876
5.49889883837631,9.731593727044483,1.0,1.8,15,106.29704454962526
6.800006539427091,10.88999254756462,1.0,1.8,15,147.83123382255505
6.547135884757052,10.66294517390293,1.0,1.8,15,104.6802181646636
7.332079373042285,10.871352091415734,1.0,1.8,15,104.16418048091742
6.931136462715524,11.060501904992094,1.0,1.8,15,72.8140726755449
7.4575898815606365,11.064438778103783,1.0,1.8,15,102.4626206009535
7.8604430110835395,11.260910085222395,1.0,1.8,15,142.9533648761344
7.625148209983161,9.931097158198368,1.0,1.8,15,135.6868020900137
6.025560571273209,10.120429948517115,1.0,1.8,15,95.9655356769704
10.63272089741408,7.461969603929199,1.0,1.8,15,44.40730156466186
7.893770028012716,9.633301315777668,1.0,1.8,15,143.64701384101886
7.870097104962254,11.016300974578938,1.0,1.8,15,120.29725026491096
6.843319811171479,8.085803850064993,1.0,1.8,15,101.60022379939304
7.913882561854496,8.42925467218738,1.0,1.8,15,102.66165577953076
7.069516122248395,11.01800522545124,1.0,1.8,15,101.01457180739784
6.569162490475554,8.789855010443329,1.0,1.8,15,110.86970369196824
7.344501966006117,10.35199369697661,1.0,1.8,15,110.7420861886396
8.130854158618016,10.754091936426574,1.0,1.8,15,97.9582787599632
5.775467445480107,8.0196117725114,1.0,1.8,15,101.2953937488496
6.416691810397809,10.71787205173667,1.0,1.8,15,78.90858013767074
8.978357645854642,10.55456932303318,1.0,1.8,15,61.14043230621521
6.308462425023106,8.90833865598386,1.0,1.8,15,141.95934541953673
8.677002751040655,10.321190659838331,1.0,1.8,15,91.79168366740817
6.294428014075184,10.109552838400306,1.0,1.8,15,111.74592889416336
6.58341387197545,8.62574743390383,1.0,1.8,15,107.34715726487582
8.175297003243635,8.460046299161624,1.0,1.8,15,84.43803015228114
7.892352911695163,9.516032241466965,1.0,1.8,15,81.64121760803289
5.241274103592625,8.182797137583378,1.0,1.8,15,73.3286467769543
6.061362570188454,8.754416732992134,1.0,1.8,15,99.166756198166
7.393534526733861,8.214566608032076,1.0,1.8,15,92.36155005865363
7.868517575217941,9.943634730530496,1.0,1.8,15,60.653749940688655
6.540976215006799,10.50937536015146,1.0,1.8,15,146.57443952112936
6.032461199629714,9.731661892850596,1.0,1.8,15,101.43022199822084
5.508413196433396,9.604410447311238,1.0,1.8,15,121.93546739126556
5.763623699449881,9.718663442665818,1.0,1.8,15,130.36069809573178
7.364286424076329,9.662862970154247,1.0,1.8,15,56.79922916161178
7.771309606047045,9.322934781945769,1.0,1.8,15,122.16304101062369
6.309745264219078,7.705061631391147,1.0,1.8,15,89.27779595276438
6.805760779732268,10.753705633613576,1.0,1.8,15,91.7658443421136
8.684968598977262,10.605260167869044,1.0,1.8,15,80.0070747646426
8.153213317955185,10.062999664432834,1.0,1.8,15,115.81997695320568
8.286400081288768,9.970955051631536,1.0,1.8,15,113.32158119256192
6.426962089617856,9.90467764196617,1.0,1.8,15,124.78983086739998
6.313642728049258,8.523183215708576,1.0,1.8,15,93.61843186855864
5.519033936331013,7.503725473734452,1.0,1.8,15,101.56531631243658
9.962506607150642,7.962642449625362,1.0,1.8,15,95.32470267468184
6.549543616061126,10.383660360846006,1.0,1.8,15,126.03824571799947
9.43392704321497,10.81767749584356,1.0,1.8,15,106.03845350377624
8.917648720700587,7.607490102275816,1.0,1.8,15,91.95044716827772
7.594155945978253,10.862056447033812,1.0,1.8,15,91.21266581990992
6.982254297448934,8.665669243729976,1.0,1.8,15,88.31014027411261
7.650145627805548,8.043281961469333,1.0,1.8,15,98.47172133024586
8.736955372614885,7.414286077649194,1.0,1.8,15,115.6170606805786
7.381201304848201,7.98296379778222,1.0,1.8,15,101.2518253053666
8.694487807921252,9.201188304062034,1.0,1.8,15,87.28582673342922
10.698997391083674,6.976551480291311,1.0,1.8,15,43.0802232707992
5.760415143607556,10.138077750888597,1.0,1.8,15,83.4112994420341
9.189289512887438,7.983254748749872,1.0,1.8,15,82.49665323268317
7.603823150441872,10.350673287612754,1.0,1.8,15,72.35995326178892
6.819976622235201,9.968906863348924,1.0,1.8,15,63.12594673704769
5.509668930133289,9.87528809966661,1.0,1.8,15,110.749075628735
7.207855440999829,10.40783344681712,1.0,1.8,15,109.03404466322117
8.969568635173049,10.161474553944895,1.0,1.8,15,75.16565268438666
8.609693866199999,7.568501739381047,1.0,1.8,15,63.1420707971788
7.906106366326858,10.615261551636756,1.0,1.8,15,60.88819025333519
8.520342069495898,11.317833650305651,1.0,1.8,15,111.31584494594884
7.370716718624848,8.095916449250874,1.0,1.8,15,120.41212793865802
7.901437100067589,9.396376396394052,1.0,1.8,15,97.35391684281544
6.301470036503495,10.24038001328911,1.0,1.8,15,100.99745019943816
5.796736679205357,6.59999696926193,1.0,1.8,15,106.69726057766071
5.906191395326746,8.683498157927284,1.0,1.8,15,71.19628962633385
6.94296666848036,7.492721832395283,1.0,1.8,15,92.9143051644004
7.082980838781328,10.364910440046494,1.0,1.8,15,110.55249600138296
7.108948636297126,8.86198380126309,1.0,1.8,15,115.69913158076638
8.47290370137113,8.575773653607682,1.0,1.8,15,124.75567932226942
7.324155276788423,11.259315672512528,1.0,1.8,15,95.81997788722256
7.994995896226401,11.06961055139334,1.0,1.8,15,79.12526610910707
5.504484559259812,8.31221253788062,1.0,1.8,15,84.50854421844426
6.717957872380112,7.116538441377735,1.0,1.8,15,111.27271364849844
7.187548688145553,11.06751773970556,1.0,1.8,15,95.41746164784848
8.948828223290192,10.304479071338426,1.0,1.8,15,87.99852681157252
7.102876935988236,10.200805794812975,1.0,1.8,15,76.73431441425258
5.508617218278502,8.832584395814951,1.0,1.8,15,93.25453273682862
7.605604291413432,11.005042813768682,1.0,1.8,15,77.90836901647637
6.580003914672281,9.29132787118092,1.0,1.8,15,94.2115685899621
7.626533982331503,9.657108517071892,1.0,1.8,15,83.51313694181397
5.242329911108778,8.578855905422026,1.0,1.8,15,106.24798040370824
6.577678505237822,8.882834218473672,1.0,1.8,15,79.27396584876168
8.426239669134315,8.335596117488212,1.0,1.8,15,61.56899936803368
11.10713269903247,7.731684438407293,1.0,1.8,15,123.87708466139549
6.935586725550015,7.095316136125935,1.0,1.8,15,46.08327401942663
6.710394818583829,9.068837612270409,1.0,1.8,15,61.14243501353702
8.700801737799999,10.96316305309211,1.0,1.8,15,77.92675370747997
9.188830720463768,11.207160492631113,1.0,1.8,15,63.26817216622576
6.31148889265203,7.219112618198908,1.0,1.8,15,115.02647949797463
8.424520934771719,9.935299643527486,1.0,1.8,15,74.2386893087613
8.700801737799999,7.191837847261475,1.0,1.8,15,44.248456515523465
9.686654552940016,9.92633339859039,1.0,1.8,15,90.02882138008599
9.040677069630602,6.991426443998468,1.0,1.8,15,56.78393170731585
6.576982971787511,7.3147316538985985,1.0,1.8,15,90.65188148272664
5.50786693019676,8.415570937443462,1.0,1.8,15,89.22886561032783
6.577786693389024,9.571605820765155,1.0,1.8,15,99.7699874750518
6.309631007250088,9.3093550138959,1.0,1.8,15,85.7372759308217
7.468646113905187,10.67283094713482,1.0,1.8,15,107.67488861647652
7.639165157924714,10.61065072379018,1.0,1.8,15,88.58746918430634
7.650342309394849,8.435327631281663,1.0,1.8,15,111.06556664962356
7.101512175910583,9.675516739938056,1.0,1.8,15,76.20605437761647
9.096585352940966,10.758317725805902,1.0,1.8,15,88.8125670437504
8.714164065738178,9.763952684287458,1.0,1.8,15,108.7228976370408
7.069221394335674,10.745796599993916,1.0,1.8,15,65.93257207707103
10.107520274564912,8.908964477936562,1.0,1.8,15,68.33667807096303
8.305479300499409,9.169642426960742,1.0,1.8,15,107.79992014514562
7.517175634037514,6.322878602227983,1.0,1.8,15,111.51895080058884
8.558319166426285,10.368800394103658,1.0,1.8,15,77.60690883377858
7.498786392317631,9.614498476997738,1.0,1.8,15,93.72205595278514
7.3834702153659215,7.82649753468476,1.0,1.8,15,87.6383847233168
7.213530556434581,10.275732840586446,1.0,1.8,15,102.66241272358371
6.83403831489335,9.296949117476794,1.0,1.8,15,106.46170949120528
9.47219157242528,10.692036467743792,1.0,1.8,15,116.34859716284164
5.914735933424198,9.37768336520124,1.0,1.8,15,93.61883522260698
6.2751315919678925,10.507736580571173,1.0,1.8,15,86.25113294545072
10.617412239197934,7.72538416515024,1.0,1.8,15,113.78308242490266
8.42013601752929,9.49825063032708,1.0,1.8,15,82.93077824129517
8.42575641100084,10.14298085641149,1.0,1.8,15,64.83900986420788
6.967957929624224,8.2868032883487,1.0,1.8,15,94.15767823573113
8.41656198914038,10.456286684010674,1.0,1.8,15,70.29751080305606
11.30106341420637,8.237829660695986,1.0,1.8,15,83.94626974320602
9.541618860776778,10.935158523804578,1.0,1.8,15,54.26180342038786
7.649164007746553,9.257003702590296,1.0,1.8,15,113.6599712508687
5.514150384641741,7.352489561039324,1.0,1.8,15,75.05962133543613
6.173495132353016,9.364898437394382,1.0,1.8,15,105.89614126272878
5.767547695693234,9.604111986500769,1.0,1.8,15,109.66329765656874
6.001721193806678,10.515202675020795,1.0,1.8,15,106.3071015085078
10.42197867646522,6.566800976886873,1.0,1.8,15,91.6545658750596
8.42588435411116,9.646851682900529,1.0,1.8,15,96.25934682827436
8.987706207860708,9.360557148068438,1.0,1.8,15,93.03251533697618
8.832369208649192,9.418389149369464,1.0,1.8,15,126.0395961719499
9.062940323350777,8.142766024250005,1.0,1.8,15,68.16481561787333
8.413226559975874,10.328381096961282,1.0,1.8,15,100.33762525080876
6.15744023045203,9.919615726530498,1.0,1.8,15,106.2053990021629
8.798772123864385,11.1676530174994,1.0,1.8,15,89.7593994187172
8.963162546830391,9.914318134400176,1.0,1.8,15,86.36456338107104
8.724492470167004,10.157007553337127,1.0,1.8,15,61.50527752820867
6.585730578616346,8.427478123000002,1.0,1.8,15,81.76218564447487
7.109736950038316,9.13533065446498,1.0,1.8,15,69.79420441295966
6.59100626058676,9.152876281032649,1.0,1.8,15,92.65806002754005
7.338514036215643,11.005106759554897,1.0,1.8,15,87.22241291812546
8.387689765626853,11.120716274949467,1.0,1.8,15,107.498062195752
10.626767901954178,7.972734910699403,1.0,1.8,15,63.08458909758248
10.76898417770374,7.881371767265075,1.0,1.8,15,101.6317332532747
7.793446290450558,6.343206120253256,1.0,1.8,15,89.77280532192273
7.592375680259829,11.273365993258176,1.0,1.8,15,93.72519198443486
7.060705060714455,11.158099479727312,1.0,1.8,15,92.94527811773295
6.854282655738291,7.850265190296215,1.0,1.8,15,103.9373796661911
5.780911301165198,7.90242119750138,1.0,1.8,15,66.91534854529414
9.10954534096119,8.985513836550002,1.0,1.8,15,29.659897708880177
8.007035444825533,10.36692167247973,1.0,1.8,15,115.20866227909816
7.633675702232845,7.666852347497716,1.0,1.8,15,97.30224603229436
9.866987077034649,7.802881943860452,1.0,1.8,15,59.21061995495729
6.584983542941198,7.929987890051866,1.0,1.8,15,77.53614399179479
8.528283315262946,11.072255288635102,1.0,1.8,15,112.22583688059166
5.363867138186012,7.188173258761183,1.0,1.8,15,93.22549060908077
5.797169133184382,6.501630289782712,1.0,1.8,15,66.71218491256775
9.25978082569149,9.766481080357991,1.0,1.8,15,65.1217696515118
6.057234365618602,7.463307457453375,1.0,1.8,15,101.10618856580658
6.044694377330007,9.849383334288044,1.0,1.8,15,111.66998696198992
8.374895561985845,7.229506077698447,1.0,1.8,15,103.60452769506462
8.859361440313743,9.659984055823356,1.0,1.8,15,79.60763189200374
7.358121428736357,10.066345889046854,1.0,1.8,15,90.43896082507136
8.07173586025614,5.70613967095555,1.0,1.8,15,96.2315816684409
8.693754958214907,5.847328585824075,1.0,1.8,15,75.09816026554311
6.046176356527231,7.969765042163456,1.0,1.8,15,69.53274983621375
5.238575624584412,7.358397471510257,1.0,1.8,15,88.01456916624439
9.687468580758988,9.487695345115885,1.0,1.8,15,38.69463085601377
7.9135782625837585,6.495264897664733,1.0,1.8,15,74.12656236949334
6.890032789750001,9.124237981803148,1.0,1.8,15,66.03601934782215
7.234218101888228,8.328433402413765,1.0,1.8,15,68.28532916120268
8.044929535979342,10.266620074752227,1.0,1.8,15,56.16320011594498
8.171022865010842,10.207872934597846,1.0,1.8,15,88.57985120352447
9.621734309966914,6.782573460415299,1.0,1.8,15,103.31475886225472
6.041362068019399,9.28754509994786,1.0,1.8,15,117.02693858868562
9.111452606386951,10.32935494265,1.0,1.8,15,53.20886666186937
6.181270161456301,7.922273362144918,1.0,1.8,15,126.9922047803542
6.839636744755847,9.54612719689744,1.0,1.8,15,111.4907190284271
6.589438312034346,6.922556137040435,1.0,1.8,15,49.15993812816875
7.195347215449516,11.207012040723894,1.0,1.8,15,92.25192274638488
5.247682054847421,8.303020495226832,1.0,1.8,15,93.75880594762444
6.32259851802138,9.438452495414904,1.0,1.8,15,95.29967954426236
6.054277155342359,7.607507278599999,1.0,1.8,15,86.08054506529551
10.477405234,6.546805045795863,1.0,1.8,15,52.432464420949984
10.669158069519328,10.150526535781529,1.0,1.8,15,84.54762605069124
9.885204068600002,8.559592332344732,1.0,1.8,15,49.42035104986464
7.990109329253264,8.677210644723647,1.0,1.8,15,48.227232408450455
9.467018991465432,8.674257479435795,1.0,1.8,15,115.9987384744563
9.151309079764944,11.10377185125,1.0,1.8,15,43.660108511740745
6.956787358120895,9.748479408783709,1.0,1.8,15,86.16454484903792
9.93598547414533,8.239597296070356,1.0,1.8,15,66.41485698140824
8.902394968851599,11.126046183651155,1.0,1.8,15,51.91695600758499
7.371233893242118,9.556775013506538,1.0,1.8,15,108.84506348501804
7.723567381375028,5.961077524452565,1.0,1.8,15,71.39285765746897
8.421997183734543,10.602369640762502,1.0,1.8,15,60.85798911764316
9.354529567736003,10.73946038068535,1.0,1.8,15,67.17458895139151
8.549337495275067,7.879353359506278,1.0,1.8,15,104.53049466652762
7.10956849941905,7.268123258239707,1.0,1.8,15,55.49633420537955
7.132332452588985,8.609916796729657,1.0,1.8,15,79.88855960989477
6.845193648350632,8.88745589396115,1.0,1.8,15,93.8953886914477
5.103671416496243,8.780562828973503,1.0,1.8,15,82.72344978250129
10.08541824436337,7.762695607213121,1.0,1.8,15,45.09029217973168
6.905577850547105,6.275465429013842,1.0,1.8,15,92.22776297942352
8.396804600855981,10.7962827846,1.0,1.8,15,60.17400494019604
6.843206744032056,7.652212987012139,1.0,1.8,15,71.40517860216957
10.37749125541483,10.46290962502848,1.0,1.8,15,103.89018371345044
9.232382658939958,10.565484442715388,1.0,1.8,15,73.94145968203992
8.000544080947131,11.180566095106531,1.0,1.8,15,67.54539080764152
6.968001249864491,10.009175105243855,1.0,1.8,15,69.72972969855408
8.957133868824137,10.476407971948952,1.0,1.8,15,67.47246552885639
6.191053304418903,8.632470834100019,1.0,1.8,15,86.29547056526906
8.072670945164345,7.610946260957173,1.0,1.8,15,70.36499813237249
6.841566389113316,8.361987568588045,1.0,1.8,15,80.5616645976794
6.313228474805558,8.786196785313411,1.0,1.8,15,95.56850532729554
8.424936271866853,7.6801459998799,1.0,1.8,15,111.6867418765109
8.851023278862574,9.960763044703922,1.0,1.8,15,99.200064093812
7.837646042925738,11.152882861538767,1.0,1.8,15,82.3954768972044
6.28907862231651,10.350892207378491,1.0,1.8,15,88.70926723156441
5.518512919568435,8.56045925053109,1.0,1.8,15,84.69169522014477
5.513776389875373,9.21845738512442,1.0,1.8,15,89.52981682454221
8.417464712579486,11.02413460998,1.0,1.8,15,53.40339208617972
5.247078873896887,8.942670586212738,1.0,1.8,15,80.90152742367133
6.5832396082112,9.441429395655204,1.0,1.8,15,60.73098259142345
8.549902695534133,10.521289366675411,1.0,1.8,15,52.03513348469312
7.601618200096654,10.747771694376397,1.0,1.8,15,54.539993161624814
6.842408367483951,8.475766933682864,1.0,1.8,15,91.75944556994148
6.304819027754134,8.390505138490374,1.0,1.8,15,78.42678778943328
9.98050103055211,8.981553384291013,1.0,1.8,15,99.70282133607094
6.571200729540572,7.726583101306685,1.0,1.8,15,67.09450286487562
9.096395315557764,6.628097658900002,1.0,1.8,15,62.66582270938138
6.047537438091945,8.128286044877408,1.0,1.8,15,94.69045236376834
6.320588698432055,8.23876626594945,1.0,1.8,15,90.02169439988424
9.855007014926194,7.334709555007724,1.0,1.8,15,53.27877910931094
5.5173726009534425,7.63168431029647,1.0,1.8,15,57.76635230945266
6.942593930579195,10.679344370014944,1.0,1.8,15,118.56734414215468
6.038866387275374,9.178997077069653,1.0,1.8,15,91.16176491774011
9.227056373456591,10.304154074107172,1.0,1.8,15,75.81696535456608
8.43812146535549,9.773621715698924,1.0,1.8,15,83.06850740083345
6.643029122378006,5.9320396795162535,1.0,1.8,15,54.91925537866469
7.746814311043053,9.064324549077323,1.0,1.8,15,74.05561668986078
6.3166502550152375,9.164457227086409,1.0,1.8,15,90.68240231232345
6.02197520760136,10.267913302844498,1.0,1.8,15,77.96650838939759
8.280429874292702,9.732415757784496,1.0,1.8,15,101.2877695906751
8.120677202489894,10.326960163078086,1.0,1.8,15,40.2454962725728
7.385585569883967,7.4471184199116625,1.0,1.8,15,49.46454465038755
8.160782667795303,10.585508568022297,1.0,1.8,15,65.19763159441828
8.155900844690137,10.468858032632246,1.0,1.8,15,84.33465731897952
6.8245767579102665,10.239465191536786,1.0,1.8,15,74.63832767289882
7.742321165814924,10.553517734836412,1.0,1.8,15,82.81937599714483
9.216886961048926,9.519513968455628,1.0,1.8,15,99.23783414197824
6.674661284315173,10.676607341862764,1.0,1.8,15,67.10767174341585
5.768504043570318,9.309833269080944,1.0,1.8,15,77.42242714481478
7.107621310906684,8.346243848383043,1.0,1.8,15,88.5942653503861
7.48179008220781,11.213061976123408,1.0,1.8,15,75.85189313097295
7.101872413950032,9.557813651572742,1.0,1.8,15,71.56290814905967
7.510352486014792,8.268066653791895,1.0,1.8,15,99.64166155330985
8.757744157549999,7.794782825470833,1.0,1.8,15,50.46047015329044
9.2930029032,10.114075182261484,1.0,1.8,15,45.10323026154335
5.636606837361804,8.616693470600936,1.0,1.8,15,102.34036889394096
6.712869937450522,9.48454950073098,1.0,1.8,15,92.81697382338912
9.135332790366672,9.974003670917318,1.0,1.8,15,67.36173629253827
7.792008236980949,8.512889370625393,1.0,1.8,15,109.7007375039851
9.89602530681491,6.02733214885038,1.0,1.8,15,68.47135303327714
5.517721725493157,9.098510580419015,1.0,1.8,15,95.16582198973846
6.83687304700994,6.538185658345479,1.0,1.8,15,50.69087850026004
9.742857735901778,7.31627178950085,1.0,1.8,15,67.67711249913741
8.048427729618874,8.238289246805522,1.0,1.8,15,65.13020912365636
7.339606712496927,11.139308022732768,1.0,1.8,15,97.25848888867056
5.374444085815168,9.021566880516628,1.0,1.8,15,102.97887537205504
8.302184842150771,10.106986414837634,1.0,1.8,15,56.14024762634505
6.156995877655327,7.538891156272453,1.0,1.8,15,93.08908993774568
6.6020005568519045,6.129578980737234,1.0,1.8,15,47.97307258807333
8.8117391700116,10.635404209388904,1.0,1.8,15,46.96657115275681
5.249519784661666,9.20308283262158,1.0,1.8,15,102.9058634697908
7.350041349700751,10.7090937087724,1.0,1.8,15,53.89880624434182
5.780095527308595,8.937719255725574,1.0,1.8,15,106.38297581589048
7.502334318949633,10.799185350018185,1.0,1.8,15,43.51334843398988
5.785787602169595,9.162204944960774,1.0,1.8,15,74.81636626733318
10.175253416904898,7.900298500224272,1.0,1.8,15,98.540615086544
9.315779871100002,8.196483935153088,1.0,1.8,15,36.92737715531605
9.439828773106427,7.576884521309926,1.0,1.8,15,74.0853192068875
11.116983423544266,8.750678883668755,1.0,1.8,15,87.07393024992822
5.381728959374245,8.198390810368588,1.0,1.8,15,100.70605966207036
6.312748578156925,9.844392532549062,1.0,1.8,15,89.07801653994268
8.839246002783666,9.794096197000009,1.0,1.8,15,34.22499759516644
6.435012604473127,7.916410271215466,1.0,1.8,15,80.12092910634374
8.997728237943818,8.964217468300594,1.0,1.8,15,85.0535971866509
8.953881790137142,9.62275592125802,1.0,1.8,15,74.98221223369735
10.249635555,7.73096176642252,1.0,1.8,15,50.14455879513603
6.32098842914857,9.061689972628132,1.0,1.8,15,97.04122198138926
5.536450613155685,7.1422184992455495,1.0,1.8,15,54.51537013050425
8.68444454747498,9.917677715323991,1.0,1.8,15,94.4147595753764
7.759940958078628,9.863431393929057,1.0,1.8,15,100.8523217734892
6.962860522411404,10.148845364952146,1.0,1.8,15,100.55651417918834
9.3033552557305,7.36663146644106,1.0,1.8,15,65.19785066520787
7.348221637001588,10.593033317758964,1.0,1.8,15,71.14613794668342
6.042906091332918,8.495496098966967,1.0,1.8,15,78.76595556036203
6.169882245610573,9.779499263021952,1.0,1.8,15,90.59143747283316
7.996072414608394,11.323925952482211,1.0,1.8,15,68.84907473359428
5.635024689156715,9.796066873840582,1.0,1.8,15,90.36303982974252
10.102807755294764,6.763167377824758,1.0,1.8,15,57.59369411352182
8.735527594799285,8.961062238008129,1.0,1.8,15,53.58517901521847
7.893022761311183,10.46893876129494,1.0,1.8,15,96.67527202692617
7.110236823815934,9.414213005211634,1.0,1.8,15,77.43236765379005
7.983327248950001,10.589230046683864,1.0,1.8,15,39.07381121314243
7.869254529028614,6.820645610070873,1.0,1.8,15,65.48440371828914
6.32972381220781,6.465196235322321,1.0,1.8,15,96.692081473711
6.416310701867328,10.572339153911782,1.0,1.8,15,64.03428559518586
7.86541559473546,10.874604581292482,1.0,1.8,15,113.74047015581822
9.81356623754894,7.95808009351688,1.0,1.8,15,67.21874295804416
10.922274313543443,7.396332729330489,1.0,1.8,15,95.43327022978856
6.324245836574346,7.456044469031887,1.0,1.8,15,79.85116489584266
11.277998002377656,8.363151453103606,1.0,1.8,15,105.5393901947504
6.447183229806055,8.096938122948306,1.0,1.8,15,60.90670557343152
6.863723707396452,6.945411079442116,1.0,1.8,15,60.46123830653162
8.840490140641055,8.623469118138729,1.0,1.8,15,76.89097731412794
6.316216928409482,6.998898026453644,1.0,1.8,15,81.74111283310617
9.237540267487711,10.977750170326969,1.0,1.8,15,48.8602428001335
11.148440758194576,8.298719047714663,1.0,1.8,15,119.17725271239244
6.709119202810124,9.62405286031577,1.0,1.8,15,75.14090620730724
6.304178006028147,7.860309777600331,1.0,1.8,15,85.5506067177427
7.197521856400002,6.751108915306244,1.0,1.8,15,61.11105248752611
8.166029979051995,7.26984139758894,1.0,1.8,15,79.49595088680528
8.00119023853599,5.836316052412726,1.0,1.8,15,102.1312081126386
5.794249165617105,7.47078820148026,1.0,1.8,15,80.03227726040929
9.313430603778873,8.965039277095562,1.0,1.8,15,74.48541168727687
5.895392561290263,9.8008012502977,1.0,1.8,15,67.29548349073605
7.091786335199522,7.690725672560772,1.0,1.8,15,100.90420511095728
6.300224340521299,9.574676480297583,1.0,1.8,15,77.09846973551899
7.095108390117369,9.954024226400753,1.0,1.8,15,98.70946331096636
8.259297152811891,10.531735391361725,1.0,1.8,15,33.31936558274565
10.71656339695,8.768834987395726,1.0,1.8,15,53.10167251259597
7.384315542262742,7.711948471432817,1.0,1.8,15,60.16814430925086
5.516570055579264,9.313595571160617,1.0,1.8,15,61.85526481848496
7.6420273549197635,10.211847295562078,1.0,1.8,15,74.73779451369977
7.91301302619911,10.209213957373384,1.0,1.8,15,89.40231486670568
6.567036698652946,10.243480377502737,1.0,1.8,15,79.53106429290384
7.019579076413261,5.878206350042937,1.0,1.8,15,99.68503049546814
8.851380293890353,5.569409699432435,1.0,1.8,15,97.827279830406
7.37733417050205,8.88405654718332,1.0,1.8,15,61.141071056024
6.4484053289257535,8.700801737799987,1.0,1.8,15,73.64248422685199
8.12651630844611,11.112178696767597,1.0,1.8,15,64.98205360892531
7.343831646859485,10.479750748944006,1.0,1.8,15,80.68862133239891
6.048265745353667,7.234251457409855,1.0,1.8,15,58.06875748056712
10.634674678082916,8.286876869830722,1.0,1.8,15,73.36238707753283
8.17342640979431,7.148991098357383,1.0,1.8,15,33.933021337032564
8.985513836549998,8.075418047646206,1.0,1.8,15,67.80090601752755
7.610109871121192,11.145132160686495,1.0,1.8,15,58.18654756744685
7.365785660585848,9.238372631576368,1.0,1.8,15,68.73868205581988
6.843688146530679,8.767904845776643,1.0,1.8,15,93.35402299893536
7.926066281087631,7.916996766311884,1.0,1.8,15,100.0560039910955
8.150577929487799,9.642766759200391,1.0,1.8,15,71.02704544693079
7.217258456288452,10.549083285917192,1.0,1.8,15,112.21953936048877
6.987586734478205,8.549566116870135,1.0,1.8,15,80.95248151187094
10.079132596988662,6.569222337739255,1.0,1.8,15,95.69735095193516
8.69232039554075,8.737448393491459,1.0,1.8,15,96.63364313381308
5.885579644809195,10.334302692715571,1.0,1.8,15,70.31535268417221
5.780166708714391,8.802813954894003,1.0,1.8,15,79.38381151788683
9.517457414975423,5.579921029861514,1.0,1.8,15,84.63017594228363
6.1514284262991445,10.19028324739448,1.0,1.8,15,89.76905747293769
8.583510800197423,10.764807504315362,1.0,1.8,15,59.90817916085389
8.462017069178689,8.982669684832103,1.0,1.8,15,73.47628318161242
7.511292060987488,9.448415727071248,1.0,1.8,15,50.049990576911526
6.046709434617497,9.547264951320878,1.0,1.8,15,88.6980607371186
5.260100124749848,7.114729335690893,1.0,1.8,15,56.45724820706263
5.804455992374242,6.8372728341470745,1.0,1.8,15,77.6763439273663
8.556098296181931,9.708066785548176,1.0,1.8,15,72.02393645332769
8.320021664787502,8.64348186556559,1.0,1.8,15,64.96628817183968
9.612437184065495,5.846372155555234,1.0,1.8,15,113.90812534506613
10.998232790698806,8.638577419348742,1.0,1.8,15,109.74528643453527
8.300558897201318,6.711036072178453,1.0,1.8,15,106.9862629091602
8.177894918844105,9.367331635558896,1.0,1.8,15,55.65238507978787
5.505268844734532,8.16115787029943,1.0,1.8,15,71.9088838347659
7.648121222658371,8.855685229348953,1.0,1.8,15,86.52257348860569
7.474437245374176,9.89515942208318,1.0,1.8,15,82.53505189609405
7.396188031426881,9.41136878011991,1.0,1.8,15,74.04547769170463
7.749623119546582,8.03129994158287,1.0,1.8,15,47.52503725133829
10.781342117619744,7.978074671117016,1.0,1.8,15,66.61441696633844
7.63828761350424,7.304126069375776,1.0,1.8,15,42.197827813264766
6.705031164841429,9.88130293676158,1.0,1.8,15,59.22501494498782
9.443252267479492,9.180217870699718,1.0,1.8,15,47.453568143857616
9.292993816453,7.209494341404779,1.0,1.8,15,59.54900722063594
5.111517360511955,8.63761645034914,1.0,1.8,15,86.72593007218215
6.672292788241513,10.960151046640544,1.0,1.8,15,89.14501546442783
5.2462901887796765,8.447478246656141,1.0,1.8,15,101.18661414798346
11.03971351409927,7.960550281050035,1.0,1.8,15,33.13931660229853
6.97973477264289,8.132679665688967,1.0,1.8,15,82.59793703009622
10.20160362926174,8.111524885156935,1.0,1.8,15,42.65624691496748
6.442685200335775,7.404456249657844,1.0,1.8,15,110.07295522905154
6.716907629280322,8.55459018582035,1.0,1.8,15,101.88208843788172
5.378032685323244,9.44162394493016,1.0,1.8,15,80.40616347233261
6.579057372913485,6.449315489752255,1.0,1.8,15,96.8638657020196
9.1791180637,5.556158240329377,1.0,1.8,15,53.52070580298272
6.042686906138553,7.86935409648827,1.0,1.8,15,89.96188990926542
5.645462464959964,8.098997686732533,1.0,1.8,15,100.65763468918088
6.5785476815653645,8.126627319540958,1.0,1.8,15,81.87839164580554
7.906401687161766,9.25564466139502,1.0,1.8,15,63.33522686996797
6.859819363404115,8.601602339957537,1.0,1.8,15,69.7689258257414
6.851138779618115,7.18916387612367,1.0,1.8,15,67.01959870661086
8.2908163156,6.5926994592050665,1.0,1.8,15,42.8389462780853
7.662220426368867,8.702333034104814,1.0,1.8,15,90.3396224812521
8.541362962500001,5.86153289103831,1.0,1.8,15,62.36416098903101
9.424642250316102,9.798571825404215,1.0,1.8,15,67.24129055583097
7.413272751818447,6.67442496723575,1.0,1.8,15,97.45675261070096
6.312149789591614,8.12120943410733,1.0,1.8,15,104.68529788459276
7.2059081663225,9.8375598957762,1.0,1.8,15,49.05620684311021
6.487883634083011,6.593932207050002,1.0,1.8,15,38.40030992643692
8.704453090620923,9.63911007041576,1.0,1.8,15,87.10465216629636
6.818617967646024,10.109262457288205,1.0,1.8,15,85.37180766850993
8.183686088643201,9.782707713050645,1.0,1.8,15,65.84202445490968
6.040659590245492,8.395834269590422,1.0,1.8,15,83.71935142805042
8.430635338744526,9.221458606697292,1.0,1.8,15,88.03575243083958
6.639486142849459,6.3152012935152415,1.0,1.8,15,52.403294581761685
5.767317095887403,8.425324786243502,1.0,1.8,15,79.18135405623619
7.110603525061786,9.25120345029652,1.0,1.8,15,58.81123582083613
10.845741530109692,6.902128837905083,1.0,1.8,15,56.60865351203687
8.487106214099892,7.428204983038259,1.0,1.8,15,75.30399011582129
11.201116087854334,8.573376983741106,1.0,1.8,15,58.511269892326354
6.046926824204475,8.91556510862371,1.0,1.8,15,79.06510114853639
6.589621722472105,6.563807159980427,1.0,1.8,15,59.69084340444995
6.176416820777176,8.9927504179284,1.0,1.8,15,83.94475099321137
10.115072330387664,9.283408139688802,1.0,1.8,15,63.866924990356026
9.705548586660074,8.370535703250013,1.0,1.8,15,33.85767533424859
9.571299514523648,8.091777924903862,1.0,1.8,15,55.91208463055328
8.694560306022412,10.03834979533394,1.0,1.8,15,81.62733839769949
7.770054217282753,5.569991876134283,1.0,1.8,15,92.94490591814493
5.911821861796688,7.42406021333215,1.0,1.8,15,85.61252041787573
10.5056967304807,8.285840251394967,1.0,1.8,15,49.88492850663674
9.66649738939703,10.050163715311106,1.0,1.8,15,47.2962820880047
10.93038747696376,7.872777252944552,1.0,1.8,15,53.87718459443616
8.32015504916389,10.886604365318089,1.0,1.8,15,31.11253086070037
9.049429013921753,10.945317504404247,1.0,1.8,15,54.86486635848966
5.788457414882551,7.653061214398781,1.0,1.8,15,53.525417448148346
5.138918262703841,8.106281976478192,1.0,1.8,15,37.32320539023342
11.197561980048276,8.088701316342107,1.0,1.8,15,39.52528685426115
6.429105756927108,10.855390335735574,1.0,1.8,15,76.19188875963822
8.68581954951535,6.405641489956,1.0,1.8,15,47.63025128891948
6.717536110531021,9.360002017872544,1.0,1.8,15,75.485206119795
8.985513836549998,8.605585798750424,1.0,1.8,15,36.90299423810642
5.685372407148506,6.941055214703569,1.0,1.8,15,57.36473368089487
6.298331012224606,9.715002389498002,1.0,1.8,15,77.71569183266963
7.669696175324974,5.532288012139782,1.0,1.8,15,43.74391628118103
6.857073066663331,9.050825140470147,1.0,1.8,15,67.49521850964494
5.527238882228529,6.61580949755403,1.0,1.8,15,78.38356892936689
5.635980702746676,8.710676549430358,1.0,1.8,15,50.75332684310175
8.022916485540597,9.429894083005683,1.0,1.8,15,59.14645819322512
7.129287631710805,7.821667364228477,1.0,1.8,15,93.6027848417796
9.711128118506371,7.516631367211276,1.0,1.8,15,85.50444873525713
10.050424493650636,8.40662293877258,1.0,1.8,15,75.73504486070084
8.302623472181091,9.430382808912988,1.0,1.8,15,104.63134034411353
8.032631206793155,7.08312343104326,1.0,1.8,15,65.3470243529081
6.576344019653869,7.612941371641146,1.0,1.8,15,65.85087204617493
10.643600118390598,9.321679515484586,1.0,1.8,15,65.29933836996676
9.805484680949998,6.931663966691949,1.0,1.8,15,45.69609574895085
6.166205426337105,9.646902342760884,1.0,1.8,15,80.93170685493564
8.503024596393983,7.02002824366247,1.0,1.8,15,48.92025350943467
5.905409408519881,9.924508290258627,1.0,1.8,15,92.80798559864964
7.112621511825268,7.571348945441211,1.0,1.8,15,94.01194141018036
9.583579743091626,7.698615150200001,1.0,1.8,15,58.7254700866338
6.597560946951521,9.037204204483755,1.0,1.8,15,67.54076786844333
8.589535617142124,8.26697160013771,1.0,1.8,15,89.4877692771837
10.922454410628916,7.658608718679789,1.0,1.8,15,106.34338817407688
8.929987557277396,9.229365118185791,1.0,1.8,15,48.57631386290972
10.269271083575994,6.937647407452766,1.0,1.8,15,61.12194149399282
6.82823580332286,10.649998161191055,1.0,1.8,15,75.04827341077636
7.222788349880687,10.14395751760167,1.0,1.8,15,81.10089378859196
5.912224396190924,8.100915632951159,1.0,1.8,15,60.57224104163581
9.590222199451844,8.521504020061132,1.0,1.8,15,65.69754298866661
5.239639382877228,9.408428184452188,1.0,1.8,15,80.74826205485834
8.051418805780424,5.586663720730374,1.0,1.8,15,47.09601766854925
8.526579022506672,10.942766924719106,1.0,1.8,15,65.6245996971964
9.552457953604176,8.30766364050691,1.0,1.8,15,76.28840494532686
7.781465865681604,8.118924391434206,1.0,1.8,15,61.51557122336498
10.391720297890272,7.246011124676808,1.0,1.8,15,67.59797153189425
5.513205866582623,8.658517885718897,1.0,1.8,15,74.10660677973465
10.581359236619528,6.92049759811025,1.0,1.8,15,45.74351317232808
5.2438095124194,7.662786750703066,1.0,1.8,15,59.5912075198941
10.949677664129164,7.272922884663689,1.0,1.8,15,50.33674771874734
8.692028482930528,9.529934139292392,1.0,1.8,15,77.9449742439005
7.234358514147168,9.71223881231936,1.0,1.8,15,75.33190077738854
6.156449795527997,10.456920490325484,1.0,1.8,15,81.64048289245066
7.910107771485413,8.994054096763707,1.0,1.8,15,65.08163683729734
7.903378613773965,8.841382804268465,1.0,1.8,15,81.9857702071114
8.466305996862504,9.355997376999248,1.0,1.8,15,87.73911402823872
6.047323925222274,7.288629728000001,1.0,1.8,15,47.03624091037797
6.685086634319789,10.842751280953712,1.0,1.8,15,41.5632052153404
6.285071971230128,10.667749646957468,1.0,1.8,15,70.27827404251474
7.237084186039778,5.6864815847749455,1.0,1.8,15,78.30972764973032
8.806435602335736,6.981190044407176,1.0,1.8,15,61.64773752571968
6.453263824822011,8.144567706286619,1.0,1.8,15,85.14573770786107
6.02787848512036,9.998801664902144,1.0,1.8,15,87.17198061677131
8.305041130424751,5.465585743450917,1.0,1.8,15,45.041943470164334
8.804754988148844,6.171061531854742,1.0,1.8,15,53.29223987655222
11.16308904688686,8.937245411350899,1.0,1.8,15,97.72614335262728
10.649894606300986,8.165634504556158,1.0,1.8,15,88.71689098196822
10.013529172639991,8.633382471389426,1.0,1.8,15,43.02375214097784
8.021295777243045,10.785438686131156,1.0,1.8,15,45.952915953630935
6.8111734490426,10.38468079699646,1.0,1.8,15,71.6626147040366
8.450255090899999,7.538229917279652,1.0,1.8,15,68.44025250834497
5.109499548142569,7.481007486262301,1.0,1.8,15,80.77816894406249
5.781980081019391,7.732016290450018,1.0,1.8,15,76.78864913266702
8.569990903221532,5.466472295999999,1.0,1.8,15,46.5408808670058
7.123965191750805,9.003360687386435,1.0,1.8,15,68.74710495315256
5.113452390842778,7.596075536696968,1.0,1.8,15,99.5914053185433
5.38916836123028,9.258968339208602,1.0,1.8,15,55.27185189574848
10.391092170768548,8.829395632475087,1.0,1.8,15,37.304497157168576
7.500060578928813,5.8940340156270965,1.0,1.8,15,48.26132507145455
5.361892642629849,7.872763708247826,1.0,1.8,15,50.75435928713065
6.441710203877441,10.457851038177145,1.0,1.8,15,51.25081419241045
9.527090841992289,9.133738674634335,1.0,1.8,15,63.49156123099348
8.398617588068843,11.254512193170145,1.0,1.8,15,60.85545680579702
8.450255090899999,6.43774953991315,1.0,1.8,15,56.30385092586715
8.220867344131639,7.7942264221593565,1.0,1.8,15,71.80248915983873
7.117558092453193,8.20896682960622,1.0,1.8,15,82.36054580650519
7.660345509793091,9.013243233069309,1.0,1.8,15,62.96769033112568
11.030998380092116,9.501742904472358,1.0,1.8,15,94.8003084894086
7.510998148943358,6.741982498400001,1.0,1.8,15,60.92500825436711
8.337748723918802,8.776908727465354,1.0,1.8,15,57.53649789301342
10.787666857265068,6.700057624659549,1.0,1.8,15,75.30865716548695
5.634632938277944,9.38782078265176,1.0,1.8,15,78.22053902638322
6.609255855187954,5.806140316936885,1.0,1.8,15,99.62686316029634
9.246595202090438,5.9688813092568775,1.0,1.8,15,37.54988186750255
5.249306487548802,9.09281176957527,1.0,1.8,15,74.8624208047551
10.534347653750002,8.819463215445586,1.0,1.8,15,43.16850009588229
8.211096927949999,6.858278834352284,1.0,1.8,15,42.59585329765419
5.7744266998706495,7.234139371138542,1.0,1.8,15,84.21132477489213
7.764836516020714,7.862685201434948,1.0,1.8,15,101.31291612266122
8.29904662246596,9.856045633762394,1.0,1.8,15,100.0706119513719
5.63458709754247,7.927264593740721,1.0,1.8,15,82.05269257676851
7.380653753516562,9.16433630706483,1.0,1.8,15,76.94558093306055
8.267026458137495,7.482233607191314,1.0,1.8,15,55.79119582489343
6.977261388516623,7.891968012878594,1.0,1.8,15,78.64341276078282
8.17855005295568,8.997423973005034,1.0,1.8,15,81.77027574605555
9.46472024997181,10.3862973624,1.0,1.8,15,50.527128517221705
7.646798742720731,9.821038570830456,1.0,1.8,15,43.11394247793228
9.312360968245082,6.78752185861414,1.0,1.8,15,45.18899123028272
9.566326518,6.949740682672799,1.0,1.8,15,48.72025896486706
7.796162241804398,9.58653781767595,1.0,1.8,15,61.04839961554497
10.367066275001562,9.290787070662782,1.0,1.8,15,79.69664466389779
9.799507509023137,7.1642983980615575,1.0,1.8,15,68.61632656787803
7.914083488601727,6.1042273972002254,1.0,1.8,15,59.58425259856879
5.119173089508103,7.818466025222849,1.0,1.8,15,80.41440368402513
8.143331486696542,11.02046806754154,1.0,1.8,15,55.18058217682546
5.788445129386739,8.293242675305866,1.0,1.8,15,79.18158298622409
9.349500753194786,10.23689383962331,1.0,1.8,15,88.04727960991467
8.016282592328745,9.72901651375385,1.0,1.8,15,56.224498714758354
7.488691984214274,10.390272389871289,1.0,1.8,15,80.53272301991221
10.21532401205017,8.903244155683197,1.0,1.8,15,63.42423709410711
7.391662470683614,8.451802248414744,1.0,1.8,15,81.66345483266653
8.635917516556185,11.21262394596705,1.0,1.8,15,47.51301210561972
10.544042873488747,7.960550281049999,1.0,1.8,15,31.42385059770008
5.65005193685456,9.650241241796,1.0,1.8,15,73.88588459056278
9.666234909935678,9.3058411815764,1.0,1.8,15,91.8142895886863
6.84407539044153,8.23223311809214,1.0,1.8,15,86.50760354886403
6.5804383587020325,9.851038616749827,1.0,1.8,15,62.9755586072457
6.44819776339531,9.364976743662348,1.0,1.8,15,94.24664851598509
5.373965133552619,8.65163619017569,1.0,1.8,15,68.98640773976051
9.345263076805924,11.160019364475056,1.0,1.8,15,80.65913356424691
8.279997285571882,7.031873398001571,1.0,1.8,15,40.760252485211126
10.771240720135635,8.5413629625,1.0,1.8,15,48.90133731498814
6.858687473126607,6.104227397200002,1.0,1.8,15,68.33990021728893
6.984213495400594,9.345507138949696,1.0,1.8,15,83.34171912054535
7.091051210487129,10.63621786269669,1.0,1.8,15,61.569896403309215
6.689210972323137,10.432321400981223,1.0,1.8,15,77.72720986433981
8.17716700858758,8.68389791359451,1.0,1.8,15,37.79822460460819
9.777104155722874,10.607856485035754,1.0,1.8,15,47.42363498258977
6.166185574339142,8.132023139907904,1.0,1.8,15,70.05561045406148
6.449835981397561,7.793013556784787,1.0,1.8,15,83.78666973920915
7.118962983689492,9.836589306037892,1.0,1.8,15,79.87603986320133
8.57072211160383,9.982152906422042,1.0,1.8,15,97.61568477380716
8.165310717712227,9.134990098153796,1.0,1.8,15,48.13046756261471
8.844221647796713,5.44038776195395,1.0,1.8,15,57.05067651199439
5.756782090706868,10.014042948396304,1.0,1.8,15,58.58078960149687
9.224535809536563,8.724449791962968,1.0,1.8,15,32.26552856337946
9.715244852672592,9.112341605111832,1.0,1.8,15,48.665802983403296
6.935586725549999,5.436553309921147,1.0,1.8,15,49.53363320933937
10.10083324580033,10.063489342099382,1.0,1.8,15,66.51107243004003
5.525474965840484,6.877942682126033,1.0,1.8,15,60.36340456263269
7.237635209953771,9.086482987088305,1.0,1.8,15,66.55503152442603
6.431855938456643,7.512899645992554,1.0,1.8,15,63.7978835313282
7.186218539291503,7.140103497169172,1.0,1.8,15,47.03319503089213
5.626511686159541,8.405671852137448,1.0,1.8,15,77.42362926050228
7.770048455706187,10.135274390019632,1.0,1.8,15,98.6402095933677
6.326141217314958,6.601700255308059,1.0,1.8,15,63.99807633550402
9.6288990714789,10.449726677095535,1.0,1.8,15,30.121856915507653
6.321385573415663,6.198407180901183,1.0,1.8,15,52.51168673678686
9.144952611849998,9.575072964132223,1.0,1.8,15,46.36012661625946
8.75825079886344,8.177226936223478,1.0,1.8,15,57.141557101368015
6.183511634989591,10.059326271222488,1.0,1.8,15,59.69420057097226
8.994077623438375,6.750015535819291,1.0,1.8,15,43.29276890358992
7.654142182282701,8.577661925057244,1.0,1.8,15,59.39235983207627
7.975203978288084,11.38848395,1.0,1.8,15,43.69646822682498
10.283801011404451,7.938611028972559,1.0,1.8,15,24.35153872867182
9.948334226852806,9.739966072223035,1.0,1.8,15,36.92227367316619
5.648688039199436,10.056770893017298,1.0,1.8,15,55.939011025026346
10.465712625279815,9.053844740249932,1.0,1.8,15,29.62828332099549
10.152657859381035,5.986681074117869,1.0,1.8,15,85.34289803050794
11.069363836098246,7.641672730449986,1.0,1.8,15,38.399284947810365
7.362934490391098,6.47208619045245,1.0,1.8,15,32.11617054848983
6.434829733434222,6.741064164296469,1.0,1.8,15,71.68775924201162
6.5817651255626375,7.440089028766202,1.0,1.8,15,74.7810874478925
9.25883745135,6.966525884763618,1.0,1.8,15,38.60710385494663
5.915270398599868,9.64833502887212,1.0,1.8,15,61.269269418507264
6.704455159081624,10.033254359973103,1.0,1.8,15,71.14135165546442
9.4296647106,5.39644642626748,1.0,1.8,15,36.64064348683157
6.797013906521842,10.51692557383876,1.0,1.8,15,96.42320850678674
10.876643602447192,7.519574944320265,1.0,1.8,15,90.20088691084489
6.709977678986365,5.7727173029197205,1.0,1.8,15,50.1657784486175
10.312954445305625,6.299603115862106,1.0,1.8,15,96.353464956263
10.295908742816264,9.446769528576228,1.0,1.8,15,56.089756282548095
9.919155371406037,9.916455175629656,1.0,1.8,15,66.44570266478368
7.756068922470249,10.809824597923727,1.0,1.8,15,87.93917623150328
5.782390480038351,7.359302966134791,1.0,1.8,15,76.99573234189857
9.03106777235,7.723508229164857,1.0,1.8,15,56.844893748659125
7.512163222645814,9.30236552481625,1.0,1.8,15,67.26341084068297
7.65171773733465,7.170382726244074,1.0,1.8,15,75.24479061218425
7.776070762376788,8.9513483847,1.0,1.8,15,83.07600209040132
8.833167311502717,6.656538017399552,1.0,1.8,15,51.08562415960082
7.683498442712509,7.535582464526503,1.0,1.8,15,56.03766663018905
10.92810978807096,9.094257566589937,1.0,1.8,15,32.45357799021471
9.90086797570952,6.377551011999999,1.0,1.8,15,64.72422295202554
5.614967989757176,9.953530408101704,1.0,1.8,15,64.20177534329574
10.429022693023043,6.775163639892133,1.0,1.8,15,85.38101039550305
8.420416779262895,11.39987243395,1.0,1.8,15,39.17012794055356
9.21469986575432,10.446563253996011,1.0,1.8,15,74.44498430995108
7.836925685211217,7.188681452067926,1.0,1.8,15,40.94141401729778
7.908595836653661,7.188574421581499,1.0,1.8,15,30.436693411582745
5.644645850296671,8.196268540617893,1.0,1.8,15,61.34544039505002
5.925836758577465,6.28199464363072,1.0,1.8,15,54.188063957408296
8.284487266795827,10.66675821019008,1.0,1.8,15,68.63501905690471
6.1687666208021,7.429353523133521,1.0,1.8,15,76.52948334707217
7.487168122263414,7.107831554731933,1.0,1.8,15,65.14251677374736
7.092632477832103,10.097304225838544,1.0,1.8,15,78.95876867937173
10.080142431940782,10.331711171535904,1.0,1.8,15,40.560923149150696
8.290816315600495,6.275054656450085,1.0,1.8,15,35.16216565545662
8.347758735117337,9.018282967025076,1.0,1.8,15,25.905129049274773
9.98770042415,7.670752148895057,1.0,1.8,15,35.74531185210088
7.104902486445857,6.923146451394242,1.0,1.8,15,49.68576305110079
8.305656676215438,7.097125113438019,1.0,1.8,15,42.633923954270415
7.948040737861554,7.400149706120677,1.0,1.8,15,58.32955126678818
6.98020204409772,7.755557569949999,1.0,1.8,15,42.35248368983538
8.9189630957631,11.268453075773552,1.0,1.8,15,55.29878750909614
8.715419017611728,7.940257575494956,1.0,1.8,15,59.090225562090666
8.340910997431005,5.13965181035811,1.0,1.8,15,43.51411762396575
5.950627698967249,6.658348017648755,1.0,1.8,15,70.70708985935468
7.64136683723025,9.405642399534566,1.0,1.8,15,79.0648886998168
10.248849927971117,10.029321269422308,1.0,1.8,15,54.40071437862469
5.114573255958971,8.918853809824702,1.0,1.8,15,79.22261961661937
7.244190957829819,8.632470834100001,1.0,1.8,15,58.50026641411818
8.692561737158508,8.075831366560882,1.0,1.8,15,70.75458541389469
7.934171887163504,5.223315544708399,1.0,1.8,15,42.94940283140772
7.251871291371584,7.721710947637365,1.0,1.8,15,62.00637399183887
5.769576640909524,8.149586780853147,1.0,1.8,15,61.13972806935289
6.571007632946018,9.900747351385794,1.0,1.8,15,61.79145478682018
6.343356828638954,6.7083654102631325,1.0,1.8,15,77.7950264971311
7.371567671085981,7.559512555026951,1.0,1.8,15,41.67359193912793
7.25622910703531,9.332742911787548,1.0,1.8,15,69.49498352728271
8.951348384700001,6.046858896381643,1.0,1.8,15,39.43879883826512
8.803298093350001,8.926856335214469,1.0,1.8,15,56.87408639771518
8.70204355464771,6.833090370000002,1.0,1.8,15,40.85264044648305
9.199149979416848,6.390157109206909,1.0,1.8,15,42.00335870417391
5.916696361874632,7.815740735649876,1.0,1.8,15,84.57196607670356
7.137368006436574,6.450358388603924,1.0,1.8,15,73.20124979390229
7.21365026250893,10.794613123988269,1.0,1.8,15,66.03181328788608
9.889019559304709,10.87759181833757,1.0,1.8,15,56.187808323669145
7.757032192316045,5.45508381205,1.0,1.8,15,62.83322558980899
8.96650547413228,7.173711495258295,1.0,1.8,15,30.479725469837277
7.111704035717097,8.5413629625,1.0,1.8,15,63.57562335959772
8.142766024250001,8.356233250025543,1.0,1.8,15,50.6888741317031
10.676996241682176,6.533389919331093,1.0,1.8,15,69.82310391169474
8.133963713327137,7.962938858988757,1.0,1.8,15,70.33859449947576
6.969230140388297,10.415226720610663,1.0,1.8,15,63.77787191307157
6.711848730742466,9.743116611588494,1.0,1.8,15,70.64412988441217
10.55152546825649,6.786922186518896,1.0,1.8,15,44.11412798519429
10.438225406943175,6.951636513829596,1.0,1.8,15,73.59314902949419
7.253389160989049,7.41024510868685,1.0,1.8,15,71.80626153906834
8.042525573457233,9.053522350857795,1.0,1.8,15,89.03763941690907
7.52523593543277,7.625184155260975,1.0,1.8,15,27.26912788102152
8.931874916557456,8.469900879068758,1.0,1.8,15,66.21560798659709
10.514261033986722,9.09939867605,1.0,1.8,15,43.08566130177649
6.940500500379152,10.563001026787944,1.0,1.8,15,89.35089057128806
9.194157142682135,10.826109911924686,1.0,1.8,15,51.10925117948827
6.630595391103756,5.683084400136809,1.0,1.8,15,47.95476050857794
6.338832989550976,6.862351094547039,1.0,1.8,15,54.082949637704495
10.5318085847476,7.322795179850002,1.0,1.8,15,26.88714615409212
5.785617745545173,7.107203293165372,1.0,1.8,15,43.12259973681824
7.687226666249999,6.643899108994498,1.0,1.8,15,39.38423463972752
10.02371929486076,7.493422549462155,1.0,1.8,15,48.515564287390674
7.773831503636467,8.660930482580426,1.0,1.8,15,75.12622509216597
10.4308731560609,6.239292625123102,1.0,1.8,15,56.09752587213378
7.262115362519056,8.79128925911818,1.0,1.8,15,72.03154522955262
6.590550340345245,7.167608946629322,1.0,1.8,15,56.38929210323912
7.918987663351274,8.183374641528417,1.0,1.8,15,59.93385383200362
5.5037901385361305,7.780592578968984,1.0,1.8,15,59.03308473361929
10.87549247078813,9.73715377725,1.0,1.8,15,26.757336226774186
9.203643934404914,7.569297022721506,1.0,1.8,15,52.50981483194463
6.049158485637211,6.124074713240026,1.0,1.8,15,69.1552049691193
9.484232236000013,8.425008362325936,1.0,1.8,15,62.23157798543557
7.8225233670754095,7.319892863837543,1.0,1.8,15,70.93136790504124
9.94310894249226,10.631206638294303,1.0,1.8,15,58.46170429688981
6.056946822564198,6.585828508682526,1.0,1.8,15,47.323729022722674
9.13356412790589,7.720689735598989,1.0,1.8,15,59.90858396565394
5.241068049838908,7.944924889709712,1.0,1.8,15,64.95890072093506
6.978641389740921,6.737136509230038,1.0,1.8,15,73.57220044274855
7.858031301632064,10.342227443738684,0.5,0.9,16,100.2096215364162
8.674266644134477,10.316382829634914,0.5,0.9,16,100.53445283768971
6.568593181860931,8.779282767083915,0.5,0.9,16,123.91239685422534
5.775108588940774,8.01221969348119,0.5,0.9,16,136.02937614907603
7.334971754566561,10.868441127620349,0.5,0.9,16,149.02325567187324
6.987749663102487,8.657327591488215,0.5,0.9,16,85.02047819800895
7.6243039437546845,9.929914447452266,0.5,0.9,16,148.75165618410978
6.025264202936481,10.117239371968708,0.5,0.9,16,115.91227471521812
9.465208113641006,8.672375677077378,0.5,0.9,16,152.5450244001578
8.285740375707785,9.968859643910667,0.5,0.9,16,134.00225210832645
10.630591104461253,7.453436838054146,0.5,0.9,16,49.40483676912428
7.869482925776389,11.015001041219763,0.5,0.9,16,135.12923477093162
6.035027220693305,9.72241169405663,0.5,0.9,16,127.45528558554224
6.058428639762406,8.757557794249147,0.5,0.9,16,115.6144301685952
7.772520784062133,9.32097803573492,0.5,0.9,16,135.9996148290877
8.985656374775816,10.534347653768474,0.5,0.9,16,68.77305260024023
6.315056362895195,7.708370198366679,0.5,0.9,16,112.70512858028287
8.72003221927923,9.764660610635048,0.5,0.9,16,153.2342733505662
7.891343511391471,9.51863320557722,0.5,0.9,16,154.35114530060667
6.295994356808079,10.108162141913471,0.5,0.9,16,134.47916710160447
8.688918943538521,9.20793967616603,0.5,0.9,16,93.69319467837713
6.545811472774922,10.381234145408238,0.5,0.9,16,140.6362155175603
8.438418848226446,10.152136452741534,0.5,0.9,16,63.16004293005163
7.399888160492661,8.20931943002991,0.5,0.9,16,95.62255100511258
8.97853382012971,10.160635792748948,0.5,0.9,16,74.00549200812195
8.920151782835914,7.610450451711424,0.5,0.9,16,105.83049074163551
7.917268752751896,9.909804121858828,0.5,0.9,16,65.63602095932724
6.556928109159849,10.10172864988887,0.5,0.9,16,137.05924433619649
7.893583282664723,9.633018007870922,0.5,0.9,16,162.86482621405693
5.762113367701338,9.717234897785143,0.5,0.9,16,132.05985885472074
6.588249039795498,8.626251167268519,0.5,0.9,16,125.50118861185294
8.698215843085476,7.179607431859052,0.5,0.9,16,45.584445507712864
7.91052088409402,10.611416073730698,0.5,0.9,16,103.79840477590696
9.054243304033614,8.142766024250001,0.5,0.9,16,81.9621280127269
6.7157291040649225,9.071733162859392,0.5,0.9,16,114.15254504862048
8.56173877957715,10.367278519561932,0.5,0.9,16,83.67519832567875
6.313875826582828,8.514611567270583,0.5,0.9,16,116.36630054405376
7.912085319696352,8.428319880683544,0.5,0.9,16,99.67594172746487
8.669246798568118,10.694913723771348,0.5,0.9,16,115.10162149435844
6.590045270686433,9.15055274750931,0.5,0.9,16,116.01822060380788
7.206066053858493,10.408475602245096,0.5,0.9,16,136.95824938877942
6.582278707591543,8.885033275238595,0.5,0.9,16,112.2346609486548
7.897315286324712,9.4006880279075,0.5,0.9,16,95.83351193775955
8.426058579188938,9.64868786646586,0.5,0.9,16,112.27235477088308
7.107232152333956,9.672599121765195,0.5,0.9,16,95.97738710864952
8.415877739943003,9.495190368040836,0.5,0.9,16,106.19336874043924
8.151259641831418,10.058189584345,0.5,0.9,16,115.55146085775408
6.943482064286103,7.487615927539049,0.5,0.9,16,116.15975256423188
8.734713544760014,7.413964645774183,0.5,0.9,16,135.7264672669408
9.688156306672523,9.919775524601116,0.5,0.9,16,90.49243188018264
8.174522626798954,8.460558562178296,0.5,0.9,16,83.02667042488136
6.847252378770791,8.08107002843835,0.5,0.9,16,105.48815966271914
6.935586725550001,7.083637017298071,0.5,0.9,16,38.030689733467874
8.827963109799706,9.416158983454704,0.5,0.9,16,140.4295292294741
7.110473275257188,10.19473855195608,0.5,0.9,16,81.85981154402961
6.578807478516528,9.564436601664632,0.5,0.9,16,106.16151983598613
8.706976353831045,10.953511294496938,0.5,0.9,16,73.16190210267925
7.082269782956006,10.358980414051846,0.5,0.9,16,111.04875688968691
6.308564104028734,8.906362261034415,0.5,0.9,16,147.75798630372606
8.474251195876468,8.574293092964584,0.5,0.9,16,135.45050204160867
9.18671752549122,7.986141558285828,0.5,0.9,16,92.58825816394128
6.4397188936773695,9.888792704895602,0.5,0.9,16,68.63923813539648
8.393312671150001,9.915494024088195,0.5,0.9,16,46.05526179276825
7.212870719220247,10.274735166840063,0.5,0.9,16,125.2414390964025
7.339327274400374,10.348323975765052,0.5,0.9,16,113.0295907316938
9.096156872280892,10.752976365791945,0.5,0.9,16,87.15100939884337
8.271694188320403,10.511934170627809,0.5,0.9,16,88.24050566710191
10.42252915798876,6.563798490070743,0.5,0.9,16,102.00621000313832
8.41384076813854,10.323395312370891,0.5,0.9,16,102.13554520275488
6.3042556834914985,10.240808046944672,0.5,0.9,16,113.04167508682222
8.314882217351354,9.164862458151044,0.5,0.9,16,85.59434715701205
6.53906059103233,10.507599426657986,0.5,0.9,16,153.16812451412048
8.816406303793341,10.637729106513104,0.5,0.9,16,52.38720428293861
5.794915901812625,6.601586119671646,0.5,0.9,16,122.87447033124218
8.129713756086694,10.758531629780412,0.5,0.9,16,107.14934497066358
6.583596291699799,9.282942697971084,0.5,0.9,16,128.82376120904584
9.472326422383434,10.692741415622349,0.5,0.9,16,121.98759179846556
5.508006302680657,8.413492741566953,0.5,0.9,16,105.89213431126484
6.890032789750001,9.126850219886926,0.5,0.9,16,69.68771597023655
5.509617152423853,8.828799940418305,0.5,0.9,16,99.62796753451624
6.326319644283173,9.435067987493683,0.5,0.9,16,109.330503939666
8.583401050037704,10.762843882724482,0.5,0.9,16,78.5733992370862
9.958666682719786,7.963150800188222,0.5,0.9,16,109.13402377368156
6.798924918150002,9.968013123994863,0.5,0.9,16,65.60535453027347
8.609693866199999,7.559024320391789,0.5,0.9,16,70.6242784422716
6.28452051706151,10.353875802244042,0.5,0.9,16,96.97987237249988
9.117156212438204,10.326351197601754,0.5,0.9,16,68.06560604387025
7.602205272350709,10.45656513717502,0.5,0.9,16,114.999549318416
6.058143395830179,7.598699938104663,0.5,0.9,16,109.4263430654593
9.69159984145,9.482252278790822,0.5,0.9,16,51.5261198942446
5.524493032293978,8.54543295816206,0.5,0.9,16,111.700841954858
7.655805975451813,8.04137251381921,0.5,0.9,16,95.25490216002252
6.976129658424864,10.00929309765309,0.5,0.9,16,79.72419736719029
10.629411218567167,7.970107897930762,0.5,0.9,16,82.2684323087464
6.193089651942798,8.632470834100129,0.5,0.9,16,78.90623245279271
8.007612650794295,10.36678129426973,0.5,0.9,16,124.22678148625587
6.912945558489581,6.275000060593476,0.5,0.9,16,103.06501146737318
5.906735036977496,8.694625214436364,0.5,0.9,16,59.215625097138975
8.989739068505882,9.361157962791092,0.5,0.9,16,100.60233562312663
7.376614106194292,9.654055829473212,0.5,0.9,16,48.77532955521596
7.623066560549693,9.6529340365262,0.5,0.9,16,74.04458287725659
8.393312671150001,8.329164962829287,0.5,0.9,16,61.61145071018616
7.493525126550469,9.610104650650587,0.5,0.9,16,105.8171597730668
6.174547363167863,9.360229757836109,0.5,0.9,16,121.29409940988526
8.303672987217924,10.887184519698089,0.5,0.9,16,47.726333498816686
5.521867235741158,7.502381705123683,0.5,0.9,16,100.49679905593804
9.122498876585604,9.020750140790636,0.5,0.9,16,69.64699522898846
10.61554314558398,7.722415563072127,0.5,0.9,16,111.93983659654948
8.734967189649998,10.146870655762823,0.5,0.9,16,68.31467331579783
10.698126162234296,6.981140661349999,0.5,0.9,16,49.05923432137439
7.378201240315811,7.97493511245177,0.5,0.9,16,79.86357629869094
6.697480226811523,7.11664694851042,0.5,0.9,16,55.838868165446456
6.313128962232836,8.7845045924782,0.5,0.9,16,105.68030326810802
7.099239482674915,9.550816408157228,0.5,0.9,16,74.31908764737317
9.86438153349615,7.80393519337053,0.5,0.9,16,65.99861542225064
10.105922569626632,8.89373718894563,0.5,0.9,16,69.65694533230854
9.04091759639618,6.990344268612419,0.5,0.9,16,63.93733085354886
6.2987096300249,9.5690170646921,0.5,0.9,16,83.31978661321769
6.962634949501122,10.146860866007865,0.5,0.9,16,116.56977238984196
5.504723873178413,8.305811670664419,0.5,0.9,16,100.76615306588218
6.589815045226797,8.450903423971665,0.5,0.9,16,81.42928113122385
7.389836997786886,7.819382229908331,0.5,0.9,16,93.20259454404062
7.09297108392309,9.134729207929771,0.5,0.9,16,65.56807240519915
7.457747638663996,10.667131379303637,0.5,0.9,16,70.0911909112982
6.448178311596151,8.69464173852544,0.5,0.9,16,94.90793619622372
10.76806140887748,7.88211794301714,0.5,0.9,16,85.09082829230255
8.778165372820736,8.54140914839707,0.5,0.9,16,117.29153033063308
8.176332396813995,10.20743810536426,0.5,0.9,16,88.40353336458915
7.60159846500647,10.741868019677526,0.5,0.9,16,41.52441871966119
7.627103135616052,7.666579605046462,0.5,0.9,16,134.2121338640309
7.64056448954675,8.32873061365382,0.5,0.9,16,127.82400466686028
9.62224413954774,6.784163668998879,0.5,0.9,16,124.96243622267872
6.583582872132322,9.469239820297023,0.5,0.9,16,53.79004527743763
5.910892185414333,9.377237787535233,0.5,0.9,16,91.23607299426024
5.767785111054609,9.597572042729198,0.5,0.9,16,129.0062322157392
7.071767517921698,10.7279518809,0.5,0.9,16,56.806189257960426
9.748763766637987,7.318936974057689,0.5,0.9,16,70.87673474609507
8.965964661811059,9.903524416461844,0.5,0.9,16,92.32348590287292
5.750545607002602,8.811401749121796,0.5,0.9,16,58.39889591900332
6.606383042006211,6.911147451409394,0.5,0.9,16,58.1385016632271
7.1037973216926575,7.283272074135263,0.5,0.9,16,35.24240718673264
8.686365852485576,5.844097221533921,0.5,0.9,16,72.18049005872102
7.842749844091207,10.717216820005554,0.5,0.9,16,36.98401254918488
8.935536125390957,10.4546282661,0.5,0.9,16,63.78871045243855
9.299524034267495,7.3672245746164,0.5,0.9,16,77.50089953408778
8.860529825271312,9.656414828221614,0.5,0.9,16,72.79947788559384
6.574282237433956,7.941930530128672,0.5,0.9,16,72.43541307896511
6.5722802290040265,7.31270064709733,0.5,0.9,16,79.23058157694213
9.977724335405604,8.980191336200058,0.5,0.9,16,108.23700006037608
8.802824673971982,6.967196527295482,0.5,0.9,16,80.84957313310478
7.935647763026798,8.686282295228937,0.5,0.9,16,82.3697998667456
6.825475258455005,10.230058142203951,0.5,0.9,16,84.46067136753668
7.5156925802332495,6.320391134676581,0.5,0.9,16,127.79566936672812
6.170633066277748,9.77123899411893,0.5,0.9,16,114.88627107550268
7.7245355773445,10.26595764313552,0.5,0.9,16,119.77686438546256
6.963355231383738,8.280867403509482,0.5,0.9,16,75.69669921771481
9.852799825471044,7.320623435610517,0.5,0.9,16,55.26786419601903
6.840421897816455,9.542609252071372,0.5,0.9,16,119.22342993635765
7.651642263752084,9.255548878489616,0.5,0.9,16,105.66171398789726
7.371686669182032,9.551950217470242,0.5,0.9,16,110.7958571603136
7.358934594068082,10.154988964150265,0.5,0.9,16,63.868506201956826
10.114086337693676,9.28080094783039,0.5,0.9,16,81.65944165094758
7.241460041459522,8.350429058046709,0.5,0.9,16,63.57570681643288
7.1384208672778895,8.60707731151189,0.5,0.9,16,96.13946608388116
9.939967358735696,8.24061608000117,0.5,0.9,16,76.32811624418596
8.947188057119867,10.301077079018636,0.5,0.9,16,83.54654219193401
6.834362823348029,9.293338619767123,0.5,0.9,16,116.8699618836445
6.182726652378414,7.920224759734702,0.5,0.9,16,141.37885112209975
6.046515502630325,9.845654830581845,0.5,0.9,16,130.9792322227919
7.108029945112332,8.859776706630715,0.5,0.9,16,108.77053354764558
6.315678954216601,9.16342582595784,0.5,0.9,16,112.78588051258848
9.2930029032,10.107615050046448,0.5,0.9,16,64.28698358668856
9.568081152727018,8.093489555075402,0.5,0.9,16,74.7549825248168
8.54321320957678,10.50529911132925,0.5,0.9,16,44.816962295958895
9.27224130373824,9.743822651913202,0.5,0.9,16,52.045551254561936
8.852754005612718,9.957464091003786,0.5,0.9,16,108.76057411852226
7.722908079636736,5.961104324053526,0.5,0.9,16,89.00599130768207
8.16122025569812,10.300899683349808,0.5,0.9,16,35.259446816163646
6.844478853949999,8.76294630349889,0.5,0.9,16,62.30350264091225
8.078164482854069,8.778338557411416,0.5,0.9,16,72.10296096653877
8.375505075563305,7.228212127736933,0.5,0.9,16,108.48618229890754
6.044913857282218,7.971966308046816,0.5,0.9,16,64.48459051507533
7.353693187546791,10.718517079555976,0.5,0.9,16,48.80199573940951
9.91713825979442,8.56727611205614,0.5,0.9,16,32.77416157617183
6.040949359564352,9.290847958461327,0.5,0.9,16,124.39445967664471
5.788422783510497,9.166514386698497,0.5,0.9,16,89.0994849014265
6.939145561149208,10.679889197804966,0.5,0.9,16,118.8353719932133
9.825126555405948,7.961540316838328,0.5,0.9,16,78.24007823076009
10.49790737977268,8.259280055426164,0.5,0.9,16,58.20247140970295
5.381776966608921,8.200907467434487,0.5,0.9,16,106.59361204764676
9.140735527137933,9.969368035061452,0.5,0.9,16,81.31751243319738
6.714726244349256,9.480050246362731,0.5,0.9,16,96.94174383717052
7.093507791830369,9.955995879897593,0.5,0.9,16,107.2363813942075
7.698615150214928,10.571863263143298,0.5,0.9,16,37.16558831569038
10.249635555,7.7441690859999985,0.5,0.9,16,52.8284960445711
6.318246127365593,9.833712039748049,0.5,0.9,16,85.60347974631928
8.08145019194198,7.607439325735209,0.5,0.9,16,73.389865376781
8.4290272791403,11.02724475378646,0.5,0.9,16,48.9009534588234
9.007539773471642,8.956188031512708,0.5,0.9,16,88.32478995949693
8.746355673599998,8.960360752656312,0.5,0.9,16,59.64384399198788
7.07176255536995,10.470421902068203,0.5,0.9,16,109.17809720650618
7.220638610902112,10.135600997783714,0.5,0.9,16,105.18181519860282
8.06554518239839,5.705448096260909,0.5,0.9,16,94.85751263892116
5.647151757219617,8.095487362976119,0.5,0.9,16,114.82215293767992
8.632470834100001,8.31533588182636,0.5,0.9,16,54.79885643215712
6.855739830056916,7.850781557707134,0.5,0.9,16,104.00275680891846
7.217014041888624,10.547842440128742,0.5,0.9,16,119.4914629046577
7.398413996038318,9.410085033757042,0.5,0.9,16,86.64735938160511
6.74060839898848,9.614067303894226,0.5,0.9,16,44.99489411472223
7.345572147749999,9.172111060645957,0.5,0.9,16,48.1186108939604
6.15651577840199,9.917359163973376,0.5,0.9,16,98.16224561687643
7.088804957582092,7.6902615844033635,0.5,0.9,16,101.47932203622358
9.585423285661992,8.512722608135432,0.5,0.9,16,81.11974732546332
7.919355842002696,10.204844880989878,0.5,0.9,16,81.40998221185849
6.324546096101162,7.188934953950938,0.5,0.9,16,50.627404645700565
9.441621417331453,9.19248405861945,0.5,0.9,16,38.61119108028488
7.881924908929633,10.062404699459202,0.5,0.9,16,97.85831030604244
8.54208295906688,7.87733750931445,0.5,0.9,16,106.97163354400092
7.109844857517444,9.411478643783392,0.5,0.9,16,75.4630561199712
7.789164625742996,8.512376351898117,0.5,0.9,16,127.66246397966536
8.171987238757291,10.581166281092866,0.5,0.9,16,67.56382768604593
6.84524806703402,7.65914113516743,0.5,0.9,16,69.07802579609528
5.7829280592050125,8.930493223474773,0.5,0.9,16,128.22967140266172
7.999814337235528,5.829736932719428,0.5,0.9,16,123.34332911982152
6.042117194128066,8.387660443663098,0.5,0.9,16,101.59214696069586
7.370631929462506,8.094872365667184,0.5,0.9,16,112.21629974820809
10.070776627784616,9.97806446759077,0.5,0.9,16,62.94235877450272
9.035367358370864,7.715064854843765,0.5,0.9,16,86.32066997777427
6.146683772265141,10.188233388835268,0.5,0.9,16,101.84166304680946
7.197521856400113,9.841573083679409,0.5,0.9,16,45.920615704780815
7.863478456075928,6.81305869880902,0.5,0.9,16,90.93860997602316
9.924517606344963,7.235336705050156,0.5,0.9,16,68.99427800189238
6.321581815215591,8.237493149482106,0.5,0.9,16,94.28911435300746
8.337985256553301,8.77520975017953,0.5,0.9,16,65.14017317813637
6.294904025482451,8.394426843241941,0.5,0.9,16,77.77345515175517
5.682151607029335,6.932085348922141,0.5,0.9,16,66.63137715132119
5.516547552086261,7.349318518195975,0.5,0.9,16,105.45809113269124
9.455133616539303,7.00574900837938,0.5,0.9,16,94.604199414888
6.934844721353041,9.758154425530844,0.5,0.9,16,63.50664625453186
6.316354804403304,9.310987406590144,0.5,0.9,16,71.34505662445763
9.311353618127296,8.961903687745313,0.5,0.9,16,71.9707082794681
8.44976304038534,9.768602405354937,0.5,0.9,16,96.02350604602064
7.505010923049999,10.794482733521432,0.5,0.9,16,47.73878762123092
5.769699011481815,9.301549927243796,0.5,0.9,16,85.30533912919613
9.42147795826871,7.57182892733846,0.5,0.9,16,103.08882122145552
6.462679532142235,7.92886045351949,0.5,0.9,16,42.840424832222745
8.421358767707279,7.673594295422646,0.5,0.9,16,109.74610180961164
7.927991980150653,7.916195780956732,0.5,0.9,16,122.76386856141296
9.711064290710064,7.518553463635155,0.5,0.9,16,90.6204659216445
6.6059902228303615,9.033482306782004,0.5,0.9,16,92.62742401260172
7.470005868297729,6.607345465511942,0.5,0.9,16,102.67287937579574
6.045861054180577,9.539060691598763,0.5,0.9,16,83.36165531665476
6.662263110749985,5.914507866682153,0.5,0.9,16,43.92530201189464
7.3602806672935985,10.611233971869911,0.5,0.9,16,74.90997379531441
5.804442210529901,7.470442027428753,0.5,0.9,16,88.51572855029953
9.893934021725965,6.040492347556036,0.5,0.9,16,75.00647694048166
8.32781393278536,9.592903142121148,0.5,0.9,16,39.54435968893175
6.4560861852652485,8.147498061840546,0.5,0.9,16,96.87075925739808
5.522517316438047,9.32863340295468,0.5,0.9,16,73.46215982960102
8.135261942294388,9.639064873728357,0.5,0.9,16,74.67896495067417
6.845698504933311,8.883043924915105,0.5,0.9,16,92.97394181294624
9.1335641279465,9.588179978111793,0.5,0.9,16,36.63327935199274
7.862975834427416,10.869943443484454,0.5,0.9,16,116.54985927722376
6.581501153485682,7.712334217020979,0.5,0.9,16,42.78415206988365
7.257571164815678,9.325756173549175,0.5,0.9,16,83.42607530370498
8.847878016279616,10.35124243262918,0.5,0.9,16,27.00310094724589
10.17527490457439,7.900272202161399,0.5,0.9,16,109.59587893788766
10.05561328394985,8.409110766241342,0.5,0.9,16,94.17127354752478
9.424575201648263,9.797657157779383,0.5,0.9,16,76.9095319249509
8.056827141746847,8.23507599345417,0.5,0.9,16,67.42856737379205
10.01047739205006,8.63420599800445,0.5,0.9,16,62.61998506246432
6.986392047096447,8.553114785707281,0.5,0.9,16,102.35242417699602
7.186745348218617,7.148498655883426,0.5,0.9,16,51.717707787457
8.439594895931355,6.437360718514521,0.5,0.9,16,52.87653924002719
8.429202948350158,10.44899849151654,0.5,0.9,16,55.527287886942304
8.806875690755563,6.16828459814334,0.5,0.9,16,74.79992641185842
6.979895146703523,8.131331785775915,0.5,0.9,16,91.5926811857236
5.5162224866395855,9.211820164068916,0.5,0.9,16,108.44824024930072
7.114466922362326,9.250262865550477,0.5,0.9,16,51.75279397463463
6.316542091430851,7.96468727091586,0.5,0.9,16,104.58478084956712
7.801045384839456,9.58147712164602,0.5,0.9,16,70.06639269232043
5.499377761531395,7.6319587755036,0.5,0.9,16,56.35136859679048
6.453604341779241,8.084804155648012,0.5,0.9,16,55.09205847233649
6.706190803863152,9.871180318502123,0.5,0.9,16,110.2929655393888
7.732780602050001,8.028175111937735,0.5,0.9,16,55.502759844604284
8.181144518879679,9.36379917156296,0.5,0.9,16,49.329553256161496
10.380649895338111,8.832980049331077,0.5,0.9,16,49.56481195179826
8.906799423191707,9.225561961167434,0.5,0.9,16,57.164391545752416
8.417878610234947,10.598570682200434,0.5,0.9,16,48.25529968216157
6.176575052813051,8.982176989679013,0.5,0.9,16,92.53673494707294
10.219488494563924,8.112592095260213,0.5,0.9,16,87.69521064211271
8.266688990447676,7.488215733548542,0.5,0.9,16,64.46123462754976
10.073993879344782,7.758404846524824,0.5,0.9,16,47.15465315559136
5.791385331327902,7.653061214399999,0.5,0.9,16,47.96181315715752
10.641015665981271,8.2877809641235,0.5,0.9,16,61.735705422841
8.127555005394338,7.186133372450008,0.5,0.9,16,26.783654415017875
7.5882845964470835,10.863219881114103,0.5,0.9,16,78.02538715634279
5.357233179798782,7.865764147043094,0.5,0.9,16,57.22623912449084
6.050375566170061,8.12600834678075,0.5,0.9,16,86.6574463672545
9.534184680624971,9.128711574259636,0.5,0.9,16,59.32945232018108
8.264570003588856,9.725869090954326,0.5,0.9,16,34.67187863437572
9.581580025928536,7.698615150200001,0.5,0.9,16,82.00147311258868
8.4717089849256,8.976307711212694,0.5,0.9,16,77.85393900998844
5.897604438087086,9.794430433163516,0.5,0.9,16,71.29265998008476
8.223755349304668,7.783429059040002,0.5,0.9,16,72.21163335013465
10.917721260472543,8.567531923987914,0.5,0.9,16,117.48047882430755
7.197521856400002,6.753918370120513,0.5,0.9,16,82.45573817014521
6.864548629899515,9.038843204707684,0.5,0.9,16,65.6534735822346
6.167258277264859,9.644650344261304,0.5,0.9,16,107.12486838745352
9.462798012633638,10.38902266954349,0.5,0.9,16,51.92023279426199
8.480509401381747,9.347831425305223,0.5,0.9,16,78.32937443430392
7.839628976455757,7.183254632727487,0.5,0.9,16,59.19692039884068
6.569933311390305,6.437691883017773,0.5,0.9,16,111.19337111097389
6.842631677829829,8.475759011018638,0.5,0.9,16,88.12892146598008
9.629517452967365,10.380625256484096,0.5,0.9,16,33.786765879104514
6.036230305879763,9.175407624283892,0.5,0.9,16,89.40460485809092
8.301186022561879,9.85675300040914,0.5,0.9,16,103.74730930847808
10.11095712590315,6.760146580521613,0.5,0.9,16,58.56176845800643
5.636665331651883,8.611605005702637,0.5,0.9,16,109.2428380945592
9.100588416965268,6.6214895878367726,0.5,0.9,16,62.70249702147632
8.847827237507524,9.794096197000002,0.5,0.9,16,31.666993026553595
8.494027159166926,7.774912017204745,0.5,0.9,16,101.5224899637946
8.030341466177177,10.785009039440194,0.5,0.9,16,47.19132611155008
9.613604431238748,5.846879432821407,0.5,0.9,16,124.94486080037304
10.64578804408298,9.326354266962513,0.5,0.9,16,52.93595355101762
9.133564127900048,8.69449110246025,0.5,0.9,16,33.60353498131568
6.057454654809606,7.464290991492763,0.5,0.9,16,116.45988195880904
8.698033177060642,6.833090370000002,0.5,0.9,16,51.78293214628586
7.798590713342686,6.3478571025443005,0.5,0.9,16,98.8261033308886
9.21022173306466,6.759010035206376,0.5,0.9,16,111.37023269015032
7.906435800809513,6.496808649733979,0.5,0.9,16,68.88609857901116
6.871618767542246,8.60114795599867,0.5,0.9,16,83.97041111033748
7.760086548345728,9.863588966173433,0.5,0.9,16,101.21343917312372
7.530241648895848,9.451591233660489,0.5,0.9,16,57.64545826351573
6.798924918150003,6.534046985226781,0.5,0.9,16,48.77841952562868
8.1313775403,7.949161797099999,0.5,0.9,16,63.43646903088586
7.653061214399999,9.807984714121083,0.5,0.9,16,40.75839756898099
9.315779871100002,8.189967703724978,0.5,0.9,16,29.17214167278229
6.294103289469511,9.706355362623182,0.5,0.9,16,100.70682010792108
7.510376945946175,8.26842685065378,0.5,0.9,16,94.31022313421695
9.822158633774572,7.055044057281649,0.5,0.9,16,80.58001140237522
8.847420566522109,5.568691140063895,0.5,0.9,16,105.49090130228092
9.70824050463784,9.105993225575338,0.5,0.9,16,65.79821627668153
7.107877824101758,8.34353795667659,0.5,0.9,16,91.98363509464814
6.2037497122328285,9.224050424592276,0.5,0.9,16,96.53227332739304
5.922187941609795,9.645391070787182,0.5,0.9,16,79.82698137910323
8.677887116325623,6.3528814948247625,0.5,0.9,16,84.36284635310473
5.517423078347413,9.092261685844122,0.5,0.9,16,94.07434399735502
6.581119124065391,6.127004365100023,0.5,0.9,16,30.39195777981193
8.297437606529016,9.426995118461136,0.5,0.9,16,111.1353828943316
8.502148025618608,8.1541545082,0.5,0.9,16,33.93056663570193
6.236734381494509,8.417484092568374,0.5,0.9,16,65.01069810263698
7.770029843346433,10.131134396923786,0.5,0.9,16,111.88207258437232
8.985513836548817,8.606046807136869,0.5,0.9,16,31.77109195041964
5.790138133219618,8.294713112149507,0.5,0.9,16,89.44375340390503
6.432968110740553,7.518066014714233,0.5,0.9,16,77.84021202779454
8.051658152649999,10.265518846306184,0.5,0.9,16,49.65991350159329
9.589970238580612,6.95681911366431,0.5,0.9,16,74.59180261261326
7.960988428847275,7.388582289095479,0.5,0.9,16,102.70123693948548
5.911958511767613,7.4162689810566595,0.5,0.9,16,92.9290019883568
5.9059802654168365,9.919325697639412,0.5,0.9,16,99.77232741808427
6.453937875990046,9.354501826843038,0.5,0.9,16,103.45706974590404
7.234491920974899,9.711114886269891,0.5,0.9,16,82.06772494212515
7.894041732304412,10.468653278681776,0.5,0.9,16,78.42169066209983
7.74225034854996,9.062045766591591,0.5,0.9,16,80.52479949356093
7.983327248950533,9.730946398628582,0.5,0.9,16,48.81856412737605
8.01475740266795,6.192110956269563,0.5,0.9,16,47.11076169198228
7.226417045733825,10.786793358460322,0.5,0.9,16,71.9622746096473
10.07911938341778,6.569644425772502,0.5,0.9,16,94.79453339002724
6.585147834974778,8.126550496240151,0.5,0.9,16,69.22696507063353
7.846316032359327,6.923903346573342,0.5,0.9,16,52.462082582345786
6.186287119734248,10.048056247755328,0.5,0.9,16,70.07312873445628
8.174944523549678,9.1142353992227,0.5,0.9,16,106.33282180430544
7.663963262431918,8.69776598810178,0.5,0.9,16,96.08267417178806
8.925352986700469,8.463010378107251,0.5,0.9,16,104.17711421970404
8.298716092997363,5.470720233150138,0.5,0.9,16,40.92281812110255
6.052125733998126,7.214968598705254,0.5,0.9,16,46.21454766000664
8.765288652410716,7.789723021800001,0.5,0.9,16,49.058200582404645
6.691511276114832,10.428847084022989,0.5,0.9,16,87.06151641482019
6.8307833733459145,10.644374078928816,0.5,0.9,16,66.32317820534439
6.619151395062368,8.209267062227426,0.5,0.9,16,64.59042408639705
8.519119390397247,7.050513870153997,0.5,0.9,16,44.67992636908775
8.568160995700831,5.466472295999999,0.5,0.9,16,50.73595338242387
6.986639937120678,5.888706227601263,0.5,0.9,16,28.673336669812898
10.022738136295114,7.484917139889031,0.5,0.9,16,57.65516966114208
6.312693088260394,6.455459648609555,0.5,0.9,16,72.026785385638
9.324410953123836,6.805071687344363,0.5,0.9,16,106.40690965226416
6.315410654325191,8.110785131837217,0.5,0.9,16,117.3598017668435
8.541362962500001,5.861907268925052,0.5,0.9,16,60.139919567033296
8.949851721677184,7.129190952700001,0.5,0.9,16,42.90886008386549
7.120519565027456,8.212682227705416,0.5,0.9,16,82.92585774474988
10.471952970903,9.053844740249998,0.5,0.9,16,41.22631066979531
6.3027871628787695,7.855477130277046,0.5,0.9,16,111.62102651425
8.769802283980999,8.170873201654455,0.5,0.9,16,105.76631187644672
8.450255090899999,7.530206540250466,0.5,0.9,16,68.34055896551308
6.574987614490838,10.235066835939456,0.5,0.9,16,74.97961154987016
10.673379346593464,8.723578705700023,0.5,0.9,16,69.19035312970655
6.441891947034264,7.398574729089835,0.5,0.9,16,105.05466424228896
8.267262813037426,7.026792016756652,0.5,0.9,16,67.81203950476511
10.6466079420323,8.16957316665911,0.5,0.9,16,105.66316633180564
6.83855523221741,8.355317681648991,0.5,0.9,16,62.4528526040204
6.639486142849999,6.308308449254969,0.5,0.9,16,53.80341069776681
7.648769683194653,5.532206519347858,0.5,0.9,16,50.88929185647024
9.1791180637,5.560125302011605,0.5,0.9,16,57.96856310190173
7.1315116080784025,7.820128518100774,0.5,0.9,16,96.65306987996796
8.147356910741594,11.019965169562989,0.5,0.9,16,53.30780617322097
5.634179351967516,7.9375995087773425,0.5,0.9,16,103.26319378489325
8.56844435791129,9.975382602224954,0.5,0.9,16,111.3743173481139
7.8352769576013905,8.069688944946881,0.5,0.9,16,56.2784575519476
7.399158932409574,8.448473648539881,0.5,0.9,16,95.48750090380295
10.363851196912764,9.278073400975542,0.5,0.9,16,83.95334638307473
8.151192729155508,8.69172435257617,0.5,0.9,16,31.593541831903917
5.851041189539533,6.698087425254738,0.5,0.9,16,87.17782219500617
10.398232443884652,7.230633300189974,0.5,0.9,16,94.16859590391938
5.641951735890125,8.71718878861188,0.5,0.9,16,48.98422134055569
9.25883745135,6.969408921246994,0.5,0.9,16,43.8420571631394
9.015682670731252,8.097212088449998,0.5,0.9,16,78.84699428033096
9.23920485126872,10.559356661407609,0.5,0.9,16,65.44716524681364
9.755698771822312,9.366903335027146,0.5,0.9,16,60.850761977763085
7.140579436649999,7.557812245094154,0.5,0.9,16,28.6704883149355
7.748637630174056,5.45508381205,0.5,0.9,16,77.40107323216714
7.714143130178143,7.370732584072348,0.5,0.9,16,102.6535557364258
8.25783585532853,6.5972545406763405,0.5,0.9,16,79.6644432626813
6.850764170640816,7.174803605074047,0.5,0.9,16,102.4631934323129
5.790242560084545,7.720412385287908,0.5,0.9,16,88.44648414330373
7.675365227904874,7.532708168077389,0.5,0.9,16,64.52933302252228
8.332191185300417,8.637256103015847,0.5,0.9,16,56.75585206524882
7.971051206694578,10.923756020005152,0.5,0.9,16,46.13982121890524
8.299038233130672,6.706235241741822,0.5,0.9,16,116.58500982327897
6.502824335449999,6.593932207050002,0.5,0.9,16,48.84401312837673
6.165568858635287,8.135713268348251,0.5,0.9,16,57.34369690748402
8.61463684357171,8.756437175177565,0.5,0.9,16,81.78432076217274
7.2531377109797,7.71977886218844,0.5,0.9,16,64.94790738182246
9.548656391131695,8.307576012615659,0.5,0.9,16,81.66618293840263
10.270084852068972,6.947093772136242,0.5,0.9,16,69.92576027477178
9.167965711669105,8.299032868326552,0.5,0.9,16,94.46529440108375
7.921913768746175,8.834758713208931,0.5,0.9,16,51.64008730467928
9.346871217164704,10.234324682788936,0.5,0.9,16,83.47234505205039
10.291676016409776,9.443634242457016,0.5,0.9,16,72.78371228491
5.815860459210312,6.84194563061538,0.5,0.9,16,72.1162918425163
10.770759789811304,8.5413629625,0.5,0.9,16,53.21204115817578
8.171370013856523,8.588019743919931,0.5,0.9,16,48.51641270785522
5.914920673955866,8.085823604500002,0.5,0.9,16,62.1644692603381
10.920906706719192,7.656733812287261,0.5,0.9,16,115.43266551910956
9.725663770735911,8.37053570325,0.5,0.9,16,48.93912583001275
9.870870057397743,6.514690883697673,0.5,0.9,16,40.85053194364643
6.150091101710644,7.539179761590075,0.5,0.9,16,96.1504942010081
6.050174174777209,8.90739843906226,0.5,0.9,16,89.90816712229295
7.413074118670742,9.843491106489642,0.5,0.9,16,45.302671248397445
7.383355645943286,7.468687285192138,0.5,0.9,16,36.6017492297071
7.491404582637332,5.887846202150001,0.5,0.9,16,48.920367505078566
7.75954856819391,6.505115711074568,0.5,0.9,16,60.56984274244013
7.41935972701583,8.556732979401168,0.5,0.9,16,86.55909731249791
7.341693085025926,10.473108757192428,0.5,0.9,16,79.5136320235534
9.89659255255,6.391293097855322,0.5,0.9,16,67.47014926054726
9.323601549742213,6.448831746886193,0.5,0.9,16,107.34549547648746
6.2263952348170415,6.495093543939466,0.5,0.9,16,57.42018440297994
8.54589088035174,9.707344812613576,0.5,0.9,16,64.68974804682895
6.045636029785417,7.871459104002123,0.5,0.9,16,92.34452639149666
9.805484680949998,6.939453959856979,0.5,0.9,16,48.48375552575505
7.773083737772759,8.948000677021012,0.5,0.9,16,75.18896630680233
8.68436647716816,9.518543178479128,0.5,0.9,16,46.173114755061405
5.53669403736752,7.140579436650001,0.5,0.9,16,44.83396867784769
8.526799206656447,10.919364167505169,0.5,0.9,16,95.08394541083396
7.26759764632672,8.791661791720323,0.5,0.9,16,92.61093276103188
6.711811588490289,9.742326504602511,0.5,0.9,16,92.02686190868585
6.674360679348565,6.653284806105975,0.5,0.9,16,78.4673200139137
10.020730329466067,9.73715377725,0.5,0.9,16,48.54942539169518
7.346375883105173,6.471883216778219,0.5,0.9,16,31.53754564425986
9.564503782831268,8.894405964949998,0.5,0.9,16,63.21048578971932
5.520097252252607,8.669220849833062,0.5,0.9,16,73.01784466986395
7.26466156442433,8.646401911667443,0.5,0.9,16,46.52944884403977
6.851263754609845,6.104227397200002,0.5,0.9,16,59.25143750829109
8.211096927949999,6.859851775481539,0.5,0.9,16,44.383982556150166
7.380619196852605,8.879171437783679,0.5,0.9,16,57.512760268805216
6.55359804330323,9.97726404660781,0.5,0.9,16,47.1642165669663
8.971628475146954,6.779174637232639,0.5,0.9,16,36.0208856527094
7.90514240564448,9.25957796575037,0.5,0.9,16,70.72416026264943
9.422877621117845,8.318297919409446,0.5,0.9,16,80.20459106514367
7.766148290436131,5.568843135403085,0.5,0.9,16,94.57996319709764
9.72913373321924,8.802163938236122,0.5,0.9,16,54.53210731911312
5.76870411245849,8.411793803095362,0.5,0.9,16,45.771648714154246
7.511140200983612,8.985513836550002,0.5,0.9,16,32.013619533116845
9.297288847172736,7.218753111731911,0.5,0.9,16,69.47291625954517
9.788866199605629,10.04104808684612,0.5,0.9,16,58.61219993164417
6.985389626511205,9.338434880070407,0.5,0.9,16,89.37818220727672
8.272855215798858,6.183946784850002,0.5,0.9,16,64.34805637146337
8.582546445674968,9.56165064650094,0.5,0.9,16,99.07396203325185
7.657794938810406,8.579332953268631,0.5,0.9,16,68.76124471138635
7.768150734953221,9.716142157700464,0.5,0.9,16,57.7494950112986
6.750549240309833,6.966985279295435,0.5,0.9,16,45.83882695225967
8.990350070975513,6.068630538920126,0.5,0.9,16,89.8945228261795
5.770868941155572,7.22529921648057,0.5,0.9,16,70.63285123070038
9.24709779139592,6.350717094842337,0.5,0.9,16,38.00166077590731
8.176931476100002,8.989789794704839,0.5,0.9,16,81.32142505771256
5.374192067214574,8.635649922091735,0.5,0.9,16,70.42219358889834
8.555255103753977,10.268014496605332,0.5,0.9,16,102.37078981811771
6.43344055456099,6.746887851313988,0.5,0.9,16,74.04118738429325
8.336522036958398,8.482489082472148,0.5,0.9,16,54.95723880794045
6.451498327068403,7.786478750049441,0.5,0.9,16,90.23102769690638
6.701338253206751,5.770631350586112,0.5,0.9,16,47.0535643532533
9.78796356595871,7.160412003885629,0.5,0.9,16,86.97068233020569
8.90392290313999,8.360656317763803,0.5,0.9,16,96.19448581011928
5.51194644330424,8.148322956245622,0.5,0.9,16,68.11279208457714
8.492999454992402,7.431071600013936,0.5,0.9,16,84.86212612539464
5.662276460842273,7.428950432683963,0.5,0.9,16,94.2674581186586
7.605544404268619,7.271078895383467,0.5,0.9,16,26.25253898574455
9.215852945954447,5.959911921931295,0.5,0.9,16,41.73997359820503
6.062060293876604,9.043382949171235,0.5,0.9,16,54.68083608282021
10.89471762662605,8.787289600246424,0.5,0.9,16,68.29072311642778
7.512850535050814,9.299132875783409,0.5,0.9,16,72.51994060265469
7.702217290211936,7.004867054732465,0.5,0.9,16,85.43217417831424
6.375400403521391,6.7084310194602965,0.5,0.9,16,53.85042535315616
6.04335093230969,8.497679374935485,0.5,0.9,16,93.872833621311
10.172108118444198,9.854110954125536,0.5,0.9,16,30.612514659501297
6.6708004047807945,10.571590238183845,0.5,0.9,16,71.02210455267225
7.698615150199244,8.16525661285233,0.5,0.9,16,87.6794748161921
8.658851883435148,6.6949752589969895,0.5,0.9,16,88.66007635618841
8.70600554487969,9.6396500004168,0.5,0.9,16,78.28558047510839
10.55754873549055,7.186772648435897,0.5,0.9,16,93.39325525132006
8.833951103156704,6.656708832459301,0.5,0.9,16,73.58573739256052
6.445881915699999,10.449502699409209,0.5,0.9,16,48.241447135860135
7.921990054524896,9.105969002379055,0.5,0.9,16,87.25407979305821
7.436680019350002,10.552031151539325,0.5,0.9,16,26.097956180009483
6.0812273218683774,7.312762395877949,0.5,0.9,16,26.935242329469805
10.399760706009957,8.427478123000022,0.5,0.9,16,42.87063062044763
5.649059032084516,7.842765232928897,0.5,0.9,16,50.04580581678989
9.480947903177064,8.41736725120166,0.5,0.9,16,71.89062433013461
8.020208741590558,9.424731105895516,0.5,0.9,16,41.70586313764965
7.648457077907975,8.851267053143436,0.5,0.9,16,79.94252979640024
7.537117518081635,7.972735054357163,0.5,0.9,16,75.47683014768792
7.550564858849999,7.611509660915703,0.5,0.9,16,35.7313889976441
5.921235377430731,7.807408307286937,0.5,0.9,16,100.96063484097532
6.806937349740543,10.38275129228369,0.5,0.9,16,61.83084744245853
9.18513229273782,7.568437633283657,0.5,0.9,16,61.41563022844694
10.92993885125922,7.868345615959657,0.5,0.9,16,63.349900137329016
8.403089479371179,6.786390849706367,0.5,0.9,16,106.36424383808492
7.952387999017271,5.4687076501285246,0.5,0.9,16,36.28715428235038
5.7822609266563205,8.541239763703278,0.5,0.9,16,56.18576397755148
10.510682021077534,9.09939867605,0.5,0.9,16,44.66904599293967
7.920130925807093,8.18631397781578,0.5,0.9,16,63.2455011914298
6.720827716324479,8.949164735932722,0.5,0.9,16,90.16542125245722
6.055714091352616,8.653829825639596,0.5,0.9,16,58.14756953571228
5.639613766583594,8.196498462491514,0.5,0.9,16,55.461087456331335
5.929646374782565,7.668368166491153,0.5,0.9,16,73.94030109489174
6.938515327382078,10.56129409958764,0.5,0.9,16,97.8253206898348
6.4508759934547655,9.103537383416182,0.5,0.9,16,65.31185196585335
7.131119092804262,8.99705535314151,0.5,0.9,16,76.67046856115753
7.11019894833609,8.731133557299206,0.5,0.9,16,61.864026583487686
6.844358189184713,8.232869408035018,0.5,0.9,16,87.82698025673459
7.822826661073753,7.319633862245001,0.5,0.9,16,82.36398031210123
8.640771580763966,6.130612678260017,0.5,0.9,16,57.18839456698011
6.980325735823181,7.888939233679749,0.5,0.9,16,72.32188733034164
5.406204368812327,8.86068578399221,0.5,0.9,16,61.27602670405807
7.457758998777046,6.880180273787918,0.5,0.9,16,40.72805487363331
8.662558207105073,8.655247801999998,0.5,0.9,16,60.58269253715482
7.086275960980653,6.923677008390871,0.5,0.9,16,44.378027013976926
6.975990277061074,7.755557569949999,0.5,0.9,16,42.87335164617401
10.532987989334565,7.33590711839132,0.5,0.9,16,29.11847314157316
6.44453212117579,8.571836414698073,0.5,0.9,16,111.27388696799152
10.132228927855577,7.698615150199998,0.5,0.9,16,49.52893444666833
10.434802446312396,6.950685183884248,0.5,0.9,16,81.32123795308263
10.265123857984667,9.006181877745924,0.5,0.9,16,96.02569851023809
5.914492712171185,8.20675617789145,0.5,0.9,16,77.94444138467824
6.706648356653603,7.878065331133526,0.5,0.9,16,34.983099726857745
7.689415414580739,7.919199416757066,0.5,0.9,16,80.85724794446652
5.842292266349999,9.410483052531667,0.5,0.9,16,26.972554801543463
8.484420542750001,10.66126593167744,0.5,0.9,16,53.35558451514429
8.046504734659218,9.045955064460234,0.5,0.9,16,95.7018407704786
9.914304513641726,9.914448200316276,0.5,0.9,16,73.08703417772129
6.474701173104556,6.994553266602251,0.5,0.9,16,91.55804893489524
6.87222733467043,6.781367769773,0.5,0.9,16,53.82077511217152
10.521078230645458,7.932562397696528,0.5,0.9,16,90.68340235120183
5.968648699417927,6.507766002837445,0.5,0.9,16,72.66881086788815
9.563243779391156,10.07880829575,0.5,0.9,16,53.64723854270272
6.028812360936626,9.99566418616509,0.5,0.9,16,81.98574288164994
9.590994095811636,6.451749217847061,0.5,0.9,16,37.24308827389148
9.294449637597609,8.097212088449998,0.5,0.9,16,43.1465705128989
6.924198241600001,7.040642426571879,0.5,0.9,16,68.98333856050579
9.589299778302726,7.29171069049195,0.5,0.9,16,45.46076427277511
9.815142361611638,9.65186766452988,0.5,0.9,16,67.55530443744419
6.223566841509257,6.995275062980936,0.5,0.9,16,96.55435778285448
8.517021504979274,6.154339884325171,0.5,0.9,16,61.347406756610674
7.639854494862187,9.402968251198146,0.5,0.9,16,71.60488061466837
10.828729118857106,8.322823506431854,0.5,0.9,16,42.5632994067107
6.327436673707753,6.203553847681571,0.5,0.9,16,34.96295976217447
9.55794289590964,9.616771183377288,0.5,0.9,16,55.22531552222218
6.59393220704979,7.167590837936393,0.5,0.9,16,47.85883742220541
6.121613603612269,6.301380956237966,0.5,0.9,16,58.225704594018566
6.732482174714888,8.163916570061732,0.5,0.9,16,93.93154993874552
6.865086412476259,9.424382584475312,0.5,0.9,16,55.02194656212531
7.239952920033291,5.686121268178121,0.5,0.9,16,74.76818845020635
6.978474388640502,10.410912486503369,0.5,0.9,16,70.25524705860029
10.074097869559017,9.60906170680589,0.5,0.9,16,39.061896370073526
7.4011771380487374,7.185180199686154,0.5,0.9,16,72.30508093762154
7.766187701881707,8.652846403602751,0.5,0.9,16,42.515261569984034
7.460665785247772,7.015090726134305,0.5,0.9,16,67.0158190425377
6.07639998814894,8.248542302678667,0.5,0.9,16,51.72433703714359
7.244924974152145,8.175583376128934,0.5,0.9,16,50.088931203886965
6.377551011999998,6.287457183956857,0.5,0.9,16,54.786161946332925
9.466127015653347,7.150412656661095,0.5,0.9,16,74.92716674530054
5.786565385617258,7.122434405777307,0.5,0.9,16,41.13723696095119
9.197725052629986,8.84453837432526,0.5,0.9,16,53.34864462850424
9.45704224029702,6.772443576100192,0.5,0.9,16,86.63516685899779
9.056614902518575,8.485670793852917,0.5,0.9,16,40.38758981118784
6.149822144175064,7.423362415630288,0.5,0.9,16,69.45383094554619
5.632266774007426,9.384931548920504,0.5,0.9,16,76.25899440460086
9.136102630527734,7.714135912445839,0.5,0.9,16,60.72489357466981
9.274750683277071,6.601097832305793,0.5,0.9,16,54.3754596479723
10.362970179585105,9.645204186144117,0.5,0.9,16,54.21021978736165
8.046575877163395,8.521950193984091,0.5,0.9,16,37.38653335144135
10.50625450792027,8.02513105926014,0.5,0.9,16,50.7219423102248
9.812738063028949,8.85624281475776,0.5,0.9,16,30.32275196574681
6.741982498399999,7.2316873082500015,0.5,0.9,16,49.21869637195574
