display_point_id,layer,x_completed_px,y_completed_px,position_source,old_display_phase,three_class,display_class,display_evidence
L01-0000,1,570.0,853.0,strong_peak_refined,Pt,Pt,Pt,image-supported cap atom
L01-0001,1,569.0,822.0,strong_peak_refined,Pt,Pt,Pt,image-supported cap atom
L01-0002,1,617.0,814.0,strong_peak_refined,Pt,Pt,Pt,image-supported cap atom
L01-0003,1,595.0,819.0,strong_peak_refined,Pt,Pt,Pt,image-supported cap atom
L01-0004,1,653.0,695.0,strong_peak_refined,Pt,Pt,Pt,image-supported cap atom
L01-0005,1,547.0,784.0,strong_peak_refined,Pt,Pt,Pt,image-supported cap atom
L01-0006,1,652.0,765.0,strong_peak_refined,Pt,Pt,Pt,image-supported cap atom
L01-0007,1,571.0,782.0,strong_peak_refined,Pt,Pt,Pt,image-supported cap atom
L01-0008,1,675.0,831.0,strong_peak_refined,Pt,Pt,Pt,image-supported cap atom
L01-0009,1,676.0,797.0,strong_peak_refined,Pt,Pt,Pt,image-supported cap atom
L01-0010,1,572.0,680.0,strong_peak_refined,Pt,Pt,Pt,image-supported cap atom
L01-0011,1,581.0,803.0,strong_peak_refined,Pt,Pt,Pt,image-supported cap atom
L01-0012,1,581.0,837.0,strong_peak_refined,Pt,Pt,Pt,image-supported cap atom
L01-0013,1,665.0,747.0,strong_peak_refined,Pt,Pt,Pt,image-supported cap atom
L01-0014,1,710.0,844.0,strong_peak_refined,Pt,Pt,Pt,image-supported cap atom
L01-0015,1,559.0,801.0,strong_peak_refined,Pt,Pt,Pt,image-supported cap atom
L01-0016,1,688.0,743.0,strong_peak_refined,Pt,Pt,Pt,image-supported cap atom
L01-0017,1,605.0,766.0,strong_peak_refined,Pt,Pt,Pt,image-supported cap atom
L01-0018,1,665.0,783.0,strong_peak_refined,Pt,Pt,Pt,image-supported cap atom
L01-0019,1,640.0,848.0,strong_peak_refined,Pt,Pt,Pt,image-supported cap atom
L01-0020,1,559.0,733.0,strong_peak_refined,Pt,Pt,Pt,image-supported cap atom
L01-0021,1,594.0,750.0,strong_peak_refined,Pt,Pt,Pt,image-supported cap atom
L01-0022,1,604.0,870.0,strong_peak_refined,Pt,Pt,Pt,image-supported cap atom
L01-0023,1,652.0,831.0,strong_peak_refined,Pt,Pt,Pt,image-supported cap atom
L01-0024,1,559.0,768.0,strong_peak_refined,Pt,Pt,Pt,image-supported cap atom
L01-0025,1,582.0,765.0,strong_peak_refined,Pt,Pt,Pt,image-supported cap atom
L01-0026,1,688.0,778.0,strong_peak_refined,Pt,Pt,Pt,image-supported cap atom
L01-0027,1,618.0,853.0,strong_peak_refined,Pt,Pt,Pt,image-supported cap atom
L01-0028,1,666.0,848.0,strong_peak_refined,Pt,Pt,Pt,image-supported cap atom
L01-0029,1,581.0,871.0,strong_peak_refined,Pt,Pt,Pt,image-supported cap atom
L01-0030,1,677.0,694.0,strong_peak_refined,Pt,Pt,Pt,image-supported cap atom
L01-0031,1,630.0,730.0,strong_peak_refined,Pt,Pt,Pt,image-supported cap atom
L01-0032,1,546.0,752.0,strong_peak_refined,Pt,Pt,Pt,image-supported cap atom
L01-0033,1,572.0,645.0,strong_peak_refined,Pt,Pt,Pt,image-supported cap atom
L01-0034,1,558.0,835.0,strong_peak_refined,Pt,Pt,Pt,image-supported cap atom
L01-0035,1,594.0,786.0,strong_peak_refined,Pt,Pt,Pt,image-supported cap atom
L01-0036,1,630.0,800.0,strong_peak_refined,Pt,Pt,Pt,image-supported cap atom
L01-0037,1,605.0,835.0,strong_peak_refined,Pt,Pt,Pt,image-supported cap atom
L01-0038,1,734.0,877.0,strong_peak_refined,Pt,Pt,Pt,image-supported cap atom
L01-0039,1,688.0,708.0,strong_peak_refined,Pt,Pt,Pt,image-supported cap atom
L01-0040,1,546.0,820.0,strong_peak_refined,Pt,Pt,Pt,image-supported cap atom
L01-0041,1,722.0,826.0,strong_peak_refined,Pt,Pt,Pt,image-supported cap atom
L01-0042,1,747.0,825.0,strong_peak_refined,Pt,Pt,Pt,image-supported cap atom
L01-0043,1,605.0,801.0,strong_peak_refined,Pt,Pt,Pt,image-supported cap atom
L01-0044,1,699.0,830.0,strong_peak_refined,Pt,Pt,Pt,image-supported cap atom
L01-0045,1,640.0,783.0,strong_peak_refined,Pt,Pt,Pt,image-supported cap atom
L01-0046,1,568.0,749.0,strong_peak_refined,Pt,Pt,Pt,image-supported cap atom
L01-0047,1,641.0,747.0,strong_peak_refined,Pt,Pt,Pt,image-supported cap atom
L01-0048,1,595.0,713.0,strong_peak_refined,Pt,Pt,Pt,image-supported cap atom
L01-0049,1,618.0,677.0,strong_peak_refined,Pt,Pt,Pt,image-supported cap atom
L01-0050,1,641.0,708.0,strong_peak_refined,Pt,Pt,Pt,image-supported cap atom
L01-0051,1,617.0,780.0,strong_peak_refined,Pt,Pt,Pt,image-supported cap atom
L01-0052,1,630.0,766.0,strong_peak_refined,Pt,Pt,Pt,image-supported cap atom
L01-0053,1,687.0,848.0,strong_peak_refined,Pt,Pt,Pt,image-supported cap atom
L01-0054,1,723.0,791.0,strong_peak_refined,Pt,Pt,Pt,image-supported cap atom
L01-0055,1,652.0,797.0,strong_peak_refined,Pt,Pt,Pt,image-supported cap atom
L01-0056,1,744.0,861.0,strong_peak_refined,Pt,Pt,Pt,image-supported cap atom
L01-0057,1,674.0,866.0,strong_peak_refined,Pt,Pt,Pt,image-supported cap atom
L01-0058,1,676.0,727.0,strong_peak_refined,Pt,Pt,Pt,image-supported cap atom
L01-0059,1,560.0,629.0,strong_peak_refined,Pt,Pt,Pt,image-supported cap atom
L01-0060,1,582.0,734.0,strong_peak_refined,Pt,Pt,Pt,image-supported cap atom
L01-0061,1,595.0,642.0,strong_peak_refined,Pt,Pt,Pt,image-supported cap atom
L01-0062,1,653.0,730.0,strong_peak_refined,Pt,Pt,Pt,image-supported cap atom
L01-0063,1,618.0,643.0,strong_peak_refined,Pt,Pt,Pt,image-supported cap atom
L01-0064,1,675.0,660.0,strong_peak_refined,Pt,Pt,Pt,image-supported cap atom
L01-0065,1,642.0,680.0,strong_peak_refined,Pt,Pt,Pt,image-supported cap atom
L01-0066,1,594.0,852.0,strong_peak_refined,Pt,Pt,Pt,image-supported cap atom
L01-0067,1,572.0,610.0,strong_peak_refined,Pt,Pt,Pt,image-supported cap atom
L01-0068,1,768.0,857.0,strong_peak_refined,Pt,Pt,Pt,image-supported cap atom
L01-0069,1,652.0,867.0,strong_peak_refined,Pt,Pt,Pt,image-supported cap atom
L01-0070,1,710.0,809.0,strong_peak_refined,Pt,Pt,Pt,image-supported cap atom
L01-0071,1,665.0,675.0,strong_peak_refined,Pt,Pt,Pt,image-supported cap atom
L01-0072,1,605.0,730.0,strong_peak_refined,Pt,Pt,Pt,image-supported cap atom
L01-0073,1,618.0,744.0,strong_peak_refined,Pt,Pt,Pt,image-supported cap atom
L01-0074,1,571.0,712.0,strong_peak_refined,Pt,Pt,Pt,image-supported cap atom
L01-0075,1,699.0,794.0,strong_peak_refined,Pt,Pt,Pt,image-supported cap atom
L01-0076,1,757.0,664.0,strong_peak_refined,Pt,Pt,Pt,image-supported cap atom
L01-0077,1,594.0,680.0,strong_peak_refined,Pt,Pt,Pt,image-supported cap atom
L01-0078,1,710.0,774.0,strong_peak_refined,Pt,Pt,Pt,image-supported cap atom
L01-0079,1,627.0,832.0,strong_peak_refined,Pt,Pt,Pt,image-supported cap atom
L01-0080,1,664.0,812.0,strong_peak_refined,Pt,Pt,Pt,image-supported cap atom
L01-0081,1,701.0,866.0,strong_peak_refined,Pt,Pt,Pt,image-supported cap atom
L01-0082,1,675.0,761.0,strong_peak_refined,Pt,Pt,Pt,image-supported cap atom
L01-0083,1,664.0,641.0,strong_peak_refined,Pt,Pt,Pt,image-supported cap atom
L01-0084,1,710.0,739.0,strong_peak_refined,Pt,Pt,Pt,image-supported cap atom
L01-0085,1,605.0,661.0,strong_peak_refined,Pt,Pt,Pt,image-supported cap atom
L01-0086,1,605.0,695.0,strong_peak_refined,Pt,Pt,Pt,image-supported cap atom
L01-0087,1,559.0,696.0,strong_peak_refined,Pt,Pt,Pt,image-supported cap atom
L01-0088,1,816.0,818.0,strong_peak_refined,Pt,Pt,Pt,image-supported cap atom
L01-0089,1,711.0,669.0,strong_peak_refined,Pt,Pt,Pt,image-supported cap atom
L01-0090,1,723.0,721.0,strong_peak_refined,Pt,Pt,Pt,image-supported cap atom
L01-0091,1,631.0,665.0,strong_peak_refined,Pt,Pt,Pt,image-supported cap atom
L01-0092,1,654.0,624.0,strong_peak_refined,Pt,Pt,Pt,image-supported cap atom
L01-0093,1,723.0,686.0,strong_peak_refined,Pt,Pt,Pt,image-supported cap atom
L01-0094,1,548.0,717.0,strong_peak_refined,Pt,Pt,Pt,image-supported cap atom
L01-0095,1,780.0,844.0,strong_peak_refined,Pt,Pt,Pt,image-supported cap atom
L01-0096,1,735.0,667.0,strong_peak_refined,Pt,Pt,Pt,image-supported cap atom
L01-0097,1,619.0,609.0,strong_peak_refined,Pt,Pt,Pt,image-supported cap atom
L01-0098,1,583.0,696.0,strong_peak_refined,Pt,Pt,Pt,image-supported cap atom
L01-0099,1,560.0,665.0,strong_peak_refined,Pt,Pt,Pt,image-supported cap atom
L01-0100,1,805.0,734.0,strong_peak_refined,Pt,Pt,Pt,image-supported cap atom
L01-0101,1,699.0,686.0,strong_peak_refined,Pt,Pt,Pt,image-supported cap atom
L01-0102,1,584.0,627.0,strong_peak_refined,Pt,Pt,Pt,image-supported cap atom
L01-0103,1,745.0,791.0,strong_peak_refined,Pt,Pt,Pt,image-supported cap atom
L01-0104,1,642.0,606.0,strong_peak_refined,Pt,Pt,Pt,image-supported cap atom
L01-0105,1,758.0,804.0,strong_peak_refined,Pt,Pt,Pt,image-supported cap atom
L01-0106,1,805.0,839.0,strong_peak_refined,Pt,Pt,Pt,image-supported cap atom
L01-0107,1,585.0,663.0,strong_peak_refined,Pt,Pt,Pt,image-supported cap atom
L01-0108,1,630.0,624.0,strong_peak_refined,Pt,Pt,Pt,image-supported cap atom
L01-0109,1,547.0,647.0,strong_peak_refined,Pt,Pt,Pt,image-supported cap atom
L01-0110,1,744.0,683.0,strong_peak_refined,Pt,Pt,Pt,image-supported cap atom
L01-0111,1,800.0,659.0,strong_peak_refined,Pt,Pt,Pt,image-supported cap atom
L01-0112,1,642.0,645.0,strong_peak_refined,Pt,Pt,Pt,image-supported cap atom
L01-0113,1,688.0,634.0,strong_peak_refined,Pt,Pt,Pt,image-supported cap atom
L01-0114,1,608.0,590.0,strong_peak_refined,Pt,Pt,Pt,image-supported cap atom
L01-0115,1,792.0,786.0,strong_peak_refined,Pt,Pt,Pt,image-supported cap atom
L01-0116,1,732.0,761.0,strong_peak_refined,Pt,Pt,Pt,image-supported cap atom
L01-0117,1,733.0,840.0,strong_peak_refined,Pt,Pt,Pt,image-supported cap atom
L01-0118,1,757.0,839.0,strong_peak_refined,Pt,Pt,Pt,image-supported cap atom
L01-0119,1,769.0,823.0,strong_peak_refined,Pt,Pt,Pt,image-supported cap atom
L01-0120,1,664.0,601.0,strong_peak_refined,Pt,Pt,Pt,image-supported cap atom
L01-0121,1,788.0,673.0,strong_peak_refined,Pt,Pt,Pt,image-supported cap atom
L01-0122,1,757.0,619.0,strong_peak_refined,Pt,Pt,Pt,image-supported cap atom
L01-0123,1,792.0,619.0,strong_peak_refined,Pt,Pt,Pt,image-supported cap atom
L01-0124,1,700.0,620.0,strong_peak_refined,Pt,Pt,Pt,image-supported cap atom
L01-0125,1,700.0,756.0,strong_peak_refined,Pt,Pt,Pt,image-supported cap atom
L01-0126,1,722.0,861.0,strong_peak_refined,Pt,Pt,Pt,image-supported cap atom
L01-0127,1,803.0,800.0,strong_peak_refined,Pt,Pt,Pt,image-supported cap atom
L01-0128,1,734.0,807.0,strong_peak_refined,Pt,Pt,Pt,image-supported cap atom
L01-0129,1,770.0,786.0,strong_peak_refined,Pt,Pt,Pt,image-supported cap atom
L01-0130,1,734.0,703.0,strong_peak_refined,Pt,Pt,Pt,image-supported cap atom
L01-0131,1,618.0,708.0,strong_peak_refined,Pt,Pt,Pt,image-supported cap atom
L01-0132,1,791.0,712.0,strong_peak_refined,Pt,Pt,Pt,image-supported cap atom
L01-0133,1,819.0,691.0,strong_peak_refined,Pt,Pt,Pt,image-supported cap atom
L01-0134,1,755.0,875.0,strong_peak_refined,Pt,Pt,Pt,image-supported cap atom
L01-0135,1,632.0,588.0,strong_peak_refined,Pt,Pt,Pt,image-supported cap atom
L01-0136,1,780.0,734.0,strong_peak_refined,Pt,Pt,Pt,image-supported cap atom
L01-0137,1,547.0,679.0,strong_peak_refined,Pt,Pt,Pt,image-supported cap atom
L01-0138,1,818.0,752.0,strong_peak_refined,Pt,Pt,Pt,image-supported cap atom
L01-0139,1,761.0,645.0,strong_peak_refined,Pt,Pt,Pt,image-supported cap atom
L01-0140,1,700.0,725.0,strong_peak_refined,Pt,Pt,Pt,image-supported cap atom
L01-0141,1,746.0,717.0,strong_peak_refined,Pt,Pt,Pt,image-supported cap atom
L01-0142,1,800.0,694.0,strong_peak_refined,Pt,Pt,Pt,image-supported cap atom
L01-0143,1,769.0,717.0,strong_peak_refined,Pt,Pt,Pt,image-supported cap atom
L01-0144,1,794.0,822.0,strong_peak_refined,Pt,Pt,Pt,image-supported cap atom
L01-0145,1,589.0,597.0,strong_peak_refined,Pt,Pt,Pt,image-supported cap atom
L01-0146,1,768.0,682.0,strong_peak_refined,Pt,Pt,Pt,image-supported cap atom
L01-0147,1,701.0,585.0,strong_peak_refined,Pt,Pt,Pt,image-supported cap atom
L01-0148,1,604.0,625.0,strong_peak_refined,Pt,Pt,Pt,image-supported cap atom
L01-0149,1,541.0,698.0,strong_peak_refined,Pt,Pt,Pt,image-supported cap atom
L01-0150,1,675.0,621.0,strong_peak_refined,Pt,Pt,Pt,image-supported cap atom
L01-0151,1,792.0,764.0,strong_peak_refined,Pt,Pt,Pt,image-supported cap atom
L01-0152,1,713.0,703.0,strong_peak_refined,Pt,Pt,Pt,image-supported cap atom
L01-0153,1,650.0,584.0,strong_peak_refined,Pt,Pt,Pt,image-supported cap atom
L01-0154,1,810.0,712.0,strong_peak_refined,Pt,Pt,Pt,image-supported cap atom
L01-0155,1,735.0,633.0,strong_peak_refined,Pt,Pt,Pt,image-supported cap atom
L01-0156,1,540.0,768.0,strong_peak_refined,Pt,Pt,Pt,image-supported cap atom
L01-0157,1,810.0,769.0,strong_peak_refined,Pt,Pt,Pt,image-supported cap atom
L01-0158,1,678.0,585.0,strong_peak_refined,Pt,Pt,Pt,image-supported cap atom
L01-0159,1,724.0,620.0,strong_peak_refined,Pt,Pt,Pt,image-supported cap atom
L01-0160,1,688.0,603.0,strong_peak_refined,Pt,Pt,Pt,image-supported cap atom
L01-0161,1,541.0,733.0,strong_peak_refined,Pt,Pt,Pt,image-supported cap atom
L01-0162,1,836.0,707.0,strong_peak_refined,Pt,Pt,Pt,image-supported cap atom
L01-0163,1,717.0,650.0,strong_peak_refined,Pt,Pt,Pt,image-supported cap atom
L01-0164,1,723.0,585.0,strong_peak_refined,Pt,Pt,Pt,image-supported cap atom
L01-0165,1,757.0,698.0,strong_peak_refined,Pt,Pt,Pt,image-supported cap atom
L01-0166,1,832.0,729.0,strong_peak_refined,Pt,Pt,Pt,image-supported cap atom
L01-0167,1,756.0,594.0,strong_peak_refined,Pt,Pt,Pt,image-supported cap atom
L02-0000,2,569.0,889.0,strong_peak_refined,Pt,Pt,Pt,image-supported cap atom
L02-0001,2,570.0,853.0,strong_peak_refined,Pt,Pt,Pt,image-supported cap atom
L02-0002,2,639.0,883.0,strong_peak_refined,Pt,Pt,Pt,image-supported cap atom
L02-0003,2,547.0,784.0,strong_peak_refined,Pt,Pt,Pt,image-supported cap atom
L02-0004,2,617.0,814.0,strong_peak_refined,Pt,Pt,Pt,image-supported cap atom
L02-0005,2,571.0,815.0,strong_peak_refined,Pt,Pt,Pt,image-supported cap atom
L02-0006,2,572.0,680.0,strong_peak_refined,Pt,Pt,Pt,image-supported cap atom
L02-0007,2,571.0,782.0,strong_peak_refined,Pt,Pt,Pt,image-supported cap atom
L02-0008,2,546.0,856.0,strong_peak_refined,Pt,Pt,Pt,image-supported cap atom
L02-0009,2,605.0,766.0,strong_peak_refined,Pt,Pt,Pt,image-supported cap atom
L02-0010,2,580.0,905.0,strong_peak_refined,Pt,Pt,Pt,image-supported cap atom
L02-0011,2,653.0,695.0,strong_peak_refined,Pt,Pt,Pt,image-supported cap atom
L02-0012,2,663.0,881.0,strong_peak_refined,Pt,Pt,Pt,image-supported cap atom
L02-0013,2,615.0,886.0,strong_peak_refined,Pt,Pt,Pt,image-supported cap atom
L02-0014,2,664.0,746.0,strong_peak_refined,Pt,Pt,Pt,image-supported cap atom
L02-0015,2,676.0,797.0,strong_peak_refined,Pt,Pt,Pt,image-supported cap atom
L02-0016,2,595.0,819.0,strong_peak_refined,Pt,Pt,Pt,image-supported cap atom
L02-0017,2,524.0,823.0,strong_peak_refined,Pt,Pt,Pt,image-supported cap atom
L02-0018,2,710.0,844.0,strong_peak_refined,Pt,Pt,Pt,image-supported cap atom
L02-0019,2,688.0,743.0,strong_peak_refined,Pt,Pt,Pt,image-supported cap atom
L02-0020,2,675.0,831.0,strong_peak_refined,Pt,Pt,Pt,image-supported cap atom
L02-0021,2,640.0,848.0,strong_peak_refined,Pt,Pt,Pt,image-supported cap atom
L02-0022,2,559.0,801.0,strong_peak_refined,Pt,Pt,Pt,image-supported cap atom
L02-0023,2,559.0,733.0,strong_peak_refined,Pt,Pt,Pt,image-supported cap atom
L02-0024,2,627.0,905.0,strong_peak_refined,Pt,Pt,Pt,image-supported cap atom
L02-0025,2,652.0,765.0,strong_peak_refined,Pt,Pt,Pt,image-supported cap atom
L02-0026,2,524.0,853.0,strong_peak_refined,Pt,Pt,Pt,image-supported cap atom
L02-0027,2,710.0,880.0,strong_peak_refined,Pt,Pt,Pt,image-supported cap atom
L02-0028,2,559.0,768.0,strong_peak_refined,Pt,Pt,Pt,image-supported cap atom
L02-0029,2,571.0,747.0,strong_peak_refined,Pt,Pt,Pt,image-supported cap atom
L02-0030,2,582.0,765.0,strong_peak_refined,Pt,Pt,Pt,image-supported cap atom
L02-0031,2,592.0,884.0,strong_peak_refined,Pt,Pt,Pt,image-supported cap atom
L02-0032,2,572.0,645.0,strong_peak_refined,Pt,Pt,Pt,image-supported cap atom
L02-0033,2,581.0,837.0,strong_peak_refined,Pt,Pt,Pt,image-supported cap atom
L02-0034,2,594.0,749.0,strong_peak_refined,Pt,Pt,Pt,image-supported cap atom
L02-0035,2,652.0,901.0,strong_peak_refined,Pt,Pt,Pt,image-supported cap atom
L02-0036,2,675.0,902.0,strong_peak_refined,Pt,Pt,Pt,image-supported cap atom
L02-0037,2,546.0,820.0,strong_peak_refined,Pt,Pt,Pt,image-supported cap atom
L02-0038,2,605.0,835.0,strong_peak_refined,Pt,Pt,Pt,image-supported cap atom
L02-0039,2,686.0,882.0,strong_peak_refined,Pt,Pt,Pt,image-supported cap atom
L02-0040,2,666.0,848.0,strong_peak_refined,Pt,Pt,Pt,image-supported cap atom
L02-0041,2,558.0,835.0,strong_peak_refined,Pt,Pt,Pt,image-supported cap atom
L02-0042,2,604.0,870.0,strong_peak_refined,Pt,Pt,Pt,image-supported cap atom
L02-0043,2,688.0,778.0,strong_peak_refined,Pt,Pt,Pt,image-supported cap atom
L02-0044,2,546.0,752.0,strong_peak_refined,Pt,Pt,Pt,image-supported cap atom
L02-0045,2,734.0,877.0,strong_peak_refined,Pt,Pt,Pt,image-supported cap atom
L02-0046,2,641.0,708.0,strong_peak_refined,Pt,Pt,Pt,image-supported cap atom
L02-0047,2,618.0,745.0,strong_peak_refined,Pt,Pt,Pt,image-supported cap atom
L02-0048,2,652.0,831.0,strong_peak_refined,Pt,Pt,Pt,image-supported cap atom
L02-0049,2,688.0,708.0,strong_peak_refined,Pt,Pt,Pt,image-supported cap atom
L02-0050,2,525.0,647.0,strong_peak_refined,Pt,Pt,Pt,image-supported cap atom
L02-0051,2,630.0,731.0,strong_peak_refined,Pt,Pt,Pt,image-supported cap atom
L02-0052,2,595.0,713.0,strong_peak_refined,Pt,Pt,Pt,image-supported cap atom
L02-0053,2,664.0,782.0,strong_peak_refined,Pt,Pt,Pt,image-supported cap atom
L02-0054,2,641.0,747.0,strong_peak_refined,Pt,Pt,Pt,image-supported cap atom
L02-0055,2,581.0,870.0,strong_peak_refined,Pt,Pt,Pt,image-supported cap atom
L02-0056,2,677.0,694.0,strong_peak_refined,Pt,Pt,Pt,image-supported cap atom
L02-0057,2,618.0,853.0,strong_peak_refined,Pt,Pt,Pt,image-supported cap atom
L02-0058,2,536.0,805.0,strong_peak_refined,Pt,Pt,Pt,image-supported cap atom
L02-0059,2,535.0,840.0,strong_peak_refined,Pt,Pt,Pt,image-supported cap atom
L02-0060,2,618.0,643.0,strong_peak_refined,Pt,Pt,Pt,image-supported cap atom
L02-0061,2,747.0,825.0,strong_peak_refined,Pt,Pt,Pt,image-supported cap atom
L02-0062,2,536.0,768.0,strong_peak_refined,Pt,Pt,Pt,image-supported cap atom
L02-0063,2,618.0,677.0,strong_peak_refined,Pt,Pt,Pt,image-supported cap atom
L02-0064,2,640.0,813.0,strong_peak_refined,Pt,Pt,Pt,image-supported cap atom
L02-0065,2,665.0,675.0,strong_peak_refined,Pt,Pt,Pt,image-supported cap atom
L02-0066,2,676.0,727.0,strong_peak_refined,Pt,Pt,Pt,image-supported cap atom
L02-0067,2,595.0,642.0,strong_peak_refined,Pt,Pt,Pt,image-supported cap atom
L02-0068,2,744.0,895.0,strong_peak_refined,Pt,Pt,Pt,image-supported cap atom
L02-0069,2,617.0,780.0,strong_peak_refined,Pt,Pt,Pt,image-supported cap atom
L02-0070,2,583.0,732.0,strong_peak_refined,Pt,Pt,Pt,image-supported cap atom
L02-0071,2,524.0,782.0,strong_peak_refined,Pt,Pt,Pt,image-supported cap atom
L02-0072,2,604.0,906.0,strong_peak_refined,Pt,Pt,Pt,image-supported cap atom
L02-0073,2,665.0,812.0,strong_peak_refined,Pt,Pt,Pt,image-supported cap atom
L02-0074,2,605.0,801.0,strong_peak_refined,Pt,Pt,Pt,image-supported cap atom
L02-0075,2,687.0,848.0,strong_peak_refined,Pt,Pt,Pt,image-supported cap atom
L02-0076,2,524.0,681.0,strong_peak_refined,Pt,Pt,Pt,image-supported cap atom
L02-0077,2,699.0,830.0,strong_peak_refined,Pt,Pt,Pt,image-supported cap atom
L02-0078,2,652.0,797.0,strong_peak_refined,Pt,Pt,Pt,image-supported cap atom
L02-0079,2,525.0,752.0,strong_peak_refined,Pt,Pt,Pt,image-supported cap atom
L02-0080,2,640.0,778.0,strong_peak_refined,Pt,Pt,Pt,image-supported cap atom
L02-0081,2,560.0,629.0,strong_peak_refined,Pt,Pt,Pt,image-supported cap atom
L02-0082,2,594.0,852.0,strong_peak_refined,Pt,Pt,Pt,image-supported cap atom
L02-0083,2,723.0,791.0,strong_peak_refined,Pt,Pt,Pt,image-supported cap atom
L02-0084,2,594.0,786.0,strong_peak_refined,Pt,Pt,Pt,image-supported cap atom
L02-0085,2,571.0,712.0,strong_peak_refined,Pt,Pt,Pt,image-supported cap atom
L02-0086,2,605.0,730.0,strong_peak_refined,Pt,Pt,Pt,image-supported cap atom
L02-0087,2,583.0,696.0,strong_peak_refined,Pt,Pt,Pt,image-supported cap atom
L02-0088,2,722.0,826.0,strong_peak_refined,Pt,Pt,Pt,image-supported cap atom
L02-0089,2,560.0,696.0,strong_peak_refined,Pt,Pt,Pt,image-supported cap atom
L02-0090,2,572.0,610.0,strong_peak_refined,Pt,Pt,Pt,image-supported cap atom
L02-0091,2,664.0,641.0,strong_peak_refined,Pt,Pt,Pt,image-supported cap atom
L02-0092,2,654.0,624.0,strong_peak_refined,Pt,Pt,Pt,image-supported cap atom
L02-0093,2,698.0,897.0,strong_peak_refined,Pt,Pt,Pt,image-supported cap atom
L02-0094,2,628.0,832.0,strong_peak_refined,Pt,Pt,Pt,image-supported cap atom
L02-0095,2,594.0,680.0,strong_peak_refined,Pt,Pt,Pt,image-supported cap atom
L02-0096,2,675.0,866.0,strong_peak_refined,Pt,Pt,Pt,image-supported cap atom
L02-0097,2,735.0,667.0,strong_peak_refined,Pt,Pt,Pt,image-supported cap atom
L02-0098,2,605.0,661.0,strong_peak_refined,Pt,Pt,Pt,image-supported cap atom
L02-0099,2,711.0,669.0,strong_peak_refined,Pt,Pt,Pt,image-supported cap atom
L02-0100,2,768.0,858.0,strong_peak_refined,Pt,Pt,Pt,image-supported cap atom
L02-0101,2,710.0,809.0,strong_peak_refined,Pt,Pt,Pt,image-supported cap atom
L02-0102,2,652.0,867.0,strong_peak_refined,Pt,Pt,Pt,image-supported cap atom
L02-0103,2,547.0,713.0,strong_peak_refined,Pt,Pt,Pt,image-supported cap atom
L02-0104,2,769.0,895.0,strong_peak_refined,Pt,Pt,Pt,image-supported cap atom
L02-0105,2,642.0,680.0,strong_peak_refined,Pt,Pt,Pt,image-supported cap atom
L02-0106,2,687.0,672.0,strong_peak_refined,Pt,Pt,Pt,image-supported cap atom
L02-0107,2,619.0,609.0,strong_peak_refined,Pt,Pt,Pt,image-supported cap atom
L02-0108,2,676.0,761.0,strong_peak_refined,Pt,Pt,Pt,image-supported cap atom
L02-0109,2,537.0,733.0,strong_peak_refined,Pt,Pt,Pt,image-supported cap atom
L02-0110,2,653.0,730.0,strong_peak_refined,Pt,Pt,Pt,image-supported cap atom
L02-0111,2,699.0,686.0,strong_peak_refined,Pt,Pt,Pt,image-supported cap atom
L02-0112,2,605.0,695.0,strong_peak_refined,Pt,Pt,Pt,image-supported cap atom
L02-0113,2,584.0,627.0,strong_peak_refined,Pt,Pt,Pt,image-supported cap atom
L02-0114,2,560.0,665.0,strong_peak_refined,Pt,Pt,Pt,image-supported cap atom
L02-0115,2,723.0,686.0,strong_peak_refined,Pt,Pt,Pt,image-supported cap atom
L02-0116,2,559.0,873.0,strong_peak_refined,Pt,Pt,Pt,image-supported cap atom
L02-0117,2,608.0,590.0,strong_peak_refined,Pt,Pt,Pt,image-supported cap atom
L02-0118,2,664.0,708.0,strong_peak_refined,Pt,Pt,Pt,image-supported cap atom
L02-0119,2,757.0,664.0,strong_peak_refined,Pt,Pt,Pt,image-supported cap atom
L02-0120,2,710.0,774.0,strong_peak_refined,Pt,Pt,Pt,image-supported cap atom
L02-0121,2,642.0,606.0,strong_peak_refined,Pt,Pt,Pt,image-supported cap atom
L02-0122,2,699.0,794.0,strong_peak_refined,Pt,Pt,Pt,image-supported cap atom
L02-0123,2,734.0,703.0,strong_peak_refined,Pt,Pt,Pt,image-supported cap atom
L02-0124,2,630.0,624.0,strong_peak_refined,Pt,Pt,Pt,image-supported cap atom
L02-0125,2,816.0,818.0,strong_peak_refined,Pt,Pt,Pt,image-supported cap atom
L02-0126,2,744.0,861.0,strong_peak_refined,Pt,Pt,Pt,image-supported cap atom
L02-0127,2,653.0,657.0,strong_peak_refined,Pt,Pt,Pt,image-supported cap atom
L02-0128,2,723.0,721.0,strong_peak_refined,Pt,Pt,Pt,image-supported cap atom
L02-0129,2,585.0,663.0,strong_peak_refined,Pt,Pt,Pt,image-supported cap atom
L02-0130,2,758.0,804.0,strong_peak_refined,Pt,Pt,Pt,image-supported cap atom
L02-0131,2,632.0,588.0,strong_peak_refined,Pt,Pt,Pt,image-supported cap atom
L02-0132,2,746.0,788.0,strong_peak_refined,Pt,Pt,Pt,image-supported cap atom
L02-0133,2,547.0,679.0,strong_peak_refined,Pt,Pt,Pt,image-supported cap atom
L02-0134,2,700.0,756.0,strong_peak_refined,Pt,Pt,Pt,image-supported cap atom
L02-0135,2,720.0,897.0,strong_peak_refined,Pt,Pt,Pt,image-supported cap atom
L02-0136,2,525.0,713.0,strong_peak_refined,Pt,Pt,Pt,image-supported cap atom
L02-0137,2,620.0,571.0,strong_peak_refined,Pt,Pt,Pt,image-supported cap atom
L02-0138,2,793.0,857.0,strong_peak_refined,Pt,Pt,Pt,image-supported cap atom
L02-0139,2,547.0,647.0,strong_peak_refined,Pt,Pt,Pt,image-supported cap atom
L02-0140,2,537.0,699.0,strong_peak_refined,Pt,Pt,Pt,image-supported cap atom
L02-0141,2,770.0,786.0,strong_peak_refined,Pt,Pt,Pt,image-supported cap atom
L02-0142,2,805.0,838.0,strong_peak_refined,Pt,Pt,Pt,image-supported cap atom
L02-0143,2,700.0,620.0,strong_peak_refined,Pt,Pt,Pt,image-supported cap atom
L02-0144,2,734.0,807.0,strong_peak_refined,Pt,Pt,Pt,image-supported cap atom
L02-0145,2,805.0,734.0,strong_peak_refined,Pt,Pt,Pt,image-supported cap atom
L02-0146,2,745.0,682.0,strong_peak_refined,Pt,Pt,Pt,image-supported cap atom
L02-0147,2,783.0,632.0,strong_peak_refined,Pt,Pt,Pt,image-supported cap atom
L02-0148,2,792.0,786.0,strong_peak_refined,Pt,Pt,Pt,image-supported cap atom
L02-0149,2,757.0,839.0,strong_peak_refined,Pt,Pt,Pt,image-supported cap atom
L02-0150,2,733.0,841.0,strong_peak_refined,Pt,Pt,Pt,image-supported cap atom
L02-0151,2,700.0,725.0,strong_peak_refined,Pt,Pt,Pt,image-supported cap atom
L02-0152,2,711.0,739.0,strong_peak_refined,Pt,Pt,Pt,image-supported cap atom
L02-0153,2,619.0,708.0,strong_peak_refined,Pt,Pt,Pt,image-supported cap atom
L02-0154,2,688.0,634.0,strong_peak_refined,Pt,Pt,Pt,image-supported cap atom
L02-0155,2,538.0,664.0,strong_peak_refined,Pt,Pt,Pt,image-supported cap atom
L02-0156,2,538.0,629.0,strong_peak_refined,Pt,Pt,Pt,image-supported cap atom
L02-0157,2,722.0,755.0,strong_peak_refined,Pt,Pt,Pt,image-supported cap atom
L02-0158,2,769.0,823.0,strong_peak_refined,Pt,Pt,Pt,image-supported cap atom
L02-0159,2,770.0,717.0,strong_peak_refined,Pt,Pt,Pt,image-supported cap atom
L02-0160,2,735.0,738.0,strong_peak_refined,Pt,Pt,Pt,image-supported cap atom
L02-0161,2,818.0,752.0,strong_peak_refined,Pt,Pt,Pt,image-supported cap atom
L02-0162,2,664.0,601.0,strong_peak_refined,Pt,Pt,Pt,image-supported cap atom
L02-0163,2,853.0,834.0,strong_peak_refined,Pt,Pt,Pt,image-supported cap atom
L02-0164,2,736.0,769.0,strong_peak_refined,Pt,Pt,Pt,image-supported cap atom
L02-0165,2,712.0,703.0,strong_peak_refined,Pt,Pt,Pt,image-supported cap atom
L02-0166,2,783.0,839.0,strong_peak_refined,Pt,Pt,Pt,image-supported cap atom
L02-0167,2,561.0,594.0,strong_peak_refined,Pt,Pt,Pt,image-supported cap atom
L02-0168,2,803.0,800.0,strong_peak_refined,Pt,Pt,Pt,image-supported cap atom
L02-0169,2,600.0,573.0,strong_peak_refined,Pt,Pt,Pt,image-supported cap atom
L02-0170,2,828.0,870.0,strong_peak_refined,Pt,Pt,Pt,image-supported cap atom
L02-0171,2,842.0,792.0,strong_peak_refined,Pt,Pt,Pt,image-supported cap atom
L02-0172,2,864.0,782.0,strong_peak_refined,Pt,Pt,Pt,image-supported cap atom
L02-0173,2,746.0,752.0,strong_peak_refined,Pt,Pt,Pt,image-supported cap atom
L02-0174,2,755.0,875.0,strong_peak_refined,Pt,Pt,Pt,image-supported cap atom
L02-0175,2,805.0,694.0,strong_peak_refined,Pt,Pt,Pt,image-supported cap atom
L02-0176,2,781.0,879.0,strong_peak_refined,Pt,Pt,Pt,image-supported cap atom
L02-0177,2,746.0,717.0,strong_peak_refined,Pt,Pt,Pt,image-supported cap atom
L02-0178,2,701.0,585.0,strong_peak_refined,Pt,Pt,Pt,image-supported cap atom
L02-0179,2,771.0,615.0,strong_peak_refined,Pt,Pt,Pt,image-supported cap atom
L02-0180,2,780.0,734.0,strong_peak_refined,Pt,Pt,Pt,image-supported cap atom
L02-0181,2,722.0,861.0,strong_peak_refined,Pt,Pt,Pt,image-supported cap atom
L02-0182,2,793.0,892.0,strong_peak_refined,Pt,Pt,Pt,image-supported cap atom
L02-0183,2,769.0,682.0,strong_peak_refined,Pt,Pt,Pt,image-supported cap atom
L02-0184,2,691.0,567.0,strong_peak_refined,Pt,Pt,Pt,image-supported cap atom
L02-0185,2,791.0,712.0,strong_peak_refined,Pt,Pt,Pt,image-supported cap atom
L02-0186,2,606.0,623.0,strong_peak_refined,Pt,Pt,Pt,image-supported cap atom
L02-0187,2,794.0,822.0,strong_peak_refined,Pt,Pt,Pt,image-supported cap atom
L02-0188,2,800.0,659.0,strong_peak_refined,Pt,Pt,Pt,image-supported cap atom
L02-0189,2,678.0,586.0,strong_peak_refined,Pt,Pt,Pt,image-supported cap atom
L02-0190,2,841.0,817.0,strong_peak_refined,Pt,Pt,Pt,image-supported cap atom
L02-0191,2,758.0,633.0,strong_peak_refined,Pt,Pt,Pt,image-supported cap atom
L02-0192,2,820.0,682.0,strong_peak_refined,Pt,Pt,Pt,image-supported cap atom
L02-0193,2,585.0,593.0,strong_peak_refined,Pt,Pt,Pt,image-supported cap atom
L02-0194,2,758.0,734.0,strong_peak_refined,Pt,Pt,Pt,image-supported cap atom
L02-0195,2,862.0,707.0,strong_peak_refined,Pt,Pt,Pt,image-supported cap atom
L02-0196,2,856.0,739.0,strong_peak_refined,Pt,Pt,Pt,image-supported cap atom
L02-0197,2,850.0,766.0,strong_peak_refined,Pt,Pt,Pt,image-supported cap atom
L02-0198,2,788.0,673.0,strong_peak_refined,Pt,Pt,Pt,image-supported cap atom
L02-0199,2,758.0,699.0,strong_peak_refined,Pt,Pt,Pt,image-supported cap atom
L02-0200,2,805.0,870.0,strong_peak_refined,Pt,Pt,Pt,image-supported cap atom
L02-0201,2,735.0,633.0,strong_peak_refined,Pt,Pt,Pt,image-supported cap atom
L02-0202,2,596.0,608.0,strong_peak_refined,Pt,Pt,Pt,image-supported cap atom
L02-0203,2,549.0,610.0,strong_peak_refined,Pt,Pt,Pt,image-supported cap atom
L02-0204,2,758.0,769.0,strong_peak_refined,Pt,Pt,Pt,image-supported cap atom
L02-0205,2,688.0,603.0,strong_peak_refined,Pt,Pt,Pt,image-supported cap atom
L02-0206,2,723.0,654.0,strong_peak_refined,Pt,Pt,Pt,image-supported cap atom
L02-0207,2,794.0,752.0,strong_peak_refined,Pt,Pt,Pt,image-supported cap atom
L02-0208,2,782.0,772.0,strong_peak_refined,Pt,Pt,Pt,image-supported cap atom
L02-0209,2,673.0,566.0,strong_peak_refined,Pt,Pt,Pt,image-supported cap atom
L02-0210,2,743.0,575.0,strong_peak_refined,Pt,Pt,Pt,image-supported cap atom
L02-0211,2,575.0,579.0,strong_peak_refined,Pt,Pt,Pt,image-supported cap atom
L02-0212,2,643.0,571.0,strong_peak_refined,Pt,Pt,Pt,image-supported cap atom
L02-0213,2,813.0,595.0,strong_peak_refined,Pt,Pt,Pt,image-supported cap atom
L02-0214,2,724.0,620.0,strong_peak_refined,Pt,Pt,Pt,image-supported cap atom
L02-0215,2,840.0,851.0,strong_peak_refined,Pt,Pt,Pt,image-supported cap atom
L02-0216,2,825.0,638.0,strong_peak_refined,Pt,Pt,Pt,image-supported cap atom
L02-0217,2,783.0,804.0,strong_peak_refined,Pt,Pt,Pt,image-supported cap atom
L02-0218,2,810.0,769.0,strong_peak_refined,Pt,Pt,Pt,image-supported cap atom
L02-0219,2,723.0,585.0,strong_peak_refined,Pt,Pt,Pt,image-supported cap atom
L02-0220,2,817.0,785.0,strong_peak_refined,Pt,Pt,Pt,image-supported cap atom
L02-0221,2,738.0,607.0,strong_peak_refined,Pt,Pt,Pt,image-supported cap atom
L02-0222,2,850.0,681.0,strong_peak_refined,Pt,Pt,Pt,image-supported cap atom
L02-0223,2,721.0,566.0,strong_peak_refined,Pt,Pt,Pt,image-supported cap atom
L02-0224,2,832.0,729.0,strong_peak_refined,Pt,Pt,Pt,image-supported cap atom
L02-0225,2,810.0,712.0,strong_peak_refined,Pt,Pt,Pt,image-supported cap atom
L02-0226,2,782.0,574.0,strong_peak_refined,Pt,Pt,Pt,image-supported cap atom
L02-0227,2,714.0,600.0,strong_peak_refined,Pt,Pt,Pt,image-supported cap atom
L02-0228,2,848.0,719.0,strong_peak_refined,Pt,Pt,Pt,image-supported cap atom
L02-0229,2,756.0,594.0,strong_peak_refined,Pt,Pt,Pt,image-supported cap atom
L02-0230,2,774.0,592.0,strong_peak_refined,Pt,Pt,Pt,image-supported cap atom
L02-0231,2,839.0,751.0,strong_peak_refined,Pt,Pt,Pt,image-supported cap atom
L02-0232,2,852.0,642.0,strong_peak_refined,Pt,Pt,Pt,image-supported cap atom
L03-0000,3,528.8205912663477,533.694514955937,strong_peak_refined,Pt,Pt,Pt,image-supported strong peak
L03-0001,3,516.4768135480374,550.7442365470554,lattice_completed,Ga,Mixed,Mixed,lattice continuity / liquid-front display
L03-0002,3,504.50094621591865,568.7889720241142,lattice_completed,Pt,Pt,Pt,lattice continuity / liquid-front display
L03-0003,3,492.5250788837999,586.833707501173,lattice_completed,Ga,Mixed,Mixed,lattice continuity / liquid-front display
L03-0004,3,480.5492115516811,604.8784429782318,lattice_completed,Pt,Pt,Pt,lattice continuity / liquid-front display
L03-0005,3,468.5733442195623,622.9231784552908,lattice_completed,Ga,Mixed,Mixed,lattice continuity / liquid-front display
L03-0006,3,454.7315886503934,645.3862901333076,weak_peak_refined,Pt,Pt,Pt,image-supported weak peak
L03-0007,3,576.8096448429939,499.2320660914662,weak_peak_refined,Pt,Pt,Pt,image-supported weak peak
L03-0008,3,564.0369479761155,518.266545483137,weak_peak_refined,Ga,Mixed,Mixed,image-supported weak peak
L03-0009,3,551.8696184156665,531.6587130388741,lattice_completed,Pt,Pt,Pt,lattice continuity / liquid-front display
L03-0010,3,548.8156749271209,544.1420226268261,weak_peak_refined,Pt,Pt,Pt,image-supported weak peak
L03-0011,3,526.2231876048053,571.1282752290284,weak_peak_refined,Pt,Pt,Pt,image-supported weak peak
L03-0012,3,515.9420164193101,585.7929194700507,lattice_completed,Ga,Mixed,Mixed,lattice continuity / liquid-front display
L03-0013,3,503.9661490871913,603.8376549471095,lattice_completed,Pt,Pt,Pt,lattice continuity / liquid-front display
L03-0014,3,491.9902817550725,621.8823904241683,lattice_completed,Ga,Mixed,Mixed,lattice continuity / liquid-front display
L03-0015,3,480.0144144229537,639.9271259012273,lattice_completed,Pt,Pt,Pt,lattice continuity / liquid-front display
L03-0016,3,468.03854709083487,657.9718613782861,lattice_completed,Ga,Mixed,Mixed,lattice continuity / liquid-front display
L03-0017,3,456.06267975871606,676.0165968553449,lattice_completed,Pt,Pt,Pt,lattice continuity / liquid-front display
L03-0018,3,444.0868124265973,694.0613323324037,lattice_completed,Ga,Mixed,Mixed,lattice continuity / liquid-front display
L03-0019,3,613.5405425413518,479.7697219252485,weak_peak_refined,Ga,Mixed,Mixed,image-supported weak peak
L03-0020,3,600.1734114874249,498.4084775070559,weak_peak_refined,Pt,Pt,Pt,image-supported weak peak
L03-0021,3,584.6701796972484,515.7016160853879,weak_peak_refined,Pt,Pt,Pt,image-supported weak peak
L03-0022,3,574.8601153341601,535.326443076812,weak_peak_refined,Pt,Pt,Pt,image-supported weak peak
L03-0023,3,563.3106886190578,548.6626604848107,lattice_completed,Ga,Mixed,Mixed,lattice continuity / liquid-front display
L03-0024,3,551.3348212869391,566.7073959618697,lattice_completed,Pt,Pt,Pt,lattice continuity / liquid-front display
L03-0025,3,539.3589539548203,584.7521314389285,lattice_completed,Ga,Mixed,Mixed,lattice continuity / liquid-front display
L03-0026,3,527.3830866227015,602.7968669159873,lattice_completed,Pt,Pt,Pt,lattice continuity / liquid-front display
L03-0027,3,515.4072192905827,620.8416023930461,lattice_completed,Ga,Mixed,Mixed,lattice continuity / liquid-front display
L03-0028,3,503.4313519584639,638.8863378701049,lattice_completed,Pt,Pt,Pt,lattice continuity / liquid-front display
L03-0029,3,491.4554846263451,656.9310733471639,lattice_completed,Ga,Mixed,Mixed,lattice continuity / liquid-front display
L03-0030,3,478.5558147922632,679.5665229794638,weak_peak_refined,Pt,Pt,Pt,image-supported weak peak
L03-0031,3,467.50374996210746,693.0205443012815,lattice_completed,Ga,Mixed,Mixed,lattice continuity / liquid-front display
L03-0032,3,455.5278826299887,711.0652797783403,lattice_completed,Pt,Pt,Pt,lattice continuity / liquid-front display
L03-0033,3,443.5520152978699,729.110015255399,lattice_completed,Ga,Mixed,Mixed,lattice continuity / liquid-front display
L03-0034,3,632.6846935282895,474.6848240557046,strong_peak_refined,Ga,Mixed,Mixed,image-supported strong peak
L03-0035,3,619.8953014751182,494.30513956997805,weak_peak_refined,Pt,Pt,Pt,image-supported weak peak
L03-0036,3,610.6793608188057,511.5324014995708,lattice_completed,Ga,Mixed,Mixed,lattice continuity / liquid-front display
L03-0037,3,598.7034934866869,529.5771369766296,lattice_completed,Pt,Pt,Pt,lattice continuity / liquid-front display
L03-0038,3,586.727626154568,547.6218724536884,lattice_completed,Ga,Mixed,Mixed,lattice continuity / liquid-front display
L03-0039,3,574.7517588224493,565.6666079307472,lattice_completed,Pt,Pt,Pt,lattice continuity / liquid-front display
L03-0040,3,562.7758914903305,583.7113434078062,lattice_completed,Ga,Mixed,Mixed,lattice continuity / liquid-front display
L03-0041,3,548.7161600716922,605.9290954131149,weak_peak_refined,Pt,Pt,Pt,image-supported weak peak
L03-0042,3,538.8241568260929,619.8008143619238,lattice_completed,Ga,Mixed,Mixed,lattice continuity / liquid-front display
L03-0043,3,526.8482894939741,637.8455498389826,lattice_completed,Pt,Pt,Pt,lattice continuity / liquid-front display
L03-0044,3,514.8724221618553,655.8902853160414,lattice_completed,Ga,Mixed,Mixed,lattice continuity / liquid-front display
L03-0045,3,502.8965548297365,673.9350207931004,lattice_completed,Pt,Pt,Pt,lattice continuity / liquid-front display
L03-0046,3,490.9206874976177,691.9797562701592,lattice_completed,Ga,Mixed,Mixed,lattice continuity / liquid-front display
L03-0047,3,478.94482016549887,710.024491747218,lattice_completed,Pt,Pt,Pt,lattice continuity / liquid-front display
L03-0048,3,466.96895283338006,728.0692272242768,lattice_completed,Ga,Mixed,Mixed,lattice continuity / liquid-front display
L03-0049,3,454.41678856266645,748.4443111652914,weak_peak_refined,Pt,Pt,Pt,image-supported weak peak
L03-0050,3,443.0172181691425,764.1586981783946,lattice_completed,Ga,Mixed,Mixed,lattice continuity / liquid-front display
L03-0051,3,659.8588822369976,478.64462090709264,weak_peak_refined,Ga,Mixed,Mixed,image-supported weak peak
L03-0052,3,644.6226311353938,492.7135733216562,strong_peak_refined,Pt,Pt,Pt,image-supported strong peak
L03-0053,3,633.3622741035285,513.899067068157,weak_peak_refined,Ga,Mixed,Mixed,image-supported weak peak
L03-0054,3,622.1204310221971,528.5363489455074,lattice_completed,Pt,Pt,Pt,lattice continuity / liquid-front display
L03-0055,3,610.1445636900783,546.5810844225662,lattice_completed,Ga,Mixed,Mixed,lattice continuity / liquid-front display
L03-0056,3,598.1686963579596,564.625819899625,lattice_completed,Pt,Pt,Pt,lattice continuity / liquid-front display
L03-0057,3,586.1928290258408,582.670555376684,lattice_completed,Ga,Mixed,Mixed,lattice continuity / liquid-front display
L03-0058,3,574.2169616937219,600.7152908537428,lattice_completed,Pt,Pt,Pt,lattice continuity / liquid-front display
L03-0059,3,562.2410943616031,618.7600263308016,lattice_completed,Ga,Mixed,Mixed,lattice continuity / liquid-front display
L03-0060,3,550.2652270294843,636.8047618078604,lattice_completed,Pt,Pt,Pt,lattice continuity / liquid-front display
L03-0061,3,538.2893596973655,654.8494972849192,lattice_completed,Ga,Mixed,Mixed,lattice continuity / liquid-front display
L03-0062,3,526.3134923652467,672.8942327619782,lattice_completed,Pt,Pt,Pt,lattice continuity / liquid-front display
L03-0063,3,514.3376250331279,690.938968239037,lattice_completed,Ga,Mixed,Mixed,lattice continuity / liquid-front display
L03-0064,3,501.53279177594857,710.451261498028,strong_peak_refined,Pt,Pt,Pt,image-supported strong peak
L03-0065,3,490.3858903688903,727.0284391931546,lattice_completed,Ga,Mixed,Mixed,lattice continuity / liquid-front display
L03-0066,3,478.41002303677146,745.0731746702133,lattice_completed,Pt,Pt,Pt,lattice continuity / liquid-front display
L03-0067,3,465.99431424785615,767.9961771922317,weak_peak_refined,Ga,Mixed,Mixed,image-supported weak peak
L03-0068,3,454.4582883725339,781.1626456243312,lattice_completed,Pt,Pt,Pt,lattice continuity / liquid-front display
L03-0069,3,682.4645283070407,476.2241750881428,weak_peak_refined,Ga,Mixed,Mixed,image-supported weak peak
L03-0070,3,671.6583235472382,493.3931542366458,strong_peak_refined,Pt,Pt,Pt,image-supported strong peak
L03-0071,3,658.6341156676347,513.4326268308819,weak_peak_refined,Ga,Mixed,Mixed,image-supported weak peak
L03-0072,3,645.5373685577073,527.4955609143851,lattice_completed,Pt,Pt,Pt,lattice continuity / liquid-front display
L03-0073,3,633.5615012255885,545.5402963914439,lattice_completed,Ga,Mixed,Mixed,lattice continuity / liquid-front display
L03-0074,3,621.1104850453461,566.6287360968817,weak_peak_refined,Pt,Pt,Pt,image-supported weak peak
L03-0075,3,609.609766561351,581.6297673455615,lattice_completed,Ga,Mixed,Mixed,lattice continuity / liquid-front display
L03-0076,3,597.6338992292322,599.6745028226205,lattice_completed,Pt,Pt,Pt,lattice continuity / liquid-front display
L03-0077,3,585.6580318971133,617.7192382996793,lattice_completed,Ga,Mixed,Mixed,lattice continuity / liquid-front display
L03-0078,3,573.6821645649945,635.7639737767381,lattice_completed,Pt,Pt,Pt,lattice continuity / liquid-front display
L03-0079,3,561.7062972328757,653.8087092537969,lattice_completed,Ga,Mixed,Mixed,lattice continuity / liquid-front display
L03-0080,3,549.7304299007569,671.8534447308557,lattice_completed,Pt,Pt,Pt,lattice continuity / liquid-front display
L03-0081,3,537.7545625686381,689.8981802079147,lattice_completed,Ga,Mixed,Mixed,lattice continuity / liquid-front display
L03-0082,3,525.0240196755511,712.485406879036,weak_peak_refined,Pt,Pt,Pt,image-supported weak peak
L03-0083,3,513.8028279044005,725.9876511620323,lattice_completed,Ga,Mixed,Mixed,lattice continuity / liquid-front display
L03-0084,3,501.8269605722817,744.0323866390911,lattice_completed,Pt,Pt,Pt,lattice continuity / liquid-front display
L03-0085,3,489.8510932401629,762.0771221161499,lattice_completed,Ga,Mixed,Mixed,lattice continuity / liquid-front display
L03-0086,3,477.8752259080441,780.1218575932089,lattice_completed,Pt,Pt,Pt,lattice continuity / liquid-front display
L03-0087,3,465.8993585759253,798.1665930702677,lattice_completed,Ga,Mixed,Mixed,lattice continuity / liquid-front display
L03-0088,3,703.5377335793612,468.0661817194972,strong_peak_refined,Ga,Mixed,Mixed,image-supported strong peak
L03-0089,3,694.3045079437147,492.0026354696242,strong_peak_refined,Pt,Pt,Pt,image-supported strong peak
L03-0090,3,680.9301734253363,508.410037406204,lattice_completed,Ga,Mixed,Mixed,lattice continuity / liquid-front display
L03-0091,3,668.9543060932175,526.4547728832629,lattice_completed,Pt,Pt,Pt,lattice continuity / liquid-front display
L03-0092,3,656.9784387610987,544.4995083603217,lattice_completed,Ga,Mixed,Mixed,lattice continuity / liquid-front display
L03-0093,3,645.00257142898,562.5442438373805,lattice_completed,Pt,Pt,Pt,lattice continuity / liquid-front display
L03-0094,3,633.0267040968611,580.5889793144393,lattice_completed,Ga,Mixed,Mixed,lattice continuity / liquid-front display
L03-0095,3,621.0508367647424,598.633714791498,lattice_completed,Pt,Pt,Pt,lattice continuity / liquid-front display
L03-0096,3,609.0749694326236,616.6784502685571,lattice_completed,Ga,Mixed,Mixed,lattice continuity / liquid-front display
L03-0097,3,597.0991021005048,634.7231857456159,lattice_completed,Pt,Pt,Pt,lattice continuity / liquid-front display
L03-0098,3,585.1232347683859,652.7679212226747,lattice_completed,Ga,Mixed,Mixed,lattice continuity / liquid-front display
L03-0099,3,573.1473674362671,670.8126566997335,lattice_completed,Pt,Pt,Pt,lattice continuity / liquid-front display
L03-0100,3,561.1715001041483,688.8573921767922,lattice_completed,Ga,Mixed,Mixed,lattice continuity / liquid-front display
L03-0101,3,549.1956327720295,706.9021276538513,lattice_completed,Pt,Pt,Pt,lattice continuity / liquid-front display
L03-0102,3,537.2197654399107,724.9468631309101,lattice_completed,Ga,Mixed,Mixed,lattice continuity / liquid-front display
L03-0103,3,525.2438981077919,742.9915986079689,lattice_completed,Pt,Pt,Pt,lattice continuity / liquid-front display
L03-0104,3,513.2680307756731,761.0363340850276,lattice_completed,Ga,Mixed,Mixed,lattice continuity / liquid-front display
L03-0105,3,501.29216344355433,779.0810695620864,lattice_completed,Pt,Pt,Pt,lattice continuity / liquid-front display
L03-0106,3,489.49296315757744,800.3243319213492,weak_peak_refined,Ga,Mixed,Mixed,image-supported weak peak
L03-0107,3,477.3404287793167,815.1705405162043,lattice_completed,Pt,Pt,Pt,lattice continuity / liquid-front display
L03-0108,3,465.8390242909293,838.0704008021197,weak_peak_refined,Ga,Mixed,Mixed,image-supported weak peak
L03-0109,3,732.1611266095637,475.5121452782533,weak_peak_refined,Ga,Mixed,Mixed,image-supported weak peak
L03-0110,3,711.0665205567956,490.4948103039836,weak_peak_refined,Pt,Pt,Pt,image-supported weak peak
L03-0111,3,704.0768469468952,511.6704584148178,weak_peak_refined,Ga,Mixed,Mixed,image-supported weak peak
L03-0112,3,694.1719389878241,530.2403956088577,weak_peak_refined,Pt,Pt,Pt,image-supported weak peak
L03-0113,3,679.5702695052441,548.043837380409,weak_peak_refined,Ga,Mixed,Mixed,image-supported weak peak
L03-0114,3,668.6628001236121,565.4547525507212,weak_peak_refined,Pt,Pt,Pt,image-supported weak peak
L03-0115,3,656.4436416323713,579.548191283317,lattice_completed,Ga,Mixed,Mixed,lattice continuity / liquid-front display
L03-0116,3,644.4677743002526,597.5929267603758,lattice_completed,Pt,Pt,Pt,lattice continuity / liquid-front display
L03-0117,3,632.4919069681338,615.6376622374346,lattice_completed,Ga,Mixed,Mixed,lattice continuity / liquid-front display
L03-0118,3,620.516039636015,633.6823977144936,lattice_completed,Pt,Pt,Pt,lattice continuity / liquid-front display
L03-0119,3,608.5401723038962,651.7271331915524,lattice_completed,Ga,Mixed,Mixed,lattice continuity / liquid-front display
L03-0120,3,595.6287255156782,672.9704470229536,weak_peak_refined,Pt,Pt,Pt,image-supported weak peak
L03-0121,3,584.5884376396585,687.81660414567,lattice_completed,Ga,Mixed,Mixed,lattice continuity / liquid-front display
L03-0122,3,572.6125703075397,705.8613396227288,lattice_completed,Pt,Pt,Pt,lattice continuity / liquid-front display
L03-0123,3,560.6367029754209,723.9060750997878,lattice_completed,Ga,Mixed,Mixed,lattice continuity / liquid-front display
L03-0124,3,547.9143555980206,743.9601752109913,strong_peak_refined,Pt,Pt,Pt,image-supported strong peak
L03-0125,3,536.6849683111833,759.9955460539054,lattice_completed,Ga,Mixed,Mixed,lattice continuity / liquid-front display
L03-0126,3,523.7531726541225,782.0441844797685,weak_peak_refined,Pt,Pt,Pt,image-supported weak peak
L03-0127,3,512.7332336469458,796.085017008023,lattice_completed,Ga,Mixed,Mixed,lattice continuity / liquid-front display
L03-0128,3,500.281908487944,818.8627253604353,weak_peak_refined,Pt,Pt,Pt,image-supported weak peak
L03-0129,3,489.14281988523857,835.5460196326895,weak_peak_refined,Ga,Mixed,Mixed,image-supported weak peak
L03-0130,3,476.80563165058936,850.2192234391996,lattice_completed,Pt,Pt,Pt,lattice continuity / liquid-front display
L03-0131,3,754.6687281182034,471.46199238870224,strong_peak_refined,Ga,Mixed,Mixed,image-supported strong peak
L03-0132,3,742.2890713103686,490.0450068367242,strong_peak_refined,Pt,Pt,Pt,image-supported strong peak
L03-0133,3,728.9401802043318,509.4219296373977,weak_peak_refined,Ga,Mixed,Mixed,image-supported weak peak
L03-0134,3,715.6122284403602,525.108942575239,strong_peak_refined,Pt,Pt,Pt,image-supported strong peak
L03-0135,3,703.3675759633173,543.5398491384238,strong_peak_refined,Ga,Mixed,Mixed,image-supported strong peak
L03-0136,3,691.8364465000003,560.462667775136,lattice_completed,Pt,Pt,Pt,lattice continuity / liquid-front display
L03-0137,3,679.8605791678815,578.5074032521948,lattice_completed,Ga,Mixed,Mixed,lattice continuity / liquid-front display
L03-0138,3,667.8847118357628,596.5521387292536,lattice_completed,Pt,Pt,Pt,lattice continuity / liquid-front display
L03-0139,3,655.908844503644,614.5968742063123,lattice_completed,Ga,Mixed,Mixed,lattice continuity / liquid-front display
L03-0140,3,643.9329771715252,632.6416096833714,lattice_completed,Pt,Pt,Pt,lattice continuity / liquid-front display
L03-0141,3,631.9571098394064,650.6863451604302,lattice_completed,Ga,Mixed,Mixed,lattice continuity / liquid-front display
L03-0142,3,619.9812425072876,668.731080637489,lattice_completed,Pt,Pt,Pt,lattice continuity / liquid-front display
L03-0143,3,608.0053751751688,686.7758161145478,lattice_completed,Ga,Mixed,Mixed,lattice continuity / liquid-front display
L03-0144,3,596.0295078430499,704.8205515916065,lattice_completed,Pt,Pt,Pt,lattice continuity / liquid-front display
L03-0145,3,584.0536405109311,722.8652870686653,lattice_completed,Ga,Mixed,Mixed,lattice continuity / liquid-front display
L03-0146,3,572.0777731788123,740.9100225457244,lattice_completed,Pt,Pt,Pt,lattice continuity / liquid-front display
L03-0147,3,560.1019058466935,758.9547580227832,lattice_completed,Ga,Mixed,Mixed,lattice continuity / liquid-front display
L03-0148,3,548.1260385145747,776.999493499842,lattice_completed,Pt,Pt,Pt,lattice continuity / liquid-front display
L03-0149,3,536.150171182456,795.0442289769007,lattice_completed,Ga,Mixed,Mixed,lattice continuity / liquid-front display
L03-0150,3,524.1743038503371,813.0889644539595,lattice_completed,Pt,Pt,Pt,lattice continuity / liquid-front display
L03-0151,3,512.2112731463855,835.2192731968306,weak_peak_refined,Ga,Mixed,Mixed,image-supported weak peak
L03-0152,3,500.5933090886104,850.4079565658845,strong_peak_refined,Pt,Pt,Pt,image-supported strong peak
L03-0153,3,488.2467018539808,867.2231708851361,lattice_completed,Ga,Mixed,Mixed,lattice continuity / liquid-front display
L03-0154,3,772.3730732737232,461.08749960340026,weak_peak_refined,Pt,Pt,Pt,image-supported weak peak
L03-0155,3,763.9228605887336,488.4705497522221,strong_peak_refined,Pt,Pt,Pt,image-supported strong peak
L03-0156,3,752.2430546736075,510.0889107056961,weak_peak_refined,Ga,Mixed,Mixed,image-supported weak peak
L03-0157,3,738.7241740900682,526.290998981685,weak_peak_refined,Pt,Pt,Pt,image-supported weak peak
L03-0158,3,726.7558397637445,545.9563012403057,weak_peak_refined,Ga,Mixed,Mixed,image-supported weak peak
L03-0159,3,715.2533840355105,559.4218797440137,lattice_completed,Pt,Pt,Pt,lattice continuity / liquid-front display
L03-0160,3,703.2775167033917,577.4666152210725,lattice_completed,Ga,Mixed,Mixed,lattice continuity / liquid-front display
L03-0161,3,691.301649371273,595.5113506981313,lattice_completed,Pt,Pt,Pt,lattice continuity / liquid-front display
L03-0162,3,679.3257820391542,613.5560861751901,lattice_completed,Ga,Mixed,Mixed,lattice continuity / liquid-front display
L03-0163,3,667.3499147070354,631.6008216522489,lattice_completed,Pt,Pt,Pt,lattice continuity / liquid-front display
L03-0164,3,655.3740473749166,649.6455571293079,lattice_completed,Ga,Mixed,Mixed,lattice continuity / liquid-front display
L03-0165,3,643.3981800427978,667.6902926063667,lattice_completed,Pt,Pt,Pt,lattice continuity / liquid-front display
L03-0166,3,631.422312710679,685.7350280834255,lattice_completed,Ga,Mixed,Mixed,lattice continuity / liquid-front display
L03-0167,3,619.4464453785602,703.7797635604843,lattice_completed,Pt,Pt,Pt,lattice continuity / liquid-front display
L03-0168,3,607.1786238780296,723.5364322033162,strong_peak_refined,Ga,Mixed,Mixed,image-supported strong peak
L03-0169,3,595.4947107143225,739.8692345146021,lattice_completed,Pt,Pt,Pt,lattice continuity / liquid-front display
L03-0170,3,583.5188433822037,757.9139699916609,lattice_completed,Ga,Mixed,Mixed,lattice continuity / liquid-front display
L03-0171,3,571.5429760500849,775.9587054687197,lattice_completed,Pt,Pt,Pt,lattice continuity / liquid-front display
L03-0172,3,559.5671087179662,794.0034409457785,lattice_completed,Ga,Mixed,Mixed,lattice continuity / liquid-front display
L03-0173,3,547.2775605338903,814.5303214234434,weak_peak_refined,Pt,Pt,Pt,image-supported weak peak
L03-0174,3,535.1584645251884,834.3217258355795,weak_peak_refined,Ga,Mixed,Mixed,image-supported weak peak
L03-0175,3,523.5162116811593,852.686659933877,weak_peak_refined,Pt,Pt,Pt,image-supported weak peak
L03-0176,3,512.0213909674479,868.5773876408167,strong_peak_refined,Ga,Mixed,Mixed,image-supported strong peak
L03-0177,3,499.8142007233701,884.063262833426,strong_peak_refined,Pt,Pt,Pt,image-supported strong peak
L03-0178,3,785.3793640307995,480.4684718755685,strong_peak_refined,Pt,Pt,Pt,image-supported strong peak
L03-0179,3,772.6158038192052,500.871274376164,strong_peak_refined,Pt,Pt,Pt,image-supported strong peak
L03-0180,3,761.0973885906608,523.607268568425,strong_peak_refined,Pt,Pt,Pt,image-supported strong peak
L03-0181,3,750.0374184675403,543.8139717365905,weak_peak_refined,Ga,Mixed,Mixed,image-supported weak peak
L03-0182,3,737.3565641577555,562.779186238073,weak_peak_refined,Pt,Pt,Pt,image-supported weak peak
L03-0183,3,726.6944542389019,576.4258271899503,lattice_completed,Ga,Mixed,Mixed,lattice continuity / liquid-front display
L03-0184,3,714.7185869067832,594.4705626670091,lattice_completed,Pt,Pt,Pt,lattice continuity / liquid-front display
L03-0185,3,702.7427195746644,612.5152981440679,lattice_completed,Ga,Mixed,Mixed,lattice continuity / liquid-front display
L03-0186,3,688.6520294028194,634.0325509471878,weak_peak_refined,Pt,Pt,Pt,image-supported weak peak
L03-0187,3,676.9573410503755,651.9626389059182,weak_peak_refined,Ga,Mixed,Mixed,image-supported weak peak
L03-0188,3,666.815117578308,666.6495045752445,lattice_completed,Pt,Pt,Pt,lattice continuity / liquid-front display
L03-0189,3,654.8392502461892,684.6942400523033,lattice_completed,Ga,Mixed,Mixed,lattice continuity / liquid-front display
L03-0190,3,641.2952017341618,707.2997269885116,weak_peak_refined,Pt,Pt,Pt,image-supported weak peak
L03-0191,3,630.032151231523,724.0221347679982,weak_peak_refined,Ga,Mixed,Mixed,image-supported weak peak
L03-0192,3,618.9116482498328,738.8284464834796,lattice_completed,Pt,Pt,Pt,lattice continuity / liquid-front display
L03-0193,3,606.9357809177139,756.8731819605387,lattice_completed,Ga,Mixed,Mixed,lattice continuity / liquid-front display
L03-0194,3,594.186413627161,779.0096454582498,weak_peak_refined,Pt,Pt,Pt,image-supported weak peak
L03-0195,3,582.9821468787599,796.0250087813641,weak_peak_refined,Ga,Mixed,Mixed,image-supported weak peak
L03-0196,3,570.6477100517138,815.1386713592467,weak_peak_refined,Pt,Pt,Pt,image-supported weak peak
L03-0197,3,559.0323115892388,829.0521238687738,lattice_completed,Ga,Mixed,Mixed,lattice continuity / liquid-front display
L03-0198,3,547.4156181536575,847.7782443886034,strong_peak_refined,Pt,Pt,Pt,image-supported strong peak
L03-0199,3,534.7463504921328,868.5603320710862,weak_peak_refined,Ga,Mixed,Mixed,image-supported weak peak
L03-0200,3,522.6327373569148,887.9600007117318,weak_peak_refined,Pt,Pt,Pt,image-supported weak peak
L03-0201,3,511.1288422607636,901.2310657770092,lattice_completed,Ga,Mixed,Mixed,lattice continuity / liquid-front display
L03-0202,3,817.0261588852721,484.9130881135247,weak_peak_refined,Pt,Pt,Pt,image-supported weak peak
L03-0203,3,800.6209508461881,505.5493761256187,strong_peak_refined,Pt,Pt,Pt,image-supported strong peak
L03-0204,3,791.3754703232122,521.3692164341608,strong_peak_refined,Pt,Pt,Pt,image-supported strong peak
L03-0205,3,773.6143187900075,538.9213473267437,strong_peak_refined,Pt,Pt,Pt,image-supported strong peak
L03-0206,3,760.8642056054736,555.4663859865991,strong_peak_refined,Pt,Pt,Pt,image-supported strong peak
L03-0207,3,750.4728412432285,580.4414476997007,weak_peak_refined,Ga,Mixed,Mixed,image-supported weak peak
L03-0208,3,737.564589636468,595.6232833908119,strong_peak_refined,Pt,Pt,Pt,image-supported strong peak
L03-0209,3,726.1596571101746,611.4745101129456,lattice_completed,Ga,Mixed,Mixed,lattice continuity / liquid-front display
L03-0210,3,712.5074382759267,633.7998954737765,weak_peak_refined,Pt,Pt,Pt,image-supported weak peak
L03-0211,3,702.207922445937,647.5639810670632,lattice_completed,Ga,Mixed,Mixed,lattice continuity / liquid-front display
L03-0212,3,690.2320551138182,665.608716544122,lattice_completed,Pt,Pt,Pt,lattice continuity / liquid-front display
L03-0213,3,678.2561877816994,683.653452021181,lattice_completed,Ga,Mixed,Mixed,lattice continuity / liquid-front display
L03-0214,3,666.2803204495806,701.6981874982398,lattice_completed,Pt,Pt,Pt,lattice continuity / liquid-front display
L03-0215,3,654.3044531174618,719.7429229752986,lattice_completed,Ga,Mixed,Mixed,lattice continuity / liquid-front display
L03-0216,3,642.328585785343,737.7876584523574,lattice_completed,Pt,Pt,Pt,lattice continuity / liquid-front display
L03-0217,3,630.3527184532242,755.8323939294162,lattice_completed,Ga,Mixed,Mixed,lattice continuity / liquid-front display
L03-0218,3,617.9618543900289,778.1648145153247,weak_peak_refined,Pt,Pt,Pt,image-supported weak peak
L03-0219,3,605.5337979664913,794.462675016157,weak_peak_refined,Ga,Mixed,Mixed,image-supported weak peak
L03-0220,3,593.5351008473275,814.501158719065,weak_peak_refined,Pt,Pt,Pt,image-supported weak peak
L03-0221,3,582.0730211346773,829.9722155718935,strong_peak_refined,Ga,Mixed,Mixed,image-supported strong peak
L03-0222,3,570.4733817926301,846.0560713147104,lattice_completed,Pt,Pt,Pt,lattice continuity / liquid-front display
L03-0223,3,558.3761390259118,868.5933649468651,weak_peak_refined,Ga,Mixed,Mixed,image-supported weak peak
L03-0224,3,545.9679208673508,885.7606451027904,weak_peak_refined,Pt,Pt,Pt,image-supported weak peak
L03-0225,3,533.9503888639332,904.8610385723812,weak_peak_refined,Ga,Mixed,Mixed,image-supported weak peak
L03-0226,3,521.6301438047756,919.9670627051588,strong_peak_refined,Pt,Pt,Pt,image-supported strong peak
L03-0227,3,825.6264782001929,502.0254710274552,strong_peak_refined,Pt,Pt,Pt,image-supported strong peak
L03-0228,3,808.8974932793124,516.1884362224525,strong_peak_refined,Pt,Pt,Pt,image-supported strong peak
L03-0229,3,798.538188417266,538.158121567393,strong_peak_refined,Pt,Pt,Pt,image-supported strong peak
L03-0230,3,785.0395195660183,559.412900489299,weak_peak_refined,Pt,Pt,Pt,image-supported weak peak
L03-0231,3,771.7045058176029,576.5435294782827,weak_peak_refined,Ga,Mixed,Mixed,image-supported weak peak
L03-0232,3,761.0552894903399,592.5352412818407,strong_peak_refined,Pt,Pt,Pt,image-supported strong peak
L03-0233,3,749.5765946456847,610.4337220818234,lattice_completed,Ga,Mixed,Mixed,lattice continuity / liquid-front display
L03-0234,3,735.330856588195,632.6084824537413,weak_peak_refined,Pt,Pt,Pt,image-supported weak peak
L03-0235,3,725.6248599814472,646.523193035941,lattice_completed,Ga,Mixed,Mixed,lattice continuity / liquid-front display
L03-0236,3,713.6489926493284,664.5679285129997,lattice_completed,Pt,Pt,Pt,lattice continuity / liquid-front display
L03-0237,3,699.7858019188203,685.9322284539819,weak_peak_refined,Ga,Mixed,Mixed,image-supported weak peak
L03-0238,3,687.3652597217164,702.1358499563377,weak_peak_refined,Pt,Pt,Pt,image-supported weak peak
L03-0239,3,677.721390652972,718.7021349441764,lattice_completed,Ga,Mixed,Mixed,lattice continuity / liquid-front display
L03-0240,3,664.5408786714299,738.1285031967749,strong_peak_refined,Pt,Pt,Pt,image-supported strong peak
L03-0241,3,652.8907488243342,757.9039599254253,weak_peak_refined,Ga,Mixed,Mixed,image-supported weak peak
L03-0242,3,641.0617730906516,777.2309768779864,weak_peak_refined,Pt,Pt,Pt,image-supported weak peak
L03-0243,3,629.6541693113547,794.7654806597251,weak_peak_refined,Ga,Mixed,Mixed,image-supported weak peak
L03-0244,3,617.8420539923779,808.9258123294705,lattice_completed,Pt,Pt,Pt,lattice continuity / liquid-front display
L03-0245,3,605.2381048118358,825.545686973481,strong_peak_refined,Ga,Mixed,Mixed,image-supported strong peak
L03-0246,3,593.8903193281403,845.0152832835881,lattice_completed,Pt,Pt,Pt,lattice continuity / liquid-front display
L03-0247,3,580.9397453155149,861.7048839318443,strong_peak_refined,Ga,Mixed,Mixed,image-supported strong peak
L03-0248,3,569.2343904869537,882.1719249627631,strong_peak_refined,Pt,Pt,Pt,image-supported strong peak
L03-0249,3,557.962717331784,899.1494897147647,lattice_completed,Ga,Mixed,Mixed,lattice continuity / liquid-front display
L03-0250,3,545.121942004993,921.189487500852,weak_peak_refined,Pt,Pt,Pt,image-supported weak peak
L03-0251,3,846.939982214229,500.6400623808273,strong_peak_refined,Pt,Pt,Pt,image-supported strong peak
L03-0252,3,833.6352723818867,518.350800802324,strong_peak_refined,Pt,Pt,Pt,image-supported strong peak
L03-0253,3,821.7807643240022,539.8253489877188,strong_peak_refined,Pt,Pt,Pt,image-supported strong peak
L03-0254,3,808.7163830342406,558.710996500317,weak_peak_refined,Pt,Pt,Pt,image-supported weak peak
L03-0255,3,796.8151614253269,576.8987784949945,weak_peak_refined,Ga,Mixed,Mixed,image-supported weak peak
L03-0256,3,783.9096915529535,595.91355166293,weak_peak_refined,Pt,Pt,Pt,image-supported weak peak
L03-0257,3,772.993532181195,609.3929340507011,lattice_completed,Ga,Mixed,Mixed,lattice continuity / liquid-front display
L03-0258,3,761.0176648490763,627.4376695277599,lattice_completed,Pt,Pt,Pt,lattice continuity / liquid-front display
L03-0259,3,747.122399837099,649.4584128732954,weak_peak_refined,Ga,Mixed,Mixed,image-supported weak peak
L03-0260,3,734.8007774074115,666.5350695687804,weak_peak_refined,Pt,Pt,Pt,image-supported weak peak
L03-0261,3,723.1898922027532,684.6060426565983,weak_peak_refined,Ga,Mixed,Mixed,image-supported weak peak
L03-0262,3,711.838254239154,703.2937344237007,weak_peak_refined,Pt,Pt,Pt,image-supported weak peak
L03-0263,3,701.1383281884822,717.6613469130541,lattice_completed,Ga,Mixed,Mixed,lattice continuity / liquid-front display
L03-0264,3,687.7541847997114,736.1904673342402,strong_peak_refined,Pt,Pt,Pt,image-supported strong peak
L03-0265,3,677.1865935242446,753.7508178671717,lattice_completed,Ga,Mixed,Mixed,lattice continuity / liquid-front display
L03-0266,3,664.2988545805724,775.2053761327056,weak_peak_refined,Pt,Pt,Pt,image-supported weak peak
L03-0267,3,653.234858860007,789.8402888212893,lattice_completed,Ga,Mixed,Mixed,lattice continuity / liquid-front display
L03-0268,3,641.2589915278882,807.8850242983483,lattice_completed,Pt,Pt,Pt,lattice continuity / liquid-front display
L03-0269,3,629.2831241957693,825.9297597754071,lattice_completed,Ga,Mixed,Mixed,lattice continuity / liquid-front display
L03-0270,3,617.3072568636505,843.9744952524659,lattice_completed,Pt,Pt,Pt,lattice continuity / liquid-front display
L03-0271,3,604.316445407048,862.0701305696374,strong_peak_refined,Ga,Mixed,Mixed,image-supported strong peak
L03-0272,3,592.7380843159249,884.1119569776693,weak_peak_refined,Pt,Pt,Pt,image-supported weak peak
L03-0273,3,581.3796548672942,898.1087016836425,lattice_completed,Ga,Mixed,Mixed,lattice continuity / liquid-front display
L03-0274,3,568.3997270851287,917.5134780269796,strong_peak_refined,Pt,Pt,Pt,image-supported strong peak
L03-0275,3,557.0640428590721,936.8898292315382,weak_peak_refined,Ga,Mixed,Mixed,image-supported weak peak
L03-0276,3,855.4372695200167,509.2683735455693,weak_peak_refined,Pt,Pt,Pt,image-supported weak peak
L03-0277,3,844.5243715514774,540.4524326263352,weak_peak_refined,Pt,Pt,Pt,image-supported weak peak
L03-0278,3,838.8854761879795,555.1446647615251,weak_peak_refined,Pt,Pt,Pt,image-supported weak peak
L03-0279,3,818.1884341605761,574.0755046823857,weak_peak_refined,Pt,Pt,Pt,image-supported weak peak
L03-0280,3,807.0154643198692,594.8213191752935,weak_peak_refined,Pt,Pt,Pt,image-supported weak peak
L03-0281,3,794.5604110349626,611.4258058820972,weak_peak_refined,Ga,Mixed,Mixed,image-supported weak peak
L03-0282,3,784.4346023845865,626.3968814966377,lattice_completed,Pt,Pt,Pt,lattice continuity / liquid-front display
L03-0283,3,770.0250565125805,647.9036077531808,weak_peak_refined,Ga,Mixed,Mixed,image-supported weak peak
L03-0284,3,758.3163607931359,664.7069496023696,weak_peak_refined,Pt,Pt,Pt,image-supported weak peak
L03-0285,3,746.0099671318754,683.2705488874506,weak_peak_refined,Ga,Mixed,Mixed,image-supported weak peak
L03-0286,3,734.6355307489811,702.1257770477057,weak_peak_refined,Pt,Pt,Pt,image-supported weak peak
L03-0287,3,723.3957392221267,719.6725366329499,weak_peak_refined,Ga,Mixed,Mixed,image-supported weak peak
L03-0288,3,710.7529384173,737.5048985481005,weak_peak_refined,Pt,Pt,Pt,image-supported weak peak
L03-0289,3,700.0649816373973,756.5215761873598,weak_peak_refined,Ga,Mixed,Mixed,image-supported weak peak
L03-0290,3,687.5154673513936,775.3696141741993,weak_peak_refined,Pt,Pt,Pt,image-supported weak peak
L03-0291,3,676.9913896451553,791.2194945812622,strong_peak_refined,Ga,Mixed,Mixed,image-supported strong peak
L03-0292,3,664.6759290633984,806.8442362672258,lattice_completed,Pt,Pt,Pt,lattice continuity / liquid-front display
L03-0293,3,652.7000617312796,824.8889717442848,lattice_completed,Ga,Mixed,Mixed,lattice continuity / liquid-front display
L03-0294,3,640.2714898118095,847.2001948064848,weak_peak_refined,Pt,Pt,Pt,image-supported weak peak
L03-0295,3,628.748327067042,860.9784426984024,lattice_completed,Ga,Mixed,Mixed,lattice continuity / liquid-front display
L03-0296,3,616.7724597349232,879.0231781754612,lattice_completed,Pt,Pt,Pt,lattice continuity / liquid-front display
L03-0297,3,604.5229155832109,898.4244535345972,strong_peak_refined,Ga,Mixed,Mixed,image-supported strong peak
L03-0298,3,592.8207250706856,915.112649129579,lattice_completed,Pt,Pt,Pt,lattice continuity / liquid-front display
L03-0299,3,580.8448577385668,933.1573846066378,lattice_completed,Ga,Mixed,Mixed,lattice continuity / liquid-front display
L03-0300,3,567.6118704091998,950.7990075401896,strong_peak_refined,Pt,Pt,Pt,image-supported strong peak
L03-0301,3,887.4744211574631,519.2005787604965,weak_peak_refined,Pt,Pt,Pt,image-supported weak peak
L03-0302,3,872.6394551701464,538.7665242293502,weak_peak_refined,Pt,Pt,Pt,image-supported weak peak
L03-0303,3,855.7212924742402,551.1902399356519,strong_peak_refined,Pt,Pt,Pt,image-supported strong peak
L03-0304,3,844.0000152325246,574.1684673612359,weak_peak_refined,Pt,Pt,Pt,image-supported weak peak
L03-0305,3,831.3552094834386,589.8201577425348,strong_peak_refined,Pt,Pt,Pt,image-supported strong peak
L03-0306,3,819.1550529842665,608.0949537298329,strong_peak_refined,Ga,Mixed,Mixed,image-supported strong peak
L03-0307,3,814.5510380381397,626.8196966323773,weak_peak_refined,Pt,Pt,Pt,image-supported weak peak
L03-0308,3,795.2884605893885,645.2764711482126,strong_peak_refined,Ga,Mixed,Mixed,image-supported strong peak
L03-0309,3,781.2495073614034,661.6961730826797,strong_peak_refined,Pt,Pt,Pt,image-supported strong peak
L03-0310,3,769.9349328609684,681.2457073627306,weak_peak_refined,Ga,Mixed,Mixed,image-supported weak peak
L03-0311,3,757.5980367339939,698.7581536510746,weak_peak_refined,Pt,Pt,Pt,image-supported weak peak
L03-0312,3,747.2782327162847,717.4246222402903,strong_peak_refined,Ga,Mixed,Mixed,image-supported strong peak
L03-0313,3,735.314936980342,738.4968954120286,weak_peak_refined,Pt,Pt,Pt,image-supported weak peak
L03-0314,3,723.2919574404328,755.5175295892888,weak_peak_refined,Ga,Mixed,Mixed,image-supported weak peak
L03-0315,3,711.2466343769463,772.5086685220363,weak_peak_refined,Pt,Pt,Pt,image-supported weak peak
L03-0316,3,699.7381218569524,792.2490440761479,weak_peak_refined,Ga,Mixed,Mixed,image-supported weak peak
L03-0317,3,687.7415414520254,810.2742531564517,weak_peak_refined,Pt,Pt,Pt,image-supported weak peak
L03-0318,3,676.1169992667898,823.8481837131624,lattice_completed,Ga,Mixed,Mixed,lattice continuity / liquid-front display
L03-0319,3,664.141131934671,841.8929191902214,lattice_completed,Pt,Pt,Pt,lattice continuity / liquid-front display
L03-0320,3,652.1652646025523,859.9376546672802,lattice_completed,Ga,Mixed,Mixed,lattice continuity / liquid-front display
L03-0321,3,639.4652281739052,882.5275493762853,weak_peak_refined,Pt,Pt,Pt,image-supported weak peak
L03-0322,3,628.2135299383147,896.0271256213978,lattice_completed,Ga,Mixed,Mixed,lattice continuity / liquid-front display
L03-0323,3,615.6867772800466,918.2955423036065,weak_peak_refined,Pt,Pt,Pt,image-supported weak peak
L03-0324,3,604.261795274077,932.1165965755156,lattice_completed,Ga,Mixed,Mixed,lattice continuity / liquid-front display
L03-0325,3,591.8955107591394,952.389665772594,strong_peak_refined,Pt,Pt,Pt,image-supported strong peak
L03-0326,3,891.1478141162008,534.0916280490987,lattice_completed,Pt,Pt,Pt,lattice continuity / liquid-front display
L03-0327,3,880.5316294253225,554.2920986209033,strong_peak_refined,Pt,Pt,Pt,image-supported strong peak
L03-0328,3,867.1960794519632,570.1810990032166,lattice_completed,Pt,Pt,Pt,lattice continuity / liquid-front display
L03-0329,3,851.9318937995555,587.4710990569827,strong_peak_refined,Pt,Pt,Pt,image-supported strong peak
L03-0330,3,845.3127937002257,608.6374784691084,strong_peak_refined,Pt,Pt,Pt,image-supported strong peak
L03-0331,3,828.969332109473,622.5775122789818,strong_peak_refined,Pt,Pt,Pt,image-supported strong peak
L03-0332,3,817.0958220776083,641.7121359279153,strong_peak_refined,Ga,Mixed,Mixed,image-supported strong peak
L03-0333,3,805.5272270378047,659.5116485116449,strong_peak_refined,Pt,Pt,Pt,image-supported strong peak
L03-0334,3,795.1586547274331,681.8351790132174,weak_peak_refined,Ga,Mixed,Mixed,image-supported weak peak
L03-0335,3,781.4811395637277,696.0300669437598,strong_peak_refined,Pt,Pt,Pt,image-supported strong peak
L03-0336,3,770.2319507687902,716.136310947295,strong_peak_refined,Ga,Mixed,Mixed,image-supported strong peak
L03-0337,3,759.2980779027765,734.8509221136115,strong_peak_refined,Pt,Pt,Pt,image-supported strong peak
L03-0338,3,746.4184561985253,753.598529953702,weak_peak_refined,Ga,Mixed,Mixed,image-supported weak peak
L03-0339,3,735.041938807283,771.5631702853768,weak_peak_refined,Pt,Pt,Pt,image-supported weak peak
L03-0340,3,723.5332519290109,790.95894299432,weak_peak_refined,Ga,Mixed,Mixed,image-supported weak peak
L03-0341,3,711.0376688058021,807.7578089737463,weak_peak_refined,Pt,Pt,Pt,image-supported weak peak
L03-0342,3,699.5339368023,822.8073956820401,lattice_completed,Ga,Mixed,Mixed,lattice continuity / liquid-front display
L03-0343,3,687.2655375525543,841.3604234982179,strong_peak_refined,Pt,Pt,Pt,image-supported strong peak
L03-0344,3,675.5822021380625,858.8968666361579,lattice_completed,Ga,Mixed,Mixed,lattice continuity / liquid-front display
L03-0345,3,662.6779046332085,881.2227312240699,weak_peak_refined,Pt,Pt,Pt,image-supported weak peak
L03-0346,3,651.54063749139,894.3836871220501,strong_peak_refined,Ga,Mixed,Mixed,image-supported strong peak
L03-0347,3,639.654600141706,913.0310730673344,lattice_completed,Pt,Pt,Pt,lattice continuity / liquid-front display
L03-0348,3,627.2586064769981,934.3166935690092,weak_peak_refined,Ga,Mixed,Mixed,image-supported weak peak
L03-0349,3,614.830033794466,953.9437512800246,weak_peak_refined,Pt,Pt,Pt,image-supported weak peak
L03-0350,3,603.3155697808817,971.819992393502,weak_peak_refined,Ga,Mixed,Mixed,image-supported weak peak
L03-0351,3,908.3043668895868,549.1045897720502,strong_peak_refined,Pt,Pt,Pt,image-supported strong peak
L03-0352,3,895.3457858965718,570.4823297244559,strong_peak_refined,Pt,Pt,Pt,image-supported strong peak
L03-0353,3,877.9493034235478,586.0081725161303,strong_peak_refined,Pt,Pt,Pt,image-supported strong peak
L03-0354,3,865.4598193546805,605.2445331378464,strong_peak_refined,Pt,Pt,Pt,image-supported strong peak
L03-0355,3,854.242597830991,623.6015737066402,strong_peak_refined,Pt,Pt,Pt,image-supported strong peak
L03-0356,3,840.3790983905168,641.7121239884087,strong_peak_refined,Ga,Mixed,Mixed,image-supported strong peak
L03-0357,3,829.81742745726,659.9533387892853,strong_peak_refined,Pt,Pt,Pt,image-supported strong peak
L03-0358,3,819.7676320579574,681.6432449958503,weak_peak_refined,Ga,Mixed,Mixed,image-supported weak peak
L03-0359,3,805.1660285991858,694.8825851654449,strong_peak_refined,Pt,Pt,Pt,image-supported strong peak
L03-0360,3,793.0123843391281,714.5878353620459,strong_peak_refined,Ga,Mixed,Mixed,image-supported strong peak
L03-0361,3,781.5448686893743,734.2669371279162,weak_peak_refined,Pt,Pt,Pt,image-supported weak peak
L03-0362,3,770.1022427307624,752.2108156085272,weak_peak_refined,Ga,Mixed,Mixed,image-supported weak peak
L03-0363,3,759.0086938054906,768.899556169226,strong_peak_refined,Pt,Pt,Pt,image-supported strong peak
L03-0364,3,746.56912260592,788.3885316180264,weak_peak_refined,Ga,Mixed,Mixed,image-supported weak peak
L03-0365,3,735.2136262799868,805.8158453865109,strong_peak_refined,Pt,Pt,Pt,image-supported strong peak
L03-0366,3,722.6766724841025,825.6747526640866,weak_peak_refined,Ga,Mixed,Mixed,image-supported weak peak
L03-0367,3,710.2475038602216,842.9285910966136,weak_peak_refined,Pt,Pt,Pt,image-supported weak peak
L03-0368,3,698.4952030547882,862.765239630456,weak_peak_refined,Ga,Mixed,Mixed,image-supported weak peak
L03-0369,3,686.648448784585,880.8096932596494,weak_peak_refined,Pt,Pt,Pt,image-supported weak peak
L03-0370,3,674.0311592297035,894.2972208292001,strong_peak_refined,Ga,Mixed,Mixed,image-supported strong peak
L03-0371,3,662.1187196978163,916.5087932482772,weak_peak_refined,Pt,Pt,Pt,image-supported weak peak
L03-0372,3,651.0956703450975,930.0350205132708,lattice_completed,Ga,Mixed,Mixed,lattice continuity / liquid-front display
L03-0373,3,638.6076371759493,952.7800858755104,weak_peak_refined,Pt,Pt,Pt,image-supported weak peak
L03-0374,3,626.5291352476823,971.0003195689196,weak_peak_refined,Ga,Mixed,Mixed,image-supported weak peak
L03-0375,3,914.0299545229836,568.0995229409718,lattice_completed,Pt,Pt,Pt,lattice continuity / liquid-front display
L03-0376,3,902.0540871908648,586.1442584180309,lattice_completed,Pt,Pt,Pt,lattice continuity / liquid-front display
L03-0377,3,891.4296014505743,605.567115893768,strong_peak_refined,Pt,Pt,Pt,image-supported strong peak
L03-0378,3,878.6530941654855,624.4394184207334,strong_peak_refined,Pt,Pt,Pt,image-supported strong peak
L03-0379,3,865.0663796230414,638.8157976720843,strong_peak_refined,Pt,Pt,Pt,image-supported strong peak
L03-0380,3,851.6782761500209,658.3782985579351,strong_peak_refined,Pt,Pt,Pt,image-supported strong peak
L03-0381,3,840.3888616853453,675.0406178440592,strong_peak_refined,Ga,Mixed,Mixed,image-supported strong peak
L03-0382,3,829.9884849896864,696.2194401270411,strong_peak_refined,Pt,Pt,Pt,image-supported strong peak
L03-0383,3,817.5464131374138,710.6455809054758,strong_peak_refined,Ga,Mixed,Mixed,image-supported strong peak
L03-0384,3,805.6096365689615,732.4060766945759,strong_peak_refined,Pt,Pt,Pt,image-supported strong peak
L03-0385,3,794.0083179241861,750.8647716397795,strong_peak_refined,Ga,Mixed,Mixed,image-supported strong peak
L03-0386,3,782.2589976894008,769.7597988926476,weak_peak_refined,Pt,Pt,Pt,image-supported weak peak
L03-0387,3,770.5557644096303,787.388352900211,weak_peak_refined,Ga,Mixed,Mixed,image-supported weak peak
L03-0388,3,758.3951797972683,803.8228077042509,strong_peak_refined,Pt,Pt,Pt,image-supported strong peak
L03-0389,3,746.8797241422188,824.3184940909535,weak_peak_refined,Ga,Mixed,Mixed,image-supported weak peak
L03-0390,3,734.3610296143305,841.264336085631,weak_peak_refined,Pt,Pt,Pt,image-supported weak peak
L03-0391,3,722.2506568410456,861.0285077526123,weak_peak_refined,Ga,Mixed,Mixed,image-supported weak peak
L03-0392,3,710.354738979842,878.6899132780386,weak_peak_refined,Pt,Pt,Pt,image-supported weak peak
L03-0393,3,697.9546552042419,895.9310855458459,weak_peak_refined,Ga,Mixed,Mixed,image-supported weak peak
L03-0394,3,686.0795248534447,911.1029061653372,strong_peak_refined,Pt,Pt,Pt,image-supported strong peak
L03-0395,3,674.5126078806077,928.9942324821486,lattice_completed,Ga,Mixed,Mixed,lattice continuity / liquid-front display
L03-0396,3,662.261902941912,951.6279922551644,weak_peak_refined,Pt,Pt,Pt,image-supported weak peak
L03-0397,3,650.4548883026548,970.0106586442168,weak_peak_refined,Pt,Pt,Pt,image-supported weak peak
L03-0398,3,638.2979873913335,987.0957850295792,weak_peak_refined,Pt,Pt,Pt,image-supported weak peak
L03-0399,3,930.8317829504648,579.7825377466105,strong_peak_refined,Pt,Pt,Pt,image-supported strong peak
L03-0400,3,921.088575393461,605.0017851056156,weak_peak_refined,Pt,Pt,Pt,image-supported weak peak
L03-0401,3,900.2752719686313,619.4318630861975,strong_peak_refined,Pt,Pt,Pt,image-supported strong peak
L03-0402,3,889.2643590817815,638.6352985563105,strong_peak_refined,Pt,Pt,Pt,image-supported strong peak
L03-0403,3,876.8969572195809,654.3159799404373,strong_peak_refined,Pt,Pt,Pt,image-supported strong peak
L03-0404,3,865.7210987237636,672.9187748157816,strong_peak_refined,Ga,Mixed,Mixed,image-supported strong peak
L03-0405,3,852.1326318478683,689.4800944649061,strong_peak_refined,Pt,Pt,Pt,image-supported strong peak
L03-0406,3,841.1040516562155,711.9718070047215,strong_peak_refined,Ga,Mixed,Mixed,image-supported strong peak
L03-0407,3,829.669439321944,730.7506740095438,strong_peak_refined,Pt,Pt,Pt,image-supported strong peak
L03-0408,3,817.767012756436,751.2102867367612,weak_peak_refined,Ga,Mixed,Mixed,image-supported weak peak
L03-0409,3,806.2388492767093,768.4594057689313,weak_peak_refined,Pt,Pt,Pt,image-supported weak peak
L03-0410,3,793.674205181916,785.0492493203664,strong_peak_refined,Ga,Mixed,Mixed,image-supported strong peak
L03-0411,3,781.6611302896071,803.2685024871125,strong_peak_refined,Pt,Pt,Pt,image-supported strong peak
L03-0412,3,770.4755062862163,822.573300847718,weak_peak_refined,Ga,Mixed,Mixed,image-supported weak peak
L03-0413,3,757.4226363648424,839.2171711132106,strong_peak_refined,Pt,Pt,Pt,image-supported strong peak
L03-0414,3,745.6122718775724,859.9066301399956,weak_peak_refined,Ga,Mixed,Mixed,image-supported weak peak
L03-0415,3,733.8464776055491,876.7418322735784,weak_peak_refined,Pt,Pt,Pt,image-supported weak peak
L03-0416,3,721.2626845500365,896.0271429641751,weak_peak_refined,Ga,Mixed,Mixed,image-supported weak peak
L03-0417,3,709.8846377344975,910.5902152260498,strong_peak_refined,Pt,Pt,Pt,image-supported strong peak
L03-0418,3,697.583278625436,932.1764760215816,weak_peak_refined,Ga,Mixed,Mixed,image-supported weak peak
L03-0419,3,685.0766451777658,947.4617719957917,strong_peak_refined,Pt,Pt,Pt,image-supported strong peak
L03-0420,3,673.9778107518803,964.042915405144,lattice_completed,Ga,Mixed,Mixed,lattice continuity / liquid-front display
L03-0421,3,660.9834587220743,984.1453016264028,strong_peak_refined,Pt,Pt,Pt,image-supported strong peak
L03-0422,3,936.9120949297665,602.1074178328449,lattice_completed,Pt,Pt,Pt,lattice continuity / liquid-front display
L03-0423,3,919.3892114205624,617.2659260467981,weak_peak_refined,Pt,Pt,Pt,image-supported weak peak
L03-0424,3,910.3246575234654,634.2033895873819,strong_peak_refined,Pt,Pt,Pt,image-supported strong peak
L03-0425,3,898.794708022275,653.805236925013,strong_peak_refined,Pt,Pt,Pt,image-supported strong peak
L03-0426,3,888.4484709723422,671.4752276553346,strong_peak_refined,Pt,Pt,Pt,image-supported strong peak
L03-0427,3,876.4073339264244,689.314056502933,strong_peak_refined,Pt,Pt,Pt,image-supported strong peak
L03-0428,3,862.6204809805812,707.7551821301846,strong_peak_refined,Ga,Mixed,Mixed,image-supported strong peak
L03-0429,3,851.9109795909001,724.1536404179536,strong_peak_refined,Pt,Pt,Pt,image-supported strong peak
L03-0430,3,841.5507938183293,748.7676145124669,strong_peak_refined,Ga,Mixed,Mixed,image-supported strong peak
L03-0431,3,828.9598489918832,765.9782712915885,strong_peak_refined,Pt,Pt,Pt,image-supported strong peak
L03-0432,3,817.6662437535842,783.6197668234907,strong_peak_refined,Ga,Mixed,Mixed,image-supported strong peak
L03-0433,3,805.1722010239404,801.1467276220075,strong_peak_refined,Pt,Pt,Pt,image-supported strong peak
L03-0434,3,794.4970950192642,820.8945713795592,strong_peak_refined,Ga,Mixed,Mixed,image-supported strong peak
L03-0435,3,782.2756175916272,837.5577934943693,strong_peak_refined,Pt,Pt,Pt,image-supported strong peak
L03-0436,3,769.3178414971783,857.7519987778354,weak_peak_refined,Ga,Mixed,Mixed,image-supported weak peak
L03-0437,3,757.2767976103268,875.5418793945321,weak_peak_refined,Pt,Pt,Pt,image-supported weak peak
L03-0438,3,745.1408668594789,894.1557611603898,weak_peak_refined,Ga,Mixed,Mixed,image-supported weak peak
L03-0439,3,733.5529668028798,912.7191841391611,weak_peak_refined,Pt,Pt,Pt,image-supported weak peak
L03-0440,3,721.3007141477586,929.834118549211,weak_peak_refined,Ga,Mixed,Mixed,image-supported weak peak
L03-0441,3,708.8415167799322,947.5285585087372,weak_peak_refined,Pt,Pt,Pt,image-supported weak peak
L03-0442,3,696.7436725267321,967.3695022750836,weak_peak_refined,Ga,Mixed,Mixed,image-supported weak peak
L03-0443,3,684.5778038845722,983.247089653027,weak_peak_refined,Pt,Pt,Pt,image-supported weak peak
L03-0444,3,948.353165133158,619.1113652787817,lattice_completed,Pt,Pt,Pt,lattice continuity / liquid-front display
L03-0445,3,934.5127567107248,633.7947978096184,strong_peak_refined,Pt,Pt,Pt,image-supported strong peak
L03-0446,3,930.7015507373192,655.3114843705044,weak_peak_refined,Pt,Pt,Pt,image-supported weak peak
L03-0447,3,914.026806305254,669.4424371034464,strong_peak_refined,Pt,Pt,Pt,image-supported strong peak
L03-0448,3,900.680343211388,688.821871176251,strong_peak_refined,Pt,Pt,Pt,image-supported strong peak
L03-0449,3,889.5653302703747,708.6328651776412,strong_peak_refined,Ga,Mixed,Mixed,image-supported strong peak
L03-0450,3,875.4964670414031,724.8318950993644,strong_peak_refined,Pt,Pt,Pt,image-supported strong peak
L03-0451,3,865.9359316124146,748.8950609158995,weak_peak_refined,Ga,Mixed,Mixed,image-supported weak peak
L03-0452,3,852.0945315656887,764.7277775339062,strong_peak_refined,Pt,Pt,Pt,image-supported strong peak
L03-0453,3,840.2940766972379,783.3609976080978,strong_peak_refined,Ga,Mixed,Mixed,image-supported strong peak
L03-0454,3,829.3362456337622,800.2380837721055,strong_peak_refined,Pt,Pt,Pt,image-supported strong peak
L03-0455,3,816.8967216045565,818.5729404609667,strong_peak_refined,Ga,Mixed,Mixed,image-supported strong peak
L03-0456,3,805.4410102959856,837.2455884905535,strong_peak_refined,Pt,Pt,Pt,image-supported strong peak
L03-0457,3,793.775252207671,856.1807555400018,strong_peak_refined,Ga,Mixed,Mixed,image-supported strong peak
L03-0458,3,780.8265351652952,871.2265452982448,strong_peak_refined,Pt,Pt,Pt,image-supported strong peak
L03-0459,3,769.9396383180299,893.1414710321666,weak_peak_refined,Ga,Mixed,Mixed,image-supported weak peak
L03-0460,3,757.180826917198,910.1552577754906,strong_peak_refined,Pt,Pt,Pt,image-supported strong peak
L03-0461,3,745.0607910732888,928.1687197829827,strong_peak_refined,Ga,Mixed,Mixed,image-supported strong peak
L03-0462,3,732.7749080288702,945.9559451401484,strong_peak_refined,Pt,Pt,Pt,image-supported strong peak
L03-0463,3,720.7558152257736,966.6541829939622,weak_peak_refined,Ga,Mixed,Mixed,image-supported weak peak
L03-0464,3,708.196015288576,982.5084181454432,weak_peak_refined,Pt,Pt,Pt,image-supported weak peak
L03-0465,3,959.3528744906928,632.8543660762431,strong_peak_refined,Pt,Pt,Pt,image-supported strong peak
L03-0466,3,942.8063430514732,647.6415568299973,weak_peak_refined,Pt,Pt,Pt,image-supported weak peak
L03-0467,3,930.894112887254,666.7389640055729,weak_peak_refined,Pt,Pt,Pt,image-supported weak peak
L03-0468,3,922.8569138814556,685.4173733951911,strong_peak_refined,Pt,Pt,Pt,image-supported strong peak
L03-0469,3,912.3454797876174,706.0974181272508,strong_peak_refined,Pt,Pt,Pt,image-supported strong peak
L03-0470,3,898.74692380929,722.8753525161436,strong_peak_refined,Pt,Pt,Pt,image-supported strong peak
L03-0471,3,888.2025483926352,740.3894623832118,strong_peak_refined,Ga,Mixed,Mixed,image-supported strong peak
L03-0472,3,877.3566405583521,764.3829128790338,strong_peak_refined,Pt,Pt,Pt,image-supported strong peak
L03-0473,3,863.9366284709766,781.3435718265025,strong_peak_refined,Ga,Mixed,Mixed,image-supported strong peak
L03-0474,3,851.6998975849338,798.1249237832651,strong_peak_refined,Pt,Pt,Pt,image-supported strong peak
L03-0475,3,840.2712799707186,816.5479162836721,strong_peak_refined,Ga,Mixed,Mixed,image-supported strong peak
L03-0476,3,828.2619919823284,834.8004845259098,strong_peak_refined,Pt,Pt,Pt,image-supported strong peak
L03-0477,3,816.6744244750801,852.2802663848333,strong_peak_refined,Ga,Mixed,Mixed,image-supported strong peak
L03-0478,3,805.3899082035848,870.3599630657142,strong_peak_refined,Pt,Pt,Pt,image-supported strong peak
L03-0479,3,792.2127460128785,891.3739946367597,weak_peak_refined,Ga,Mixed,Mixed,image-supported weak peak
L03-0480,3,779.8422805132096,909.0203167814752,strong_peak_refined,Pt,Pt,Pt,image-supported strong peak
L03-0481,3,768.5196179887464,929.0354218368047,weak_peak_refined,Ga,Mixed,Mixed,image-supported weak peak
L03-0482,3,756.506066029762,943.3664468042545,strong_peak_refined,Pt,Pt,Pt,image-supported strong peak
L03-0483,3,743.5321619821384,963.7732985395062,weak_peak_refined,Ga,Mixed,Mixed,image-supported weak peak
L03-0484,3,732.0052332786155,979.7758613493422,strong_peak_refined,Pt,Pt,Pt,image-supported strong peak
L03-0485,3,959.7511886206654,664.8389765715401,strong_peak_refined,Pt,Pt,Pt,image-supported strong peak
L03-0486,3,950.3157873775376,693.8173166807744,weak_peak_refined,Pt,Pt,Pt,image-supported weak peak
L03-0487,3,936.550680847939,704.6418727077345,strong_peak_refined,Pt,Pt,Pt,image-supported strong peak
L03-0488,3,923.6837788458918,723.0881617592909,strong_peak_refined,Pt,Pt,Pt,image-supported strong peak
L03-0489,3,910.4033177529948,739.2248295064558,strong_peak_refined,Pt,Pt,Pt,image-supported strong peak
L03-0490,3,898.1804027356053,755.9686730616704,strong_peak_refined,Pt,Pt,Pt,image-supported strong peak
L03-0491,3,889.0412980105071,780.9307406722874,strong_peak_refined,Ga,Mixed,Mixed,image-supported strong peak
L03-0492,3,875.1333195514408,795.4943016956272,strong_peak_refined,Pt,Pt,Pt,image-supported strong peak
L03-0493,3,865.4589158431295,816.498889033192,strong_peak_refined,Ga,Mixed,Mixed,image-supported strong peak
L03-0494,3,851.7909973945976,832.5803726321591,strong_peak_refined,Pt,Pt,Pt,image-supported strong peak
L03-0495,3,840.9001800477918,851.3491154094805,strong_peak_refined,Ga,Mixed,Mixed,image-supported strong peak
L03-0496,3,828.2246886161505,869.0969053381242,strong_peak_refined,Pt,Pt,Pt,image-supported strong peak
L03-0497,3,816.5352303618693,889.693216150695,strong_peak_refined,Ga,Mixed,Mixed,image-supported strong peak
L03-0498,3,804.3821745426997,908.5458045021246,weak_peak_refined,Pt,Pt,Pt,image-supported weak peak
L03-0499,3,792.0205612330572,925.50386044223,strong_peak_refined,Ga,Mixed,Mixed,image-supported strong peak
L03-0500,3,779.9164831725424,943.4800899289768,strong_peak_refined,Pt,Pt,Pt,image-supported strong peak
L03-0501,3,767.0152701150862,962.593424665356,weak_peak_refined,Ga,Mixed,Mixed,image-supported weak peak
L03-0502,3,755.1733964277696,981.0883438743222,weak_peak_refined,Pt,Pt,Pt,image-supported weak peak
L03-0503,3,971.1456024662996,683.0249038196574,strong_peak_refined,Pt,Pt,Pt,image-supported strong peak
L03-0504,3,959.6654989292584,700.8258529609586,strong_peak_refined,Pt,Pt,Pt,image-supported strong peak
L03-0505,3,949.724563121788,720.7380124503972,strong_peak_refined,Pt,Pt,Pt,image-supported strong peak
L03-0506,3,935.9055275872008,739.1010032064839,strong_peak_refined,Pt,Pt,Pt,image-supported strong peak
L03-0507,3,922.788243138103,755.8687632295811,strong_peak_refined,Pt,Pt,Pt,image-supported strong peak
L03-0508,3,912.6401768635128,777.2135539787421,strong_peak_refined,Ga,Mixed,Mixed,image-supported strong peak
L03-0509,3,899.4706374301045,794.3439039838911,strong_peak_refined,Pt,Pt,Pt,image-supported strong peak
L03-0510,3,889.0287474822662,810.3550152716633,strong_peak_refined,Ga,Mixed,Mixed,image-supported strong peak
L03-0511,3,874.6748074362368,831.1116094323368,strong_peak_refined,Pt,Pt,Pt,image-supported strong peak
L03-0512,3,863.0654365626556,849.3381756764336,strong_peak_refined,Ga,Mixed,Mixed,image-supported strong peak
L03-0513,3,852.2109164976258,867.079990470072,strong_peak_refined,Pt,Pt,Pt,image-supported strong peak
L03-0514,3,840.3732794771091,889.292445307192,strong_peak_refined,Ga,Mixed,Mixed,image-supported strong peak
L03-0515,3,827.0983473870914,905.2645316947036,strong_peak_refined,Pt,Pt,Pt,image-supported strong peak
L03-0516,3,816.0750835322114,923.6921340298032,strong_peak_refined,Ga,Mixed,Mixed,image-supported strong peak
L03-0517,3,803.6630029801931,942.425565122556,strong_peak_refined,Pt,Pt,Pt,image-supported strong peak
L03-0518,3,791.045477270746,959.5724357232812,strong_peak_refined,Ga,Mixed,Mixed,image-supported strong peak
L03-0519,3,779.0591758598717,978.7796630652006,strong_peak_refined,Pt,Pt,Pt,image-supported strong peak
L03-0520,3,978.295342903447,721.3554394358029,weak_peak_refined,Pt,Pt,Pt,image-supported weak peak
L03-0521,3,960.7083183675072,736.038561964354,strong_peak_refined,Pt,Pt,Pt,image-supported strong peak
L03-0522,3,943.3083759766706,751.5643734263532,weak_peak_refined,Pt,Pt,Pt,image-supported weak peak
L03-0523,3,933.8752232621756,772.2938199335367,strong_peak_refined,Ga,Mixed,Mixed,image-supported strong peak
L03-0524,3,923.2491165570548,793.5666547916562,strong_peak_refined,Pt,Pt,Pt,image-supported strong peak
L03-0525,3,911.6585433515748,812.2736018087762,strong_peak_refined,Ga,Mixed,Mixed,image-supported strong peak
L03-0526,3,898.3407806118976,829.5964197984406,strong_peak_refined,Pt,Pt,Pt,image-supported strong peak
L03-0527,3,886.9030950282906,847.9955077474183,strong_peak_refined,Ga,Mixed,Mixed,image-supported strong peak
L03-0528,3,875.0308920739101,864.7128666747911,strong_peak_refined,Pt,Pt,Pt,image-supported strong peak
L03-0529,3,863.5812370530701,884.5373564144154,strong_peak_refined,Ga,Mixed,Mixed,image-supported strong peak
L03-0530,3,851.0700340499678,904.7505054991144,strong_peak_refined,Pt,Pt,Pt,image-supported strong peak
L03-0531,3,839.5845006879736,921.828574151511,strong_peak_refined,Ga,Mixed,Mixed,image-supported strong peak
L03-0532,3,826.6669277512029,938.1267739808176,strong_peak_refined,Pt,Pt,Pt,image-supported strong peak
L03-0533,3,815.6926751394453,957.6590705862676,strong_peak_refined,Ga,Mixed,Mixed,image-supported strong peak
L03-0534,3,802.2415673717351,975.581486223566,strong_peak_refined,Pt,Pt,Pt,image-supported strong peak
L03-0535,3,977.6176048527984,756.6970552381888,weak_peak_refined,Pt,Pt,Pt,image-supported weak peak
L03-0536,3,961.5685369976844,772.4865136102349,strong_peak_refined,Pt,Pt,Pt,image-supported strong peak
L03-0537,3,947.490794592399,792.049883434794,strong_peak_refined,Pt,Pt,Pt,image-supported strong peak
L03-0538,3,937.1028175344196,808.7683293695094,strong_peak_refined,Ga,Mixed,Mixed,image-supported strong peak
L03-0539,3,923.8441710281396,828.2254113892399,strong_peak_refined,Pt,Pt,Pt,image-supported strong peak
L03-0540,3,911.5089171951572,845.9526531777977,strong_peak_refined,Ga,Mixed,Mixed,image-supported strong peak
L03-0541,3,898.6628023055898,863.8513037646364,strong_peak_refined,Pt,Pt,Pt,image-supported strong peak
L03-0542,3,887.8925092570796,885.5588227537,strong_peak_refined,Ga,Mixed,Mixed,image-supported strong peak
L03-0543,3,873.6266837880081,899.5438661663532,strong_peak_refined,Pt,Pt,Pt,image-supported strong peak
L03-0544,3,861.7199423427764,920.1367784068386,strong_peak_refined,Ga,Mixed,Mixed,image-supported strong peak
L03-0545,3,850.8431199936203,939.9916708316524,strong_peak_refined,Pt,Pt,Pt,image-supported strong peak
L03-0546,3,839.2072096000372,956.639417038941,strong_peak_refined,Ga,Mixed,Mixed,image-supported strong peak
L03-0547,3,967.9308394769428,785.7788443203405,weak_peak_refined,Pt,Pt,Pt,image-supported weak peak
L03-0548,3,957.1202496929124,811.3587273396952,lattice_completed,Ga,Mixed,Mixed,lattice continuity / liquid-front display
L03-0549,3,944.463657265565,825.3867557777926,strong_peak_refined,Pt,Pt,Pt,image-supported strong peak
L03-0550,3,933.8670957347314,843.3890753173465,strong_peak_refined,Ga,Mixed,Mixed,image-supported strong peak
L03-0551,3,921.244220916689,862.1661983560929,strong_peak_refined,Pt,Pt,Pt,image-supported strong peak
L03-0552,3,909.6360109409458,879.8614921195242,strong_peak_refined,Ga,Mixed,Mixed,image-supported strong peak
L03-0553,3,897.9351759459411,900.6860902640278,strong_peak_refined,Pt,Pt,Pt,image-supported strong peak
L03-0554,3,885.9610620280555,917.0929289942542,strong_peak_refined,Ga,Mixed,Mixed,image-supported strong peak
L03-0555,3,873.7597494121605,936.2333384283068,strong_peak_refined,Pt,Pt,Pt,image-supported strong peak
L04-0000,4,482.0278213989917,534.6468760869961,lattice_completed,Pt,Pt,Pt,lattice continuity / liquid-front display
L04-0001,4,470.0519540668729,552.6916115640549,lattice_completed,Ga,Mixed,Mixed,lattice continuity / liquid-front display
L04-0002,4,458.0760867347541,570.7363470411137,lattice_completed,Pt,Pt,Pt,lattice continuity / liquid-front display
L04-0003,4,446.1002194026353,588.7810825181725,lattice_completed,Ga,Mixed,Mixed,lattice continuity / liquid-front display
L04-0004,4,541.477162583915,481.6523128850294,strong_peak_refined,Ga,Mixed,Mixed,image-supported strong peak
L04-0005,4,530.2697281107455,502.24082586730543,weak_peak_refined,Pt,Pt,Pt,image-supported weak peak
L04-0006,4,517.4206262666206,515.5613525788151,lattice_completed,Pt,Pt,Pt,lattice continuity / liquid-front display
L04-0007,4,504.7385925075548,534.8474965181965,strong_peak_refined,Pt,Pt,Pt,image-supported strong peak
L04-0008,4,493.4688916023831,551.6508235329327,lattice_completed,Ga,Mixed,Mixed,lattice continuity / liquid-front display
L04-0009,4,481.4930242702643,569.6955590099915,lattice_completed,Pt,Pt,Pt,lattice continuity / liquid-front display
L04-0010,4,469.5171569381455,587.7402944870503,lattice_completed,Ga,Mixed,Mixed,lattice continuity / liquid-front display
L04-0011,4,456.2133218640824,607.3779146059858,strong_peak_refined,Pt,Pt,Pt,image-supported strong peak
L04-0012,4,444.6845389164277,624.9414335632293,strong_peak_refined,Ga,Mixed,Mixed,image-supported strong peak
L04-0013,4,433.58955494178906,641.8745009182269,lattice_completed,Pt,Pt,Pt,lattice continuity / liquid-front display
L04-0014,4,421.6136876096703,659.9192363952857,lattice_completed,Ga,Mixed,Mixed,lattice continuity / liquid-front display
L04-0015,4,576.8132724361241,462.0295237539448,strong_peak_refined,Pt,Pt,Pt,image-supported strong peak
L04-0016,4,564.4433397103912,479.1374528428551,strong_peak_refined,Pt,Pt,Pt,image-supported strong peak
L04-0017,4,552.5430018306465,497.9364585445614,strong_peak_refined,Pt,Pt,Pt,image-supported strong peak
L04-0018,4,540.3668779273801,519.1790395256123,weak_peak_refined,Ga,Mixed,Mixed,image-supported weak peak
L04-0019,4,529.1719864711421,533.7469566308391,strong_peak_refined,Pt,Pt,Pt,image-supported strong peak
L04-0020,4,516.8858291378932,550.6100355018104,lattice_completed,Ga,Mixed,Mixed,lattice continuity / liquid-front display
L04-0021,4,503.9424536556743,572.826179852249,weak_peak_refined,Pt,Pt,Pt,image-supported weak peak
L04-0022,4,492.9340944736557,586.699506455928,lattice_completed,Ga,Mixed,Mixed,lattice continuity / liquid-front display
L04-0023,4,480.9582271415369,604.7442419329868,lattice_completed,Pt,Pt,Pt,lattice continuity / liquid-front display
L04-0024,4,468.9823598094181,622.7889774100458,lattice_completed,Ga,Mixed,Mixed,lattice continuity / liquid-front display
L04-0025,4,455.41276563900885,645.0048219697509,weak_peak_refined,Pt,Pt,Pt,image-supported weak peak
L04-0026,4,443.696892788262,661.420299585499,weak_peak_refined,Ga,Mixed,Mixed,image-supported weak peak
L04-0027,4,433.05475781306166,676.9231838412222,lattice_completed,Pt,Pt,Pt,lattice continuity / liquid-front display
L04-0028,4,420.1583675637343,699.5970725557344,weak_peak_refined,Ga,Mixed,Mixed,image-supported weak peak
L04-0029,4,598.1306560663888,457.38800274025226,strong_peak_refined,Pt,Pt,Pt,image-supported strong peak
L04-0030,4,587.821629940763,478.2186898912672,strong_peak_refined,Ga,Mixed,Mixed,image-supported strong peak
L04-0031,4,576.9469179655363,499.0444941298224,weak_peak_refined,Pt,Pt,Pt,image-supported weak peak
L04-0032,4,564.2223780162817,518.5031704330077,weak_peak_refined,Ga,Mixed,Mixed,image-supported weak peak
L04-0033,4,552.2786340055223,531.5245119936292,lattice_completed,Pt,Pt,Pt,lattice continuity / liquid-front display
L04-0034,4,540.3027666734035,549.5692474706882,lattice_completed,Ga,Mixed,Mixed,lattice continuity / liquid-front display
L04-0035,4,527.0664986625302,570.8993406594387,weak_peak_refined,Pt,Pt,Pt,image-supported weak peak
L04-0036,4,516.3510320091659,585.6587184248058,lattice_completed,Ga,Mixed,Mixed,lattice continuity / liquid-front display
L04-0037,4,504.3751646770471,603.7034539018646,lattice_completed,Pt,Pt,Pt,lattice continuity / liquid-front display
L04-0038,4,492.3992973449283,621.7481893789234,lattice_completed,Ga,Mixed,Mixed,lattice continuity / liquid-front display
L04-0039,4,480.4234300128095,639.7929248559824,lattice_completed,Pt,Pt,Pt,lattice continuity / liquid-front display
L04-0040,4,468.4475626806907,657.8376603330412,lattice_completed,Ga,Mixed,Mixed,lattice continuity / liquid-front display
L04-0041,4,455.3218141696413,678.4831929049936,weak_peak_refined,Pt,Pt,Pt,image-supported weak peak
L04-0042,4,444.4958280164531,693.9271312871588,lattice_completed,Ga,Mixed,Mixed,lattice continuity / liquid-front display
L04-0043,4,430.97697568104405,716.1959628046416,weak_peak_refined,Pt,Pt,Pt,image-supported weak peak
L04-0044,4,419.5630361045461,734.567202076807,weak_peak_refined,Ga,Mixed,Mixed,image-supported weak peak
L04-0045,4,637.2730128222872,439.31889313336336,strong_peak_refined,Pt,Pt,Pt,image-supported strong peak
L04-0046,4,623.6539745424718,458.56697271200426,strong_peak_refined,Pt,Pt,Pt,image-supported strong peak
L04-0047,4,612.3164227475073,479.09289143961456,strong_peak_refined,Ga,Mixed,Mixed,image-supported strong peak
L04-0048,4,600.258890142568,498.4418237889306,weak_peak_refined,Pt,Pt,Pt,image-supported weak peak
L04-0049,4,587.2901743604116,515.1495510770714,weak_peak_refined,Ga,Mixed,Mixed,image-supported weak peak
L04-0050,4,575.1589860551527,535.3061926857051,weak_peak_refined,Pt,Pt,Pt,image-supported weak peak
L04-0051,4,563.7197042089136,548.5284594395657,lattice_completed,Ga,Mixed,Mixed,lattice continuity / liquid-front display
L04-0052,4,551.743836876795,566.5731949166247,lattice_completed,Pt,Pt,Pt,lattice continuity / liquid-front display
L04-0053,4,539.7679695446761,584.6179303936835,lattice_completed,Ga,Mixed,Mixed,lattice continuity / liquid-front display
L04-0054,4,527.7921022125573,602.6626658707423,lattice_completed,Pt,Pt,Pt,lattice continuity / liquid-front display
L04-0055,4,515.8162348804385,620.7074013478011,lattice_completed,Ga,Mixed,Mixed,lattice continuity / liquid-front display
L04-0056,4,503.8403675483197,638.7521368248599,lattice_completed,Pt,Pt,Pt,lattice continuity / liquid-front display
L04-0057,4,491.8645002162009,656.7968723019189,lattice_completed,Ga,Mixed,Mixed,lattice continuity / liquid-front display
L04-0058,4,478.6880442483532,679.2260475099473,weak_peak_refined,Pt,Pt,Pt,image-supported weak peak
L04-0059,4,466.499230433347,696.6703502455587,weak_peak_refined,Ga,Mixed,Mixed,image-supported weak peak
L04-0060,4,454.3447076751952,715.7108235605856,weak_peak_refined,Pt,Pt,Pt,image-supported weak peak
L04-0061,4,443.3012446453873,728.330080158133,strong_peak_refined,Ga,Mixed,Mixed,image-supported strong peak
L04-0062,4,431.9851635556069,747.0205496872131,lattice_completed,Pt,Pt,Pt,lattice continuity / liquid-front display
L04-0063,4,419.8414486220936,764.3644500050017,strong_peak_refined,Ga,Mixed,Mixed,image-supported strong peak
L04-0064,4,660.2603643808624,439.3812666092328,strong_peak_refined,Pt,Pt,Pt,image-supported strong peak
L04-0065,4,646.1214093029942,458.662329110548,strong_peak_refined,Pt,Pt,Pt,image-supported strong peak
L04-0066,4,635.6691924746809,477.7595989917946,strong_peak_refined,Ga,Mixed,Mixed,image-supported strong peak
L04-0067,4,623.2842923612536,493.9152679795593,strong_peak_refined,Pt,Pt,Pt,image-supported strong peak
L04-0068,4,611.0883764086615,511.3982004543259,lattice_completed,Ga,Mixed,Mixed,lattice continuity / liquid-front display
L04-0069,4,599.1125090765427,529.4429359313847,lattice_completed,Pt,Pt,Pt,lattice continuity / liquid-front display
L04-0070,4,587.1366417444239,547.4876714084435,lattice_completed,Ga,Mixed,Mixed,lattice continuity / liquid-front display
L04-0071,4,575.1607744123052,565.5324068855023,lattice_completed,Pt,Pt,Pt,lattice continuity / liquid-front display
L04-0072,4,563.1849070801863,583.5771423625613,lattice_completed,Ga,Mixed,Mixed,lattice continuity / liquid-front display
L04-0073,4,549.4648164373954,605.8177516199639,weak_peak_refined,Pt,Pt,Pt,image-supported weak peak
L04-0074,4,539.2331724159487,619.6666133166789,lattice_completed,Ga,Mixed,Mixed,lattice continuity / liquid-front display
L04-0075,4,527.2573050838299,637.7113487937377,lattice_completed,Pt,Pt,Pt,lattice continuity / liquid-front display
L04-0076,4,515.2814377517111,655.7560842707965,lattice_completed,Ga,Mixed,Mixed,lattice continuity / liquid-front display
L04-0077,4,503.3055704195923,673.8008197478555,lattice_completed,Pt,Pt,Pt,lattice continuity / liquid-front display
L04-0078,4,491.3297030874735,691.8455552249143,lattice_completed,Ga,Mixed,Mixed,lattice continuity / liquid-front display
L04-0079,4,477.959120867886,714.4753917158794,weak_peak_refined,Pt,Pt,Pt,image-supported weak peak
L04-0080,4,466.3732204102922,731.3147519827123,weak_peak_refined,Ga,Mixed,Mixed,image-supported weak peak
L04-0081,4,454.6951894665872,748.4124154462107,strong_peak_refined,Pt,Pt,Pt,image-supported strong peak
L04-0082,4,443.0673047659955,768.8532234650799,weak_peak_refined,Ga,Mixed,Mixed,image-supported weak peak
L04-0083,4,431.0830499738788,786.9153482365766,weak_peak_refined,Pt,Pt,Pt,image-supported weak peak
L04-0084,4,679.2969343084035,437.6132199042453,strong_peak_refined,Pt,Pt,Pt,image-supported strong peak
L04-0085,4,676.7513884002362,453.41105365200696,strong_peak_refined,Pt,Pt,Pt,image-supported strong peak
L04-0086,4,659.668285265494,478.4575977739339,weak_peak_refined,Ga,Mixed,Mixed,image-supported weak peak
L04-0087,4,645.8509428488131,493.6277623821314,strong_peak_refined,Pt,Pt,Pt,image-supported strong peak
L04-0088,4,634.4636216798468,514.9719607872499,weak_peak_refined,Ga,Mixed,Mixed,image-supported weak peak
L04-0089,4,622.5294466120529,528.4021479002624,lattice_completed,Pt,Pt,Pt,lattice continuity / liquid-front display
L04-0090,4,610.5078877765693,547.1077901261676,strong_peak_refined,Ga,Mixed,Mixed,image-supported strong peak
L04-0091,4,597.267727239567,565.9560715132437,strong_peak_refined,Pt,Pt,Pt,image-supported strong peak
L04-0092,4,586.6018446156966,582.536354331439,lattice_completed,Ga,Mixed,Mixed,lattice continuity / liquid-front display
L04-0093,4,574.6259772835778,600.5810898084978,lattice_completed,Pt,Pt,Pt,lattice continuity / liquid-front display
L04-0094,4,562.650109951459,618.6258252855566,lattice_completed,Ga,Mixed,Mixed,lattice continuity / liquid-front display
L04-0095,4,550.6742426193401,636.6705607626154,lattice_completed,Pt,Pt,Pt,lattice continuity / liquid-front display
L04-0096,4,538.6983752872213,654.7152962396742,lattice_completed,Ga,Mixed,Mixed,lattice continuity / liquid-front display
L04-0097,4,526.7225079551025,672.7600317167332,lattice_completed,Pt,Pt,Pt,lattice continuity / liquid-front display
L04-0098,4,514.7466406229837,690.804767193792,lattice_completed,Ga,Mixed,Mixed,lattice continuity / liquid-front display
L04-0099,4,501.8431908599355,710.3698534929075,strong_peak_refined,Pt,Pt,Pt,image-supported strong peak
L04-0100,4,490.7949059587461,726.8942381479096,lattice_completed,Ga,Mixed,Mixed,lattice continuity / liquid-front display
L04-0101,4,477.941113982678,749.9226859043225,weak_peak_refined,Pt,Pt,Pt,image-supported weak peak
L04-0102,4,466.1599298078292,767.613947726121,weak_peak_refined,Ga,Mixed,Mixed,image-supported weak peak
L04-0103,4,454.6688979540346,781.0633400471962,strong_peak_refined,Pt,Pt,Pt,image-supported strong peak
L04-0104,4,443.6542323780041,800.6968745565904,strong_peak_refined,Ga,Mixed,Mixed,image-supported strong peak
L04-0105,4,430.51688980860746,822.3041745907705,weak_peak_refined,Pt,Pt,Pt,image-supported weak peak
L04-0106,4,705.4685188112368,437.137682483846,strong_peak_refined,Pt,Pt,Pt,image-supported strong peak
L04-0107,4,701.5947928150391,455.3462878853662,weak_peak_refined,Pt,Pt,Pt,image-supported weak peak
L04-0108,4,682.302402312077,475.6332257456716,strong_peak_refined,Ga,Mixed,Mixed,image-supported strong peak
L04-0109,4,671.4057311856341,493.5302916152683,strong_peak_refined,Pt,Pt,Pt,image-supported strong peak
L04-0110,4,658.6392082759509,513.2771970017321,weak_peak_refined,Ga,Mixed,Mixed,image-supported weak peak
L04-0111,4,645.4431032958971,531.844372981621,weak_peak_refined,Pt,Pt,Pt,image-supported weak peak
L04-0112,4,633.9705168154443,545.406095346199,lattice_completed,Ga,Mixed,Mixed,lattice continuity / liquid-front display
L04-0113,4,621.5205192739609,566.5675498865137,weak_peak_refined,Pt,Pt,Pt,image-supported weak peak
L04-0114,4,608.6432438479857,584.9017366630048,weak_peak_refined,Ga,Mixed,Mixed,image-supported weak peak
L04-0115,4,596.5378312735255,603.5342202851992,weak_peak_refined,Pt,Pt,Pt,image-supported weak peak
L04-0116,4,584.166353929189,620.6709907349607,weak_peak_refined,Ga,Mixed,Mixed,image-supported weak peak
L04-0117,4,574.0911801548503,635.6297727314932,lattice_completed,Pt,Pt,Pt,lattice continuity / liquid-front display
L04-0118,4,562.1153128227315,653.674508208552,lattice_completed,Ga,Mixed,Mixed,lattice continuity / liquid-front display
L04-0119,4,550.1394454906127,671.7192436856108,lattice_completed,Pt,Pt,Pt,lattice continuity / liquid-front display
L04-0120,4,538.1635781584939,689.7639791626698,lattice_completed,Ga,Mixed,Mixed,lattice continuity / liquid-front display
L04-0121,4,525.2505518777833,712.0550835547983,weak_peak_refined,Pt,Pt,Pt,image-supported weak peak
L04-0122,4,512.8596836422911,730.2687686596403,weak_peak_refined,Ga,Mixed,Mixed,image-supported weak peak
L04-0123,4,501.3874552072288,747.4918551520598,weak_peak_refined,Pt,Pt,Pt,image-supported weak peak
L04-0124,4,490.08356283856455,763.079350880467,strong_peak_refined,Ga,Mixed,Mixed,image-supported strong peak
L04-0125,4,478.0604614746622,782.4804836810587,strong_peak_refined,Pt,Pt,Pt,image-supported strong peak
L04-0126,4,466.6303722848356,799.927679153563,strong_peak_refined,Ga,Mixed,Mixed,image-supported strong peak
L04-0127,4,454.3254500000499,820.7924129097668,weak_peak_refined,Pt,Pt,Pt,image-supported weak peak
L04-0128,4,442.4454624370233,837.6971289169754,weak_peak_refined,Ga,Mixed,Mixed,image-supported weak peak
L04-0129,4,730.1460737728179,432.4737941045819,strong_peak_refined,Pt,Pt,Pt,image-supported strong peak
L04-0130,4,718.8891298662977,452.4474731486427,strong_peak_refined,Pt,Pt,Pt,image-supported strong peak
L04-0131,4,704.6657723440111,469.4172327140088,strong_peak_refined,Pt,Pt,Pt,image-supported strong peak
L04-0132,4,693.6694138411779,491.7173950964682,strong_peak_refined,Pt,Pt,Pt,image-supported strong peak
L04-0133,4,681.3391890151921,508.27583636095903,lattice_completed,Ga,Mixed,Mixed,lattice continuity / liquid-front display
L04-0134,4,669.3633216830733,526.3205718380179,lattice_completed,Pt,Pt,Pt,lattice continuity / liquid-front display
L04-0135,4,657.3874543509545,544.3653073150767,lattice_completed,Ga,Mixed,Mixed,lattice continuity / liquid-front display
L04-0136,4,644.771664720325,567.5055772705829,weak_peak_refined,Pt,Pt,Pt,image-supported weak peak
L04-0137,4,633.4357196867169,580.4547782691943,lattice_completed,Ga,Mixed,Mixed,lattice continuity / liquid-front display
L04-0138,4,619.826137616985,602.5406463736396,weak_peak_refined,Pt,Pt,Pt,image-supported weak peak
L04-0139,4,609.4839850224794,616.5442492233121,lattice_completed,Ga,Mixed,Mixed,lattice continuity / liquid-front display
L04-0140,4,597.5081176903606,634.5889847003709,lattice_completed,Pt,Pt,Pt,lattice continuity / liquid-front display
L04-0141,4,585.5322503582418,652.6337201774297,lattice_completed,Ga,Mixed,Mixed,lattice continuity / liquid-front display
L04-0142,4,573.556383026123,670.6784556544885,lattice_completed,Pt,Pt,Pt,lattice continuity / liquid-front display
L04-0143,4,561.5805156940041,688.7231911315473,lattice_completed,Ga,Mixed,Mixed,lattice continuity / liquid-front display
L04-0144,4,549.6046483618853,706.7679266086063,lattice_completed,Pt,Pt,Pt,lattice continuity / liquid-front display
L04-0145,4,536.9732044093188,726.754748241067,strong_peak_refined,Ga,Mixed,Mixed,image-supported strong peak
L04-0146,4,525.6529136976477,742.8573975627239,lattice_completed,Pt,Pt,Pt,lattice continuity / liquid-front display
L04-0147,4,513.0967188057566,763.4645846082738,strong_peak_refined,Ga,Mixed,Mixed,image-supported strong peak
L04-0148,4,501.7011790334101,778.9468685168415,lattice_completed,Pt,Pt,Pt,lattice continuity / liquid-front display
L04-0149,4,489.6720495553673,800.2154048257262,weak_peak_refined,Ga,Mixed,Mixed,image-supported weak peak
L04-0150,4,477.5700847611008,820.1396299495752,weak_peak_refined,Pt,Pt,Pt,image-supported weak peak
L04-0151,4,465.9637703281394,837.9448698061587,weak_peak_refined,Ga,Mixed,Mixed,image-supported weak peak
L04-0152,4,453.4745060978888,855.8928377607157,weak_peak_refined,Pt,Pt,Pt,image-supported weak peak
L04-0153,4,754.9336453406626,433.6204026355965,strong_peak_refined,Pt,Pt,Pt,image-supported strong peak
L04-0154,4,741.6692570028765,449.5376556504054,strong_peak_refined,Pt,Pt,Pt,image-supported strong peak
L04-0155,4,728.7927260023225,470.8178053995374,strong_peak_refined,Pt,Pt,Pt,image-supported strong peak
L04-0156,4,715.7969873039983,490.8231441225101,strong_peak_refined,Pt,Pt,Pt,image-supported strong peak
L04-0157,4,704.65751144045,511.3687315748994,weak_peak_refined,Ga,Mixed,Mixed,image-supported weak peak
L04-0158,4,693.518150025529,529.6251506570778,weak_peak_refined,Pt,Pt,Pt,image-supported weak peak
L04-0159,4,679.8946804949659,548.090832154269,weak_peak_refined,Ga,Mixed,Mixed,image-supported weak peak
L04-0160,4,668.6405831537585,565.448428611721,weak_peak_refined,Pt,Pt,Pt,image-supported weak peak
L04-0161,4,656.8526572222271,579.4139902380721,lattice_completed,Ga,Mixed,Mixed,lattice continuity / liquid-front display
L04-0162,4,644.8767898901084,597.4587257151309,lattice_completed,Pt,Pt,Pt,lattice continuity / liquid-front display
L04-0163,4,632.9009225579896,615.5034611921897,lattice_completed,Ga,Mixed,Mixed,lattice continuity / liquid-front display
L04-0164,4,619.2264510985394,637.375789268623,weak_peak_refined,Pt,Pt,Pt,image-supported weak peak
L04-0165,4,608.949187893752,651.5929321463075,lattice_completed,Ga,Mixed,Mixed,lattice continuity / liquid-front display
L04-0166,4,595.9031356929585,672.8879666010857,weak_peak_refined,Pt,Pt,Pt,image-supported weak peak
L04-0167,4,584.2322402090479,689.2882127453437,strong_peak_refined,Ga,Mixed,Mixed,image-supported strong peak
L04-0168,4,573.0215858973955,705.7271385774839,lattice_completed,Pt,Pt,Pt,lattice continuity / liquid-front display
L04-0169,4,559.8900545704385,725.3273860394172,strong_peak_refined,Ga,Mixed,Mixed,image-supported strong peak
L04-0170,4,548.3410265942246,743.7037948947404,strong_peak_refined,Pt,Pt,Pt,image-supported strong peak
L04-0171,4,537.0939839010391,759.8613450086605,lattice_completed,Ga,Mixed,Mixed,lattice continuity / liquid-front display
L04-0172,4,524.235015798035,781.7323781291793,weak_peak_refined,Pt,Pt,Pt,image-supported weak peak
L04-0173,4,512.3716369975236,796.3882029121232,strong_peak_refined,Ga,Mixed,Mixed,image-supported strong peak
L04-0174,4,500.73489302937855,818.3247117763298,weak_peak_refined,Pt,Pt,Pt,image-supported weak peak
L04-0175,4,489.6456938346387,835.117827639662,weak_peak_refined,Ga,Mixed,Mixed,image-supported weak peak
L04-0176,4,476.3382702946123,855.1494157795026,weak_peak_refined,Pt,Pt,Pt,image-supported weak peak
L04-0177,4,465.364826626849,869.39630385553,strong_peak_refined,Ga,Mixed,Mixed,image-supported strong peak
L04-0178,4,781.0630897667836,434.2891400863882,strong_peak_refined,Pt,Pt,Pt,image-supported strong peak
L04-0179,4,764.4709083712398,448.2719558116043,strong_peak_refined,Pt,Pt,Pt,image-supported strong peak
L04-0180,4,753.9473628346975,471.1833054338275,strong_peak_refined,Pt,Pt,Pt,image-supported strong peak
L04-0181,4,742.1572900196804,489.3129195347248,strong_peak_refined,Pt,Pt,Pt,image-supported strong peak
L04-0182,4,728.7645744356333,509.1786655480479,weak_peak_refined,Ga,Mixed,Mixed,image-supported weak peak
L04-0183,4,716.5583981895504,525.8733732216064,strong_peak_refined,Pt,Pt,Pt,image-supported strong peak
L04-0184,4,703.922677096404,543.3524924740591,strong_peak_refined,Ga,Mixed,Mixed,image-supported strong peak
L04-0185,4,692.2454620898561,560.328466729891,lattice_completed,Pt,Pt,Pt,lattice continuity / liquid-front display
L04-0186,4,680.2695947577373,578.3732022069498,lattice_completed,Ga,Mixed,Mixed,lattice continuity / liquid-front display
L04-0187,4,666.1844393621693,600.7382880262826,weak_peak_refined,Pt,Pt,Pt,image-supported weak peak
L04-0188,4,656.3178600934998,614.4626731610674,lattice_completed,Ga,Mixed,Mixed,lattice continuity / liquid-front display
L04-0189,4,644.341992761381,632.5074086381264,lattice_completed,Pt,Pt,Pt,lattice continuity / liquid-front display
L04-0190,4,632.3661254292622,650.5521441151852,lattice_completed,Ga,Mixed,Mixed,lattice continuity / liquid-front display
L04-0191,4,620.3902580971434,668.596879592244,lattice_completed,Pt,Pt,Pt,lattice continuity / liquid-front display
L04-0192,4,608.4143907650246,686.6416150693028,lattice_completed,Ga,Mixed,Mixed,lattice continuity / liquid-front display
L04-0193,4,596.4385234329058,704.6863505463616,lattice_completed,Pt,Pt,Pt,lattice continuity / liquid-front display
L04-0194,4,584.462656100787,722.7310860234204,lattice_completed,Ga,Mixed,Mixed,lattice continuity / liquid-front display
L04-0195,4,572.4867887686681,740.7758215004794,lattice_completed,Pt,Pt,Pt,lattice continuity / liquid-front display
L04-0196,4,560.5109214365493,758.8205569775382,lattice_completed,Ga,Mixed,Mixed,lattice continuity / liquid-front display
L04-0197,4,548.5350541044305,776.865292454597,lattice_completed,Pt,Pt,Pt,lattice continuity / liquid-front display
L04-0198,4,536.5591867723118,794.9100279316558,lattice_completed,Ga,Mixed,Mixed,lattice continuity / liquid-front display
L04-0199,4,524.5833194401929,812.9547634087146,lattice_completed,Pt,Pt,Pt,lattice continuity / liquid-front display
L04-0200,4,512.462785954616,834.0199142386572,weak_peak_refined,Ga,Mixed,Mixed,image-supported weak peak
L04-0201,4,501.04587369547977,850.1396360376399,strong_peak_refined,Pt,Pt,Pt,image-supported strong peak
L04-0202,4,488.4309438660769,866.2734346521607,strong_peak_refined,Ga,Mixed,Mixed,image-supported strong peak
L04-0203,4,476.2877652272163,889.7626816291464,weak_peak_refined,Pt,Pt,Pt,image-supported weak peak
L04-0204,4,789.0369907741056,455.159916338017,weak_peak_refined,Pt,Pt,Pt,image-supported weak peak
L04-0205,4,777.7852517891386,467.9907994618215,strong_peak_refined,Pt,Pt,Pt,image-supported strong peak
L04-0206,4,764.3725584391372,487.7380451377084,strong_peak_refined,Pt,Pt,Pt,image-supported strong peak
L04-0207,4,751.94913567193,506.4436134395407,strong_peak_refined,Pt,Pt,Pt,image-supported strong peak
L04-0208,4,738.8346084389932,525.4766815606625,strong_peak_refined,Pt,Pt,Pt,image-supported strong peak
L04-0209,4,726.7801230670893,546.014075578977,weak_peak_refined,Ga,Mixed,Mixed,image-supported weak peak
L04-0210,4,715.6623996253663,559.2876786987688,lattice_completed,Pt,Pt,Pt,lattice continuity / liquid-front display
L04-0211,4,703.6865322932475,577.3324141758276,lattice_completed,Ga,Mixed,Mixed,lattice continuity / liquid-front display
L04-0212,4,691.7106649611288,595.3771496528864,lattice_completed,Pt,Pt,Pt,lattice continuity / liquid-front display
L04-0213,4,679.73479762901,613.4218851299452,lattice_completed,Ga,Mixed,Mixed,lattice continuity / liquid-front display
L04-0214,4,666.6799380722283,633.3281240637955,strong_peak_refined,Pt,Pt,Pt,image-supported strong peak
L04-0215,4,655.7830629647724,649.511356084063,lattice_completed,Ga,Mixed,Mixed,lattice continuity / liquid-front display
L04-0216,4,642.1125678951298,671.7744424122614,weak_peak_refined,Pt,Pt,Pt,image-supported weak peak
L04-0217,4,631.8313283005348,685.6008270381806,lattice_completed,Ga,Mixed,Mixed,lattice continuity / liquid-front display
L04-0218,4,618.4011688194615,708.382165747727,weak_peak_refined,Pt,Pt,Pt,image-supported weak peak
L04-0219,4,607.419687631663,723.7785581687232,strong_peak_refined,Ga,Mixed,Mixed,image-supported strong peak
L04-0220,4,594.4094023722403,744.4065252927992,weak_peak_refined,Pt,Pt,Pt,image-supported weak peak
L04-0221,4,583.0586440500672,762.824104154832,weak_peak_refined,Ga,Mixed,Mixed,image-supported weak peak
L04-0222,4,571.8451339715292,777.1563451014066,strong_peak_refined,Pt,Pt,Pt,image-supported strong peak
L04-0223,4,559.976124307822,793.8692399005336,lattice_completed,Ga,Mixed,Mixed,lattice continuity / liquid-front display
L04-0224,4,547.7729120712304,814.198196533568,strong_peak_refined,Pt,Pt,Pt,image-supported strong peak
L04-0225,4,535.5054857355152,833.9505055520201,weak_peak_refined,Ga,Mixed,Mixed,image-supported weak peak
L04-0226,4,523.6940772234907,852.3348439250883,weak_peak_refined,Pt,Pt,Pt,image-supported weak peak
L04-0227,4,512.3061524984894,868.3695915908002,strong_peak_refined,Ga,Mixed,Mixed,image-supported strong peak
L04-0228,4,500.5290399901916,884.2912448725087,strong_peak_refined,Pt,Pt,Pt,image-supported strong peak
L04-0229,4,487.9899400236101,904.931033716905,weak_peak_refined,Ga,Mixed,Mixed,image-supported weak peak
L04-0230,4,816.8394376625635,449.9169768190524,strong_peak_refined,Pt,Pt,Pt,image-supported strong peak
L04-0231,4,798.3168738636264,465.7636809042797,strong_peak_refined,Pt,Pt,Pt,image-supported strong peak
L04-0232,4,786.3404247115741,482.71863536141376,strong_peak_refined,Pt,Pt,Pt,image-supported strong peak
L04-0233,4,775.8303167370783,501.61090267084944,strong_peak_refined,Pt,Pt,Pt,image-supported strong peak
L04-0234,4,762.1133380710231,523.0452056576903,strong_peak_refined,Pt,Pt,Pt,image-supported strong peak
L04-0235,4,750.3009796596156,543.4943031583825,weak_peak_refined,Ga,Mixed,Mixed,image-supported weak peak
L04-0236,4,737.6947286809683,562.3629831502495,weak_peak_refined,Pt,Pt,Pt,image-supported weak peak
L04-0237,4,727.1034698287577,576.2916261447053,lattice_completed,Ga,Mixed,Mixed,lattice continuity / liquid-front display
L04-0238,4,715.127602496639,594.3363616217641,lattice_completed,Pt,Pt,Pt,lattice continuity / liquid-front display
L04-0239,4,703.1517351645202,612.3810970988229,lattice_completed,Ga,Mixed,Mixed,lattice continuity / liquid-front display
L04-0240,4,689.5381689175211,633.2652253862847,weak_peak_refined,Pt,Pt,Pt,image-supported weak peak
L04-0241,4,677.3482586374865,651.7698263135426,weak_peak_refined,Ga,Mixed,Mixed,image-supported weak peak
L04-0242,4,667.2241331681638,666.5153035299995,lattice_completed,Pt,Pt,Pt,lattice continuity / liquid-front display
L04-0243,4,655.248265836045,684.5600390070583,lattice_completed,Ga,Mixed,Mixed,lattice continuity / liquid-front display
L04-0244,4,641.5941948620662,706.7519641258335,weak_peak_refined,Pt,Pt,Pt,image-supported weak peak
L04-0245,4,630.3311794571779,723.8532354544379,weak_peak_refined,Ga,Mixed,Mixed,image-supported weak peak
L04-0246,4,619.3206638396886,738.6942454382347,lattice_completed,Pt,Pt,Pt,lattice continuity / liquid-front display
L04-0247,4,607.3447965075698,756.7389809152937,lattice_completed,Ga,Mixed,Mixed,lattice continuity / liquid-front display
L04-0248,4,594.523369781312,778.6862057249168,weak_peak_refined,Pt,Pt,Pt,image-supported weak peak
L04-0249,4,583.5329449096881,795.1814991541173,strong_peak_refined,Ga,Mixed,Mixed,image-supported strong peak
L04-0250,4,571.0260309151461,814.7874336642601,weak_peak_refined,Pt,Pt,Pt,image-supported weak peak
L04-0251,4,558.6858027188234,833.6591396333017,weak_peak_refined,Ga,Mixed,Mixed,image-supported weak peak
L04-0252,4,547.5378243002116,847.6301435381331,strong_peak_refined,Pt,Pt,Pt,image-supported strong peak
L04-0253,4,535.2347375167399,868.3235254219315,weak_peak_refined,Ga,Mixed,Mixed,image-supported weak peak
L04-0254,4,522.8452489071068,887.9190583892765,weak_peak_refined,Pt,Pt,Pt,image-supported weak peak
L04-0255,4,510.9171770333967,899.2453002008374,strong_peak_refined,Ga,Mixed,Mixed,image-supported strong peak
L04-0256,4,499.5619905185006,919.1416002088232,lattice_completed,Pt,Pt,Pt,lattice continuity / liquid-front display
L04-0257,4,827.6545991973298,461.8013991383887,strong_peak_refined,Pt,Pt,Pt,image-supported strong peak
L04-0258,4,809.996245052632,482.3021901868912,strong_peak_refined,Pt,Pt,Pt,image-supported strong peak
L04-0259,4,798.4238766927432,501.9686758695793,strong_peak_refined,Pt,Pt,Pt,image-supported strong peak
L04-0260,4,785.7502045658345,521.3117022441729,strong_peak_refined,Pt,Pt,Pt,image-supported strong peak
L04-0261,4,774.0474495028449,539.1205867518365,strong_peak_refined,Pt,Pt,Pt,image-supported strong peak
L04-0262,4,761.7865514428244,559.4365183749583,strong_peak_refined,Pt,Pt,Pt,image-supported strong peak
L04-0263,4,750.520407364268,575.2508381135829,lattice_completed,Ga,Mixed,Mixed,lattice continuity / liquid-front display
L04-0264,4,738.1689118145285,595.5349303707762,strong_peak_refined,Pt,Pt,Pt,image-supported strong peak
L04-0265,4,726.5686727000304,611.3403090677007,lattice_completed,Ga,Mixed,Mixed,lattice continuity / liquid-front display
L04-0266,4,712.646010228679,633.742634896753,weak_peak_refined,Pt,Pt,Pt,image-supported weak peak
L04-0267,4,700.1170098479797,651.6642458622324,weak_peak_refined,Ga,Mixed,Mixed,image-supported weak peak
L04-0268,4,690.641070703674,665.474515498877,lattice_completed,Pt,Pt,Pt,lattice continuity / liquid-front display
L04-0269,4,676.9531102173611,688.305025767704,weak_peak_refined,Ga,Mixed,Mixed,image-supported weak peak
L04-0270,4,666.6893360394364,701.5639864529949,lattice_completed,Pt,Pt,Pt,lattice continuity / liquid-front display
L04-0271,4,653.6464633900539,723.6256825533527,weak_peak_refined,Ga,Mixed,Mixed,image-supported weak peak
L04-0272,4,641.9770022091931,737.2831068085497,strong_peak_refined,Pt,Pt,Pt,image-supported strong peak
L04-0273,4,629.7881049347693,760.4307096435647,weak_peak_refined,Ga,Mixed,Mixed,image-supported weak peak
L04-0274,4,618.2743647684434,777.9627863792324,weak_peak_refined,Pt,Pt,Pt,image-supported weak peak
L04-0275,4,606.6587058665992,793.3443139644017,strong_peak_refined,Ga,Mixed,Mixed,image-supported strong peak
L04-0276,4,593.873155041134,814.2353009013389,weak_peak_refined,Pt,Pt,Pt,image-supported weak peak
L04-0277,4,582.3505977582125,829.9110790134035,strong_peak_refined,Ga,Mixed,Mixed,image-supported strong peak
L04-0278,4,571.0472295576075,844.9499976530897,strong_peak_refined,Pt,Pt,Pt,image-supported strong peak
L04-0279,4,558.7666912082485,868.2392678075003,weak_peak_refined,Ga,Mixed,Mixed,image-supported weak peak
L04-0280,4,546.3247300828492,885.5310471538389,weak_peak_refined,Pt,Pt,Pt,image-supported weak peak
L04-0281,4,534.2042687732892,904.5317700780868,weak_peak_refined,Ga,Mixed,Mixed,image-supported weak peak
L04-0282,4,522.0413018502284,919.763899184928,strong_peak_refined,Pt,Pt,Pt,image-supported strong peak
L04-0283,4,511.003060721892,936.1455476547596,lattice_completed,Ga,Mixed,Mixed,lattice continuity / liquid-front display
L04-0284,4,853.6549143927259,464.2770636898029,weak_peak_refined,Pt,Pt,Pt,image-supported weak peak
L04-0285,4,837.6092925199314,482.5414575690353,strong_peak_refined,Pt,Pt,Pt,image-supported strong peak
L04-0286,4,824.9242881722804,501.41813016014856,strong_peak_refined,Pt,Pt,Pt,image-supported strong peak
L04-0287,4,810.3876006222923,518.4304031307188,strong_peak_refined,Pt,Pt,Pt,image-supported strong peak
L04-0288,4,798.7338135631693,538.1572243681752,strong_peak_refined,Pt,Pt,Pt,image-supported strong peak
L04-0289,4,785.0554224973496,559.3298200806606,weak_peak_refined,Pt,Pt,Pt,image-supported weak peak
L04-0290,4,772.5521833029674,576.355435698553,strong_peak_refined,Ga,Mixed,Mixed,image-supported strong peak
L04-0291,4,761.1230310571618,592.4897452372021,strong_peak_refined,Pt,Pt,Pt,image-supported strong peak
L04-0292,4,748.3318644378461,615.1290233013399,weak_peak_refined,Ga,Mixed,Mixed,image-supported weak peak
L04-0293,4,735.900883329305,632.7298123408339,weak_peak_refined,Pt,Pt,Pt,image-supported weak peak
L04-0294,4,726.033875571303,646.388991990696,lattice_completed,Ga,Mixed,Mixed,lattice continuity / liquid-front display
L04-0295,4,714.0580082391842,664.4337274677548,lattice_completed,Pt,Pt,Pt,lattice continuity / liquid-front display
L04-0296,4,700.2357009634244,685.738937901491,weak_peak_refined,Ga,Mixed,Mixed,image-supported weak peak
L04-0297,4,688.3209361899945,701.8449816057469,strong_peak_refined,Pt,Pt,Pt,image-supported strong peak
L04-0298,4,678.1304062428278,718.5679338989314,lattice_completed,Ga,Mixed,Mixed,lattice continuity / liquid-front display
L04-0299,4,664.9711028131209,738.0153060011562,strong_peak_refined,Pt,Pt,Pt,image-supported strong peak
L04-0300,4,653.3429754442577,757.5941371767309,weak_peak_refined,Ga,Mixed,Mixed,image-supported weak peak
L04-0301,4,641.4217448428932,776.9190535536627,weak_peak_refined,Pt,Pt,Pt,image-supported weak peak
L04-0302,4,629.9935351999029,794.185433078829,weak_peak_refined,Ga,Mixed,Mixed,image-supported weak peak
L04-0303,4,618.2510695822338,808.7916112842256,lattice_completed,Pt,Pt,Pt,lattice continuity / liquid-front display
L04-0304,4,605.5973151371909,825.217347977836,strong_peak_refined,Ga,Mixed,Mixed,image-supported strong peak
L04-0305,4,594.2993349179961,844.8810822383432,lattice_completed,Pt,Pt,Pt,lattice continuity / liquid-front display
L04-0306,4,581.9375239971365,861.792085703863,strong_peak_refined,Ga,Mixed,Mixed,image-supported strong peak
L04-0307,4,569.8065236394331,881.93817917315,strong_peak_refined,Pt,Pt,Pt,image-supported strong peak
L04-0308,4,558.3717329216398,899.0152886695198,lattice_completed,Ga,Mixed,Mixed,lattice continuity / liquid-front display
L04-0309,4,545.5858775383088,920.926938377369,weak_peak_refined,Pt,Pt,Pt,image-supported weak peak
L04-0310,4,533.6713785885012,939.4263939628604,weak_peak_refined,Ga,Mixed,Mixed,image-supported weak peak
L04-0311,4,521.8316655980699,957.1218107423292,weak_peak_refined,Pt,Pt,Pt,image-supported weak peak
L04-0312,4,858.5309212406812,480.4785819027945,strong_peak_refined,Pt,Pt,Pt,image-supported strong peak
L04-0313,4,846.8025296594969,500.2555535560346,strong_peak_refined,Pt,Pt,Pt,image-supported strong peak
L04-0314,4,834.0836201774745,518.2968805093424,strong_peak_refined,Pt,Pt,Pt,image-supported strong peak
L04-0315,4,821.8320911988355,539.3580635684713,strong_peak_refined,Pt,Pt,Pt,image-supported strong peak
L04-0316,4,809.0608970409097,557.2223698450875,strong_peak_refined,Pt,Pt,Pt,image-supported strong peak
L04-0317,4,796.4962318598951,576.8391286561158,weak_peak_refined,Ga,Mixed,Mixed,image-supported weak peak
L04-0318,4,783.9348038081991,595.5689499717861,weak_peak_refined,Pt,Pt,Pt,image-supported weak peak
L04-0319,4,771.9753280313249,614.1063445507887,weak_peak_refined,Ga,Mixed,Mixed,image-supported weak peak
L04-0320,4,759.406015269252,631.8823720014826,weak_peak_refined,Pt,Pt,Pt,image-supported weak peak
L04-0321,4,747.7414083345152,649.9918056107674,weak_peak_refined,Ga,Mixed,Mixed,image-supported weak peak
L04-0322,4,735.2437926214529,666.605056370227,weak_peak_refined,Pt,Pt,Pt,image-supported weak peak
L04-0323,4,723.620618753777,684.5215966797674,weak_peak_refined,Ga,Mixed,Mixed,image-supported weak peak
L04-0324,4,712.0225278830087,703.2988214112671,weak_peak_refined,Pt,Pt,Pt,image-supported weak peak
L04-0325,4,701.547343778338,717.5271458678092,lattice_completed,Ga,Mixed,Mixed,lattice continuity / liquid-front display
L04-0326,4,688.5512125058157,736.0325158061389,strong_peak_refined,Pt,Pt,Pt,image-supported strong peak
L04-0327,4,677.5956091141004,753.6166168219268,lattice_completed,Ga,Mixed,Mixed,lattice continuity / liquid-front display
L04-0328,4,664.8045311764236,775.089927411974,weak_peak_refined,Pt,Pt,Pt,image-supported weak peak
L04-0329,4,653.2586025726644,794.6519594250909,weak_peak_refined,Ga,Mixed,Mixed,image-supported weak peak
L04-0330,4,640.9509515563989,812.6645186873149,weak_peak_refined,Pt,Pt,Pt,image-supported weak peak
L04-0331,4,629.5074799587375,831.034786230756,weak_peak_refined,Ga,Mixed,Mixed,image-supported weak peak
L04-0332,4,617.7162724535063,843.840294207221,lattice_completed,Pt,Pt,Pt,lattice continuity / liquid-front display
L04-0333,4,604.9452364843532,862.0916509637117,strong_peak_refined,Ga,Mixed,Mixed,image-supported strong peak
L04-0334,4,593.1231346661064,883.6968899490012,weak_peak_refined,Pt,Pt,Pt,image-supported weak peak
L04-0335,4,581.308952898438,903.1451154200462,weak_peak_refined,Ga,Mixed,Mixed,image-supported weak peak
L04-0336,4,569.2437808912684,917.435277448174,strong_peak_refined,Pt,Pt,Pt,image-supported strong peak
L04-0337,4,557.3874889869466,936.611204812331,strong_peak_refined,Ga,Mixed,Mixed,image-supported strong peak
L04-0338,4,545.1307391085438,954.0581518414356,strong_peak_refined,Pt,Pt,Pt,image-supported strong peak
L04-0339,4,881.1093689646618,478.6032584174214,strong_peak_refined,Pt,Pt,Pt,image-supported strong peak
L04-0340,4,867.3316172155687,498.6481292451029,strong_peak_refined,Pt,Pt,Pt,image-supported strong peak
L04-0341,4,857.3186654639436,514.9652138496888,strong_peak_refined,Pt,Pt,Pt,image-supported strong peak
L04-0342,4,845.4378991708421,535.1883254841385,strong_peak_refined,Pt,Pt,Pt,image-supported strong peak
L04-0343,4,833.0536264329537,551.8312185727402,strong_peak_refined,Pt,Pt,Pt,image-supported strong peak
L04-0344,4,819.9039591494491,574.2438837034731,strong_peak_refined,Pt,Pt,Pt,image-supported strong peak
L04-0345,4,807.1688691298067,594.5406647502463,weak_peak_refined,Pt,Pt,Pt,image-supported weak peak
L04-0346,4,795.0948201961211,611.455685554593,weak_peak_refined,Ga,Mixed,Mixed,image-supported weak peak
L04-0347,4,784.8436179744423,626.2626804513927,lattice_completed,Pt,Pt,Pt,lattice continuity / liquid-front display
L04-0348,4,770.5135262802189,647.9990656904388,weak_peak_refined,Ga,Mixed,Mixed,image-supported weak peak
L04-0349,4,759.1209399964009,664.6854897303879,weak_peak_refined,Pt,Pt,Pt,image-supported weak peak
L04-0350,4,746.6190082766445,683.4752487862029,weak_peak_refined,Ga,Mixed,Mixed,image-supported weak peak
L04-0351,4,735.1473336702176,702.1824749265439,weak_peak_refined,Pt,Pt,Pt,image-supported weak peak
L04-0352,4,723.6631916728984,719.5104931250496,weak_peak_refined,Ga,Mixed,Mixed,image-supported weak peak
L04-0353,4,711.7581728293595,735.7327221343215,strong_peak_refined,Pt,Pt,Pt,image-supported strong peak
L04-0354,4,700.2704825573068,756.5288633981877,weak_peak_refined,Ga,Mixed,Mixed,image-supported weak peak
L04-0355,4,687.8099295577475,774.6532977646073,weak_peak_refined,Pt,Pt,Pt,image-supported weak peak
L04-0356,4,677.1176058351249,791.1488889433676,strong_peak_refined,Ga,Mixed,Mixed,image-supported strong peak
L04-0357,4,664.5445859776307,811.8118367353295,weak_peak_refined,Pt,Pt,Pt,image-supported weak peak
L04-0358,4,652.3488483890524,829.5215211888886,weak_peak_refined,Ga,Mixed,Mixed,image-supported weak peak
L04-0359,4,640.5594580977264,847.087724237426,weak_peak_refined,Pt,Pt,Pt,image-supported weak peak
L04-0360,4,628.797917966198,865.3697184550966,weak_peak_refined,Ga,Mixed,Mixed,image-supported weak peak
L04-0361,4,617.1814753247791,878.8889771302163,lattice_completed,Pt,Pt,Pt,lattice continuity / liquid-front display
L04-0362,4,604.8958703696737,898.3351255499094,strong_peak_refined,Ga,Mixed,Mixed,image-supported strong peak
L04-0363,4,592.5014279124172,919.9250210228728,weak_peak_refined,Pt,Pt,Pt,image-supported weak peak
L04-0364,4,580.2931052841893,934.1367035857544,strong_peak_refined,Ga,Mixed,Mixed,image-supported strong peak
L04-0365,4,568.2655055593868,950.882288549872,strong_peak_refined,Pt,Pt,Pt,image-supported strong peak
L04-0366,4,556.209586696092,973.6881473385872,weak_peak_refined,Ga,Mixed,Mixed,image-supported weak peak
L04-0367,4,892.091626834784,498.9087440808585,lattice_completed,Pt,Pt,Pt,lattice continuity / liquid-front display
L04-0368,4,880.1157595026652,516.9534795579173,lattice_completed,Pt,Pt,Pt,lattice continuity / liquid-front display
L04-0369,4,873.0051579535818,538.301160124474,weak_peak_refined,Pt,Pt,Pt,image-supported weak peak
L04-0370,4,856.374630095746,551.6338795684551,strong_peak_refined,Pt,Pt,Pt,image-supported strong peak
L04-0371,4,843.6294965028943,572.0966751389755,strong_peak_refined,Pt,Pt,Pt,image-supported strong peak
L04-0372,4,831.7571174366051,589.9592595010937,strong_peak_refined,Pt,Pt,Pt,image-supported strong peak
L04-0373,4,819.2270804530095,607.9585919472153,strong_peak_refined,Ga,Mixed,Mixed,image-supported strong peak
L04-0374,4,805.1704856476085,625.7238665580729,strong_peak_refined,Pt,Pt,Pt,image-supported strong peak
L04-0375,4,795.344488811925,645.2524715032638,strong_peak_refined,Ga,Mixed,Mixed,image-supported strong peak
L04-0376,4,782.4255805897167,662.2311806633674,strong_peak_refined,Pt,Pt,Pt,image-supported strong peak
L04-0377,4,770.4581536685912,681.0225081120807,strong_peak_refined,Ga,Mixed,Mixed,image-supported strong peak
L04-0378,4,758.2554477689557,698.6769330442149,strong_peak_refined,Pt,Pt,Pt,image-supported strong peak
L04-0379,4,747.487332408376,717.4063887574396,strong_peak_refined,Ga,Mixed,Mixed,image-supported strong peak
L04-0380,4,735.8013775629038,738.0543046121829,weak_peak_refined,Pt,Pt,Pt,image-supported weak peak
L04-0381,4,723.450214932611,755.550176477831,weak_peak_refined,Ga,Mixed,Mixed,image-supported weak peak
L04-0382,4,711.6825034477278,772.6283711746705,weak_peak_refined,Pt,Pt,Pt,image-supported weak peak
L04-0383,4,700.0868031212998,791.8177012813584,weak_peak_refined,Ga,Mixed,Mixed,image-supported weak peak
L04-0384,4,687.9359784359314,810.2191159204747,weak_peak_refined,Pt,Pt,Pt,image-supported weak peak
L04-0385,4,676.6344131582,828.9361509278781,weak_peak_refined,Ga,Mixed,Mixed,image-supported weak peak
L04-0386,4,664.5169055544654,840.7019786174925,strong_peak_refined,Pt,Pt,Pt,image-supported strong peak
L04-0387,4,651.8511429151324,864.5293601988029,weak_peak_refined,Ga,Mixed,Mixed,image-supported weak peak
L04-0388,4,639.7681803354171,882.3196405572728,weak_peak_refined,Pt,Pt,Pt,image-supported weak peak
L04-0389,4,628.5178965951642,895.5561608657946,strong_peak_refined,Ga,Mixed,Mixed,image-supported strong peak
L04-0390,4,615.9835115466473,918.0337881043066,weak_peak_refined,Pt,Pt,Pt,image-supported weak peak
L04-0391,4,603.9066496123376,936.70350576851,weak_peak_refined,Ga,Mixed,Mixed,image-supported weak peak
L04-0392,4,592.2937549923479,952.2089795782236,strong_peak_refined,Pt,Pt,Pt,image-supported strong peak
L04-0393,4,579.9898839024713,971.4200732321004,weak_peak_refined,Ga,Mixed,Mixed,image-supported weak peak
L04-0394,4,568.1155971097388,987.956222539188,strong_peak_refined,Pt,Pt,Pt,image-supported strong peak
L04-0395,4,908.7526118843616,515.169118475255,strong_peak_refined,Pt,Pt,Pt,image-supported strong peak
L04-0396,4,894.2035069984844,532.6592221402846,strong_peak_refined,Pt,Pt,Pt,image-supported strong peak
L04-0397,4,880.9278691348254,552.6480616640347,strong_peak_refined,Pt,Pt,Pt,image-supported strong peak
L04-0398,4,868.981853620006,568.5755604597376,strong_peak_refined,Pt,Pt,Pt,image-supported strong peak
L04-0399,4,852.736772652013,588.0771031159487,strong_peak_refined,Pt,Pt,Pt,image-supported strong peak
L04-0400,4,843.9764601986034,608.060937604949,strong_peak_refined,Pt,Pt,Pt,image-supported strong peak
L04-0401,4,830.3266013319982,623.304279145152,strong_peak_refined,Pt,Pt,Pt,image-supported strong peak
L04-0402,4,818.1337646958759,641.7925300396462,strong_peak_refined,Ga,Mixed,Mixed,image-supported strong peak
L04-0403,4,806.177556748133,659.6081397915724,strong_peak_refined,Pt,Pt,Pt,image-supported strong peak
L04-0404,4,795.2952065822641,682.1929455780161,weak_peak_refined,Ga,Mixed,Mixed,image-supported weak peak
L04-0405,4,782.2255373239407,696.2586277019791,strong_peak_refined,Pt,Pt,Pt,image-supported strong peak
L04-0406,4,770.5430708907668,715.8704693052548,strong_peak_refined,Ga,Mixed,Mixed,image-supported strong peak
L04-0407,4,759.461944626062,734.6051723917807,strong_peak_refined,Pt,Pt,Pt,image-supported strong peak
L04-0408,4,746.7013895642684,754.0741775543678,weak_peak_refined,Ga,Mixed,Mixed,image-supported weak peak
L04-0409,4,735.3330883747502,771.6358331030667,weak_peak_refined,Pt,Pt,Pt,image-supported weak peak
L04-0410,4,723.753694905225,790.8922114227255,weak_peak_refined,Ga,Mixed,Mixed,image-supported weak peak
L04-0411,4,711.4515661144595,806.9746517918826,strong_peak_refined,Pt,Pt,Pt,image-supported strong peak
L04-0412,4,699.9110433139722,827.5458588874635,weak_peak_refined,Ga,Mixed,Mixed,image-supported weak peak
L04-0413,4,687.8281340212451,841.08742247899,strong_peak_refined,Pt,Pt,Pt,image-supported strong peak
L04-0414,4,675.9912177279183,858.762665590913,lattice_completed,Ga,Mixed,Mixed,lattice continuity / liquid-front display
L04-0415,4,662.9963181880181,880.9636625896836,weak_peak_refined,Pt,Pt,Pt,image-supported weak peak
L04-0416,4,651.8169018034514,894.4525821742495,strong_peak_refined,Ga,Mixed,Mixed,image-supported strong peak
L04-0417,4,639.3017734537034,917.6875961477676,weak_peak_refined,Pt,Pt,Pt,image-supported weak peak
L04-0418,4,627.7943854054622,933.9491114570452,weak_peak_refined,Ga,Mixed,Mixed,image-supported weak peak
L04-0419,4,615.2769738316006,953.5756327606024,weak_peak_refined,Pt,Pt,Pt,image-supported weak peak
L04-0420,4,603.6609747773355,970.6095884058792,weak_peak_refined,Ga,Mixed,Mixed,image-supported weak peak
L04-0421,4,591.5065000606663,988.2683135523996,weak_peak_refined,Pt,Pt,Pt,image-supported weak peak
L04-0422,4,921.0669478595264,532.0276819385123,strong_peak_refined,Pt,Pt,Pt,image-supported strong peak
L04-0423,4,907.4053433736572,549.6354768390803,strong_peak_refined,Pt,Pt,Pt,image-supported strong peak
L04-0424,4,894.8535791309631,569.0383819960153,strong_peak_refined,Pt,Pt,Pt,image-supported strong peak
L04-0425,4,878.545752870503,585.1353584534997,strong_peak_refined,Pt,Pt,Pt,image-supported strong peak
L04-0426,4,866.3833951401762,605.5755548312562,strong_peak_refined,Pt,Pt,Pt,image-supported strong peak
L04-0427,4,854.0429751399373,623.0278170543212,strong_peak_refined,Pt,Pt,Pt,image-supported strong peak
L04-0428,4,841.1985918934207,642.0065926239923,strong_peak_refined,Ga,Mixed,Mixed,image-supported strong peak
L04-0429,4,830.0625086880343,659.7065046467989,strong_peak_refined,Pt,Pt,Pt,image-supported strong peak
L04-0430,4,817.971485996108,676.3892213005789,strong_peak_refined,Ga,Mixed,Mixed,image-supported strong peak
L04-0431,4,805.8629024550562,695.4765719800321,strong_peak_refined,Pt,Pt,Pt,image-supported strong peak
L04-0432,4,793.6268885180091,714.9848934928443,strong_peak_refined,Ga,Mixed,Mixed,image-supported strong peak
L04-0433,4,782.2027236979824,734.0205480139161,weak_peak_refined,Pt,Pt,Pt,image-supported weak peak
L04-0434,4,770.5742404943866,751.5060582036035,strong_peak_refined,Ga,Mixed,Mixed,image-supported strong peak
L04-0435,4,759.1677353357426,768.8409701239092,strong_peak_refined,Pt,Pt,Pt,image-supported strong peak
L04-0436,4,747.1416056849607,788.2284119553289,strong_peak_refined,Ga,Mixed,Mixed,image-supported strong peak
L04-0437,4,735.3802077836826,805.7419537756354,strong_peak_refined,Pt,Pt,Pt,image-supported strong peak
L04-0438,4,723.2023035712368,825.4586763914238,weak_peak_refined,Ga,Mixed,Mixed,image-supported weak peak
L04-0439,4,710.5789066382016,842.8943298847444,weak_peak_refined,Pt,Pt,Pt,image-supported weak peak
L04-0440,4,698.9386736723401,862.2425392442337,weak_peak_refined,Ga,Mixed,Mixed,image-supported weak peak
L04-0441,4,686.7787848054558,880.4149049690188,weak_peak_refined,Pt,Pt,Pt,image-supported weak peak
L04-0442,4,674.7048805396073,894.007753175328,strong_peak_refined,Ga,Mixed,Mixed,image-supported strong peak
L04-0443,4,662.9105051959983,913.4341087119916,strong_peak_refined,Pt,Pt,Pt,image-supported strong peak
L04-0444,4,650.5842611134738,934.6141168002456,weak_peak_refined,Ga,Mixed,Mixed,image-supported weak peak
L04-0445,4,639.0402950200756,952.878052237583,weak_peak_refined,Pt,Pt,Pt,image-supported weak peak
L04-0446,4,626.9435352019207,967.7264605626286,strong_peak_refined,Ga,Mixed,Mixed,image-supported strong peak
L04-0447,4,614.7242397702679,985.973211125191,strong_peak_refined,Pt,Pt,Pt,image-supported strong peak
L04-0448,4,602.996413211926,1006.2734259785695,weak_peak_refined,Ga,Mixed,Mixed,image-supported weak peak
L04-0449,4,942.6373878064584,530.6721556194806,strong_peak_refined,Pt,Pt,Pt,image-supported strong peak
L04-0450,4,931.9480668545284,546.7480683078179,strong_peak_refined,Pt,Pt,Pt,image-supported strong peak
L04-0451,4,916.8331574374968,567.037739591862,strong_peak_refined,Pt,Pt,Pt,image-supported strong peak
L04-0452,4,903.0280856153964,584.298164588756,strong_peak_refined,Pt,Pt,Pt,image-supported strong peak
L04-0453,4,891.153870276915,604.865998392687,strong_peak_refined,Pt,Pt,Pt,image-supported strong peak
L04-0454,4,877.3063135250418,624.070280542889,strong_peak_refined,Pt,Pt,Pt,image-supported strong peak
L04-0455,4,865.7432941494756,639.2908930588995,strong_peak_refined,Pt,Pt,Pt,image-supported strong peak
L04-0456,4,852.6061943879045,658.2557197899928,strong_peak_refined,Pt,Pt,Pt,image-supported strong peak
L04-0457,4,841.0112155584189,675.1841959389741,strong_peak_refined,Ga,Mixed,Mixed,image-supported strong peak
L04-0458,4,829.7720893847658,695.7842727224106,strong_peak_refined,Pt,Pt,Pt,image-supported strong peak
L04-0459,4,818.0972547842256,710.8389640391179,strong_peak_refined,Ga,Mixed,Mixed,image-supported strong peak
L04-0460,4,805.9902426627702,731.9078798435362,strong_peak_refined,Pt,Pt,Pt,image-supported strong peak
L04-0461,4,794.2427719486242,750.7016685952368,strong_peak_refined,Ga,Mixed,Mixed,image-supported strong peak
L04-0462,4,782.2855783390896,769.5718563745495,weak_peak_refined,Pt,Pt,Pt,image-supported weak peak
L04-0463,4,770.934614471085,787.3158070911037,weak_peak_refined,Ga,Mixed,Mixed,image-supported weak peak
L04-0464,4,758.6091416813277,804.043557602465,strong_peak_refined,Pt,Pt,Pt,image-supported strong peak
L04-0465,4,747.2355168416374,823.6678238332397,weak_peak_refined,Ga,Mixed,Mixed,image-supported weak peak
L04-0466,4,734.8011622143741,840.4958149697218,strong_peak_refined,Pt,Pt,Pt,image-supported strong peak
L04-0467,4,722.1682169922558,858.4286396297624,strong_peak_refined,Ga,Mixed,Mixed,image-supported strong peak
L04-0468,4,710.6611737470869,877.7012619930478,weak_peak_refined,Pt,Pt,Pt,image-supported weak peak
L04-0469,4,698.3974212357224,895.7550996427398,weak_peak_refined,Ga,Mixed,Mixed,image-supported weak peak
L04-0470,4,686.4885812087141,911.104851791944,strong_peak_refined,Pt,Pt,Pt,image-supported strong peak
L04-0471,4,674.1605278176244,933.1696755474964,weak_peak_refined,Ga,Mixed,Mixed,image-supported weak peak
L04-0472,4,662.3689207376403,951.405770557472,weak_peak_refined,Pt,Pt,Pt,image-supported weak peak
L04-0473,4,650.6992532945865,969.3565596136206,weak_peak_refined,Ga,Mixed,Mixed,image-supported weak peak
L04-0474,4,638.6859949042156,984.4016200559906,strong_peak_refined,Pt,Pt,Pt,image-supported strong peak
L04-0475,4,626.3899324365888,1002.515988585461,strong_peak_refined,Ga,Mixed,Mixed,image-supported strong peak
L04-0476,4,958.6442092122882,544.0361854351044,weak_peak_refined,Pt,Pt,Pt,image-supported weak peak
L04-0477,4,940.424011540998,564.1727323102169,strong_peak_refined,Pt,Pt,Pt,image-supported strong peak
L04-0478,4,930.5621835685248,580.3077814905566,strong_peak_refined,Pt,Pt,Pt,image-supported strong peak
L04-0479,4,914.8488767626802,602.828720898175,strong_peak_refined,Pt,Pt,Pt,image-supported strong peak
L04-0480,4,900.6433562644546,619.0404402824081,strong_peak_refined,Pt,Pt,Pt,image-supported strong peak
L04-0481,4,889.1173523972196,638.653461351478,strong_peak_refined,Pt,Pt,Pt,image-supported strong peak
L04-0482,4,877.3058862290607,654.4733298514841,strong_peak_refined,Pt,Pt,Pt,image-supported strong peak
L04-0483,4,865.7776945551867,672.9308824558977,strong_peak_refined,Ga,Mixed,Mixed,image-supported strong peak
L04-0484,4,852.5499163589004,690.0837859989202,strong_peak_refined,Pt,Pt,Pt,image-supported strong peak
L04-0485,4,841.1024357416254,711.9612620529509,strong_peak_refined,Ga,Mixed,Mixed,image-supported strong peak
L04-0486,4,829.8445006101239,730.760114033694,strong_peak_refined,Pt,Pt,Pt,image-supported strong peak
L04-0487,4,817.9821322151861,751.0661835755062,weak_peak_refined,Ga,Mixed,Mixed,image-supported weak peak
L04-0488,4,806.165979035785,767.9445728526496,strong_peak_refined,Pt,Pt,Pt,image-supported strong peak
L04-0489,4,794.2951214800986,784.7966497664278,strong_peak_refined,Ga,Mixed,Mixed,image-supported strong peak
L04-0490,4,782.1448893121468,801.4935957514589,strong_peak_refined,Pt,Pt,Pt,image-supported strong peak
L04-0491,4,770.8516497694764,822.0976767100179,strong_peak_refined,Ga,Mixed,Mixed,image-supported strong peak
L04-0492,4,758.0352399613564,839.0394008603221,strong_peak_refined,Pt,Pt,Pt,image-supported strong peak
L04-0493,4,746.141799552016,859.8263071174947,weak_peak_refined,Ga,Mixed,Mixed,image-supported weak peak
L04-0494,4,734.2893267946984,876.4988821191586,weak_peak_refined,Pt,Pt,Pt,image-supported weak peak
L04-0495,4,721.9526194602785,892.69230780321,strong_peak_refined,Ga,Mixed,Mixed,image-supported strong peak
L04-0496,4,710.1138473542983,910.5782229814498,strong_peak_refined,Pt,Pt,Pt,image-supported strong peak
L04-0497,4,697.7062997582871,931.2398705791863,weak_peak_refined,Ga,Mixed,Mixed,image-supported weak peak
L04-0498,4,685.9954269840127,947.3622429329732,strong_peak_refined,Pt,Pt,Pt,image-supported strong peak
L04-0499,4,673.2894898126625,968.410961042023,weak_peak_refined,Ga,Mixed,Mixed,image-supported weak peak
L04-0500,4,661.6957215733967,983.6526860475786,strong_peak_refined,Pt,Pt,Pt,image-supported strong peak
L04-0501,4,649.7408788018149,1002.5605788396826,weak_peak_refined,Ga,Mixed,Mixed,image-supported weak peak
L04-0502,4,960.5079908594554,569.1711476132701,weak_peak_refined,Pt,Pt,Pt,image-supported weak peak
L04-0503,4,956.2679149398202,581.7805323454793,weak_peak_refined,Pt,Pt,Pt,image-supported weak peak
L04-0504,4,937.9291070630602,598.4789574659623,strong_peak_refined,Pt,Pt,Pt,image-supported strong peak
L04-0505,4,928.4744743188896,617.8554190913095,strong_peak_refined,Pt,Pt,Pt,image-supported strong peak
L04-0506,4,913.5545255372334,635.5033197566288,strong_peak_refined,Pt,Pt,Pt,image-supported strong peak
L04-0507,4,900.7932489240102,653.4461137803557,strong_peak_refined,Pt,Pt,Pt,image-supported strong peak
L04-0508,4,888.5836423109532,671.3740506638416,strong_peak_refined,Pt,Pt,Pt,image-supported strong peak
L04-0509,4,876.503093740885,689.4127786305099,strong_peak_refined,Pt,Pt,Pt,image-supported strong peak
L04-0510,4,863.7385712980024,708.1921636923859,strong_peak_refined,Ga,Mixed,Mixed,image-supported strong peak
L04-0511,4,852.6078412085968,725.3212762817257,strong_peak_refined,Pt,Pt,Pt,image-supported strong peak
L04-0512,4,841.745514565453,747.1813365175756,strong_peak_refined,Ga,Mixed,Mixed,image-supported strong peak
L04-0513,4,829.4137581671904,765.1376284909372,strong_peak_refined,Pt,Pt,Pt,image-supported strong peak
L04-0514,4,817.9096502083975,783.2015092491337,strong_peak_refined,Ga,Mixed,Mixed,image-supported strong peak
L04-0515,4,805.8974134460933,801.4583075431478,strong_peak_refined,Pt,Pt,Pt,image-supported strong peak
L04-0516,4,794.3617481334393,820.2695056808902,strong_peak_refined,Ga,Mixed,Mixed,image-supported strong peak
L04-0517,4,782.379239250561,837.4566413026013,strong_peak_refined,Pt,Pt,Pt,image-supported strong peak
L04-0518,4,769.5797679500349,857.6179998702294,weak_peak_refined,Ga,Mixed,Mixed,image-supported weak peak
L04-0519,4,757.9811221064601,874.6010694006318,strong_peak_refined,Pt,Pt,Pt,image-supported strong peak
L04-0520,4,745.317645969766,893.6421186358258,weak_peak_refined,Ga,Mixed,Mixed,image-supported weak peak
L04-0521,4,733.729459653711,911.9547394784728,weak_peak_refined,Pt,Pt,Pt,image-supported weak peak
L04-0522,4,721.7050797939472,929.7024889940568,weak_peak_refined,Ga,Mixed,Mixed,image-supported weak peak
L04-0523,4,709.1924983024804,948.1420144478876,weak_peak_refined,Pt,Pt,Pt,image-supported weak peak
L04-0524,4,697.1354513014742,966.796147962865,weak_peak_refined,Ga,Mixed,Mixed,image-supported weak peak
L04-0525,4,685.143138307304,983.1030076214046,strong_peak_refined,Pt,Pt,Pt,image-supported strong peak
L04-0526,4,673.3606845806402,1002.5485297630293,weak_peak_refined,Ga,Mixed,Mixed,image-supported weak peak
L04-0527,4,661.7313758862205,1018.1167851315222,strong_peak_refined,Pt,Pt,Pt,image-supported strong peak
L04-0528,4,971.3277431415391,574.5569105628138,weak_peak_refined,Pt,Pt,Pt,image-supported weak peak
L04-0529,4,961.4308605620156,597.157065073656,strong_peak_refined,Pt,Pt,Pt,image-supported strong peak
L04-0530,4,948.1646731067298,615.9300306779134,strong_peak_refined,Pt,Pt,Pt,image-supported strong peak
L04-0531,4,938.2021301249132,633.3198838046161,strong_peak_refined,Pt,Pt,Pt,image-supported strong peak
L04-0532,4,925.1726341797624,650.7508180360236,strong_peak_refined,Pt,Pt,Pt,image-supported strong peak
L04-0533,4,913.8057250474204,669.6630012341677,strong_peak_refined,Pt,Pt,Pt,image-supported strong peak
L04-0534,4,900.777534332702,688.5370928023193,strong_peak_refined,Pt,Pt,Pt,image-supported strong peak
L04-0535,4,889.1807604474213,707.6676765891274,strong_peak_refined,Ga,Mixed,Mixed,image-supported strong peak
L04-0536,4,875.7086349798427,725.3997060374254,strong_peak_refined,Pt,Pt,Pt,image-supported strong peak
L04-0537,4,865.2251200249468,743.6944127598135,strong_peak_refined,Ga,Mixed,Mixed,image-supported strong peak
L04-0538,4,852.3878499696979,764.2519841771482,strong_peak_refined,Pt,Pt,Pt,image-supported strong peak
L04-0539,4,840.9543059930437,782.7841249880291,strong_peak_refined,Ga,Mixed,Mixed,image-supported strong peak
L04-0540,4,829.4177372182257,800.196778861981,strong_peak_refined,Pt,Pt,Pt,image-supported strong peak
L04-0541,4,817.5358993177347,819.2635665137583,strong_peak_refined,Ga,Mixed,Mixed,image-supported strong peak
L04-0542,4,805.5690372144329,836.907459643986,strong_peak_refined,Pt,Pt,Pt,image-supported strong peak
L04-0543,4,793.8536035783561,856.1276575634597,strong_peak_refined,Ga,Mixed,Mixed,image-supported strong peak
L04-0544,4,781.394558505556,870.9276318648634,strong_peak_refined,Pt,Pt,Pt,image-supported strong peak
L04-0545,4,769.5865429777024,891.3935320339143,strong_peak_refined,Ga,Mixed,Mixed,image-supported strong peak
L04-0546,4,757.2960984266648,910.0982770180098,strong_peak_refined,Pt,Pt,Pt,image-supported strong peak
L04-0547,4,745.2674243761171,928.1524216019844,strong_peak_refined,Ga,Mixed,Mixed,image-supported strong peak
L04-0548,4,732.9998362631949,945.1635368476074,strong_peak_refined,Pt,Pt,Pt,image-supported strong peak
L04-0549,4,720.8228003497383,966.0428464318312,weak_peak_refined,Ga,Mixed,Mixed,image-supported weak peak
L04-0550,4,708.5341887527904,982.3327516385818,strong_peak_refined,Pt,Pt,Pt,image-supported strong peak
L04-0551,4,696.669017909964,999.4560547687532,strong_peak_refined,Ga,Mixed,Mixed,image-supported strong peak
L04-0552,4,684.784043049338,1017.7510115980452,strong_peak_refined,Pt,Pt,Pt,image-supported strong peak
L04-0553,4,973.4630436904132,614.3985097184225,strong_peak_refined,Pt,Pt,Pt,image-supported strong peak
L04-0554,4,959.9566101182978,632.6981065615396,strong_peak_refined,Pt,Pt,Pt,image-supported strong peak
L04-0555,4,947.7878204053366,650.1938911741541,strong_peak_refined,Pt,Pt,Pt,image-supported strong peak
L04-0556,4,935.5027183336906,667.4480883570759,strong_peak_refined,Pt,Pt,Pt,image-supported strong peak
L04-0557,4,923.8368644297964,686.3245184686912,strong_peak_refined,Pt,Pt,Pt,image-supported strong peak
L04-0558,4,912.169733650276,705.6402779775159,strong_peak_refined,Pt,Pt,Pt,image-supported strong peak
L04-0559,4,899.0601249668665,723.1028666303183,strong_peak_refined,Pt,Pt,Pt,image-supported strong peak
L04-0560,4,888.1644193976597,741.7443335982213,strong_peak_refined,Ga,Mixed,Mixed,image-supported strong peak
L04-0561,4,876.0586235505049,762.3329591226993,strong_peak_refined,Pt,Pt,Pt,image-supported strong peak
L04-0562,4,864.0014016791841,781.2764308948039,strong_peak_refined,Ga,Mixed,Mixed,image-supported strong peak
L04-0563,4,852.200851797488,797.9994465481025,strong_peak_refined,Pt,Pt,Pt,image-supported strong peak
L04-0564,4,840.5097588055002,816.3838193858182,strong_peak_refined,Ga,Mixed,Mixed,image-supported strong peak
L04-0565,4,828.5754000658802,834.4633101128591,strong_peak_refined,Pt,Pt,Pt,image-supported strong peak
L04-0566,4,817.1478063575308,852.292585308304,strong_peak_refined,Ga,Mixed,Mixed,image-supported strong peak
L04-0567,4,805.5018666327193,870.890550076899,strong_peak_refined,Pt,Pt,Pt,image-supported strong peak
L04-0568,4,792.4105647380861,891.0635454740725,strong_peak_refined,Ga,Mixed,Mixed,image-supported strong peak
L04-0569,4,780.1372585937268,908.8954419338398,strong_peak_refined,Pt,Pt,Pt,image-supported strong peak
L04-0570,4,768.779311866689,928.4251721020164,weak_peak_refined,Ga,Mixed,Mixed,image-supported weak peak
L04-0571,4,756.7941494009942,943.3303033968696,strong_peak_refined,Pt,Pt,Pt,image-supported strong peak
L04-0572,4,743.9823802724378,963.5720379298592,weak_peak_refined,Ga,Mixed,Mixed,image-supported weak peak
L04-0573,4,732.2536887109975,979.8287882759232,strong_peak_refined,Pt,Pt,Pt,image-supported strong peak
L04-0574,4,719.5995461917822,999.113389766982,strong_peak_refined,Ga,Mixed,Mixed,image-supported strong peak
L04-0575,4,708.3995613549829,1015.161252671342,strong_peak_refined,Pt,Pt,Pt,image-supported strong peak
L04-0576,4,987.3618786401112,628.8045091981833,strong_peak_refined,Pt,Pt,Pt,image-supported strong peak
L04-0577,4,970.1878263525808,646.8822145904885,strong_peak_refined,Pt,Pt,Pt,image-supported strong peak
L04-0578,4,960.059281518022,666.2659185774678,strong_peak_refined,Pt,Pt,Pt,image-supported strong peak
L04-0579,4,947.6125459834532,684.5736085213674,strong_peak_refined,Pt,Pt,Pt,image-supported strong peak
L04-0580,4,936.5455607125192,704.3612763415554,strong_peak_refined,Pt,Pt,Pt,image-supported strong peak
L04-0581,4,923.7714856962668,722.5370128912665,strong_peak_refined,Pt,Pt,Pt,image-supported strong peak
L04-0582,4,910.7460947031852,739.9149309376432,strong_peak_refined,Ga,Mixed,Mixed,image-supported strong peak
L04-0583,4,899.6040569587866,760.1489644414977,strong_peak_refined,Pt,Pt,Pt,image-supported strong peak
L04-0584,4,888.3731089411009,780.4544466762944,strong_peak_refined,Ga,Mixed,Mixed,image-supported strong peak
L04-0585,4,875.6573951704803,795.9662765400057,strong_peak_refined,Pt,Pt,Pt,image-supported strong peak
L04-0586,4,864.3570829247597,815.1356304124273,strong_peak_refined,Ga,Mixed,Mixed,image-supported strong peak
L04-0587,4,852.2790001931737,832.4158316922667,strong_peak_refined,Pt,Pt,Pt,image-supported strong peak
L04-0588,4,841.1839622747735,851.5106536529612,strong_peak_refined,Ga,Mixed,Mixed,image-supported strong peak
L04-0589,4,828.7716983385264,869.5376950777421,strong_peak_refined,Pt,Pt,Pt,image-supported strong peak
L04-0590,4,816.6086843324796,889.4806046047355,strong_peak_refined,Ga,Mixed,Mixed,image-supported strong peak
L04-0591,4,804.3033348303369,908.273728492582,strong_peak_refined,Pt,Pt,Pt,image-supported strong peak
L04-0592,4,792.1700730530436,925.281645012964,strong_peak_refined,Ga,Mixed,Mixed,image-supported strong peak
L04-0593,4,780.0753364868613,943.058560108923,strong_peak_refined,Pt,Pt,Pt,image-supported strong peak
L04-0594,4,767.2696187779713,962.4422564541348,weak_peak_refined,Ga,Mixed,Mixed,image-supported weak peak
L04-0595,4,755.4367293654675,980.2985986519692,strong_peak_refined,Pt,Pt,Pt,image-supported strong peak
L04-0596,4,743.3700612828547,997.461342795713,strong_peak_refined,Ga,Mixed,Mixed,image-supported strong peak
L04-0597,4,731.6129445226264,1014.0223737039712,strong_peak_refined,Pt,Pt,Pt,image-supported strong peak
L04-0598,4,997.4247199961518,643.5397416055594,weak_peak_refined,Pt,Pt,Pt,image-supported weak peak
L04-0599,4,983.9764584603832,669.2778189585025,weak_peak_refined,Pt,Pt,Pt,image-supported weak peak
L04-0600,4,971.5810742921004,682.7952796721197,strong_peak_refined,Pt,Pt,Pt,image-supported strong peak
L04-0601,4,959.6686123975136,700.9699734009043,strong_peak_refined,Pt,Pt,Pt,image-supported strong peak
L04-0602,4,948.4967888644832,719.7355813748787,strong_peak_refined,Pt,Pt,Pt,image-supported strong peak
L04-0603,4,935.8055207065082,739.0024835116279,strong_peak_refined,Pt,Pt,Pt,image-supported strong peak
L04-0604,4,922.8780142186826,756.1507412184692,strong_peak_refined,Pt,Pt,Pt,image-supported strong peak
L04-0605,4,912.1219691073248,776.5116984553162,strong_peak_refined,Ga,Mixed,Mixed,image-supported strong peak
L04-0606,4,900.0155017690745,794.5498094010441,strong_peak_refined,Pt,Pt,Pt,image-supported strong peak
L04-0607,4,888.0342081133516,811.7718864102839,strong_peak_refined,Ga,Mixed,Mixed,image-supported strong peak
L04-0608,4,875.3160864622449,830.9605673746994,strong_peak_refined,Pt,Pt,Pt,image-supported strong peak
L04-0609,4,863.5160396951304,849.4223901206487,strong_peak_refined,Ga,Mixed,Mixed,image-supported strong peak
L04-0610,4,852.3069707175063,866.9027918287518,strong_peak_refined,Pt,Pt,Pt,image-supported strong peak
L04-0611,4,840.3224069809835,888.3263204095448,strong_peak_refined,Ga,Mixed,Mixed,image-supported strong peak
L04-0612,4,827.715524908064,905.0978182344372,strong_peak_refined,Pt,Pt,Pt,image-supported strong peak
L04-0613,4,816.0180320648201,923.7085305282206,strong_peak_refined,Ga,Mixed,Mixed,image-supported strong peak
L04-0614,4,803.9410440443023,940.7090217083093,strong_peak_refined,Pt,Pt,Pt,image-supported strong peak
L04-0615,4,791.3665992534075,959.0919008774274,strong_peak_refined,Ga,Mixed,Mixed,image-supported strong peak
L04-0616,4,779.2763792041525,977.927027183789,strong_peak_refined,Pt,Pt,Pt,image-supported strong peak
L04-0617,4,767.0917469737057,995.3666385660764,strong_peak_refined,Ga,Mixed,Mixed,image-supported strong peak
L04-0618,4,755.5020007829668,1012.9144312364966,strong_peak_refined,Pt,Pt,Pt,image-supported strong peak
L04-0619,4,994.045472107118,681.6503221227107,strong_peak_refined,Pt,Pt,Pt,image-supported strong peak
L04-0620,4,980.3542241561288,696.9112991130295,weak_peak_refined,Pt,Pt,Pt,image-supported weak peak
L04-0621,4,970.4430786515588,716.1575154800222,strong_peak_refined,Pt,Pt,Pt,image-supported strong peak
L04-0622,4,960.7710637339552,735.8865224110446,strong_peak_refined,Pt,Pt,Pt,image-supported strong peak
L04-0623,4,948.8283327654837,752.9447967621686,strong_peak_refined,Pt,Pt,Pt,image-supported strong peak
L04-0624,4,934.7604550229609,772.7745333961531,strong_peak_refined,Ga,Mixed,Mixed,image-supported strong peak
L04-0625,4,923.2906354245508,793.0578702808707,strong_peak_refined,Pt,Pt,Pt,image-supported strong peak
L04-0626,4,911.2623725932482,811.581290547052,strong_peak_refined,Ga,Mixed,Mixed,image-supported strong peak
L04-0627,4,898.408108448161,829.6260919532532,strong_peak_refined,Pt,Pt,Pt,image-supported strong peak
L04-0628,4,887.1478504587642,848.0991022333037,strong_peak_refined,Ga,Mixed,Mixed,image-supported strong peak
L04-0629,4,875.2745393308816,864.8429105133607,strong_peak_refined,Pt,Pt,Pt,image-supported strong peak
L04-0630,4,863.4633016376721,884.3995769835315,strong_peak_refined,Ga,Mixed,Mixed,image-supported strong peak
L04-0631,4,851.0190078655794,904.07868028045,strong_peak_refined,Pt,Pt,Pt,image-supported strong peak
L04-0632,4,839.5493325062037,921.8115446240664,strong_peak_refined,Ga,Mixed,Mixed,image-supported strong peak
L04-0633,4,827.0247851385378,938.130527223416,strong_peak_refined,Pt,Pt,Pt,image-supported strong peak
L04-0634,4,815.588009311685,957.5495544318528,strong_peak_refined,Ga,Mixed,Mixed,image-supported strong peak
L04-0635,4,803.0573785215225,976.0293764597392,strong_peak_refined,Pt,Pt,Pt,image-supported strong peak
L04-0636,4,790.6593602105395,994.1687407731432,strong_peak_refined,Ga,Mixed,Mixed,image-supported strong peak
L04-0637,4,778.9107150923203,1011.5822674976436,strong_peak_refined,Pt,Pt,Pt,image-supported strong peak
L04-0638,4,1002.0000128916718,700.4866730158294,strong_peak_refined,Pt,Pt,Pt,image-supported strong peak
L04-0639,4,998.8466721982544,718.2072193164878,strong_peak_refined,Pt,Pt,Pt,image-supported strong peak
L04-0640,4,982.9637118595696,736.2832297818683,strong_peak_refined,Pt,Pt,Pt,image-supported strong peak
L04-0641,4,970.8369904372807,752.5012368187037,strong_peak_refined,Pt,Pt,Pt,image-supported strong peak
L04-0642,4,960.87772465386,772.0045794630847,strong_peak_refined,Pt,Pt,Pt,image-supported strong peak
L04-0643,4,946.967103098406,791.3888253148497,strong_peak_refined,Pt,Pt,Pt,image-supported strong peak
L04-0644,4,936.1868217402124,808.8828045625048,strong_peak_refined,Ga,Mixed,Mixed,image-supported strong peak
L04-0645,4,923.5271635098874,828.1013108323145,strong_peak_refined,Pt,Pt,Pt,image-supported strong peak
L04-0646,4,911.0188430832586,846.0950854796706,strong_peak_refined,Ga,Mixed,Mixed,image-supported strong peak
L04-0647,4,898.8188594110305,864.0750387052835,strong_peak_refined,Pt,Pt,Pt,image-supported strong peak
L04-0648,4,886.9930487279589,882.0321330015737,strong_peak_refined,Ga,Mixed,Mixed,image-supported strong peak
L04-0649,4,874.0409271885939,899.9280522307579,strong_peak_refined,Pt,Pt,Pt,image-supported strong peak
L04-0650,4,862.0529825165655,920.0794126716908,strong_peak_refined,Ga,Mixed,Mixed,image-supported strong peak
L04-0651,4,850.8128014661477,939.3711081574936,strong_peak_refined,Pt,Pt,Pt,image-supported strong peak
L04-0652,4,839.0654700109704,956.5633423136557,strong_peak_refined,Ga,Mixed,Mixed,image-supported strong peak
L04-0653,4,826.7034313446514,974.1004074169604,strong_peak_refined,Pt,Pt,Pt,image-supported strong peak
L04-0654,4,815.0836634139969,993.0707715456876,strong_peak_refined,Ga,Mixed,Mixed,image-supported strong peak
L04-0655,4,802.6470360295283,1010.0148923351747,strong_peak_refined,Pt,Pt,Pt,image-supported strong peak
L04-0656,4,1008.7521523659038,733.9912621497181,strong_peak_refined,Pt,Pt,Pt,image-supported strong peak
L04-0657,4,993.5865375968114,749.5261964325658,strong_peak_refined,Pt,Pt,Pt,image-supported strong peak
L04-0658,4,982.5896226926012,768.8731463320388,strong_peak_refined,Pt,Pt,Pt,image-supported strong peak
L04-0659,4,970.3917092363496,788.673751008458,strong_peak_refined,Pt,Pt,Pt,image-supported strong peak
L04-0660,4,959.2401808350628,806.350161517514,strong_peak_refined,Ga,Mixed,Mixed,image-supported strong peak
L04-0661,4,945.9165428311126,824.9808785427252,strong_peak_refined,Pt,Pt,Pt,image-supported strong peak
L04-0662,4,933.9130328052186,843.6942533268063,strong_peak_refined,Ga,Mixed,Mixed,image-supported strong peak
L04-0663,4,922.1402300323704,862.2818804438051,strong_peak_refined,Pt,Pt,Pt,image-supported strong peak
L04-0664,4,910.009885075057,880.1664787268687,strong_peak_refined,Ga,Mixed,Mixed,image-supported strong peak
L04-0665,4,897.9697355377466,900.489408988696,strong_peak_refined,Pt,Pt,Pt,image-supported strong peak
L04-0666,4,886.2218321923286,917.2552391742583,strong_peak_refined,Ga,Mixed,Mixed,image-supported strong peak
L04-0667,4,874.029162237154,936.2539631778112,strong_peak_refined,Pt,Pt,Pt,image-supported strong peak
L04-0668,4,862.1326834578706,955.4889773602528,strong_peak_refined,Ga,Mixed,Mixed,image-supported strong peak
L04-0669,4,850.687165243843,972.8360910524962,strong_peak_refined,Pt,Pt,Pt,image-supported strong peak
L04-0670,4,838.2446734201625,991.184470111395,strong_peak_refined,Ga,Mixed,Mixed,image-supported strong peak
L04-0671,4,1004.897937482516,774.0942673092102,lattice_completed,Pt,Pt,Pt,lattice continuity / liquid-front display
L04-0672,4,996.7110576593788,783.4298935637003,weak_peak_refined,Pt,Pt,Pt,image-supported weak peak
L04-0673,4,984.74863066432,806.700292613344,strong_peak_refined,Pt,Pt,Pt,image-supported strong peak
L04-0674,4,970.1481600234316,822.651836705145,strong_peak_refined,Pt,Pt,Pt,image-supported strong peak
L04-0675,4,957.7119681840552,842.351587195398,strong_peak_refined,Ga,Mixed,Mixed,image-supported strong peak
L04-0676,4,945.755658348722,860.0353715878663,strong_peak_refined,Pt,Pt,Pt,image-supported strong peak
L04-0677,4,933.9022479687512,878.5679004814624,strong_peak_refined,Ga,Mixed,Mixed,image-supported strong peak
L04-0678,4,921.202133168286,895.8764547079733,strong_peak_refined,Pt,Pt,Pt,image-supported strong peak
L04-0679,4,908.545246563206,915.8539810679232,strong_peak_refined,Ga,Mixed,Mixed,image-supported strong peak
L04-0680,4,897.4554557320635,932.7300617929736,strong_peak_refined,Pt,Pt,Pt,image-supported strong peak
L04-0681,4,885.2248912857389,952.847990244267,strong_peak_refined,Ga,Mixed,Mixed,image-supported strong peak
L04-0682,4,873.1296050485033,970.5513907601623,strong_peak_refined,Pt,Pt,Pt,image-supported strong peak
L04-0683,4,999.643412767087,822.870564599695,weak_peak_refined,Pt,Pt,Pt,image-supported weak peak
L04-0684,4,983.2694903037856,841.9181172657449,strong_peak_refined,Pt,Pt,Pt,image-supported strong peak
L04-0685,4,969.4855960062712,859.02528799041,strong_peak_refined,Pt,Pt,Pt,image-supported strong peak
L04-0686,4,957.178230761578,877.6616595089247,strong_peak_refined,Ga,Mixed,Mixed,image-supported strong peak
L04-0687,4,946.683046338802,894.2890394231509,strong_peak_refined,Pt,Pt,Pt,image-supported strong peak
L04-0688,4,933.221994568902,913.606576378872,strong_peak_refined,Ga,Mixed,Mixed,image-supported strong peak
L04-0689,4,921.0406502801168,932.662560153106,strong_peak_refined,Pt,Pt,Pt,image-supported strong peak
L05-0000,5,482.2068313683319,534.563193100461,lattice_completed,Pt,Pt,Pt,lattice continuity / liquid-front display
L05-0001,5,470.2309640362131,552.6079285775198,lattice_completed,Ga,Mixed,Mixed,lattice continuity / liquid-front display
L05-0002,5,457.646083481749,575.7582628707005,weak_peak_refined,Pt,Pt,Pt,image-supported weak peak
L05-0003,5,446.2792293719755,588.6973995316374,lattice_completed,Ga,Mixed,Mixed,lattice continuity / liquid-front display
L05-0004,5,541.8988584734774,481.64259114676446,strong_peak_refined,Ga,Mixed,Mixed,image-supported strong peak
L05-0005,5,529.9431042161024,501.88568242806986,weak_peak_refined,Pt,Pt,Pt,image-supported weak peak
L05-0006,5,517.5996362359608,515.4776695922799,lattice_completed,Pt,Pt,Pt,lattice continuity / liquid-front display
L05-0007,5,505.3115360794974,534.4647044478442,strong_peak_refined,Pt,Pt,Pt,image-supported strong peak
L05-0008,5,494.2917871752129,550.2864941291119,strong_peak_refined,Ga,Mixed,Mixed,image-supported strong peak
L05-0009,5,481.3625268564488,574.6954009762723,weak_peak_refined,Pt,Pt,Pt,image-supported weak peak
L05-0010,5,469.0498467346888,592.2906097905542,weak_peak_refined,Ga,Mixed,Mixed,image-supported weak peak
L05-0011,5,456.7485986810017,607.1355147419513,strong_peak_refined,Pt,Pt,Pt,image-supported strong peak
L05-0012,5,445.0736720662388,624.9428837947592,strong_peak_refined,Ga,Mixed,Mixed,image-supported strong peak
L05-0013,5,433.76856491112926,641.7908179316917,lattice_completed,Pt,Pt,Pt,lattice continuity / liquid-front display
L05-0014,5,421.7926975790105,659.8355534087506,lattice_completed,Ga,Mixed,Mixed,lattice continuity / liquid-front display
L05-0015,5,577.0119400597058,462.0328557560477,strong_peak_refined,Pt,Pt,Pt,image-supported strong peak
L05-0016,5,564.8818316807997,479.14416268179554,strong_peak_refined,Pt,Pt,Pt,image-supported strong peak
L05-0017,5,552.8202355801627,497.872779274416,strong_peak_refined,Pt,Pt,Pt,image-supported strong peak
L05-0018,5,540.6254044016121,519.0506942418862,weak_peak_refined,Ga,Mixed,Mixed,image-supported weak peak
L05-0019,5,529.2973930618465,533.7032781428948,strong_peak_refined,Pt,Pt,Pt,image-supported strong peak
L05-0020,5,517.0648391072334,550.5263525152752,lattice_completed,Ga,Mixed,Mixed,lattice continuity / liquid-front display
L05-0021,5,504.2301120757452,571.7113175727737,weak_peak_refined,Pt,Pt,Pt,image-supported weak peak
L05-0022,5,493.1131044429959,586.6158234693929,lattice_completed,Ga,Mixed,Mixed,lattice continuity / liquid-front display
L05-0023,5,480.3658984746441,605.7278103594091,strong_peak_refined,Pt,Pt,Pt,image-supported strong peak
L05-0024,5,469.1613697787583,622.7052944235106,lattice_completed,Ga,Mixed,Mixed,lattice continuity / liquid-front display
L05-0025,5,455.6654140235599,644.2550517310667,weak_peak_refined,Pt,Pt,Pt,image-supported weak peak
L05-0026,5,443.9887759268577,661.1400138500729,strong_peak_refined,Ga,Mixed,Mixed,image-supported strong peak
L05-0027,5,432.000156473309,681.8909918256719,weak_peak_refined,Pt,Pt,Pt,image-supported weak peak
L05-0028,5,420.3229780543222,699.0983283880391,weak_peak_refined,Ga,Mixed,Mixed,image-supported weak peak
L05-0029,5,599.5372383212439,458.4028224097644,strong_peak_refined,Pt,Pt,Pt,image-supported strong peak
L05-0030,5,588.2240959961238,478.4094093957766,strong_peak_refined,Ga,Mixed,Mixed,image-supported strong peak
L05-0031,5,576.7577235383319,498.4804752567932,weak_peak_refined,Pt,Pt,Pt,image-supported weak peak
L05-0032,5,564.2905537411984,518.4796530318579,weak_peak_refined,Ga,Mixed,Mixed,image-supported weak peak
L05-0033,5,552.4576439748625,531.4408290070941,lattice_completed,Pt,Pt,Pt,lattice continuity / liquid-front display
L05-0034,5,540.4817766427437,549.485564484153,lattice_completed,Ga,Mixed,Mixed,lattice continuity / liquid-front display
L05-0035,5,527.602182378163,570.6340132149638,weak_peak_refined,Pt,Pt,Pt,image-supported weak peak
L05-0036,5,516.5300419785061,585.5750354382707,lattice_completed,Ga,Mixed,Mixed,lattice continuity / liquid-front display
L05-0037,5,504.5541746463873,603.6197709153295,lattice_completed,Pt,Pt,Pt,lattice continuity / liquid-front display
L05-0038,5,492.5783073142685,621.6645063923883,lattice_completed,Ga,Mixed,Mixed,lattice continuity / liquid-front display
L05-0039,5,480.6024399821497,639.7092418694472,lattice_completed,Pt,Pt,Pt,lattice continuity / liquid-front display
L05-0040,5,468.6265726500309,657.753977346506,lattice_completed,Ga,Mixed,Mixed,lattice continuity / liquid-front display
L05-0041,5,455.5211372826137,678.3936628180323,weak_peak_refined,Pt,Pt,Pt,image-supported weak peak
L05-0042,5,443.7753784633545,696.7725588188464,weak_peak_refined,Ga,Mixed,Mixed,image-supported weak peak
L05-0043,5,431.8837573058418,713.3568365419568,strong_peak_refined,Pt,Pt,Pt,image-supported strong peak
L05-0044,5,419.7543213238175,734.0530254171133,weak_peak_refined,Ga,Mixed,Mixed,image-supported weak peak
L05-0045,5,636.5659174740141,439.2867892806936,strong_peak_refined,Pt,Pt,Pt,image-supported strong peak
L05-0046,5,623.9818051967163,458.5743145710935,strong_peak_refined,Pt,Pt,Pt,image-supported strong peak
L05-0047,5,612.1203297156421,478.8446811499389,strong_peak_refined,Ga,Mixed,Mixed,image-supported strong peak
L05-0048,5,600.2047735138717,498.42045676554176,weak_peak_refined,Pt,Pt,Pt,image-supported weak peak
L05-0049,5,587.5475014961518,514.9896343723527,strong_peak_refined,Ga,Mixed,Mixed,image-supported strong peak
L05-0050,5,575.3438154864831,535.192644238591,weak_peak_refined,Pt,Pt,Pt,image-supported weak peak
L05-0051,5,563.6014053311347,549.2791082556752,strong_peak_refined,Ga,Mixed,Mixed,image-supported strong peak
L05-0052,5,550.7867527489043,571.5515622386409,weak_peak_refined,Pt,Pt,Pt,image-supported weak peak
L05-0053,5,539.9469795140163,584.5342474071484,lattice_completed,Ga,Mixed,Mixed,lattice continuity / liquid-front display
L05-0054,5,526.5476698565001,607.5540674744059,weak_peak_refined,Pt,Pt,Pt,image-supported weak peak
L05-0055,5,514.8003711185958,624.3838364762906,weak_peak_refined,Ga,Mixed,Mixed,image-supported weak peak
L05-0056,5,503.3887118812438,640.3979430977188,strong_peak_refined,Pt,Pt,Pt,image-supported strong peak
L05-0057,5,492.0435101855411,656.7131893153837,lattice_completed,Ga,Mixed,Mixed,lattice continuity / liquid-front display
L05-0058,5,478.9534081594897,678.2249356944578,weak_peak_refined,Pt,Pt,Pt,image-supported weak peak
L05-0059,5,467.0732735024615,695.6398361495693,weak_peak_refined,Ga,Mixed,Mixed,image-supported weak peak
L05-0060,5,454.4824440250728,715.3189165411462,weak_peak_refined,Pt,Pt,Pt,image-supported weak peak
L05-0061,5,443.8458432008507,728.2017808756573,strong_peak_refined,Ga,Mixed,Mixed,image-supported strong peak
L05-0062,5,432.1265585618021,746.1055711262135,strong_peak_refined,Pt,Pt,Pt,image-supported strong peak
L05-0063,5,420.3679493499304,764.2533814075316,strong_peak_refined,Ga,Mixed,Mixed,image-supported strong peak
L05-0064,5,660.3255617327068,439.2226617352316,strong_peak_refined,Pt,Pt,Pt,image-supported strong peak
L05-0065,5,647.518652926211,458.0635725426604,strong_peak_refined,Pt,Pt,Pt,image-supported strong peak
L05-0066,5,635.5681389569667,477.5974038622479,strong_peak_refined,Ga,Mixed,Mixed,image-supported strong peak
L05-0067,5,623.4398174389277,493.867967635705,strong_peak_refined,Pt,Pt,Pt,image-supported strong peak
L05-0068,5,611.2673863780017,511.3145174677907,lattice_completed,Ga,Mixed,Mixed,lattice continuity / liquid-front display
L05-0069,5,598.5414745106058,534.542803329146,weak_peak_refined,Pt,Pt,Pt,image-supported weak peak
L05-0070,5,587.315651713764,547.4039884219084,lattice_completed,Ga,Mixed,Mixed,lattice continuity / liquid-front display
L05-0071,5,575.3397843816454,565.4487238989672,lattice_completed,Pt,Pt,Pt,lattice continuity / liquid-front display
L05-0072,5,563.3639170495265,583.4934593760261,lattice_completed,Ga,Mixed,Mixed,lattice continuity / liquid-front display
L05-0073,5,549.7484777727066,606.3742621710142,weak_peak_refined,Pt,Pt,Pt,image-supported weak peak
L05-0074,5,539.4121823852889,619.5829303301438,lattice_completed,Ga,Mixed,Mixed,lattice continuity / liquid-front display
L05-0075,5,526.2172566997151,636.2953357280062,strong_peak_refined,Pt,Pt,Pt,image-supported strong peak
L05-0076,5,515.4604477210513,655.6724012842614,lattice_completed,Ga,Mixed,Mixed,lattice continuity / liquid-front display
L05-0077,5,502.0876919545678,676.1848113152648,weak_peak_refined,Pt,Pt,Pt,image-supported weak peak
L05-0078,5,491.5087130568137,691.761872238379,lattice_completed,Ga,Mixed,Mixed,lattice continuity / liquid-front display
L05-0079,5,478.2604506793487,713.9557445670054,weak_peak_refined,Pt,Pt,Pt,image-supported weak peak
L05-0080,5,466.9627779887509,730.395693639273,strong_peak_refined,Ga,Mixed,Mixed,image-supported strong peak
L05-0081,5,455.03246421170985,748.2232065528036,strong_peak_refined,Pt,Pt,Pt,image-supported strong peak
L05-0082,5,443.3426292178535,768.1397524678837,weak_peak_refined,Ga,Mixed,Mixed,image-supported weak peak
L05-0083,5,431.2959671373597,786.3900684079534,weak_peak_refined,Pt,Pt,Pt,image-supported weak peak
L05-0084,5,680.2451848349876,437.4146442329798,strong_peak_refined,Pt,Pt,Pt,image-supported strong peak
L05-0085,5,671.834330821178,457.0955841585764,strong_peak_refined,Pt,Pt,Pt,image-supported strong peak
L05-0086,5,659.0231907243258,475.432782061253,strong_peak_refined,Ga,Mixed,Mixed,image-supported strong peak
L05-0087,5,646.5949343206329,494.4628249095833,strong_peak_refined,Pt,Pt,Pt,image-supported strong peak
L05-0088,5,634.7245560834094,514.6981260030373,weak_peak_refined,Ga,Mixed,Mixed,image-supported weak peak
L05-0089,5,622.1261395217454,533.3668820445998,weak_peak_refined,Pt,Pt,Pt,image-supported weak peak
L05-0090,5,610.4569755075685,547.095973924547,strong_peak_refined,Ga,Mixed,Mixed,image-supported strong peak
L05-0091,5,597.910900667058,565.5267641863647,strong_peak_refined,Pt,Pt,Pt,image-supported strong peak
L05-0092,5,585.7056314063753,587.5158034010902,weak_peak_refined,Ga,Mixed,Mixed,image-supported weak peak
L05-0093,5,573.6736931284869,604.7080506611354,weak_peak_refined,Pt,Pt,Pt,image-supported weak peak
L05-0094,5,562.8291199207991,618.5421422990215,lattice_completed,Ga,Mixed,Mixed,lattice continuity / liquid-front display
L05-0095,5,550.8532525886803,636.5868777760803,lattice_completed,Pt,Pt,Pt,lattice continuity / liquid-front display
L05-0096,5,538.8773852565615,654.6316132531391,lattice_completed,Ga,Mixed,Mixed,lattice continuity / liquid-front display
L05-0097,5,526.015922142219,673.2355300306605,strong_peak_refined,Pt,Pt,Pt,image-supported strong peak
L05-0098,5,514.9256505923239,690.7210842072568,lattice_completed,Ga,Mixed,Mixed,lattice continuity / liquid-front display
L05-0099,5,502.1349287908175,710.2532008470655,strong_peak_refined,Pt,Pt,Pt,image-supported strong peak
L05-0100,5,490.9739159280863,726.8105551613745,lattice_completed,Ga,Mixed,Mixed,lattice continuity / liquid-front display
L05-0101,5,478.0465382854441,749.3607698308085,weak_peak_refined,Pt,Pt,Pt,image-supported weak peak
L05-0102,5,466.4431432019681,767.0245007936179,weak_peak_refined,Ga,Mixed,Mixed,image-supported weak peak
L05-0103,5,455.3362516035165,780.712501080424,strong_peak_refined,Pt,Pt,Pt,image-supported strong peak
L05-0104,5,444.22649435134383,800.0414840348916,strong_peak_refined,Ga,Mixed,Mixed,image-supported strong peak
L05-0105,5,430.7680624661956,821.7091628210259,weak_peak_refined,Pt,Pt,Pt,image-supported weak peak
L05-0106,5,705.8312889160391,436.5220243947943,strong_peak_refined,Pt,Pt,Pt,image-supported strong peak
L05-0107,5,694.479956183794,455.2298585305917,strong_peak_refined,Pt,Pt,Pt,image-supported strong peak
L05-0108,5,682.3999413926028,475.3806838410707,strong_peak_refined,Pt,Pt,Pt,image-supported strong peak
L05-0109,5,671.0486105729625,493.4992521423053,strong_peak_refined,Pt,Pt,Pt,image-supported strong peak
L05-0110,5,658.4284187535644,512.8944495708006,weak_peak_refined,Ga,Mixed,Mixed,image-supported weak peak
L05-0111,5,645.9781322784481,531.4092133528765,weak_peak_refined,Pt,Pt,Pt,image-supported weak peak
L05-0112,5,633.4557084791575,550.3023309156996,weak_peak_refined,Ga,Mixed,Mixed,image-supported weak peak
L05-0113,5,621.793523541662,566.2754883422135,weak_peak_refined,Pt,Pt,Pt,image-supported weak peak
L05-0114,5,609.2925530790088,584.8240301944878,weak_peak_refined,Ga,Mixed,Mixed,image-supported weak peak
L05-0115,5,597.1741610664567,602.2887049365077,weak_peak_refined,Pt,Pt,Pt,image-supported weak peak
L05-0116,5,584.7715396434066,620.4053786839219,weak_peak_refined,Ga,Mixed,Mixed,image-supported weak peak
L05-0117,5,572.6283044184188,640.4693749433327,weak_peak_refined,Pt,Pt,Pt,image-supported weak peak
L05-0118,5,560.5120776345565,658.1571422916297,weak_peak_refined,Ga,Mixed,Mixed,image-supported weak peak
L05-0119,5,549.7480723998557,670.5908317430623,strong_peak_refined,Pt,Pt,Pt,image-supported strong peak
L05-0120,5,537.3211015112608,689.8551442050602,strong_peak_refined,Ga,Mixed,Mixed,image-supported strong peak
L05-0121,5,525.4765591170643,711.1287562432835,weak_peak_refined,Pt,Pt,Pt,image-supported weak peak
L05-0122,5,513.3290766500745,728.8300553917294,weak_peak_refined,Ga,Mixed,Mixed,image-supported weak peak
L05-0123,5,501.7493676690254,747.0091210962224,weak_peak_refined,Pt,Pt,Pt,image-supported weak peak
L05-0124,5,490.568498737506,762.3296376211663,strong_peak_refined,Ga,Mixed,Mixed,image-supported strong peak
L05-0125,5,478.96034413704587,779.301280347547,strong_peak_refined,Pt,Pt,Pt,image-supported strong peak
L05-0126,5,467.0196425805756,799.6756238190894,strong_peak_refined,Ga,Mixed,Mixed,image-supported strong peak
L05-0127,5,454.6496536693269,820.228642002765,weak_peak_refined,Pt,Pt,Pt,image-supported weak peak
L05-0128,5,442.801800895328,835.177193420467,strong_peak_refined,Ga,Mixed,Mixed,image-supported strong peak
L05-0129,5,730.2361451379238,432.2352898548386,strong_peak_refined,Pt,Pt,Pt,image-supported strong peak
L05-0130,5,718.7401311832209,452.3181030318671,strong_peak_refined,Pt,Pt,Pt,image-supported strong peak
L05-0131,5,705.6860424086866,470.4415008115393,strong_peak_refined,Pt,Pt,Pt,image-supported strong peak
L05-0132,5,693.4711343751405,491.515517524727,strong_peak_refined,Pt,Pt,Pt,image-supported strong peak
L05-0133,5,681.128034939962,513.4438068704216,weak_peak_refined,Ga,Mixed,Mixed,image-supported weak peak
L05-0134,5,669.1847152266931,531.4743514120108,weak_peak_refined,Pt,Pt,Pt,image-supported weak peak
L05-0135,5,657.5664643202947,544.2816243285416,lattice_completed,Ga,Mixed,Mixed,lattice continuity / liquid-front display
L05-0136,5,645.0197727958465,567.0860192837087,weak_peak_refined,Pt,Pt,Pt,image-supported weak peak
L05-0137,5,633.6147296560571,580.3710952826592,lattice_completed,Ga,Mixed,Mixed,lattice continuity / liquid-front display
L05-0138,5,620.2491533248274,602.1608721268286,weak_peak_refined,Pt,Pt,Pt,image-supported weak peak
L05-0139,5,609.6629949918196,616.4605662367769,lattice_completed,Ga,Mixed,Mixed,lattice continuity / liquid-front display
L05-0140,5,597.6871276597008,634.5053017138357,lattice_completed,Pt,Pt,Pt,lattice continuity / liquid-front display
L05-0141,5,585.711260327582,652.5500371908946,lattice_completed,Ga,Mixed,Mixed,lattice continuity / liquid-front display
L05-0142,5,572.6321089238251,673.1627758105607,weak_peak_refined,Pt,Pt,Pt,image-supported weak peak
L05-0143,5,561.7595256633443,688.6395081450122,lattice_completed,Ga,Mixed,Mixed,lattice continuity / liquid-front display
L05-0144,5,548.1905904790491,711.639513198773,weak_peak_refined,Pt,Pt,Pt,image-supported weak peak
L05-0145,5,537.2454706884275,726.547932589805,strong_peak_refined,Ga,Mixed,Mixed,image-supported strong peak
L05-0146,5,524.4014893414222,747.8071433045894,weak_peak_refined,Pt,Pt,Pt,image-supported weak peak
L05-0147,5,513.5447611058704,762.975172841235,strong_peak_refined,Ga,Mixed,Mixed,image-supported strong peak
L05-0148,5,502.3948680047892,778.0014024683838,strong_peak_refined,Pt,Pt,Pt,image-supported strong peak
L05-0149,5,489.90732473999066,799.8625420542974,weak_peak_refined,Ga,Mixed,Mixed,image-supported weak peak
L05-0150,5,477.8175907564763,819.5871466519601,weak_peak_refined,Pt,Pt,Pt,image-supported weak peak
L05-0151,5,466.165096315286,837.6096881650791,weak_peak_refined,Ga,Mixed,Mixed,image-supported weak peak
L05-0152,5,454.1837931967484,852.7727388727411,strong_peak_refined,Pt,Pt,Pt,image-supported strong peak
L05-0153,5,754.8414542699107,433.3435117323346,strong_peak_refined,Pt,Pt,Pt,image-supported strong peak
L05-0154,5,741.6310171312199,449.5969093895079,strong_peak_refined,Pt,Pt,Pt,image-supported strong peak
L05-0155,5,728.7039246117725,470.4054382279221,strong_peak_refined,Pt,Pt,Pt,image-supported strong peak
L05-0156,5,716.1707802344279,490.5693362164544,strong_peak_refined,Pt,Pt,Pt,image-supported strong peak
L05-0157,5,704.7453896098525,511.1272447166969,weak_peak_refined,Ga,Mixed,Mixed,image-supported weak peak
L05-0158,5,693.2837171500764,529.3927358192334,weak_peak_refined,Pt,Pt,Pt,image-supported weak peak
L05-0159,5,680.3387151031301,548.2336489139243,weak_peak_refined,Ga,Mixed,Mixed,image-supported weak peak
L05-0160,5,668.7136255853676,565.3807174622166,weak_peak_refined,Pt,Pt,Pt,image-supported weak peak
L05-0161,5,657.0316671915673,579.330307251537,lattice_completed,Ga,Mixed,Mixed,lattice continuity / liquid-front display
L05-0162,5,645.0557998594486,597.3750427285958,lattice_completed,Pt,Pt,Pt,lattice continuity / liquid-front display
L05-0163,5,631.5099838987683,620.3314612196459,weak_peak_refined,Ga,Mixed,Mixed,image-supported weak peak
L05-0164,5,619.8508962482932,636.1389001908826,weak_peak_refined,Pt,Pt,Pt,image-supported weak peak
L05-0165,5,607.8889998162309,653.192171003779,strong_peak_refined,Ga,Mixed,Mixed,image-supported strong peak
L05-0166,5,596.1546273386436,672.6347036945061,weak_peak_refined,Pt,Pt,Pt,image-supported weak peak
L05-0167,5,584.3940266188215,689.0358129617838,strong_peak_refined,Ga,Mixed,Mixed,image-supported strong peak
L05-0168,5,572.6853969963405,705.441396786977,strong_peak_refined,Pt,Pt,Pt,image-supported strong peak
L05-0169,5,560.2160395515828,725.0329752013819,strong_peak_refined,Ga,Mixed,Mixed,image-supported strong peak
L05-0170,5,548.7502760208279,742.8776224645945,strong_peak_refined,Pt,Pt,Pt,image-supported strong peak
L05-0171,5,536.7802137994379,761.7998181870246,strong_peak_refined,Ga,Mixed,Mixed,image-supported strong peak
L05-0172,5,524.4864588955859,781.5226737153304,weak_peak_refined,Pt,Pt,Pt,image-supported weak peak
L05-0173,5,513.1675877587516,796.1251212795684,strong_peak_refined,Ga,Mixed,Mixed,image-supported strong peak
L05-0174,5,501.0136640561103,817.7569449400401,weak_peak_refined,Pt,Pt,Pt,image-supported weak peak
L05-0175,5,490.2863199777538,834.0263536763588,strong_peak_refined,Ga,Mixed,Mixed,image-supported strong peak
L05-0176,5,478.1794141545879,849.0168806318734,strong_peak_refined,Pt,Pt,Pt,image-supported strong peak
L05-0177,5,465.6771458181597,869.0853867487177,strong_peak_refined,Ga,Mixed,Mixed,image-supported strong peak
L05-0178,5,776.6844958889601,430.6859901091413,strong_peak_refined,Pt,Pt,Pt,image-supported strong peak
L05-0179,5,764.7405595985382,448.4232834143811,strong_peak_refined,Pt,Pt,Pt,image-supported strong peak
L05-0180,5,753.4126659304931,470.5111873876014,strong_peak_refined,Pt,Pt,Pt,image-supported strong peak
L05-0181,5,741.8059210067528,488.90070932182607,strong_peak_refined,Pt,Pt,Pt,image-supported strong peak
L05-0182,5,728.796418376643,509.1111319506596,weak_peak_refined,Ga,Mixed,Mixed,image-supported weak peak
L05-0183,5,716.6605969848765,525.9534676576076,strong_peak_refined,Pt,Pt,Pt,image-supported strong peak
L05-0184,5,704.2760581079597,543.2089153989738,strong_peak_refined,Ga,Mixed,Mixed,image-supported strong peak
L05-0185,5,691.8211637830548,561.282163713144,strong_peak_refined,Pt,Pt,Pt,image-supported strong peak
L05-0186,5,680.4486047270775,578.2895192204147,lattice_completed,Ga,Mixed,Mixed,lattice continuity / liquid-front display
L05-0187,5,666.7529419829157,600.5817810853467,weak_peak_refined,Pt,Pt,Pt,image-supported weak peak
L05-0188,5,656.49687006284,614.3789901745323,lattice_completed,Ga,Mixed,Mixed,lattice continuity / liquid-front display
L05-0189,5,642.5008134352202,637.2114388330712,weak_peak_refined,Pt,Pt,Pt,image-supported weak peak
L05-0190,5,632.5451353986024,650.46846112865,lattice_completed,Ga,Mixed,Mixed,lattice continuity / liquid-front display
L05-0191,5,619.2351895479949,669.2251369547186,strong_peak_refined,Pt,Pt,Pt,image-supported strong peak
L05-0192,5,607.5352357419207,688.3218390572258,strong_peak_refined,Ga,Mixed,Mixed,image-supported strong peak
L05-0193,5,595.452036249521,708.0534895181266,weak_peak_refined,Pt,Pt,Pt,image-supported weak peak
L05-0194,5,583.9080440354323,724.9839297721359,strong_peak_refined,Ga,Mixed,Mixed,image-supported strong peak
L05-0195,5,572.3513845680457,740.3112671809699,strong_peak_refined,Pt,Pt,Pt,image-supported strong peak
L05-0196,5,560.2577983214011,758.8602371336862,strong_peak_refined,Ga,Mixed,Mixed,image-supported strong peak
L05-0197,5,548.8376435992616,776.8443586379996,strong_peak_refined,Pt,Pt,Pt,image-supported strong peak
L05-0198,5,536.8384102956354,796.0179197157913,strong_peak_refined,Ga,Mixed,Mixed,image-supported strong peak
L05-0199,5,524.3641134546212,817.4044623107343,weak_peak_refined,Pt,Pt,Pt,image-supported weak peak
L05-0200,5,513.1788736249788,830.4875980447794,strong_peak_refined,Ga,Mixed,Mixed,image-supported strong peak
L05-0201,5,501.35881817418544,849.8043981228609,strong_peak_refined,Pt,Pt,Pt,image-supported strong peak
L05-0202,5,489.0114046805341,866.2943012314455,strong_peak_refined,Ga,Mixed,Mixed,image-supported strong peak
L05-0203,5,476.5072673544267,888.8704271962396,weak_peak_refined,Pt,Pt,Pt,image-supported weak peak
L05-0204,5,789.4899198827105,447.421780108566,strong_peak_refined,Pt,Pt,Pt,image-supported strong peak
L05-0205,5,777.6658464861687,467.48070083364655,strong_peak_refined,Pt,Pt,Pt,image-supported strong peak
L05-0206,5,764.2799630962389,487.35443954994673,strong_peak_refined,Pt,Pt,Pt,image-supported strong peak
L05-0207,5,751.8897294590099,506.0464174821685,strong_peak_refined,Pt,Pt,Pt,image-supported strong peak
L05-0208,5,739.188913143501,525.3136760568739,strong_peak_refined,Pt,Pt,Pt,image-supported strong peak
L05-0209,5,726.9454084329176,546.0375837425275,weak_peak_refined,Ga,Mixed,Mixed,image-supported weak peak
L05-0210,5,715.8414095947065,559.2039957122336,lattice_completed,Pt,Pt,Pt,lattice continuity / liquid-front display
L05-0211,5,703.1413332458918,582.4892684816922,weak_peak_refined,Ga,Mixed,Mixed,image-supported weak peak
L05-0212,5,691.0721127557587,596.3833631754945,strong_peak_refined,Pt,Pt,Pt,image-supported strong peak
L05-0213,5,679.9138075983502,613.3382021434101,lattice_completed,Ga,Mixed,Mixed,lattice continuity / liquid-front display
L05-0214,5,667.0454446108425,633.1064049659221,strong_peak_refined,Pt,Pt,Pt,image-supported strong peak
L05-0215,5,655.9620729341126,649.4276730975278,lattice_completed,Ga,Mixed,Mixed,lattice continuity / liquid-front display
L05-0216,5,642.2854280504883,671.4362461372259,weak_peak_refined,Pt,Pt,Pt,image-supported weak peak
L05-0217,5,632.010338269875,685.5171440516455,lattice_completed,Ga,Mixed,Mixed,lattice continuity / liquid-front display
L05-0218,5,618.6029015251776,707.4739786168907,weak_peak_refined,Pt,Pt,Pt,image-supported weak peak
L05-0219,5,607.5334276159884,723.256891225083,strong_peak_refined,Ga,Mixed,Mixed,image-supported strong peak
L05-0220,5,596.0274922022278,739.6044566460619,strong_peak_refined,Pt,Pt,Pt,image-supported strong peak
L05-0221,5,583.5504109183074,761.5065499009196,weak_peak_refined,Ga,Mixed,Mixed,image-supported weak peak
L05-0222,5,572.1153224830626,776.8146536646433,strong_peak_refined,Pt,Pt,Pt,image-supported strong peak
L05-0223,5,561.4699291577881,791.2731955355987,strong_peak_refined,Ga,Mixed,Mixed,image-supported strong peak
L05-0224,5,548.4162872872547,813.0743330126,strong_peak_refined,Pt,Pt,Pt,image-supported strong peak
L05-0225,5,536.0299165129246,831.4935880555835,strong_peak_refined,Ga,Mixed,Mixed,image-supported strong peak
L05-0226,5,523.8341282313468,851.7488265105286,weak_peak_refined,Pt,Pt,Pt,image-supported weak peak
L05-0227,5,512.5719292424519,867.9710798390428,strong_peak_refined,Ga,Mixed,Mixed,image-supported strong peak
L05-0228,5,500.8279564090623,884.2239929621988,strong_peak_refined,Pt,Pt,Pt,image-supported strong peak
L05-0229,5,488.5174306384662,904.3600150730748,strong_peak_refined,Ga,Mixed,Mixed,image-supported strong peak
L05-0230,5,812.6390317184527,444.0048151477701,strong_peak_refined,Pt,Pt,Pt,image-supported strong peak
L05-0231,5,798.6865958453989,465.4366056934451,strong_peak_refined,Pt,Pt,Pt,image-supported strong peak
L05-0232,5,787.2664682065619,482.7863045604223,strong_peak_refined,Pt,Pt,Pt,image-supported strong peak
L05-0233,5,775.3986684988977,501.6717211232071,strong_peak_refined,Pt,Pt,Pt,image-supported strong peak
L05-0234,5,762.7824058585566,522.8102203604424,strong_peak_refined,Pt,Pt,Pt,image-supported strong peak
L05-0235,5,750.8618680323003,540.7483456970555,strong_peak_refined,Ga,Mixed,Mixed,image-supported strong peak
L05-0236,5,738.1195517571097,561.589169458163,weak_peak_refined,Pt,Pt,Pt,image-supported weak peak
L05-0237,5,727.2824797980979,576.2079431581701,lattice_completed,Ga,Mixed,Mixed,lattice continuity / liquid-front display
L05-0238,5,713.7319487690363,599.214641487163,weak_peak_refined,Pt,Pt,Pt,image-supported weak peak
L05-0239,5,703.3307451338604,612.2974141122878,lattice_completed,Ga,Mixed,Mixed,lattice continuity / liquid-front display
L05-0240,5,689.8183549358454,633.030630286296,weak_peak_refined,Pt,Pt,Pt,image-supported weak peak
L05-0241,5,677.6147799166841,651.4472066220911,weak_peak_refined,Ga,Mixed,Mixed,image-supported weak peak
L05-0242,5,667.403143137504,666.4316205434643,lattice_completed,Pt,Pt,Pt,lattice continuity / liquid-front display
L05-0243,5,654.2223907838373,685.5809428200565,strong_peak_refined,Ga,Mixed,Mixed,image-supported strong peak
L05-0244,5,642.0461930457153,705.5459694090537,weak_peak_refined,Pt,Pt,Pt,image-supported weak peak
L05-0245,5,630.5252797292098,723.3099063552821,weak_peak_refined,Ga,Mixed,Mixed,image-supported weak peak
L05-0246,5,619.7330472326527,736.1614180124278,strong_peak_refined,Pt,Pt,Pt,image-supported strong peak
L05-0247,5,606.7986279110121,761.4906852756382,weak_peak_refined,Ga,Mixed,Mixed,image-supported weak peak
L05-0248,5,594.9552379581123,777.7860867309416,weak_peak_refined,Pt,Pt,Pt,image-supported weak peak
L05-0249,5,583.9549195879254,794.7183401405638,strong_peak_refined,Ga,Mixed,Mixed,image-supported strong peak
L05-0250,5,571.4778852199192,813.8533332594501,weak_peak_refined,Pt,Pt,Pt,image-supported weak peak
L05-0251,5,559.1334035980371,832.9441328688981,weak_peak_refined,Ga,Mixed,Mixed,image-supported weak peak
L05-0252,5,547.6373322500838,847.0297213419802,strong_peak_refined,Pt,Pt,Pt,image-supported strong peak
L05-0253,5,535.5622528470637,867.7657370612839,weak_peak_refined,Ga,Mixed,Mixed,image-supported weak peak
L05-0254,5,523.0913015637243,887.7437333276775,weak_peak_refined,Pt,Pt,Pt,image-supported weak peak
L05-0255,5,511.9884099055994,898.7430667649779,strong_peak_refined,Ga,Mixed,Mixed,image-supported strong peak
L05-0256,5,498.8869940750988,923.2462512062118,weak_peak_refined,Pt,Pt,Pt,image-supported weak peak
L05-0257,5,826.7660072731114,462.48960382472126,strong_peak_refined,Pt,Pt,Pt,image-supported strong peak
L05-0258,5,810.563019797518,482.4191598788591,strong_peak_refined,Pt,Pt,Pt,image-supported strong peak
L05-0259,5,798.4858137929291,501.7405470699768,strong_peak_refined,Pt,Pt,Pt,image-supported strong peak
L05-0260,5,786.7630237215327,522.0349854939601,strong_peak_refined,Pt,Pt,Pt,image-supported strong peak
L05-0261,5,774.596820852411,539.1719299672785,strong_peak_refined,Pt,Pt,Pt,image-supported strong peak
L05-0262,5,762.3042204594766,556.7380044333867,strong_peak_refined,Pt,Pt,Pt,image-supported strong peak
L05-0263,5,749.5292362454276,580.1193641210064,weak_peak_refined,Ga,Mixed,Mixed,image-supported weak peak
L05-0264,5,738.1606319334225,595.4372571660273,strong_peak_refined,Pt,Pt,Pt,image-supported strong peak
L05-0265,5,726.7476826693706,611.2566260811655,lattice_completed,Ga,Mixed,Mixed,lattice continuity / liquid-front display
L05-0266,5,712.7685606667991,633.6122994237919,weak_peak_refined,Pt,Pt,Pt,image-supported weak peak
L05-0267,5,700.689283081104,650.7585295672446,weak_peak_refined,Ga,Mixed,Mixed,image-supported weak peak
L05-0268,5,690.8200806730142,665.390832512342,lattice_completed,Pt,Pt,Pt,lattice continuity / liquid-front display
L05-0269,5,677.2947314487127,687.1822327227798,weak_peak_refined,Ga,Mixed,Mixed,image-supported weak peak
L05-0270,5,665.175214875248,705.3262134516237,weak_peak_refined,Pt,Pt,Pt,image-supported weak peak
L05-0271,5,653.9729237606116,723.2135445730783,weak_peak_refined,Ga,Mixed,Mixed,image-supported weak peak
L05-0272,5,642.4883163024047,736.913433800295,strong_peak_refined,Pt,Pt,Pt,image-supported strong peak
L05-0273,5,630.0546029848315,759.755826911382,weak_peak_refined,Ga,Mixed,Mixed,image-supported weak peak
L05-0274,5,618.4531440811077,777.1472163666015,weak_peak_refined,Pt,Pt,Pt,image-supported weak peak
L05-0275,5,607.3890046088852,792.8078171480689,strong_peak_refined,Ga,Mixed,Mixed,image-supported strong peak
L05-0276,5,594.1931417721161,813.8321836232718,weak_peak_refined,Pt,Pt,Pt,image-supported weak peak
L05-0277,5,582.6051927009427,829.6714078741354,strong_peak_refined,Ga,Mixed,Mixed,image-supported strong peak
L05-0278,5,571.5356765401322,845.015903835826,strong_peak_refined,Pt,Pt,Pt,image-supported strong peak
L05-0279,5,559.2662086852661,862.3460508612965,strong_peak_refined,Ga,Mixed,Mixed,image-supported strong peak
L05-0280,5,546.6565510932606,884.8260783074392,weak_peak_refined,Pt,Pt,Pt,image-supported weak peak
L05-0281,5,534.4674538575155,903.4002085144714,weak_peak_refined,Ga,Mixed,Mixed,image-supported weak peak
L05-0282,5,522.3327231651779,919.5401923538572,strong_peak_refined,Pt,Pt,Pt,image-supported strong peak
L05-0283,5,510.557940208993,941.0132358920548,weak_peak_refined,Ga,Mixed,Mixed,image-supported weak peak
L05-0284,5,848.8952307717791,461.6242945226217,strong_peak_refined,Pt,Pt,Pt,image-supported strong peak
L05-0285,5,836.2910722549303,482.1091451935006,strong_peak_refined,Pt,Pt,Pt,image-supported strong peak
L05-0286,5,823.7639285394743,500.4089012076767,strong_peak_refined,Pt,Pt,Pt,image-supported strong peak
L05-0287,5,810.574826575339,518.6441715609534,strong_peak_refined,Pt,Pt,Pt,image-supported strong peak
L05-0288,5,798.7404845187934,538.0158173070389,strong_peak_refined,Pt,Pt,Pt,image-supported strong peak
L05-0289,5,785.2139444651342,559.2451268967175,weak_peak_refined,Pt,Pt,Pt,image-supported weak peak
L05-0290,5,772.8121603419721,576.2695722831286,strong_peak_refined,Ga,Mixed,Mixed,image-supported strong peak
L05-0291,5,761.6089658083891,592.6983317276931,strong_peak_refined,Pt,Pt,Pt,image-supported strong peak
L05-0292,5,748.4989717139796,614.8078162309126,weak_peak_refined,Ga,Mixed,Mixed,image-supported weak peak
L05-0293,5,736.7646536613395,629.6302638274585,strong_peak_refined,Pt,Pt,Pt,image-supported strong peak
L05-0294,5,726.2128855406432,646.3053090041609,lattice_completed,Ga,Mixed,Mixed,lattice continuity / liquid-front display
L05-0295,5,712.0208230643292,669.0498140659495,weak_peak_refined,Pt,Pt,Pt,image-supported weak peak
L05-0296,5,700.4404666218713,685.6285763700496,weak_peak_refined,Ga,Mixed,Mixed,image-supported weak peak
L05-0297,5,688.9987678443814,701.535556202495,strong_peak_refined,Pt,Pt,Pt,image-supported strong peak
L05-0298,5,677.183402350152,716.0801049344157,strong_peak_refined,Ga,Mixed,Mixed,image-supported strong peak
L05-0299,5,665.4666130407784,737.7768802842004,strong_peak_refined,Pt,Pt,Pt,image-supported strong peak
L05-0300,5,653.6130662834553,757.0949187608737,strong_peak_refined,Ga,Mixed,Mixed,image-supported strong peak
L05-0301,5,641.5966723007988,776.5880101091666,weak_peak_refined,Pt,Pt,Pt,image-supported weak peak
L05-0302,5,630.3965381698481,793.5162209324944,strong_peak_refined,Ga,Mixed,Mixed,image-supported strong peak
L05-0303,5,618.430079551574,808.7079282976904,lattice_completed,Pt,Pt,Pt,lattice continuity / liquid-front display
L05-0304,5,606.5109015984327,824.9566246355454,strong_peak_refined,Ga,Mixed,Mixed,image-supported strong peak
L05-0305,5,595.291443467283,844.2801024406112,strong_peak_refined,Pt,Pt,Pt,image-supported strong peak
L05-0306,5,582.7437346019221,861.9814023067,strong_peak_refined,Ga,Mixed,Mixed,image-supported strong peak
L05-0307,5,570.3063167525778,881.6966126378062,strong_peak_refined,Pt,Pt,Pt,image-supported strong peak
L05-0308,5,558.2097316340106,899.2863789417124,strong_peak_refined,Ga,Mixed,Mixed,image-supported strong peak
L05-0309,5,545.9327613860972,919.913003513317,weak_peak_refined,Pt,Pt,Pt,image-supported weak peak
L05-0310,5,533.8601913667271,938.7609531469392,weak_peak_refined,Ga,Mixed,Mixed,image-supported weak peak
L05-0311,5,521.979299018285,956.64696795907,weak_peak_refined,Pt,Pt,Pt,image-supported weak peak
L05-0312,5,858.5883106079633,480.1092970402682,strong_peak_refined,Pt,Pt,Pt,image-supported strong peak
L05-0313,5,846.6784330411909,499.9578760212803,strong_peak_refined,Pt,Pt,Pt,image-supported strong peak
L05-0314,5,834.2258397892124,518.3210705099705,strong_peak_refined,Pt,Pt,Pt,image-supported strong peak
L05-0315,5,821.8949682362423,539.1369687769673,strong_peak_refined,Pt,Pt,Pt,image-supported strong peak
L05-0316,5,809.2831531963999,556.7461586680245,strong_peak_refined,Pt,Pt,Pt,image-supported strong peak
L05-0317,5,796.5389043944714,574.7592271191421,strong_peak_refined,Ga,Mixed,Mixed,image-supported strong peak
L05-0318,5,784.0054940523086,595.3932981563288,weak_peak_refined,Pt,Pt,Pt,image-supported weak peak
L05-0319,5,771.9534483403907,613.8779889952543,weak_peak_refined,Ga,Mixed,Mixed,image-supported weak peak
L05-0320,5,759.567336293092,631.7325849941667,weak_peak_refined,Pt,Pt,Pt,image-supported weak peak
L05-0321,5,747.808242711313,650.0876757210177,weak_peak_refined,Ga,Mixed,Mixed,image-supported weak peak
L05-0322,5,735.5067648822435,666.5959247594482,weak_peak_refined,Pt,Pt,Pt,image-supported weak peak
L05-0323,5,723.7856773355419,683.9996707077524,weak_peak_refined,Ga,Mixed,Mixed,image-supported weak peak
L05-0324,5,712.1353954913776,703.0414162168944,weak_peak_refined,Pt,Pt,Pt,image-supported weak peak
L05-0325,5,701.0811885279227,717.2422496701917,strong_peak_refined,Ga,Mixed,Mixed,image-supported strong peak
L05-0326,5,688.8868682646731,735.8402784071907,strong_peak_refined,Pt,Pt,Pt,image-supported strong peak
L05-0327,5,677.3935203291912,754.3486328843314,strong_peak_refined,Ga,Mixed,Mixed,image-supported strong peak
L05-0328,5,665.1918110076251,774.7422577833581,weak_peak_refined,Pt,Pt,Pt,image-supported weak peak
L05-0329,5,654.6655419847076,791.1886883627201,strong_peak_refined,Ga,Mixed,Mixed,image-supported strong peak
L05-0330,5,641.3630900969441,812.0148942980827,weak_peak_refined,Pt,Pt,Pt,image-supported weak peak
L05-0331,5,629.7803773486481,830.6693519288824,weak_peak_refined,Ga,Mixed,Mixed,image-supported weak peak
L05-0332,5,618.4082912290254,842.1972198736494,strong_peak_refined,Pt,Pt,Pt,image-supported strong peak
L05-0333,5,605.7629988605178,862.0003309739558,strong_peak_refined,Ga,Mixed,Mixed,image-supported strong peak
L05-0334,5,593.4570502199737,883.2329153079237,weak_peak_refined,Pt,Pt,Pt,image-supported weak peak
L05-0335,5,581.5084641445369,902.2757076731918,weak_peak_refined,Ga,Mixed,Mixed,image-supported weak peak
L05-0336,5,569.6402028721518,917.2660278401976,strong_peak_refined,Pt,Pt,Pt,image-supported strong peak
L05-0337,5,557.6954626739546,936.1882356874416,strong_peak_refined,Ga,Mixed,Mixed,image-supported strong peak
L05-0338,5,545.4461256028069,953.3915256705002,strong_peak_refined,Pt,Pt,Pt,image-supported strong peak
L05-0339,5,881.6131639082112,478.2521669965653,strong_peak_refined,Pt,Pt,Pt,image-supported strong peak
L05-0340,5,868.6487963760151,497.62826691857055,strong_peak_refined,Pt,Pt,Pt,image-supported strong peak
L05-0341,5,857.6907942335044,515.1253560624863,strong_peak_refined,Pt,Pt,Pt,image-supported strong peak
L05-0342,5,845.7617740499883,534.805356462725,strong_peak_refined,Pt,Pt,Pt,image-supported strong peak
L05-0343,5,833.8371209730749,551.8796287006581,strong_peak_refined,Pt,Pt,Pt,image-supported strong peak
L05-0344,5,820.5553434462716,573.8371381510722,strong_peak_refined,Pt,Pt,Pt,image-supported strong peak
L05-0345,5,807.3071412507921,594.3433285547417,weak_peak_refined,Pt,Pt,Pt,image-supported weak peak
L05-0346,5,795.3865468958746,611.3867898530018,weak_peak_refined,Ga,Mixed,Mixed,image-supported weak peak
L05-0347,5,785.0226279437825,626.1789974648575,lattice_completed,Pt,Pt,Pt,lattice continuity / liquid-front display
L05-0348,5,770.7618841734478,647.8732391406819,weak_peak_refined,Ga,Mixed,Mixed,image-supported weak peak
L05-0349,5,759.3965446568044,664.5635308334956,weak_peak_refined,Pt,Pt,Pt,image-supported weak peak
L05-0350,5,746.9100913616172,683.3566847726315,weak_peak_refined,Ga,Mixed,Mixed,image-supported weak peak
L05-0351,5,735.3353157725251,702.0464050210371,weak_peak_refined,Pt,Pt,Pt,image-supported weak peak
L05-0352,5,724.0306264966906,719.3019981354945,weak_peak_refined,Ga,Mixed,Mixed,image-supported weak peak
L05-0353,5,712.1023639352074,735.4656604035032,strong_peak_refined,Pt,Pt,Pt,image-supported strong peak
L05-0354,5,700.264414923327,756.3538797783932,weak_peak_refined,Ga,Mixed,Mixed,image-supported weak peak
L05-0355,5,688.008968934913,774.343489597791,weak_peak_refined,Pt,Pt,Pt,image-supported weak peak
L05-0356,5,677.3479387329521,790.3357474198247,strong_peak_refined,Ga,Mixed,Mixed,image-supported strong peak
L05-0357,5,664.5714471181058,811.6423101288648,weak_peak_refined,Pt,Pt,Pt,image-supported weak peak
L05-0358,5,652.7878208894441,828.575714888917,weak_peak_refined,Ga,Mixed,Mixed,image-supported weak peak
L05-0359,5,640.8053821411729,846.4054640006875,weak_peak_refined,Pt,Pt,Pt,image-supported weak peak
L05-0360,5,629.2706139855051,864.0462535567198,weak_peak_refined,Ga,Mixed,Mixed,image-supported weak peak
L05-0361,5,616.3039767286609,883.6021517131971,weak_peak_refined,Pt,Pt,Pt,image-supported weak peak
L05-0362,5,605.2477268412373,898.1126868788538,strong_peak_refined,Ga,Mixed,Mixed,image-supported strong peak
L05-0363,5,593.054427288618,915.583412570071,strong_peak_refined,Pt,Pt,Pt,image-supported strong peak
L05-0364,5,580.7190862837704,934.1569679787946,strong_peak_refined,Ga,Mixed,Mixed,image-supported strong peak
L05-0365,5,568.9346759685624,950.8934690955288,strong_peak_refined,Pt,Pt,Pt,image-supported strong peak
L05-0366,5,556.2922745069303,972.9936739717388,weak_peak_refined,Ga,Mixed,Mixed,image-supported weak peak
L05-0367,5,893.4511057019353,495.24982860589154,strong_peak_refined,Pt,Pt,Pt,image-supported strong peak
L05-0368,5,880.1620212854294,514.3762326271839,strong_peak_refined,Pt,Pt,Pt,image-supported strong peak
L05-0369,5,869.8190343387886,533.3118636851417,strong_peak_refined,Pt,Pt,Pt,image-supported strong peak
L05-0370,5,857.0633940055668,551.9242185050831,strong_peak_refined,Pt,Pt,Pt,image-supported strong peak
L05-0371,5,844.2747789152374,571.766069426718,strong_peak_refined,Pt,Pt,Pt,image-supported strong peak
L05-0372,5,831.850745201081,589.957299261182,strong_peak_refined,Pt,Pt,Pt,image-supported strong peak
L05-0373,5,819.6030742468757,607.9995716259575,strong_peak_refined,Ga,Mixed,Mixed,image-supported strong peak
L05-0374,5,806.6567096964404,625.9606030624209,strong_peak_refined,Pt,Pt,Pt,image-supported strong peak
L05-0375,5,795.3675363987106,645.1270583711183,strong_peak_refined,Ga,Mixed,Mixed,image-supported strong peak
L05-0376,5,782.8969071115743,662.5629209599127,strong_peak_refined,Pt,Pt,Pt,image-supported strong peak
L05-0377,5,770.8217508843533,680.6172554063716,strong_peak_refined,Ga,Mixed,Mixed,image-supported strong peak
L05-0378,5,758.8430156820447,698.6878703104763,strong_peak_refined,Pt,Pt,Pt,image-supported strong peak
L05-0379,5,747.6617573957752,717.2569476316306,strong_peak_refined,Ga,Mixed,Mixed,image-supported strong peak
L05-0380,5,735.6513563949859,733.1885057567017,strong_peak_refined,Pt,Pt,Pt,image-supported strong peak
L05-0381,5,723.4991202070084,755.3128716514273,weak_peak_refined,Ga,Mixed,Mixed,image-supported weak peak
L05-0382,5,711.9344182053505,772.1054471859957,strong_peak_refined,Pt,Pt,Pt,image-supported strong peak
L05-0383,5,700.2650002843465,791.3902641138842,weak_peak_refined,Ga,Mixed,Mixed,image-supported weak peak
L05-0384,5,687.980476192307,809.9116057926666,weak_peak_refined,Pt,Pt,Pt,image-supported weak peak
L05-0385,5,676.7008423857578,828.1875539894016,weak_peak_refined,Ga,Mixed,Mixed,image-supported weak peak
L05-0386,5,664.9532888314889,840.6551800549652,strong_peak_refined,Pt,Pt,Pt,image-supported strong peak
L05-0387,5,652.5258351957373,862.0829691646923,strong_peak_refined,Ga,Mixed,Mixed,image-supported strong peak
L05-0388,5,640.2493934098605,881.6886338240444,weak_peak_refined,Pt,Pt,Pt,image-supported weak peak
L05-0389,5,628.9742686590635,895.2284831519926,strong_peak_refined,Ga,Mixed,Mixed,image-supported strong peak
L05-0390,5,616.1532378902533,917.6503218115198,weak_peak_refined,Pt,Pt,Pt,image-supported weak peak
L05-0391,5,604.0914603395602,935.923865501246,weak_peak_refined,Ga,Mixed,Mixed,image-supported weak peak
L05-0392,5,592.5572068307818,951.9629655269116,strong_peak_refined,Pt,Pt,Pt,image-supported strong peak
L05-0393,5,580.2129933394856,970.2147182930082,strong_peak_refined,Ga,Mixed,Mixed,image-supported strong peak
L05-0394,5,568.2791798347364,987.8483786038248,strong_peak_refined,Pt,Pt,Pt,image-supported strong peak
L05-0395,5,907.1336337118772,514.4341611592239,strong_peak_refined,Pt,Pt,Pt,image-supported strong peak
L05-0396,5,894.0487706396627,532.2974434246631,strong_peak_refined,Pt,Pt,Pt,image-supported strong peak
L05-0397,5,880.9437528562784,552.0682361200322,strong_peak_refined,Pt,Pt,Pt,image-supported strong peak
L05-0398,5,869.091438767473,568.4706982325591,strong_peak_refined,Pt,Pt,Pt,image-supported strong peak
L05-0399,5,855.0677019748455,589.7471010143238,strong_peak_refined,Pt,Pt,Pt,image-supported strong peak
L05-0400,5,843.0071791427737,607.3945803523728,strong_peak_refined,Pt,Pt,Pt,image-supported strong peak
L05-0401,5,831.1976118151971,623.6052490732309,strong_peak_refined,Pt,Pt,Pt,image-supported strong peak
L05-0402,5,818.6719137733467,641.8247714051297,strong_peak_refined,Ga,Mixed,Mixed,image-supported strong peak
L05-0403,5,806.5546596380221,659.5461722339603,strong_peak_refined,Pt,Pt,Pt,image-supported strong peak
L05-0404,5,795.2368932436619,677.1665267963525,strong_peak_refined,Ga,Mixed,Mixed,image-supported strong peak
L05-0405,5,782.5504609605854,696.4352398233492,strong_peak_refined,Pt,Pt,Pt,image-supported strong peak
L05-0406,5,770.9540022456446,714.4855681731246,strong_peak_refined,Ga,Mixed,Mixed,image-supported strong peak
L05-0407,5,759.5260010319803,734.2855463244131,strong_peak_refined,Pt,Pt,Pt,image-supported strong peak
L05-0408,5,746.7053789987574,753.9374821606413,weak_peak_refined,Ga,Mixed,Mixed,image-supported weak peak
L05-0409,5,735.5069509916016,771.1124406848248,strong_peak_refined,Pt,Pt,Pt,image-supported strong peak
L05-0410,5,723.6788005123847,790.3383202133134,weak_peak_refined,Ga,Mixed,Mixed,image-supported weak peak
L05-0411,5,711.6411477730292,806.7355795842202,strong_peak_refined,Pt,Pt,Pt,image-supported strong peak
L05-0412,5,700.2031167963988,824.243411466567,strong_peak_refined,Ga,Mixed,Mixed,image-supported strong peak
L05-0413,5,688.1981698350824,840.7976617297243,strong_peak_refined,Pt,Pt,Pt,image-supported strong peak
L05-0414,5,675.5798412150763,863.3345817177407,weak_peak_refined,Ga,Mixed,Mixed,image-supported weak peak
L05-0415,5,664.1694596844776,876.3070516491786,strong_peak_refined,Pt,Pt,Pt,image-supported strong peak
L05-0416,5,652.270819614821,894.4151204406472,strong_peak_refined,Ga,Mixed,Mixed,image-supported strong peak
L05-0417,5,639.571996916729,916.9817309396366,weak_peak_refined,Pt,Pt,Pt,image-supported weak peak
L05-0418,5,628.1291891546177,933.1584310977836,strong_peak_refined,Ga,Mixed,Mixed,image-supported strong peak
L05-0419,5,615.5653638622912,953.0750678270376,weak_peak_refined,Pt,Pt,Pt,image-supported weak peak
L05-0420,5,603.7880347563354,970.0916579240536,weak_peak_refined,Ga,Mixed,Mixed,image-supported weak peak
L05-0421,5,591.7532851178884,987.8736364340932,weak_peak_refined,Pt,Pt,Pt,image-supported weak peak
L05-0422,5,919.7042802695624,531.5947394675659,strong_peak_refined,Pt,Pt,Pt,image-supported strong peak
L05-0423,5,906.3700880032504,549.3801450830897,strong_peak_refined,Pt,Pt,Pt,image-supported strong peak
L05-0424,5,891.5499273979335,567.5061784704735,strong_peak_refined,Pt,Pt,Pt,image-supported strong peak
L05-0425,5,878.9984198357434,585.1510525745329,strong_peak_refined,Pt,Pt,Pt,image-supported strong peak
L05-0426,5,866.5041752718317,605.4969126113122,strong_peak_refined,Pt,Pt,Pt,image-supported strong peak
L05-0427,5,854.261437897788,622.8286536290445,strong_peak_refined,Pt,Pt,Pt,image-supported strong peak
L05-0428,5,841.5069875912133,642.0761012401608,strong_peak_refined,Ga,Mixed,Mixed,image-supported strong peak
L05-0429,5,830.2917067537597,659.5078877132,strong_peak_refined,Pt,Pt,Pt,image-supported strong peak
L05-0430,5,818.3897517232829,676.4055624133389,strong_peak_refined,Ga,Mixed,Mixed,image-supported strong peak
L05-0431,5,806.3099830603692,695.7983952937111,strong_peak_refined,Pt,Pt,Pt,image-supported strong peak
L05-0432,5,794.1884223883865,715.058903908346,strong_peak_refined,Ga,Mixed,Mixed,image-supported strong peak
L05-0433,5,782.5502697684683,733.3936385710631,strong_peak_refined,Pt,Pt,Pt,image-supported strong peak
L05-0434,5,770.9361851897041,751.1779805596284,strong_peak_refined,Ga,Mixed,Mixed,image-supported strong peak
L05-0435,5,759.2509340488073,768.7295462711008,strong_peak_refined,Pt,Pt,Pt,image-supported strong peak
L05-0436,5,747.3763807395133,787.8857253804989,strong_peak_refined,Ga,Mixed,Mixed,image-supported strong peak
L05-0437,5,735.4411338325863,805.6389306565247,strong_peak_refined,Pt,Pt,Pt,image-supported strong peak
L05-0438,5,723.5311365769393,824.6440413752513,weak_peak_refined,Ga,Mixed,Mixed,image-supported weak peak
L05-0439,5,710.7257748668333,842.7202214374611,weak_peak_refined,Pt,Pt,Pt,image-supported weak peak
L05-0440,5,699.3197502504507,860.9309870150366,weak_peak_refined,Ga,Mixed,Mixed,image-supported weak peak
L05-0441,5,687.4068444677247,875.3355551646275,strong_peak_refined,Pt,Pt,Pt,image-supported strong peak
L05-0442,5,675.2435657468749,893.5929582474777,strong_peak_refined,Ga,Mixed,Mixed,image-supported strong peak
L05-0443,5,663.2804571713788,913.1400994575577,strong_peak_refined,Pt,Pt,Pt,image-supported strong peak
L05-0444,5,650.9025213929596,934.1983146655956,weak_peak_refined,Ga,Mixed,Mixed,image-supported weak peak
L05-0445,5,639.0329569147189,952.585840167626,weak_peak_refined,Pt,Pt,Pt,image-supported weak peak
L05-0446,5,627.3817259597586,967.4257316613524,strong_peak_refined,Ga,Mixed,Mixed,image-supported strong peak
L05-0447,5,615.264936509579,985.7796946569732,strong_peak_refined,Pt,Pt,Pt,image-supported strong peak
L05-0448,5,603.18793982495,1004.9079821274634,weak_peak_refined,Ga,Mixed,Mixed,image-supported weak peak
L05-0449,5,941.9150284778314,529.3978669363828,strong_peak_refined,Pt,Pt,Pt,image-supported strong peak
L05-0450,5,931.3343846084622,547.3396136594786,strong_peak_refined,Pt,Pt,Pt,image-supported strong peak
L05-0451,5,916.51055874411,566.2291893205515,strong_peak_refined,Pt,Pt,Pt,image-supported strong peak
L05-0452,5,903.1061031824336,584.115739509477,strong_peak_refined,Pt,Pt,Pt,image-supported strong peak
L05-0453,5,891.1075909384114,603.4942800827372,strong_peak_refined,Pt,Pt,Pt,image-supported strong peak
L05-0454,5,878.0421458422479,619.0616783738709,strong_peak_refined,Pt,Pt,Pt,image-supported strong peak
L05-0455,5,865.9138820084969,639.3536613437818,strong_peak_refined,Pt,Pt,Pt,image-supported strong peak
L05-0456,5,852.9442141020143,657.8989695545652,strong_peak_refined,Pt,Pt,Pt,image-supported strong peak
L05-0457,5,841.4816581682384,675.1694071183903,strong_peak_refined,Ga,Mixed,Mixed,image-supported strong peak
L05-0458,5,830.0807702499828,690.8901161806388,strong_peak_refined,Pt,Pt,Pt,image-supported strong peak
L05-0459,5,818.2292573595115,711.4155039984256,strong_peak_refined,Ga,Mixed,Mixed,image-supported strong peak
L05-0460,5,806.1413525799741,731.4832645666428,strong_peak_refined,Pt,Pt,Pt,image-supported strong peak
L05-0461,5,794.3674797335375,750.2737337906619,strong_peak_refined,Ga,Mixed,Mixed,image-supported strong peak
L05-0462,5,782.368930537295,769.0342761091642,strong_peak_refined,Pt,Pt,Pt,image-supported strong peak
L05-0463,5,770.900894724412,787.0399003901922,strong_peak_refined,Ga,Mixed,Mixed,image-supported strong peak
L05-0464,5,758.8845358334639,803.342735352126,strong_peak_refined,Pt,Pt,Pt,image-supported strong peak
L05-0465,5,747.4161279933452,823.2476919462595,strong_peak_refined,Ga,Mixed,Mixed,image-supported strong peak
L05-0466,5,735.100532989368,840.0867204152235,strong_peak_refined,Pt,Pt,Pt,image-supported strong peak
L05-0467,5,722.4687885592028,857.9226859603687,strong_peak_refined,Ga,Mixed,Mixed,image-supported strong peak
L05-0468,5,710.9269616115022,875.8054584922728,strong_peak_refined,Pt,Pt,Pt,image-supported strong peak
L05-0469,5,698.655555202133,894.9357543140754,strong_peak_refined,Ga,Mixed,Mixed,image-supported strong peak
L05-0470,5,686.7628864351641,911.0943557872514,strong_peak_refined,Pt,Pt,Pt,image-supported strong peak
L05-0471,5,674.7649640641314,930.9554591901832,strong_peak_refined,Ga,Mixed,Mixed,image-supported strong peak
L05-0472,5,662.386984717915,950.9645829833344,weak_peak_refined,Pt,Pt,Pt,image-supported weak peak
L05-0473,5,650.9028099569997,968.215602214146,weak_peak_refined,Ga,Mixed,Mixed,image-supported weak peak
L05-0474,5,638.9244888795017,984.379250724198,strong_peak_refined,Pt,Pt,Pt,image-supported strong peak
L05-0475,5,626.7112289638766,1002.500509647533,strong_peak_refined,Ga,Mixed,Mixed,image-supported strong peak
L05-0476,5,950.8292657564704,546.7293083898176,strong_peak_refined,Pt,Pt,Pt,image-supported strong peak
L05-0477,5,939.7927117267903,564.3806583654477,strong_peak_refined,Pt,Pt,Pt,image-supported strong peak
L05-0478,5,929.7720498367592,580.7681185564815,strong_peak_refined,Pt,Pt,Pt,image-supported strong peak
L05-0479,5,914.9225627637716,602.0637311662971,strong_peak_refined,Pt,Pt,Pt,image-supported strong peak
L05-0480,5,901.295377614278,618.8258792117399,strong_peak_refined,Pt,Pt,Pt,image-supported strong peak
L05-0481,5,889.1854633224832,638.607458289699,strong_peak_refined,Pt,Pt,Pt,image-supported strong peak
L05-0482,5,877.854901754429,654.5167064974473,strong_peak_refined,Pt,Pt,Pt,image-supported strong peak
L05-0483,5,865.7290323415665,673.1578265658011,strong_peak_refined,Ga,Mixed,Mixed,image-supported strong peak
L05-0484,5,853.0346500221073,690.5112561091277,strong_peak_refined,Pt,Pt,Pt,image-supported strong peak
L05-0485,5,841.1154210987245,711.7654785946941,strong_peak_refined,Ga,Mixed,Mixed,image-supported strong peak
L05-0486,5,830.0363103519645,730.6414616261815,strong_peak_refined,Pt,Pt,Pt,image-supported strong peak
L05-0487,5,818.2479669313145,747.055570750174,strong_peak_refined,Ga,Mixed,Mixed,image-supported strong peak
L05-0488,5,806.1693871704939,767.527971013157,strong_peak_refined,Pt,Pt,Pt,image-supported strong peak
L05-0489,5,794.5400911494985,784.5904885732587,strong_peak_refined,Ga,Mixed,Mixed,image-supported strong peak
L05-0490,5,782.463051885341,801.3985275053107,strong_peak_refined,Pt,Pt,Pt,image-supported strong peak
L05-0491,5,770.8081247632045,820.7038264953297,strong_peak_refined,Ga,Mixed,Mixed,image-supported strong peak
L05-0492,5,758.4581320469032,838.825801446104,strong_peak_refined,Pt,Pt,Pt,image-supported strong peak
L05-0493,5,746.3323884427354,859.6460306711439,weak_peak_refined,Ga,Mixed,Mixed,image-supported weak peak
L05-0494,5,734.7732136391232,872.7112064375046,strong_peak_refined,Pt,Pt,Pt,image-supported strong peak
L05-0495,5,722.2204822646097,892.3734608788372,strong_peak_refined,Ga,Mixed,Mixed,image-supported strong peak
L05-0496,5,710.2848311861104,910.5277232617148,strong_peak_refined,Pt,Pt,Pt,image-supported strong peak
L05-0497,5,698.0340805038609,930.7829062025572,weak_peak_refined,Ga,Mixed,Mixed,image-supported weak peak
L05-0498,5,686.3039374991546,947.22843042853,strong_peak_refined,Pt,Pt,Pt,image-supported strong peak
L05-0499,5,673.5951311904324,966.8568165977722,weak_peak_refined,Ga,Mixed,Mixed,image-supported weak peak
L05-0500,5,662.2365757096486,983.5912836949872,strong_peak_refined,Pt,Pt,Pt,image-supported strong peak
L05-0501,5,650.1536332234641,1002.0782246535334,strong_peak_refined,Ga,Mixed,Mixed,image-supported strong peak
L05-0502,5,965.6334489074164,562.8781615498425,strong_peak_refined,Pt,Pt,Pt,image-supported strong peak
L05-0503,5,955.5264756316044,581.8767880522842,strong_peak_refined,Pt,Pt,Pt,image-supported strong peak
L05-0504,5,938.1112701625852,598.5087003887633,strong_peak_refined,Pt,Pt,Pt,image-supported strong peak
L05-0505,5,927.1506563829496,617.4644717515707,strong_peak_refined,Pt,Pt,Pt,image-supported strong peak
L05-0506,5,913.5371569738724,635.5662164103464,strong_peak_refined,Pt,Pt,Pt,image-supported strong peak
L05-0507,5,901.0002177152533,653.493734489523,strong_peak_refined,Pt,Pt,Pt,image-supported strong peak
L05-0508,5,888.8631964573949,671.3478061795233,strong_peak_refined,Pt,Pt,Pt,image-supported strong peak
L05-0509,5,876.6739166877088,689.4703767625601,strong_peak_refined,Pt,Pt,Pt,image-supported strong peak
L05-0510,5,864.3540012146693,708.3309398201789,strong_peak_refined,Ga,Mixed,Mixed,image-supported strong peak
L05-0511,5,853.1858417556534,725.5701589621051,strong_peak_refined,Pt,Pt,Pt,image-supported strong peak
L05-0512,5,841.8528272510496,746.6397815175908,strong_peak_refined,Ga,Mixed,Mixed,image-supported strong peak
L05-0513,5,829.7484241647295,764.7704716181319,strong_peak_refined,Pt,Pt,Pt,image-supported strong peak
L05-0514,5,818.0623289376441,782.9244701778027,strong_peak_refined,Ga,Mixed,Mixed,image-supported strong peak
L05-0515,5,805.9402281041332,801.5527588312609,strong_peak_refined,Pt,Pt,Pt,image-supported strong peak
L05-0516,5,794.3454366520491,819.9526623681603,strong_peak_refined,Ga,Mixed,Mixed,image-supported strong peak
L05-0517,5,782.4474670992045,837.3111521353474,strong_peak_refined,Pt,Pt,Pt,image-supported strong peak
L05-0518,5,769.7080898835616,857.3797237879614,weak_peak_refined,Ga,Mixed,Mixed,image-supported weak peak
L05-0519,5,758.2696103041912,873.7897646002688,strong_peak_refined,Pt,Pt,Pt,image-supported strong peak
L05-0520,5,745.6254142276958,891.4831771975249,strong_peak_refined,Ga,Mixed,Mixed,image-supported strong peak
L05-0521,5,733.8122089525773,911.069187905157,strong_peak_refined,Pt,Pt,Pt,image-supported strong peak
L05-0522,5,721.7129084634286,929.4331900664524,strong_peak_refined,Ga,Mixed,Mixed,image-supported strong peak
L05-0523,5,709.4788430836385,947.7547544643812,weak_peak_refined,Pt,Pt,Pt,image-supported weak peak
L05-0524,5,697.3593494000728,966.32774050329,weak_peak_refined,Ga,Mixed,Mixed,image-supported weak peak
L05-0525,5,685.5533121587956,982.900250254499,strong_peak_refined,Pt,Pt,Pt,image-supported strong peak
L05-0526,5,673.6457629596995,1002.0734607458822,weak_peak_refined,Ga,Mixed,Mixed,image-supported weak peak
L05-0527,5,662.0075366891192,1017.9534802513788,strong_peak_refined,Pt,Pt,Pt,image-supported strong peak
L05-0528,5,971.3003489854756,574.5446018383477,weak_peak_refined,Pt,Pt,Pt,image-supported weak peak
L05-0529,5,961.6196974972644,597.1668169461554,strong_peak_refined,Pt,Pt,Pt,image-supported strong peak
L05-0530,5,948.7024729855827,615.3651853878381,strong_peak_refined,Pt,Pt,Pt,image-supported strong peak
L05-0531,5,938.219121599488,633.2069102071177,strong_peak_refined,Pt,Pt,Pt,image-supported strong peak
L05-0532,5,925.2560586601712,650.8091059905606,strong_peak_refined,Pt,Pt,Pt,image-supported strong peak
L05-0533,5,913.792820693114,669.8451982895042,strong_peak_refined,Pt,Pt,Pt,image-supported strong peak
L05-0534,5,900.874761844756,688.3529658637872,strong_peak_refined,Pt,Pt,Pt,image-supported strong peak
L05-0535,5,888.6585258587639,706.7780168571818,strong_peak_refined,Ga,Mixed,Mixed,image-supported strong peak
L05-0536,5,876.0696367114408,725.501277248758,strong_peak_refined,Pt,Pt,Pt,image-supported strong peak
L05-0537,5,865.1796409947679,743.690858458342,strong_peak_refined,Ga,Mixed,Mixed,image-supported strong peak
L05-0538,5,852.667934892936,763.7388131244883,strong_peak_refined,Pt,Pt,Pt,image-supported strong peak
L05-0539,5,841.2160180557784,782.5175342437228,strong_peak_refined,Ga,Mixed,Mixed,image-supported strong peak
L05-0540,5,829.5164437966831,800.0468096418251,strong_peak_refined,Pt,Pt,Pt,image-supported strong peak
L05-0541,5,817.6012391912977,819.0687372493833,strong_peak_refined,Ga,Mixed,Mixed,image-supported strong peak
L05-0542,5,805.6678737590913,836.6330700267029,strong_peak_refined,Pt,Pt,Pt,image-supported strong peak
L05-0543,5,793.8663060116686,855.4300154234081,strong_peak_refined,Ga,Mixed,Mixed,image-supported strong peak
L05-0544,5,781.7507846140052,870.3048756401712,strong_peak_refined,Pt,Pt,Pt,image-supported strong peak
L05-0545,5,769.6353321964664,890.9077110271348,strong_peak_refined,Ga,Mixed,Mixed,image-supported strong peak
L05-0546,5,757.456360819173,909.7713554232992,strong_peak_refined,Pt,Pt,Pt,image-supported strong peak
L05-0547,5,745.3442240025096,927.9371175828976,strong_peak_refined,Ga,Mixed,Mixed,image-supported strong peak
L05-0548,5,733.2513060007453,944.5109535616718,strong_peak_refined,Pt,Pt,Pt,image-supported strong peak
L05-0549,5,721.2197762797063,962.49882929866,strong_peak_refined,Ga,Mixed,Mixed,image-supported strong peak
L05-0550,5,708.990713746484,981.6532213874598,strong_peak_refined,Pt,Pt,Pt,image-supported strong peak
L05-0551,5,697.0347700396532,998.9938904849276,strong_peak_refined,Ga,Mixed,Mixed,image-supported strong peak
L05-0552,5,685.0588780729182,1017.5036229351196,strong_peak_refined,Pt,Pt,Pt,image-supported strong peak
L05-0553,5,973.9535686588604,613.8812911278411,strong_peak_refined,Pt,Pt,Pt,image-supported strong peak
L05-0554,5,960.130494100546,632.4667675336245,strong_peak_refined,Pt,Pt,Pt,image-supported strong peak
L05-0555,5,948.08474387429,650.0810015754179,strong_peak_refined,Pt,Pt,Pt,image-supported strong peak
L05-0556,5,935.6652761540104,667.6414944344837,strong_peak_refined,Pt,Pt,Pt,image-supported strong peak
L05-0557,5,924.4791658592324,686.8850629830752,strong_peak_refined,Pt,Pt,Pt,image-supported strong peak
L05-0558,5,912.262217364778,705.5930487009363,strong_peak_refined,Pt,Pt,Pt,image-supported strong peak
L05-0559,5,899.5198275850851,723.2387216211816,strong_peak_refined,Pt,Pt,Pt,image-supported strong peak
L05-0560,5,888.2032861594262,742.0178877463014,strong_peak_refined,Ga,Mixed,Mixed,image-supported strong peak
L05-0561,5,876.1089529403722,761.164724988769,strong_peak_refined,Pt,Pt,Pt,image-supported strong peak
L05-0562,5,864.2669232148606,780.5430218475325,strong_peak_refined,Ga,Mixed,Mixed,image-supported strong peak
L05-0563,5,852.5015187801811,797.9068370411903,strong_peak_refined,Pt,Pt,Pt,image-supported strong peak
L05-0564,5,840.789737087294,816.328999786649,strong_peak_refined,Ga,Mixed,Mixed,image-supported strong peak
L05-0565,5,828.9572063631645,834.1515182640151,strong_peak_refined,Pt,Pt,Pt,image-supported strong peak
L05-0566,5,817.4531922619261,852.1334717388424,strong_peak_refined,Ga,Mixed,Mixed,image-supported strong peak
L05-0567,5,805.5755562621177,870.6848018615119,strong_peak_refined,Pt,Pt,Pt,image-supported strong peak
L05-0568,5,792.680651239252,890.6619306565991,strong_peak_refined,Ga,Mixed,Mixed,image-supported strong peak
L05-0569,5,780.3881291912581,908.61820310963,strong_peak_refined,Pt,Pt,Pt,image-supported strong peak
L05-0570,5,768.9199919643045,926.7206113503064,strong_peak_refined,Ga,Mixed,Mixed,image-supported strong peak
L05-0571,5,756.9848253160615,943.2437208942848,strong_peak_refined,Pt,Pt,Pt,image-supported strong peak
L05-0572,5,744.2414724400082,963.3399587637904,strong_peak_refined,Ga,Mixed,Mixed,image-supported strong peak
L05-0573,5,732.7449564989525,979.796887647954,strong_peak_refined,Pt,Pt,Pt,image-supported strong peak
L05-0574,5,720.2346831500975,998.3078972914884,strong_peak_refined,Ga,Mixed,Mixed,image-supported strong peak
L05-0575,5,708.7320593470357,1015.175988462835,strong_peak_refined,Pt,Pt,Pt,image-supported strong peak
L05-0576,5,986.7991964940632,629.00451567306,strong_peak_refined,Pt,Pt,Pt,image-supported strong peak
L05-0577,5,971.0218652655644,647.52969639684,strong_peak_refined,Pt,Pt,Pt,image-supported strong peak
L05-0578,5,960.2839956558736,666.3382850871106,strong_peak_refined,Pt,Pt,Pt,image-supported strong peak
L05-0579,5,947.655994178122,684.4838948139727,strong_peak_refined,Pt,Pt,Pt,image-supported strong peak
L05-0580,5,936.0822177610424,703.9525615761476,strong_peak_refined,Pt,Pt,Pt,image-supported strong peak
L05-0581,5,923.8095625176536,722.3487991062378,strong_peak_refined,Pt,Pt,Pt,image-supported strong peak
L05-0582,5,911.177899665158,740.4257384113919,strong_peak_refined,Ga,Mixed,Mixed,image-supported strong peak
L05-0583,5,899.6505278298155,760.1414600151497,strong_peak_refined,Pt,Pt,Pt,image-supported strong peak
L05-0584,5,888.2643582782681,779.533577467695,strong_peak_refined,Ga,Mixed,Mixed,image-supported strong peak
L05-0585,5,875.9548279027755,796.179645549115,strong_peak_refined,Pt,Pt,Pt,image-supported strong peak
L05-0586,5,864.4838951114065,814.882883162797,strong_peak_refined,Ga,Mixed,Mixed,image-supported strong peak
L05-0587,5,852.6415571472232,832.3353458940481,strong_peak_refined,Pt,Pt,Pt,image-supported strong peak
L05-0588,5,841.2752584061413,851.511111052152,strong_peak_refined,Ga,Mixed,Mixed,image-supported strong peak
L05-0589,5,828.9303156455297,869.7222870589702,strong_peak_refined,Pt,Pt,Pt,image-supported strong peak
L05-0590,5,816.5905083698955,888.5714562159574,strong_peak_refined,Ga,Mixed,Mixed,image-supported strong peak
L05-0591,5,804.3264262316436,907.028498986434,strong_peak_refined,Pt,Pt,Pt,image-supported strong peak
L05-0592,5,792.292255385462,924.9963275601908,strong_peak_refined,Ga,Mixed,Mixed,image-supported strong peak
L05-0593,5,780.2067065738516,942.9001581178474,strong_peak_refined,Pt,Pt,Pt,image-supported strong peak
L05-0594,5,767.5596856984586,962.0369264364716,strong_peak_refined,Ga,Mixed,Mixed,image-supported strong peak
L05-0595,5,755.821748767297,978.5207863671357,strong_peak_refined,Pt,Pt,Pt,image-supported strong peak
L05-0596,5,743.643933680827,997.225666796394,strong_peak_refined,Ga,Mixed,Mixed,image-supported strong peak
L05-0597,5,731.8980201747374,1013.9757185343784,strong_peak_refined,Pt,Pt,Pt,image-supported strong peak
L05-0598,5,997.3733562811304,643.9192952365795,weak_peak_refined,Pt,Pt,Pt,image-supported weak peak
L05-0599,5,984.601255714713,663.0475270528891,strong_peak_refined,Pt,Pt,Pt,image-supported strong peak
L05-0600,5,971.7889408136732,682.8062876012052,strong_peak_refined,Pt,Pt,Pt,image-supported strong peak
L05-0601,5,959.7397925607396,701.1471270874052,strong_peak_refined,Pt,Pt,Pt,image-supported strong peak
L05-0602,5,947.947970265962,719.336868710411,strong_peak_refined,Pt,Pt,Pt,image-supported strong peak
L05-0603,5,935.7942903832028,738.9372328660515,strong_peak_refined,Pt,Pt,Pt,image-supported strong peak
L05-0604,5,923.0789449208678,756.3554067205148,strong_peak_refined,Pt,Pt,Pt,image-supported strong peak
L05-0605,5,911.9148177221429,776.4297200130276,strong_peak_refined,Ga,Mixed,Mixed,image-supported strong peak
L05-0606,5,900.1913850531641,794.5347748267518,strong_peak_refined,Pt,Pt,Pt,image-supported strong peak
L05-0607,5,887.9775810753381,812.0940720713676,strong_peak_refined,Ga,Mixed,Mixed,image-supported strong peak
L05-0608,5,875.6461726396483,830.8215430702217,strong_peak_refined,Pt,Pt,Pt,image-supported strong peak
L05-0609,5,863.8606793813852,849.4200736631334,strong_peak_refined,Ga,Mixed,Mixed,image-supported strong peak
L05-0610,5,852.2993849339317,866.5814015144539,strong_peak_refined,Pt,Pt,Pt,image-supported strong peak
L05-0611,5,839.9869408777339,886.0613178577066,strong_peak_refined,Ga,Mixed,Mixed,image-supported strong peak
L05-0612,5,827.9685856982716,904.9200927120388,strong_peak_refined,Pt,Pt,Pt,image-supported strong peak
L05-0613,5,816.0547793836298,923.6117636386012,strong_peak_refined,Ga,Mixed,Mixed,image-supported strong peak
L05-0614,5,804.0796498190649,940.4599764315122,strong_peak_refined,Pt,Pt,Pt,image-supported strong peak
L05-0615,5,791.6505239886274,958.9096767635756,strong_peak_refined,Ga,Mixed,Mixed,image-supported strong peak
L05-0616,5,779.4127717782399,977.7383969963346,strong_peak_refined,Pt,Pt,Pt,image-supported strong peak
L05-0617,5,767.348326392628,995.3108914193476,strong_peak_refined,Ga,Mixed,Mixed,image-supported strong peak
L05-0618,5,755.651935727321,1012.991258429764,strong_peak_refined,Pt,Pt,Pt,image-supported strong peak
L05-0619,5,994.3523147352734,681.1415577544442,strong_peak_refined,Pt,Pt,Pt,image-supported strong peak
L05-0620,5,981.2929697888616,698.3928379073224,strong_peak_refined,Pt,Pt,Pt,image-supported strong peak
L05-0621,5,970.667060090763,716.6659088818171,strong_peak_refined,Pt,Pt,Pt,image-supported strong peak
L05-0622,5,960.8677153803178,735.9490950647875,strong_peak_refined,Pt,Pt,Pt,image-supported strong peak
L05-0623,5,948.73244845807,753.2472107680916,strong_peak_refined,Pt,Pt,Pt,image-supported strong peak
L05-0624,5,935.5002252588334,773.0958572627511,strong_peak_refined,Ga,Mixed,Mixed,image-supported strong peak
L05-0625,5,923.4155464102216,792.6890920726381,strong_peak_refined,Pt,Pt,Pt,image-supported strong peak
L05-0626,5,911.5054921217704,811.4229866535252,strong_peak_refined,Ga,Mixed,Mixed,image-supported strong peak
L05-0627,5,898.8183066378807,829.5763015899983,strong_peak_refined,Pt,Pt,Pt,image-supported strong peak
L05-0628,5,887.4334944417783,848.045022981601,strong_peak_refined,Ga,Mixed,Mixed,image-supported strong peak
L05-0629,5,875.4042792071855,864.8604942985654,strong_peak_refined,Pt,Pt,Pt,image-supported strong peak
L05-0630,5,863.5625214285584,884.2840272610566,strong_peak_refined,Ga,Mixed,Mixed,image-supported strong peak
L05-0631,5,851.1009883946724,903.7706314893512,strong_peak_refined,Pt,Pt,Pt,image-supported strong peak
L05-0632,5,839.5991395029025,921.7069591900354,strong_peak_refined,Ga,Mixed,Mixed,image-supported strong peak
L05-0633,5,827.1625957060484,938.2224971833814,strong_peak_refined,Pt,Pt,Pt,image-supported strong peak
L05-0634,5,815.5995343441416,957.392825894565,strong_peak_refined,Ga,Mixed,Mixed,image-supported strong peak
L05-0635,5,803.3092717679133,975.5320679932076,strong_peak_refined,Pt,Pt,Pt,image-supported strong peak
L05-0636,5,790.9055856682274,994.050427419092,strong_peak_refined,Ga,Mixed,Mixed,image-supported strong peak
L05-0637,5,779.0033244550725,1011.7047294814488,strong_peak_refined,Pt,Pt,Pt,image-supported strong peak
L05-0638,5,1006.220475994015,698.6195376939577,strong_peak_refined,Pt,Pt,Pt,image-supported strong peak
L05-0639,5,998.4898332146612,717.2995821281296,strong_peak_refined,Pt,Pt,Pt,image-supported strong peak
L05-0640,5,983.14361515406,736.1210526227981,strong_peak_refined,Pt,Pt,Pt,image-supported strong peak
L05-0641,5,971.5205336186676,752.5758894366917,strong_peak_refined,Pt,Pt,Pt,image-supported strong peak
L05-0642,5,959.9976611628572,771.70174149192,strong_peak_refined,Pt,Pt,Pt,image-supported strong peak
L05-0643,5,946.9373957579722,790.9922256648437,strong_peak_refined,Pt,Pt,Pt,image-supported strong peak
L05-0644,5,935.6287335380796,809.3320885053157,strong_peak_refined,Ga,Mixed,Mixed,image-supported strong peak
L05-0645,5,923.4105832879349,827.9990411825042,strong_peak_refined,Pt,Pt,Pt,image-supported strong peak
L05-0646,5,911.1203519811072,846.2228249756024,strong_peak_refined,Ga,Mixed,Mixed,image-supported strong peak
L05-0647,5,899.0209966430089,864.3625924323268,strong_peak_refined,Pt,Pt,Pt,image-supported strong peak
L05-0648,5,886.973672104253,882.0537092405507,strong_peak_refined,Ga,Mixed,Mixed,image-supported strong peak
L05-0649,5,874.3866551580422,900.2237894488255,strong_peak_refined,Pt,Pt,Pt,image-supported strong peak
L05-0650,5,862.3503327202724,919.9845936950042,strong_peak_refined,Ga,Mixed,Mixed,image-supported strong peak
L05-0651,5,850.7496011235864,938.4947796784492,strong_peak_refined,Pt,Pt,Pt,image-supported strong peak
L05-0652,5,839.1031446667967,956.5840692963244,strong_peak_refined,Ga,Mixed,Mixed,image-supported strong peak
L05-0653,5,826.8568899041563,974.1470052195932,strong_peak_refined,Pt,Pt,Pt,image-supported strong peak
L05-0654,5,815.2710803564927,993.1883700146508,strong_peak_refined,Ga,Mixed,Mixed,image-supported strong peak
L05-0655,5,802.8230005543759,1010.10474613716,strong_peak_refined,Pt,Pt,Pt,image-supported strong peak
L05-0656,5,1007.9128810865556,733.8228643045406,strong_peak_refined,Pt,Pt,Pt,image-supported strong peak
L05-0657,5,993.8592952812752,750.2534536106645,strong_peak_refined,Pt,Pt,Pt,image-supported strong peak
L05-0658,5,983.2190496646314,769.1997403659853,strong_peak_refined,Pt,Pt,Pt,image-supported strong peak
L05-0659,5,970.5431341434122,788.814125159969,strong_peak_refined,Pt,Pt,Pt,image-supported strong peak
L05-0660,5,959.356042476128,806.8764178017369,strong_peak_refined,Ga,Mixed,Mixed,image-supported strong peak
L05-0661,5,946.1264881601452,825.1901716247276,strong_peak_refined,Pt,Pt,Pt,image-supported strong peak
L05-0662,5,934.1447600299152,843.8980832774005,strong_peak_refined,Ga,Mixed,Mixed,image-supported strong peak
L05-0663,5,922.4738766639696,862.3540688941926,strong_peak_refined,Pt,Pt,Pt,image-supported strong peak
L05-0664,5,910.346037494468,880.3446902917266,strong_peak_refined,Ga,Mixed,Mixed,image-supported strong peak
L05-0665,5,898.1264578171308,900.3126956784089,strong_peak_refined,Pt,Pt,Pt,image-supported strong peak
L05-0666,5,886.5182876283199,917.2996748267808,strong_peak_refined,Ga,Mixed,Mixed,image-supported strong peak
L05-0667,5,874.3024614518826,936.2206530973054,strong_peak_refined,Pt,Pt,Pt,image-supported strong peak
L05-0668,5,862.3362753622459,955.4739579595548,strong_peak_refined,Ga,Mixed,Mixed,image-supported strong peak
L05-0669,5,850.604747759341,972.9422979290828,strong_peak_refined,Pt,Pt,Pt,image-supported strong peak
L05-0670,5,838.35610346435,991.1890704648584,strong_peak_refined,Ga,Mixed,Mixed,image-supported strong peak
L05-0671,5,1009.3357997974324,773.4351632780758,strong_peak_refined,Pt,Pt,Pt,image-supported strong peak
L05-0672,5,996.6247480448212,783.2912560000738,weak_peak_refined,Pt,Pt,Pt,image-supported weak peak
L05-0673,5,984.3984230765518,806.4088177831982,strong_peak_refined,Pt,Pt,Pt,image-supported strong peak
L05-0674,5,970.5581419450516,822.6887038088895,strong_peak_refined,Pt,Pt,Pt,image-supported strong peak
L05-0675,5,957.9350788795432,842.486369719538,strong_peak_refined,Ga,Mixed,Mixed,image-supported strong peak
L05-0676,5,945.8304875999812,860.1351992795777,strong_peak_refined,Pt,Pt,Pt,image-supported strong peak
L05-0677,5,934.1880683060696,878.7371400758648,strong_peak_refined,Ga,Mixed,Mixed,image-supported strong peak
L05-0678,5,921.51780767566,897.2797931215667,strong_peak_refined,Pt,Pt,Pt,image-supported strong peak
L05-0679,5,909.1262114777152,916.1188647523906,strong_peak_refined,Ga,Mixed,Mixed,image-supported strong peak
L05-0680,5,897.6283381437613,933.0563760885389,strong_peak_refined,Pt,Pt,Pt,image-supported strong peak
L05-0681,5,885.5411965532319,953.080331687947,strong_peak_refined,Ga,Mixed,Mixed,image-supported strong peak
L05-0682,5,873.6859057516091,970.9089899949588,strong_peak_refined,Pt,Pt,Pt,image-supported strong peak
L05-0683,5,994.3120156817458,819.892913707113,strong_peak_refined,Pt,Pt,Pt,image-supported strong peak
L05-0684,5,983.4368950119097,842.0128481809676,strong_peak_refined,Pt,Pt,Pt,image-supported strong peak
L05-0685,5,969.7688593844586,859.0014527854202,strong_peak_refined,Pt,Pt,Pt,image-supported strong peak
L05-0686,5,957.609065045885,877.9747501238669,strong_peak_refined,Ga,Mixed,Mixed,image-supported strong peak
L05-0687,5,945.7473371888036,894.9767326279961,strong_peak_refined,Pt,Pt,Pt,image-supported strong peak
L05-0688,5,933.4853870667556,914.0103899489018,strong_peak_refined,Ga,Mixed,Mixed,image-supported strong peak
L05-0689,5,921.1058483975504,932.5825941214396,strong_peak_refined,Pt,Pt,Pt,image-supported strong peak
L06-0000,6,482.60767896977234,534.1725892211526,strong_peak_refined,Pt,Pt,Pt,image-supported strong peak
L06-0001,6,469.497897526737,557.5438796351739,weak_peak_refined,Ga,Mixed,Mixed,image-supported weak peak
L06-0002,6,457.7947721276731,575.2397069577864,weak_peak_refined,Pt,Pt,Pt,image-supported weak peak
L06-0003,6,446.17948134176186,593.5418403775994,weak_peak_refined,Ga,Mixed,Mixed,image-supported weak peak
L06-0004,6,542.1587404787998,481.5222179212709,strong_peak_refined,Ga,Mixed,Mixed,image-supported strong peak
L06-0005,6,529.8827632579437,501.4631569060566,weak_peak_refined,Pt,Pt,Pt,image-supported weak peak
L06-0006,6,517.2495328137637,520.5045626310718,weak_peak_refined,Ga,Mixed,Mixed,image-supported weak peak
L06-0007,6,505.88998969549095,534.310002295238,strong_peak_refined,Pt,Pt,Pt,image-supported strong peak
L06-0008,6,494.5783050140372,550.0250255825249,strong_peak_refined,Ga,Mixed,Mixed,image-supported strong peak
L06-0009,6,482.3214494638852,570.3256272182119,strong_peak_refined,Pt,Pt,Pt,image-supported strong peak
L06-0010,6,469.1519692973546,591.7530979665052,weak_peak_refined,Ga,Mixed,Mixed,image-supported weak peak
L06-0011,6,457.4140986855903,606.22974990495,strong_peak_refined,Pt,Pt,Pt,image-supported strong peak
L06-0012,6,445.3876994024517,624.8182079643278,strong_peak_refined,Ga,Mixed,Mixed,image-supported strong peak
L06-0013,6,434.0153249061463,640.1163930660945,strong_peak_refined,Pt,Pt,Pt,image-supported strong peak
L06-0014,6,420.5241558594696,663.7342638110495,weak_peak_refined,Ga,Mixed,Mixed,image-supported weak peak
L06-0015,6,577.5097483821202,462.04707167776286,strong_peak_refined,Pt,Pt,Pt,image-supported strong peak
L06-0016,6,565.2908479536117,479.0458735531626,strong_peak_refined,Pt,Pt,Pt,image-supported strong peak
L06-0017,6,553.1188391591407,497.7289946924228,strong_peak_refined,Pt,Pt,Pt,image-supported strong peak
L06-0018,6,540.7108015626605,518.7575900870571,weak_peak_refined,Ga,Mixed,Mixed,image-supported weak peak
L06-0019,6,529.4001081620471,533.6271238712943,strong_peak_refined,Pt,Pt,Pt,image-supported strong peak
L06-0020,6,517.8131049954374,549.3458331098532,strong_peak_refined,Ga,Mixed,Mixed,image-supported strong peak
L06-0021,6,504.4754349296975,571.3592361388868,weak_peak_refined,Pt,Pt,Pt,image-supported weak peak
L06-0022,6,492.2986222043892,591.5938293054385,weak_peak_refined,Ga,Mixed,Mixed,image-supported weak peak
L06-0023,6,480.83444270409393,605.6476980911074,strong_peak_refined,Pt,Pt,Pt,image-supported strong peak
L06-0024,6,467.4320637844485,626.5360249638188,weak_peak_refined,Ga,Mixed,Mixed,image-supported weak peak
L06-0025,6,455.9552085099713,643.4575939446036,weak_peak_refined,Pt,Pt,Pt,image-supported weak peak
L06-0026,6,444.3751584146621,660.30302605659,strong_peak_refined,Ga,Mixed,Mixed,image-supported strong peak
L06-0027,6,432.0102846001023,681.5272605173847,weak_peak_refined,Pt,Pt,Pt,image-supported weak peak
L06-0028,6,420.6688025526646,697.7165194634006,weak_peak_refined,Ga,Mixed,Mixed,image-supported weak peak
L06-0029,6,600.9906957062091,459.3911807914439,strong_peak_refined,Pt,Pt,Pt,image-supported strong peak
L06-0030,6,588.4946541699253,478.44879175189647,strong_peak_refined,Ga,Mixed,Mixed,image-supported strong peak
L06-0031,6,576.7128744990478,498.3355433440079,weak_peak_refined,Pt,Pt,Pt,image-supported weak peak
L06-0032,6,564.2543598596559,518.0907679918847,weak_peak_refined,Ga,Mixed,Mixed,image-supported weak peak
L06-0033,6,552.5023912097623,531.3936930735201,strong_peak_refined,Pt,Pt,Pt,image-supported strong peak
L06-0034,6,540.9547945225531,548.4328322806232,strong_peak_refined,Ga,Mixed,Mixed,image-supported strong peak
L06-0035,6,527.9518091491701,570.3503052838226,weak_peak_refined,Pt,Pt,Pt,image-supported weak peak
L06-0036,6,515.8371015469789,587.2177597823129,strong_peak_refined,Ga,Mixed,Mixed,image-supported strong peak
L06-0037,6,504.1439933993963,604.1180802090099,strong_peak_refined,Pt,Pt,Pt,image-supported strong peak
L06-0038,6,491.58223322136,623.7335038290735,strong_peak_refined,Ga,Mixed,Mixed,image-supported strong peak
L06-0039,6,479.0614258377629,644.5752404367516,weak_peak_refined,Pt,Pt,Pt,image-supported weak peak
L06-0040,6,467.92882338945634,659.9562887195134,strong_peak_refined,Ga,Mixed,Mixed,image-supported strong peak
L06-0041,6,455.7380787722625,678.0676599732358,strong_peak_refined,Pt,Pt,Pt,image-supported strong peak
L06-0042,6,443.8311324957782,696.3779679342864,strong_peak_refined,Ga,Mixed,Mixed,image-supported strong peak
L06-0043,6,432.10751679181527,713.062134894903,strong_peak_refined,Pt,Pt,Pt,image-supported strong peak
L06-0044,6,420.0927001644617,732.8528172570137,weak_peak_refined,Ga,Mixed,Mixed,image-supported weak peak
L06-0045,6,636.7498461929756,439.2999631271959,strong_peak_refined,Ga,Mixed,Mixed,image-supported strong peak
L06-0046,6,624.1489509882921,458.5791698253234,strong_peak_refined,Pt,Pt,Pt,image-supported strong peak
L06-0047,6,612.1851713687391,478.6234198930681,strong_peak_refined,Ga,Mixed,Mixed,image-supported strong peak
L06-0048,6,600.0451956614176,498.20999080824384,weak_peak_refined,Pt,Pt,Pt,image-supported weak peak
L06-0049,6,587.8056775018184,514.798588470608,strong_peak_refined,Ga,Mixed,Mixed,image-supported strong peak
L06-0050,6,575.4433165264381,534.9324242953882,weak_peak_refined,Pt,Pt,Pt,image-supported weak peak
L06-0051,6,564.047346250451,549.1226499641145,strong_peak_refined,Ga,Mixed,Mixed,image-supported strong peak
L06-0052,6,551.7630563759323,567.6347296225005,strong_peak_refined,Pt,Pt,Pt,image-supported strong peak
L06-0053,6,539.0986552778975,589.1960578561782,weak_peak_refined,Ga,Mixed,Mixed,image-supported weak peak
L06-0054,6,526.8838949342913,606.3571192594017,weak_peak_refined,Pt,Pt,Pt,image-supported weak peak
L06-0055,6,515.0616038791604,623.8701909213594,weak_peak_refined,Ga,Mixed,Mixed,image-supported weak peak
L06-0056,6,503.5523030176343,640.0614965952543,strong_peak_refined,Pt,Pt,Pt,image-supported strong peak
L06-0057,6,491.8485514860103,656.3616813844648,strong_peak_refined,Ga,Mixed,Mixed,image-supported strong peak
L06-0058,6,479.0543489751985,677.8734743299976,weak_peak_refined,Pt,Pt,Pt,image-supported weak peak
L06-0059,6,468.2812711373069,690.3153027808041,strong_peak_refined,Ga,Mixed,Mixed,image-supported strong peak
L06-0060,6,455.3972853983858,711.7833767750537,strong_peak_refined,Pt,Pt,Pt,image-supported strong peak
L06-0061,6,444.27027169336,727.9020010951717,strong_peak_refined,Ga,Mixed,Mixed,image-supported strong peak
L06-0062,6,432.68986866673936,745.3980755347262,strong_peak_refined,Pt,Pt,Pt,image-supported strong peak
L06-0063,6,420.7312043712236,764.0536086348119,strong_peak_refined,Ga,Mixed,Mixed,image-supported strong peak
L06-0064,6,660.5602390910136,439.01573057877454,strong_peak_refined,Pt,Pt,Pt,image-supported strong peak
L06-0065,6,647.8403282193331,457.809915248624,strong_peak_refined,Pt,Pt,Pt,image-supported strong peak
L06-0066,6,635.4512928004816,477.3002999932451,strong_peak_refined,Ga,Mixed,Mixed,image-supported strong peak
L06-0067,6,623.6021465115414,493.808649346536,strong_peak_refined,Pt,Pt,Pt,image-supported strong peak
L06-0068,6,611.0003972506523,516.0554680725182,weak_peak_refined,Ga,Mixed,Mixed,image-supported weak peak
L06-0069,6,598.8873723601259,532.4468392494788,weak_peak_refined,Pt,Pt,Pt,image-supported weak peak
L06-0070,6,587.6941741841634,548.3805914175506,strong_peak_refined,Ga,Mixed,Mixed,image-supported strong peak
L06-0071,6,574.3243235538496,570.264014303602,weak_peak_refined,Pt,Pt,Pt,image-supported weak peak
L06-0072,6,562.5815243739019,586.7311749747286,weak_peak_refined,Ga,Mixed,Mixed,image-supported weak peak
L06-0073,6,550.2864387751522,605.2900115077085,weak_peak_refined,Pt,Pt,Pt,image-supported weak peak
L06-0074,6,538.5894710951668,621.25618167993,strong_peak_refined,Ga,Mixed,Mixed,image-supported strong peak
L06-0075,6,527.1930407658208,635.6933688488576,strong_peak_refined,Pt,Pt,Pt,image-supported strong peak
L06-0076,6,514.8889937880767,654.7558133965505,strong_peak_refined,Ga,Mixed,Mixed,image-supported strong peak
L06-0077,6,502.9452229368197,673.0230880185134,strong_peak_refined,Pt,Pt,Pt,image-supported strong peak
L06-0078,6,491.1610657806089,689.4710419552604,strong_peak_refined,Ga,Mixed,Mixed,image-supported strong peak
L06-0079,6,479.2813627657641,711.098530561476,strong_peak_refined,Pt,Pt,Pt,image-supported strong peak
L06-0080,6,467.4234089643976,729.8295205453383,strong_peak_refined,Ga,Mixed,Mixed,image-supported strong peak
L06-0081,6,455.62691997572006,747.04037969496,strong_peak_refined,Pt,Pt,Pt,image-supported strong peak
L06-0082,6,444.2787062500221,763.0970592577276,strong_peak_refined,Ga,Mixed,Mixed,image-supported strong peak
L06-0083,6,432.42050364695706,781.9183270073902,strong_peak_refined,Pt,Pt,Pt,image-supported strong peak
L06-0084,6,683.5642958716263,436.10487561691,strong_peak_refined,Pt,Pt,Pt,image-supported strong peak
L06-0085,6,671.7976484730294,457.0121426886996,strong_peak_refined,Pt,Pt,Pt,image-supported strong peak
L06-0086,6,659.0965538856,475.22839415815065,strong_peak_refined,Ga,Mixed,Mixed,image-supported strong peak
L06-0087,6,646.9071460243662,494.4641450147621,strong_peak_refined,Pt,Pt,Pt,image-supported strong peak
L06-0088,6,634.4166341177468,512.8425722565111,strong_peak_refined,Ga,Mixed,Mixed,image-supported strong peak
L06-0089,6,622.5805287302366,530.3603303353993,strong_peak_refined,Pt,Pt,Pt,image-supported strong peak
L06-0090,6,610.5125538462814,547.040564424439,strong_peak_refined,Ga,Mixed,Mixed,image-supported strong peak
L06-0091,6,598.3397341021894,565.4092464088093,strong_peak_refined,Pt,Pt,Pt,image-supported strong peak
L06-0092,6,586.0063752928269,586.3928332314324,weak_peak_refined,Ga,Mixed,Mixed,image-supported weak peak
L06-0093,6,574.0757476116162,604.1821456703786,weak_peak_refined,Pt,Pt,Pt,image-supported weak peak
L06-0094,6,562.0256113986155,621.3641238949087,weak_peak_refined,Ga,Mixed,Mixed,image-supported weak peak
L06-0095,6,550.1552976688232,636.9830905581563,strong_peak_refined,Pt,Pt,Pt,image-supported strong peak
L06-0096,6,538.2539700532398,655.7427748352779,strong_peak_refined,Ga,Mixed,Mixed,image-supported strong peak
L06-0097,6,526.6108683467486,672.1669295548621,strong_peak_refined,Pt,Pt,Pt,image-supported strong peak
L06-0098,6,513.7923533799438,692.0818048841107,strong_peak_refined,Ga,Mixed,Mixed,image-supported strong peak
L06-0099,6,502.3282383430278,709.9629378746778,strong_peak_refined,Pt,Pt,Pt,image-supported strong peak
L06-0100,6,491.2048486928207,725.1255613879753,strong_peak_refined,Ga,Mixed,Mixed,image-supported strong peak
L06-0101,6,478.17702896596205,748.6092426320197,weak_peak_refined,Pt,Pt,Pt,image-supported weak peak
L06-0102,6,467.0098929754406,764.9107387685747,strong_peak_refined,Ga,Mixed,Mixed,image-supported strong peak
L06-0103,6,455.8793539336404,780.426234482698,strong_peak_refined,Pt,Pt,Pt,image-supported strong peak
L06-0104,6,444.7916458452295,798.8228755564711,strong_peak_refined,Ga,Mixed,Mixed,image-supported strong peak
L06-0105,6,432.6308512145222,814.406847108431,strong_peak_refined,Pt,Pt,Pt,image-supported strong peak
L06-0106,6,706.5720541053832,436.419060510521,strong_peak_refined,Pt,Pt,Pt,image-supported strong peak
L06-0107,6,694.6348834381404,455.0834787764367,strong_peak_refined,Pt,Pt,Pt,image-supported strong peak
L06-0108,6,682.5243003308279,474.69611902811,strong_peak_refined,Ga,Mixed,Mixed,image-supported strong peak
L06-0109,6,670.7423715250352,493.3165643325172,strong_peak_refined,Pt,Pt,Pt,image-supported strong peak
L06-0110,6,658.4264399699207,512.5759062396587,weak_peak_refined,Ga,Mixed,Mixed,image-supported weak peak
L06-0111,6,646.0981411669004,530.5570611809641,weak_peak_refined,Pt,Pt,Pt,image-supported weak peak
L06-0112,6,633.5963629702602,549.4070573977218,weak_peak_refined,Ga,Mixed,Mixed,image-supported weak peak
L06-0113,6,621.984082259182,565.9490224521652,strong_peak_refined,Pt,Pt,Pt,image-supported strong peak
L06-0114,6,609.7867981016902,584.420965829141,weak_peak_refined,Ga,Mixed,Mixed,image-supported weak peak
L06-0115,6,597.7216824941249,601.2771798765333,strong_peak_refined,Pt,Pt,Pt,image-supported strong peak
L06-0116,6,585.3992183669953,620.0421759731169,strong_peak_refined,Ga,Mixed,Mixed,image-supported strong peak
L06-0117,6,572.942524681143,639.6081079633097,weak_peak_refined,Pt,Pt,Pt,image-supported weak peak
L06-0118,6,560.635391812123,657.0943841110496,weak_peak_refined,Ga,Mixed,Mixed,image-supported weak peak
L06-0119,6,549.9662084382904,670.2561006202601,strong_peak_refined,Pt,Pt,Pt,image-supported strong peak
L06-0120,6,537.9832587187345,688.8792758636596,strong_peak_refined,Ga,Mixed,Mixed,image-supported strong peak
L06-0121,6,525.6800506892046,710.0940146260622,strong_peak_refined,Pt,Pt,Pt,image-supported strong peak
L06-0122,6,513.653827670286,727.0681015642676,strong_peak_refined,Ga,Mixed,Mixed,image-supported strong peak
L06-0123,6,502.7284019956444,742.0419226425038,strong_peak_refined,Pt,Pt,Pt,image-supported strong peak
L06-0124,6,490.7814446668218,761.8492240987778,strong_peak_refined,Ga,Mixed,Mixed,image-supported strong peak
L06-0125,6,479.27964578085806,778.8437191421782,strong_peak_refined,Pt,Pt,Pt,image-supported strong peak
L06-0126,6,467.4761154284739,798.6513349281369,strong_peak_refined,Ga,Mixed,Mixed,image-supported strong peak
L06-0127,6,456.0087805906148,814.9757158338668,strong_peak_refined,Pt,Pt,Pt,image-supported strong peak
L06-0128,6,443.59438162284334,832.5413024759818,strong_peak_refined,Ga,Mixed,Mixed,image-supported strong peak
L06-0129,6,730.433052477904,432.3921161992077,strong_peak_refined,Pt,Pt,Pt,image-supported strong peak
L06-0130,6,718.7564819641591,452.3137540255192,strong_peak_refined,Pt,Pt,Pt,image-supported strong peak
L06-0131,6,706.2295573081932,470.8995177649222,strong_peak_refined,Pt,Pt,Pt,image-supported strong peak
L06-0132,6,693.6021006769287,491.3797528159213,strong_peak_refined,Pt,Pt,Pt,image-supported strong peak
L06-0133,6,681.1108484042518,512.6081927893775,weak_peak_refined,Ga,Mixed,Mixed,image-supported weak peak
L06-0134,6,669.9060743537531,527.1451134953822,strong_peak_refined,Pt,Pt,Pt,image-supported strong peak
L06-0135,6,657.733581604556,545.5230716171988,strong_peak_refined,Ga,Mixed,Mixed,image-supported strong peak
L06-0136,6,645.2642202303878,566.3670906760127,weak_peak_refined,Pt,Pt,Pt,image-supported weak peak
L06-0137,6,633.2804624727714,581.5254697298597,strong_peak_refined,Ga,Mixed,Mixed,image-supported strong peak
L06-0138,6,620.8305935478371,601.1071257603048,weak_peak_refined,Pt,Pt,Pt,image-supported weak peak
L06-0139,6,607.9819626406368,620.9175865918075,weak_peak_refined,Ga,Mixed,Mixed,image-supported weak peak
L06-0140,6,597.317093380122,632.62362517445,strong_peak_refined,Pt,Pt,Pt,image-supported strong peak
L06-0141,6,585.0784215943701,653.8932823231614,strong_peak_refined,Ga,Mixed,Mixed,image-supported strong peak
L06-0142,6,572.9647779063965,672.4963493317714,strong_peak_refined,Pt,Pt,Pt,image-supported strong peak
L06-0143,6,561.2987075160806,687.3042121935927,strong_peak_refined,Ga,Mixed,Mixed,image-supported strong peak
L06-0144,6,549.457825717724,706.7634040485701,strong_peak_refined,Pt,Pt,Pt,image-supported strong peak
L06-0145,6,537.6140303709706,725.9474520687764,strong_peak_refined,Ga,Mixed,Mixed,image-supported strong peak
L06-0146,6,526.5310275817964,740.3612745672441,strong_peak_refined,Pt,Pt,Pt,image-supported strong peak
L06-0147,6,514.0910305791343,762.0005651219859,strong_peak_refined,Ga,Mixed,Mixed,image-supported strong peak
L06-0148,6,502.66771536953615,777.6577905013299,strong_peak_refined,Pt,Pt,Pt,image-supported strong peak
L06-0149,6,490.3092732252293,798.6765089249359,strong_peak_refined,Ga,Mixed,Mixed,image-supported strong peak
L06-0150,6,478.4422270487685,817.9371936991251,weak_peak_refined,Pt,Pt,Pt,image-supported weak peak
L06-0151,6,467.7757656629721,830.8301622120998,strong_peak_refined,Ga,Mixed,Mixed,image-supported strong peak
L06-0152,6,455.2918360814687,849.1576300396437,strong_peak_refined,Pt,Pt,Pt,image-supported strong peak
L06-0153,6,754.7571088779144,432.375205669964,strong_peak_refined,Pt,Pt,Pt,image-supported strong peak
L06-0154,6,741.8056827792537,449.87987183817694,strong_peak_refined,Pt,Pt,Pt,image-supported strong peak
L06-0155,6,728.9577743719543,470.2830155419079,strong_peak_refined,Pt,Pt,Pt,image-supported strong peak
L06-0156,6,716.5066594849925,490.4637135627293,strong_peak_refined,Pt,Pt,Pt,image-supported strong peak
L06-0157,6,704.8051107121446,510.4922033711349,weak_peak_refined,Ga,Mixed,Mixed,image-supported weak peak
L06-0158,6,693.2212048697596,529.2273038463554,weak_peak_refined,Pt,Pt,Pt,image-supported weak peak
L06-0159,6,680.4456233408107,547.9517010594685,weak_peak_refined,Ga,Mixed,Mixed,image-supported weak peak
L06-0160,6,668.903528191594,564.5907249428313,weak_peak_refined,Pt,Pt,Pt,image-supported weak peak
L06-0161,6,657.1815096241866,580.0137218096153,strong_peak_refined,Ga,Mixed,Mixed,image-supported strong peak
L06-0162,6,645.2907741037138,597.0794373222062,lattice_completed,Pt,Pt,Pt,lattice continuity / liquid-front display
L06-0163,6,631.9926714271006,619.0075409933695,weak_peak_refined,Ga,Mixed,Mixed,image-supported weak peak
L06-0164,6,620.2499135342765,635.6264111708014,strong_peak_refined,Pt,Pt,Pt,image-supported strong peak
L06-0165,6,608.2971436034431,652.8235878817829,strong_peak_refined,Ga,Mixed,Mixed,image-supported strong peak
L06-0166,6,596.4669923307083,671.9266736816985,strong_peak_refined,Pt,Pt,Pt,image-supported strong peak
L06-0167,6,584.6462091563089,688.1501723003656,strong_peak_refined,Ga,Mixed,Mixed,image-supported strong peak
L06-0168,6,573.2139405529599,705.211335745208,strong_peak_refined,Pt,Pt,Pt,image-supported strong peak
L06-0169,6,560.5202782081188,724.4208591671254,strong_peak_refined,Ga,Mixed,Mixed,image-supported strong peak
L06-0170,6,549.2038785277747,741.8112611886152,strong_peak_refined,Pt,Pt,Pt,image-supported strong peak
L06-0171,6,537.5102098855114,759.227118370821,strong_peak_refined,Ga,Mixed,Mixed,image-supported strong peak
L06-0172,6,524.9365774892406,780.6178749595983,weak_peak_refined,Pt,Pt,Pt,image-supported weak peak
L06-0173,6,513.7464338504705,795.6488835084284,strong_peak_refined,Ga,Mixed,Mixed,image-supported strong peak
L06-0174,6,501.3759618061041,816.5569132525501,strong_peak_refined,Pt,Pt,Pt,image-supported strong peak
L06-0175,6,490.7139216338221,833.2968005109972,strong_peak_refined,Ga,Mixed,Mixed,image-supported strong peak
L06-0176,6,478.4209609933541,848.849626071348,strong_peak_refined,Pt,Pt,Pt,image-supported strong peak
L06-0177,6,465.9053797390134,868.6034951426893,strong_peak_refined,Ga,Mixed,Mixed,image-supported strong peak
L06-0178,6,777.0334804971034,430.4097967562119,strong_peak_refined,Pt,Pt,Pt,image-supported strong peak
L06-0179,6,765.6112861350967,448.55269018707423,strong_peak_refined,Pt,Pt,Pt,image-supported strong peak
L06-0180,6,753.5400711424908,469.5294340605092,strong_peak_refined,Pt,Pt,Pt,image-supported strong peak
L06-0181,6,741.5618557958796,488.6643903413183,strong_peak_refined,Pt,Pt,Pt,image-supported strong peak
L06-0182,6,728.6632910961681,508.69030224688873,strong_peak_refined,Ga,Mixed,Mixed,image-supported strong peak
L06-0183,6,716.7711582805489,525.9473867937743,strong_peak_refined,Pt,Pt,Pt,image-supported strong peak
L06-0184,6,704.4731822430899,543.1107791967876,strong_peak_refined,Ga,Mixed,Mixed,image-supported strong peak
L06-0185,6,692.5703072374391,560.8688596818108,strong_peak_refined,Pt,Pt,Pt,image-supported strong peak
L06-0186,6,680.3211017487891,578.2284754764786,strong_peak_refined,Ga,Mixed,Mixed,image-supported strong peak
L06-0187,6,666.907686867916,600.4740064873005,weak_peak_refined,Pt,Pt,Pt,image-supported weak peak
L06-0188,6,655.006059181662,619.1190495954944,weak_peak_refined,Ga,Mixed,Mixed,image-supported weak peak
L06-0189,6,642.7705961488533,636.9727499876303,weak_peak_refined,Pt,Pt,Pt,image-supported weak peak
L06-0190,6,631.1726051055231,655.371647672197,weak_peak_refined,Ga,Mixed,Mixed,image-supported weak peak
L06-0191,6,619.719258828905,669.0429442082115,strong_peak_refined,Pt,Pt,Pt,image-supported strong peak
L06-0192,6,607.8147385769347,687.4328497260896,strong_peak_refined,Ga,Mixed,Mixed,image-supported strong peak
L06-0193,6,596.7179766563409,703.1438130130889,strong_peak_refined,Pt,Pt,Pt,image-supported strong peak
L06-0194,6,584.3186038932799,721.1827509190088,strong_peak_refined,Ga,Mixed,Mixed,image-supported strong peak
L06-0195,6,572.4653384355066,739.9859357702154,strong_peak_refined,Pt,Pt,Pt,image-supported strong peak
L06-0196,6,560.5917595312375,758.5931334890727,strong_peak_refined,Ga,Mixed,Mixed,image-supported strong peak
L06-0197,6,549.2295268923561,775.9007721141664,strong_peak_refined,Pt,Pt,Pt,image-supported strong peak
L06-0198,6,537.2565441572382,795.4112215320998,strong_peak_refined,Ga,Mixed,Mixed,image-supported strong peak
L06-0199,6,525.6771919787749,810.2344882860282,strong_peak_refined,Pt,Pt,Pt,image-supported strong peak
L06-0200,6,513.5921781863381,830.1257627494548,strong_peak_refined,Ga,Mixed,Mixed,image-supported strong peak
L06-0201,6,501.71757507253807,848.9316434844186,strong_peak_refined,Pt,Pt,Pt,image-supported strong peak
L06-0202,6,489.4331125315021,866.030952084333,strong_peak_refined,Ga,Mixed,Mixed,image-supported strong peak
L06-0203,6,477.033648845856,887.5299206933951,strong_peak_refined,Pt,Pt,Pt,image-supported strong peak
L06-0204,6,789.4797041906824,447.4967435636356,strong_peak_refined,Pt,Pt,Pt,image-supported strong peak
L06-0205,6,777.4077673425976,467.4843605967849,strong_peak_refined,Pt,Pt,Pt,image-supported strong peak
L06-0206,6,764.2557378225342,487.19160005964216,strong_peak_refined,Pt,Pt,Pt,image-supported strong peak
L06-0207,6,751.9512961358016,505.7524006489775,strong_peak_refined,Pt,Pt,Pt,image-supported strong peak
L06-0208,6,739.466326667762,525.2080723382187,strong_peak_refined,Pt,Pt,Pt,image-supported strong peak
L06-0209,6,728.6026627394459,540.2939713343424,strong_peak_refined,Ga,Mixed,Mixed,image-supported strong peak
L06-0210,6,716.0763838389718,558.908390305844,lattice_completed,Pt,Pt,Pt,lattice continuity / liquid-front display
L06-0211,6,703.6198415849185,578.0324557405288,strong_peak_refined,Ga,Mixed,Mixed,image-supported strong peak
L06-0212,6,691.3289290335417,595.9665425797568,strong_peak_refined,Pt,Pt,Pt,image-supported strong peak
L06-0213,6,678.31615035531,616.0057684502827,weak_peak_refined,Ga,Mixed,Mixed,image-supported weak peak
L06-0214,6,667.4040576704149,632.8476351399038,strong_peak_refined,Pt,Pt,Pt,image-supported strong peak
L06-0215,6,654.7997152123511,649.7276346121815,strong_peak_refined,Ga,Mixed,Mixed,image-supported strong peak
L06-0216,6,642.7381936081914,669.9937232923171,weak_peak_refined,Pt,Pt,Pt,image-supported weak peak
L06-0217,6,631.555199858926,683.7436709155093,strong_peak_refined,Ga,Mixed,Mixed,image-supported strong peak
L06-0218,6,620.2318365302484,701.3079764165353,strong_peak_refined,Pt,Pt,Pt,image-supported strong peak
L06-0219,6,607.8054913133864,722.7406892692788,strong_peak_refined,Ga,Mixed,Mixed,image-supported strong peak
L06-0220,6,596.3407691958988,739.0341641163261,strong_peak_refined,Pt,Pt,Pt,image-supported strong peak
L06-0221,6,584.4267308273055,755.8144312489378,strong_peak_refined,Ga,Mixed,Mixed,image-supported strong peak
L06-0222,6,572.4415285409669,775.8993970622365,strong_peak_refined,Pt,Pt,Pt,image-supported strong peak
L06-0223,6,561.4773136114927,791.2733766524793,strong_peak_refined,Ga,Mixed,Mixed,image-supported strong peak
L06-0224,6,548.725084235622,812.5092957734366,strong_peak_refined,Pt,Pt,Pt,image-supported strong peak
L06-0225,6,536.5044946909551,830.3765712036377,strong_peak_refined,Ga,Mixed,Mixed,image-supported strong peak
L06-0226,6,524.529216531595,849.0274219963558,strong_peak_refined,Pt,Pt,Pt,image-supported strong peak
L06-0227,6,512.774667192406,867.4528054389748,strong_peak_refined,Ga,Mixed,Mixed,image-supported strong peak
L06-0228,6,501.0734229136396,883.978539434168,strong_peak_refined,Pt,Pt,Pt,image-supported strong peak
L06-0229,6,489.3209073358133,902.0388168601776,strong_peak_refined,Ga,Mixed,Mixed,image-supported strong peak
L06-0230,6,812.9797535053949,444.4067076084018,strong_peak_refined,Pt,Pt,Pt,image-supported strong peak
L06-0231,6,799.7560212481468,465.3905129645495,strong_peak_refined,Pt,Pt,Pt,image-supported strong peak
L06-0232,6,787.8642853193121,482.8227860606679,strong_peak_refined,Pt,Pt,Pt,image-supported strong peak
L06-0233,6,776.0741220978645,501.7371958374306,strong_peak_refined,Pt,Pt,Pt,image-supported strong peak
L06-0234,6,763.0489447010486,522.7433810224907,strong_peak_refined,Pt,Pt,Pt,image-supported strong peak
L06-0235,6,751.0845178489234,540.512433822826,strong_peak_refined,Ga,Mixed,Mixed,image-supported strong peak
L06-0236,6,738.3808720109897,561.2055046766759,weak_peak_refined,Pt,Pt,Pt,image-supported weak peak
L06-0237,6,727.5217463388873,576.7727829863823,strong_peak_refined,Ga,Mixed,Mixed,image-supported strong peak
L06-0238,6,714.0342885683176,598.3031022859735,weak_peak_refined,Pt,Pt,Pt,image-supported weak peak
L06-0239,6,701.5877548494668,617.1474220321329,weak_peak_refined,Ga,Mixed,Mixed,image-supported weak peak
L06-0240,6,690.1270113491637,632.6045014464563,strong_peak_refined,Pt,Pt,Pt,image-supported strong peak
L06-0241,6,678.0492488207423,650.7696221895566,strong_peak_refined,Ga,Mixed,Mixed,image-supported strong peak
L06-0242,6,667.1571844274152,664.6183094308942,strong_peak_refined,Pt,Pt,Pt,image-supported strong peak
L06-0243,6,654.4986525772696,684.9440938958841,strong_peak_refined,Ga,Mixed,Mixed,image-supported strong peak
L06-0244,6,642.6045769336995,703.9929820625808,strong_peak_refined,Pt,Pt,Pt,image-supported strong peak
L06-0245,6,630.604624106142,722.9190818966813,strong_peak_refined,Ga,Mixed,Mixed,image-supported strong peak
L06-0246,6,619.8937067453064,736.1114664772359,strong_peak_refined,Pt,Pt,Pt,image-supported strong peak
L06-0247,6,608.1131996221775,753.9486979563592,strong_peak_refined,Ga,Mixed,Mixed,image-supported strong peak
L06-0248,6,596.3626351785769,774.1567225143584,strong_peak_refined,Pt,Pt,Pt,image-supported strong peak
L06-0249,6,584.4989154041469,793.778745687535,strong_peak_refined,Ga,Mixed,Mixed,image-supported strong peak
L06-0250,6,572.3632808289709,809.9501014697406,strong_peak_refined,Pt,Pt,Pt,image-supported strong peak
L06-0251,6,560.8188660921522,825.4046306968797,strong_peak_refined,Ga,Mixed,Mixed,image-supported strong peak
L06-0252,6,547.7753671021712,846.7460377102302,strong_peak_refined,Pt,Pt,Pt,image-supported strong peak
L06-0253,6,536.756439927024,861.457119494578,strong_peak_refined,Ga,Mixed,Mixed,image-supported strong peak
L06-0254,6,523.6180395300523,887.1420158604215,weak_peak_refined,Pt,Pt,Pt,image-supported weak peak
L06-0255,6,512.5489418831327,898.5555583830632,strong_peak_refined,Ga,Mixed,Mixed,image-supported strong peak
L06-0256,6,499.4295987081156,922.278858861266,weak_peak_refined,Pt,Pt,Pt,image-supported weak peak
L06-0257,6,826.3390867999599,462.7455905697615,strong_peak_refined,Pt,Pt,Pt,image-supported strong peak
L06-0258,6,811.0862592084044,482.4753624662964,strong_peak_refined,Pt,Pt,Pt,image-supported strong peak
L06-0259,6,798.7003238529994,501.6378591048599,strong_peak_refined,Pt,Pt,Pt,image-supported strong peak
L06-0260,6,786.905890154854,522.1097701720033,strong_peak_refined,Pt,Pt,Pt,image-supported strong peak
L06-0261,6,774.8597060259284,539.0699568393636,strong_peak_refined,Pt,Pt,Pt,image-supported strong peak
L06-0262,6,762.746033765704,556.6030679070227,strong_peak_refined,Pt,Pt,Pt,image-supported strong peak
L06-0263,6,750.8972926442549,575.5237149522485,strong_peak_refined,Ga,Mixed,Mixed,image-supported strong peak
L06-0264,6,738.2508083540879,595.1918535865755,strong_peak_refined,Pt,Pt,Pt,image-supported strong peak
L06-0265,6,724.7077611759329,616.0713880968535,weak_peak_refined,Ga,Mixed,Mixed,image-supported weak peak
L06-0266,6,712.930855428636,633.3185746530685,weak_peak_refined,Pt,Pt,Pt,image-supported weak peak
L06-0267,6,701.0770372089362,650.2889245779403,weak_peak_refined,Ga,Mixed,Mixed,image-supported weak peak
L06-0268,6,690.1804109371623,663.1277126180026,strong_peak_refined,Pt,Pt,Pt,image-supported strong peak
L06-0269,6,677.6558350567094,685.9777786312588,weak_peak_refined,Ga,Mixed,Mixed,image-supported weak peak
L06-0270,6,665.5639827073197,704.5877992389328,weak_peak_refined,Pt,Pt,Pt,image-supported weak peak
L06-0271,6,654.8641416778802,715.131758053551,strong_peak_refined,Ga,Mixed,Mixed,image-supported strong peak
L06-0272,6,642.8641474672902,736.5657871436989,strong_peak_refined,Pt,Pt,Pt,image-supported strong peak
L06-0273,6,630.2935478715648,758.4334634929704,weak_peak_refined,Ga,Mixed,Mixed,image-supported weak peak
L06-0274,6,618.8452460258384,775.9604008102785,strong_peak_refined,Pt,Pt,Pt,image-supported strong peak
L06-0275,6,607.9860426198493,791.8101695907196,strong_peak_refined,Ga,Mixed,Mixed,image-supported strong peak
L06-0276,6,596.4176296891634,807.386753791729,strong_peak_refined,Pt,Pt,Pt,image-supported strong peak
L06-0277,6,583.1469929180279,828.5586966528363,strong_peak_refined,Ga,Mixed,Mixed,image-supported strong peak
L06-0278,6,571.7945630771493,844.9175855354752,strong_peak_refined,Pt,Pt,Pt,image-supported strong peak
L06-0279,6,559.817339529348,862.0185745342548,strong_peak_refined,Ga,Mixed,Mixed,image-supported strong peak
L06-0280,6,547.1413826970838,883.2900413809361,strong_peak_refined,Pt,Pt,Pt,image-supported strong peak
L06-0281,6,535.6034139776291,897.2341925194962,strong_peak_refined,Ga,Mixed,Mixed,image-supported strong peak
L06-0282,6,522.7360798699599,918.876980183126,strong_peak_refined,Pt,Pt,Pt,image-supported strong peak
L06-0283,6,511.5014985500101,935.1492035462352,strong_peak_refined,Ga,Mixed,Mixed,image-supported strong peak
L06-0284,6,848.8409127363695,461.4048615338489,strong_peak_refined,Pt,Pt,Pt,image-supported strong peak
L06-0285,6,835.9358318881332,481.5797175929347,strong_peak_refined,Pt,Pt,Pt,image-supported strong peak
L06-0286,6,823.403968740479,499.82103393254,strong_peak_refined,Pt,Pt,Pt,image-supported strong peak
L06-0287,6,810.7133780604878,518.6815567181133,strong_peak_refined,Pt,Pt,Pt,image-supported strong peak
L06-0288,6,798.76784490673,537.897650590077,strong_peak_refined,Pt,Pt,Pt,image-supported strong peak
L06-0289,6,785.5300695564057,557.9087537387303,strong_peak_refined,Pt,Pt,Pt,image-supported strong peak
L06-0290,6,773.2136030820262,576.1985587677858,strong_peak_refined,Ga,Mixed,Mixed,image-supported strong peak
L06-0291,6,761.6008514661769,592.76628306954,strong_peak_refined,Pt,Pt,Pt,image-supported strong peak
L06-0292,6,748.9583317525068,611.4494635252682,strong_peak_refined,Ga,Mixed,Mixed,image-supported strong peak
L06-0293,6,737.3293072424838,629.2459119905141,strong_peak_refined,Pt,Pt,Pt,image-supported strong peak
L06-0294,6,724.9401417984803,646.1202218029077,strong_peak_refined,Ga,Mixed,Mixed,image-supported strong peak
L06-0295,6,712.2296243415933,668.6264223344317,weak_peak_refined,Pt,Pt,Pt,image-supported weak peak
L06-0296,6,700.6420653298098,685.2114994324628,weak_peak_refined,Ga,Mixed,Mixed,image-supported weak peak
L06-0297,6,689.3602394909834,701.3176429488011,strong_peak_refined,Pt,Pt,Pt,image-supported strong peak
L06-0298,6,677.6679436873104,715.908376971181,strong_peak_refined,Ga,Mixed,Mixed,image-supported strong peak
L06-0299,6,665.7483231038544,737.5441843956382,strong_peak_refined,Pt,Pt,Pt,image-supported strong peak
L06-0300,6,653.6713716980335,756.4715994521105,strong_peak_refined,Ga,Mixed,Mixed,image-supported strong peak
L06-0301,6,642.281579516104,774.9430060519343,strong_peak_refined,Pt,Pt,Pt,image-supported strong peak
L06-0302,6,631.0844904253454,791.8698187989326,strong_peak_refined,Ga,Mixed,Mixed,image-supported strong peak
L06-0303,6,619.8494787681453,806.2619355322684,strong_peak_refined,Pt,Pt,Pt,image-supported strong peak
L06-0304,6,607.433875978189,824.7199677426241,strong_peak_refined,Ga,Mixed,Mixed,image-supported strong peak
L06-0305,6,595.6191075288291,844.1915566775405,strong_peak_refined,Pt,Pt,Pt,image-supported strong peak
L06-0306,6,583.2751000263039,861.9607205019249,strong_peak_refined,Ga,Mixed,Mixed,image-supported strong peak
L06-0307,6,570.7844759411163,881.0360418900748,strong_peak_refined,Pt,Pt,Pt,image-supported strong peak
L06-0308,6,558.5797437823956,898.9219807316855,strong_peak_refined,Ga,Mixed,Mixed,image-supported strong peak
L06-0309,6,546.4436838805619,917.866092156053,strong_peak_refined,Pt,Pt,Pt,image-supported strong peak
L06-0310,6,534.4411169424851,935.9944535599226,strong_peak_refined,Pt,Pt,Pt,image-supported strong peak
L06-0311,6,522.0641277486571,956.3064272775472,weak_peak_refined,Pt,Pt,Pt,image-supported weak peak
L06-0312,6,859.0243450247804,479.7951906179495,strong_peak_refined,Pt,Pt,Pt,image-supported strong peak
L06-0313,6,846.6782002458972,499.7160022602347,strong_peak_refined,Pt,Pt,Pt,image-supported strong peak
L06-0314,6,834.4175013368066,518.2846933306301,strong_peak_refined,Pt,Pt,Pt,image-supported strong peak
L06-0315,6,821.7771304923785,538.475245283292,strong_peak_refined,Pt,Pt,Pt,image-supported strong peak
L06-0316,6,809.4838936799699,556.4798465972118,strong_peak_refined,Pt,Pt,Pt,image-supported strong peak
L06-0317,6,796.7841197436288,574.516529270348,strong_peak_refined,Ga,Mixed,Mixed,image-supported strong peak
L06-0318,6,784.7942781873679,591.1503368587827,strong_peak_refined,Pt,Pt,Pt,image-supported strong peak
L06-0319,6,771.7263542588657,613.6697164099149,weak_peak_refined,Ga,Mixed,Mixed,image-supported weak peak
L06-0320,6,759.7895127485663,631.4859087619681,weak_peak_refined,Pt,Pt,Pt,image-supported weak peak
L06-0321,6,747.7936391491703,650.0090435252863,weak_peak_refined,Ga,Mixed,Mixed,image-supported weak peak
L06-0322,6,735.6733859333706,666.5022225522755,weak_peak_refined,Pt,Pt,Pt,image-supported weak peak
L06-0323,6,723.8378207391597,683.5607756480978,weak_peak_refined,Ga,Mixed,Mixed,image-supported weak peak
L06-0324,6,712.2640104367041,702.4919858384259,weak_peak_refined,Pt,Pt,Pt,image-supported weak peak
L06-0325,6,701.3322196788434,716.6322842185849,strong_peak_refined,Ga,Mixed,Mixed,image-supported strong peak
L06-0326,6,689.2852276231412,735.1252388482312,strong_peak_refined,Pt,Pt,Pt,image-supported strong peak
L06-0327,6,677.9471142903687,753.5275150485419,strong_peak_refined,Ga,Mixed,Mixed,image-supported strong peak
L06-0328,6,665.5264307290954,773.8152835604878,strong_peak_refined,Pt,Pt,Pt,image-supported strong peak
L06-0329,6,655.1070662062441,789.502499009078,strong_peak_refined,Ga,Mixed,Mixed,image-supported strong peak
L06-0330,6,642.7986897903173,806.2113960170699,strong_peak_refined,Pt,Pt,Pt,image-supported strong peak
L06-0331,6,630.4423103122193,823.358536572437,strong_peak_refined,Ga,Mixed,Mixed,image-supported strong peak
L06-0332,6,618.7515396893109,842.0740416124195,strong_peak_refined,Pt,Pt,Pt,image-supported strong peak
L06-0333,6,606.310000714229,861.7516759783996,strong_peak_refined,Ga,Mixed,Mixed,image-supported strong peak
L06-0334,6,594.0323350556735,881.9925393111521,strong_peak_refined,Pt,Pt,Pt,image-supported strong peak
L06-0335,6,582.4628726089775,896.9397899810813,strong_peak_refined,Ga,Mixed,Mixed,image-supported strong peak
L06-0336,6,569.8984834254932,916.927964135076,strong_peak_refined,Pt,Pt,Pt,image-supported strong peak
L06-0337,6,558.0272684046217,935.482988740243,strong_peak_refined,Ga,Mixed,Mixed,image-supported strong peak
L06-0338,6,545.6394842568102,953.2456207845077,strong_peak_refined,Pt,Pt,Pt,image-supported strong peak
L06-0339,6,881.9024332837625,477.8725595740517,strong_peak_refined,Pt,Pt,Pt,image-supported strong peak
L06-0340,6,870.746593883284,496.44572227418695,strong_peak_refined,Pt,Pt,Pt,image-supported strong peak
L06-0341,6,857.9370046207348,515.3510870380061,strong_peak_refined,Pt,Pt,Pt,image-supported strong peak
L06-0342,6,846.0865584757943,535.1366935890783,strong_peak_refined,Pt,Pt,Pt,image-supported strong peak
L06-0343,6,833.9298905200342,552.3032676543628,strong_peak_refined,Pt,Pt,Pt,image-supported strong peak
L06-0344,6,821.0002868308144,572.8793471267679,strong_peak_refined,Pt,Pt,Pt,image-supported strong peak
L06-0345,6,807.4065141597067,594.1828051245822,weak_peak_refined,Pt,Pt,Pt,image-supported weak peak
L06-0346,6,795.6426461288162,611.164206600182,weak_peak_refined,Ga,Mixed,Mixed,image-supported weak peak
L06-0347,6,784.6350326051522,625.9568178986599,strong_peak_refined,Pt,Pt,Pt,image-supported strong peak
L06-0348,6,771.0977382096238,647.5236590356521,weak_peak_refined,Ga,Mixed,Mixed,image-supported weak peak
L06-0349,6,759.7393700728016,664.4579195369919,strong_peak_refined,Pt,Pt,Pt,image-supported strong peak
L06-0350,6,747.3815963735141,683.1809601009803,weak_peak_refined,Ga,Mixed,Mixed,image-supported weak peak
L06-0351,6,735.4446063732158,701.6360251579848,weak_peak_refined,Pt,Pt,Pt,image-supported weak peak
L06-0352,6,724.1980779202787,718.8343250195945,strong_peak_refined,Ga,Mixed,Mixed,image-supported strong peak
L06-0353,6,712.4355938074673,734.4769339832973,strong_peak_refined,Pt,Pt,Pt,image-supported strong peak
L06-0354,6,700.0956009894344,755.891235672478,weak_peak_refined,Ga,Mixed,Mixed,image-supported weak peak
L06-0355,6,688.1191005645095,773.8317087708682,weak_peak_refined,Pt,Pt,Pt,image-supported weak peak
L06-0356,6,677.570267039841,789.5159468346008,strong_peak_refined,Ga,Mixed,Mixed,image-supported strong peak
L06-0357,6,664.8807024404641,810.9152317371664,weak_peak_refined,Pt,Pt,Pt,image-supported weak peak
L06-0358,6,654.200402469108,822.2634344496738,strong_peak_refined,Ga,Mixed,Mixed,image-supported strong peak
L06-0359,6,641.9829254714283,839.0614780385042,strong_peak_refined,Pt,Pt,Pt,image-supported strong peak
L06-0360,6,630.2627852909463,857.3172422681631,strong_peak_refined,Ga,Mixed,Mixed,image-supported strong peak
L06-0361,6,618.0981658206023,878.9969088348664,strong_peak_refined,Pt,Pt,Pt,image-supported strong peak
L06-0362,6,605.551906793511,897.715382029635,strong_peak_refined,Ga,Mixed,Mixed,image-supported strong peak
L06-0363,6,593.3566602586835,915.2978564481908,strong_peak_refined,Pt,Pt,Pt,image-supported strong peak
L06-0364,6,581.1498691960904,933.900638937985,strong_peak_refined,Ga,Mixed,Mixed,image-supported strong peak
L06-0365,6,569.2821389000403,951.0240772129844,strong_peak_refined,Pt,Pt,Pt,image-supported strong peak
L06-0366,6,557.109231274032,969.1333489541112,strong_peak_refined,Pt,Pt,Pt,image-supported strong peak
L06-0367,6,894.0312266468651,495.3872884205212,strong_peak_refined,Pt,Pt,Pt,image-supported strong peak
L06-0368,6,880.4011992417217,514.46135624467,strong_peak_refined,Pt,Pt,Pt,image-supported strong peak
L06-0369,6,869.7056546435039,533.4549491513443,strong_peak_refined,Pt,Pt,Pt,image-supported strong peak
L06-0370,6,857.311120570355,552.0531119093995,strong_peak_refined,Pt,Pt,Pt,image-supported strong peak
L06-0371,6,844.7760975545801,571.2835244331347,strong_peak_refined,Pt,Pt,Pt,image-supported strong peak
L06-0372,6,832.0332308741713,589.8613954314784,strong_peak_refined,Pt,Pt,Pt,image-supported strong peak
L06-0373,6,819.809739203973,607.9977193754863,strong_peak_refined,Ga,Mixed,Mixed,image-supported strong peak
L06-0374,6,807.602435365661,625.3275288643122,strong_peak_refined,Pt,Pt,Pt,image-supported strong peak
L06-0375,6,795.4119497148946,644.6008638496843,strong_peak_refined,Ga,Mixed,Mixed,image-supported strong peak
L06-0376,6,783.1607885208999,662.4527988284036,strong_peak_refined,Pt,Pt,Pt,image-supported strong peak
L06-0377,6,770.9536483623614,680.2664378508751,strong_peak_refined,Ga,Mixed,Mixed,image-supported strong peak
L06-0378,6,759.2307301884684,698.5846447214702,strong_peak_refined,Pt,Pt,Pt,image-supported strong peak
L06-0379,6,747.8650886172215,717.0358946940289,strong_peak_refined,Ga,Mixed,Mixed,image-supported strong peak
L06-0380,6,735.9202491717344,732.9760775249551,strong_peak_refined,Pt,Pt,Pt,image-supported strong peak
L06-0381,6,724.7096826163727,748.530164869078,strong_peak_refined,Ga,Mixed,Mixed,image-supported strong peak
L06-0382,6,712.0990451276019,771.3676604874181,strong_peak_refined,Pt,Pt,Pt,image-supported strong peak
L06-0383,6,700.4247119803783,789.7975672287657,strong_peak_refined,Ga,Mixed,Mixed,image-supported strong peak
L06-0384,6,688.9822394582847,803.8776992397745,strong_peak_refined,Pt,Pt,Pt,image-supported strong peak
L06-0385,6,676.5794682502885,822.0419515202174,strong_peak_refined,Ga,Mixed,Mixed,image-supported strong peak
L06-0386,6,665.2429467131005,840.5432425937446,strong_peak_refined,Pt,Pt,Pt,image-supported strong peak
L06-0387,6,653.1261330456288,860.543852274781,strong_peak_refined,Ga,Mixed,Mixed,image-supported strong peak
L06-0388,6,641.2174202777761,877.9295170307742,strong_peak_refined,Pt,Pt,Pt,image-supported strong peak
L06-0389,6,629.3864005041416,894.931853178588,strong_peak_refined,Ga,Mixed,Mixed,image-supported strong peak
L06-0390,6,616.3664152161199,916.512347606984,strong_peak_refined,Pt,Pt,Pt,image-supported strong peak
L06-0391,6,604.7447450826205,932.4005726832512,strong_peak_refined,Ga,Mixed,Mixed,image-supported strong peak
L06-0392,6,592.724225706232,951.3044250957316,strong_peak_refined,Pt,Pt,Pt,image-supported strong peak
L06-0393,6,580.4794373247394,969.583334126932,strong_peak_refined,Ga,Mixed,Mixed,image-supported strong peak
L06-0394,6,568.4740430391051,987.4228808508082,strong_peak_refined,Pt,Pt,Pt,image-supported strong peak
L06-0395,6,906.9872430126208,514.0442239255894,strong_peak_refined,Pt,Pt,Pt,image-supported strong peak
L06-0396,6,893.921918687409,532.2177371885986,strong_peak_refined,Pt,Pt,Pt,image-supported strong peak
L06-0397,6,880.9945776107058,549.7656526797472,strong_peak_refined,Pt,Pt,Pt,image-supported strong peak
L06-0398,6,869.147457428627,568.5572758272042,strong_peak_refined,Pt,Pt,Pt,image-supported strong peak
L06-0399,6,855.7230816872831,589.9159538589737,strong_peak_refined,Pt,Pt,Pt,image-supported strong peak
L06-0400,6,842.8692502289077,606.9654729713811,strong_peak_refined,Pt,Pt,Pt,image-supported strong peak
L06-0401,6,831.5527859850255,623.9265964083876,strong_peak_refined,Pt,Pt,Pt,image-supported strong peak
L06-0402,6,818.9532856804244,641.8898100712089,strong_peak_refined,Ga,Mixed,Mixed,image-supported strong peak
L06-0403,6,807.1300586335541,659.2695511223609,strong_peak_refined,Pt,Pt,Pt,image-supported strong peak
L06-0404,6,795.5313287466076,676.9254030459713,strong_peak_refined,Ga,Mixed,Mixed,image-supported strong peak
L06-0405,6,783.052907281577,695.8302835649401,strong_peak_refined,Pt,Pt,Pt,image-supported strong peak
L06-0406,6,771.3122691417873,714.0350122587649,strong_peak_refined,Ga,Mixed,Mixed,image-supported strong peak
L06-0407,6,759.676556715458,733.2107804375473,strong_peak_refined,Pt,Pt,Pt,image-supported strong peak
L06-0408,6,746.5906959434851,753.5639768683789,weak_peak_refined,Ga,Mixed,Mixed,image-supported weak peak
L06-0409,6,735.6688019195021,770.8182026458612,strong_peak_refined,Pt,Pt,Pt,image-supported strong peak
L06-0410,6,723.6144390602223,789.6716296711026,weak_peak_refined,Ga,Mixed,Mixed,image-supported weak peak
L06-0411,6,711.9401724550753,805.8816151977976,strong_peak_refined,Pt,Pt,Pt,image-supported strong peak
L06-0412,6,700.3087282512365,823.0674449048472,strong_peak_refined,Ga,Mixed,Mixed,image-supported strong peak
L06-0413,6,688.4056552804677,840.2354819819534,strong_peak_refined,Pt,Pt,Pt,image-supported strong peak
L06-0414,6,676.5760257321804,858.5667846429964,strong_peak_refined,Ga,Mixed,Mixed,image-supported strong peak
L06-0415,6,664.4444854248375,876.0547890870849,strong_peak_refined,Pt,Pt,Pt,image-supported strong peak
L06-0416,6,652.5415412926477,894.3490688692158,strong_peak_refined,Ga,Mixed,Mixed,image-supported strong peak
L06-0417,6,640.7109178069032,912.397464467568,strong_peak_refined,Pt,Pt,Pt,image-supported strong peak
L06-0418,6,628.4246384491205,932.3125545583345,strong_peak_refined,Ga,Mixed,Mixed,image-supported strong peak
L06-0419,6,615.8131306846852,952.464760752776,weak_peak_refined,Pt,Pt,Pt,image-supported weak peak
L06-0420,6,603.9243145239894,968.9262140244614,strong_peak_refined,Ga,Mixed,Mixed,image-supported strong peak
L06-0421,6,592.07144403678,986.7450085982956,strong_peak_refined,Pt,Pt,Pt,image-supported strong peak
L06-0422,6,916.756060431834,530.8332277782781,strong_peak_refined,Pt,Pt,Pt,image-supported strong peak
L06-0423,6,904.9759688337252,548.8651095880616,strong_peak_refined,Pt,Pt,Pt,image-supported strong peak
L06-0424,6,892.0224482109425,567.5185324110902,strong_peak_refined,Pt,Pt,Pt,image-supported strong peak
L06-0425,6,879.5931070320067,585.2393985215236,strong_peak_refined,Pt,Pt,Pt,image-supported strong peak
L06-0426,6,866.6726426895663,605.2940625115822,strong_peak_refined,Pt,Pt,Pt,image-supported strong peak
L06-0427,6,854.5544708715987,622.7358082867624,strong_peak_refined,Pt,Pt,Pt,image-supported strong peak
L06-0428,6,841.8307732503444,642.0120253333124,strong_peak_refined,Ga,Mixed,Mixed,image-supported strong peak
L06-0429,6,830.5582820431765,658.8067490721172,strong_peak_refined,Pt,Pt,Pt,image-supported strong peak
L06-0430,6,818.7076676182197,676.2049737296169,strong_peak_refined,Ga,Mixed,Mixed,image-supported strong peak
L06-0431,6,806.820751254154,695.5132074575338,strong_peak_refined,Pt,Pt,Pt,image-supported strong peak
L06-0432,6,794.5200716303818,714.8330311217244,strong_peak_refined,Ga,Mixed,Mixed,image-supported strong peak
L06-0433,6,782.7242075831617,732.8711147170411,strong_peak_refined,Pt,Pt,Pt,image-supported strong peak
L06-0434,6,771.011709271043,750.0582404316145,strong_peak_refined,Ga,Mixed,Mixed,image-supported strong peak
L06-0435,6,759.2947707829755,768.4549825224886,strong_peak_refined,Pt,Pt,Pt,image-supported strong peak
L06-0436,6,747.585625892706,787.1607353863299,strong_peak_refined,Ga,Mixed,Mixed,image-supported strong peak
L06-0437,6,735.5059708012644,805.3453696152603,strong_peak_refined,Pt,Pt,Pt,image-supported strong peak
L06-0438,6,724.4496862398257,821.2531182127483,strong_peak_refined,Ga,Mixed,Mixed,image-supported strong peak
L06-0439,6,711.0398301093338,841.7409867302479,strong_peak_refined,Pt,Pt,Pt,image-supported strong peak
L06-0440,6,700.3740440861524,856.2085734303549,strong_peak_refined,Ga,Mixed,Mixed,image-supported strong peak
L06-0441,6,687.8664532364961,875.1021488199,strong_peak_refined,Pt,Pt,Pt,image-supported strong peak
L06-0442,6,675.609768201444,893.3523297006777,strong_peak_refined,Ga,Mixed,Mixed,image-supported strong peak
L06-0443,6,663.6722796036497,912.3399143779784,strong_peak_refined,Pt,Pt,Pt,image-supported strong peak
L06-0444,6,652.0703953976391,929.9052240128838,strong_peak_refined,Ga,Mixed,Mixed,image-supported strong peak
L06-0445,6,639.0639634370003,951.9227882158966,weak_peak_refined,Pt,Pt,Pt,image-supported weak peak
L06-0446,6,627.853925526223,967.1427621003328,strong_peak_refined,Ga,Mixed,Mixed,image-supported strong peak
L06-0447,6,615.4890820566228,985.612179910476,strong_peak_refined,Pt,Pt,Pt,image-supported strong peak
L06-0448,6,603.9416265175952,1001.344704964494,strong_peak_refined,Ga,Mixed,Mixed,image-supported strong peak
L06-0449,6,941.6658098158692,528.8216341921205,strong_peak_refined,Pt,Pt,Pt,image-supported strong peak
L06-0450,6,930.473515228784,547.5570140220055,strong_peak_refined,Pt,Pt,Pt,image-supported strong peak
L06-0451,6,916.297923862838,565.958506104196,strong_peak_refined,Pt,Pt,Pt,image-supported strong peak
L06-0452,6,903.146526759498,583.9092506993026,strong_peak_refined,Pt,Pt,Pt,image-supported strong peak
L06-0453,6,891.1267517726917,602.3927201311009,strong_peak_refined,Pt,Pt,Pt,image-supported strong peak
L06-0454,6,878.3761986634182,619.074716279535,strong_peak_refined,Pt,Pt,Pt,image-supported strong peak
L06-0455,6,866.1074840280029,639.3323607463713,strong_peak_refined,Pt,Pt,Pt,image-supported strong peak
L06-0456,6,853.5841805483846,657.4788454955603,strong_peak_refined,Pt,Pt,Pt,image-supported strong peak
L06-0457,6,841.8145671352904,675.0166422375443,strong_peak_refined,Ga,Mixed,Mixed,image-supported strong peak
L06-0458,6,830.489884333801,691.4509932972655,strong_peak_refined,Pt,Pt,Pt,image-supported strong peak
L06-0459,6,818.3753440112338,711.2636923259346,strong_peak_refined,Ga,Mixed,Mixed,image-supported strong peak
L06-0460,6,806.4318649358084,729.8867305229879,strong_peak_refined,Pt,Pt,Pt,image-supported strong peak
L06-0461,6,794.4398339610995,749.7552454884727,strong_peak_refined,Ga,Mixed,Mixed,image-supported strong peak
L06-0462,6,782.5375036720375,768.4711397284358,strong_peak_refined,Pt,Pt,Pt,image-supported strong peak
L06-0463,6,770.7759083721976,786.2468965145862,strong_peak_refined,Ga,Mixed,Mixed,image-supported strong peak
L06-0464,6,759.3515884025552,801.9732262129377,strong_peak_refined,Pt,Pt,Pt,image-supported strong peak
L06-0465,6,747.6159123034003,820.9137739560473,strong_peak_refined,Ga,Mixed,Mixed,image-supported strong peak
L06-0466,6,735.239965125246,838.9817154796092,strong_peak_refined,Pt,Pt,Pt,image-supported strong peak
L06-0467,6,722.8409091286238,856.8796822355489,strong_peak_refined,Ga,Mixed,Mixed,image-supported strong peak
L06-0468,6,711.0499792534989,875.4213192459338,strong_peak_refined,Pt,Pt,Pt,image-supported strong peak
L06-0469,6,699.0337063044557,893.4294646128707,strong_peak_refined,Ga,Mixed,Mixed,image-supported strong peak
L06-0470,6,686.9915298596761,910.956333433944,strong_peak_refined,Pt,Pt,Pt,image-supported strong peak
L06-0471,6,675.2137935170518,930.0349054712676,strong_peak_refined,Ga,Mixed,Mixed,image-supported strong peak
L06-0472,6,662.7629910234155,949.1542709795392,strong_peak_refined,Pt,Pt,Pt,image-supported strong peak
L06-0473,6,651.8739188762788,964.4673063373108,strong_peak_refined,Ga,Mixed,Mixed,image-supported strong peak
L06-0474,6,639.1680621040808,984.2264387775346,strong_peak_refined,Pt,Pt,Pt,image-supported strong peak
L06-0475,6,626.9348199196895,1002.3122875435064,strong_peak_refined,Ga,Mixed,Mixed,image-supported strong peak
L06-0476,6,951.1481370302404,546.3473873794604,strong_peak_refined,Pt,Pt,Pt,image-supported strong peak
L06-0477,6,940.0055491895852,564.4370321116447,strong_peak_refined,Pt,Pt,Pt,image-supported strong peak
L06-0478,6,928.4794984087862,581.4688153141574,strong_peak_refined,Pt,Pt,Pt,image-supported strong peak
L06-0479,6,914.9129231972884,601.2275935054406,strong_peak_refined,Pt,Pt,Pt,image-supported strong peak
L06-0480,6,901.8776816654116,618.7116398157717,strong_peak_refined,Pt,Pt,Pt,image-supported strong peak
L06-0481,6,889.4137936113864,638.3431840009108,strong_peak_refined,Pt,Pt,Pt,image-supported strong peak
L06-0482,6,878.1186306089414,654.5848187768881,strong_peak_refined,Pt,Pt,Pt,image-supported strong peak
L06-0483,6,865.8885648264982,673.0159697538355,strong_peak_refined,Ga,Mixed,Mixed,image-supported strong peak
L06-0484,6,853.3944570329306,690.7730880725092,strong_peak_refined,Pt,Pt,Pt,image-supported strong peak
L06-0485,6,842.234279807587,707.5817621277829,strong_peak_refined,Ga,Mixed,Mixed,image-supported strong peak
L06-0486,6,830.2897068423636,730.0973175574775,strong_peak_refined,Pt,Pt,Pt,image-supported strong peak
L06-0487,6,818.5884033515227,745.4913898636772,strong_peak_refined,Ga,Mixed,Mixed,image-supported strong peak
L06-0488,6,806.1537679287173,767.1348532612703,strong_peak_refined,Pt,Pt,Pt,image-supported strong peak
L06-0489,6,794.6449207480276,784.3413635993288,strong_peak_refined,Ga,Mixed,Mixed,image-supported strong peak
L06-0490,6,782.6846548159779,801.2254196459874,strong_peak_refined,Pt,Pt,Pt,image-supported strong peak
L06-0491,6,770.8869651717753,819.7812448187651,strong_peak_refined,Ga,Mixed,Mixed,image-supported strong peak
L06-0492,6,758.7455357799467,838.5334508982338,strong_peak_refined,Pt,Pt,Pt,image-supported strong peak
L06-0493,6,746.9688454497633,852.78675052224,strong_peak_refined,Ga,Mixed,Mixed,image-supported strong peak
L06-0494,6,734.8122020859794,873.1131693584723,strong_peak_refined,Pt,Pt,Pt,image-supported strong peak
L06-0495,6,722.4173177507299,892.0182516101644,strong_peak_refined,Ga,Mixed,Mixed,image-supported strong peak
L06-0496,6,710.4305188645403,910.4380066530032,strong_peak_refined,Pt,Pt,Pt,image-supported strong peak
L06-0497,6,698.4694455033405,929.8732356721852,strong_peak_refined,Ga,Mixed,Mixed,image-supported strong peak
L06-0498,6,686.4096874824548,947.0233027401468,strong_peak_refined,Pt,Pt,Pt,image-supported strong peak
L06-0499,6,674.1860875485116,965.6177021488824,strong_peak_refined,Ga,Mixed,Mixed,image-supported strong peak
L06-0500,6,662.6155144176028,983.3594299209386,strong_peak_refined,Pt,Pt,Pt,image-supported strong peak
L06-0501,6,650.6542881200902,1000.8093098042544,strong_peak_refined,Ga,Mixed,Mixed,image-supported strong peak
L06-0502,6,964.878500004576,562.7195307904244,strong_peak_refined,Pt,Pt,Pt,image-supported strong peak
L06-0503,6,951.6285436857744,581.7784314236934,strong_peak_refined,Pt,Pt,Pt,image-supported strong peak
L06-0504,6,938.2721501927635,598.5093746117149,strong_peak_refined,Pt,Pt,Pt,image-supported strong peak
L06-0505,6,926.5178628863788,617.1974573254276,strong_peak_refined,Pt,Pt,Pt,image-supported strong peak
L06-0506,6,913.6119368541777,635.5543889746527,strong_peak_refined,Pt,Pt,Pt,image-supported strong peak
L06-0507,6,901.2854923949578,653.5404559316617,strong_peak_refined,Pt,Pt,Pt,image-supported strong peak
L06-0508,6,889.1817780430637,671.2877094342255,strong_peak_refined,Pt,Pt,Pt,image-supported strong peak
L06-0509,6,876.8595877011135,689.5470704663394,strong_peak_refined,Pt,Pt,Pt,image-supported strong peak
L06-0510,6,864.9930043587367,708.2957449094856,strong_peak_refined,Ga,Mixed,Mixed,image-supported strong peak
L06-0511,6,853.5096224407062,725.6167969413301,strong_peak_refined,Pt,Pt,Pt,image-supported strong peak
L06-0512,6,841.933470583609,744.5617382272263,strong_peak_refined,Ga,Mixed,Mixed,image-supported strong peak
L06-0513,6,830.1512584597991,762.9699842277713,strong_peak_refined,Pt,Pt,Pt,image-supported strong peak
L06-0514,6,818.158506608032,782.4709495240296,strong_peak_refined,Ga,Mixed,Mixed,image-supported strong peak
L06-0515,6,805.9702063887528,801.441643934911,strong_peak_refined,Pt,Pt,Pt,image-supported strong peak
L06-0516,6,794.313892663802,818.7403181222647,strong_peak_refined,Ga,Mixed,Mixed,image-supported strong peak
L06-0517,6,782.5692160265204,835.5412272214351,strong_peak_refined,Pt,Pt,Pt,image-supported strong peak
L06-0518,6,769.8402509875649,856.5277451696571,strong_peak_refined,Ga,Mixed,Mixed,image-supported strong peak
L06-0519,6,758.3300794210822,873.2585695091243,strong_peak_refined,Pt,Pt,Pt,image-supported strong peak
L06-0520,6,745.964680503463,891.0649118310487,strong_peak_refined,Ga,Mixed,Mixed,image-supported strong peak
L06-0521,6,733.9456369462611,910.201952984826,strong_peak_refined,Pt,Pt,Pt,image-supported strong peak
L06-0522,6,721.6976491205979,928.9941295223044,strong_peak_refined,Ga,Mixed,Mixed,image-supported strong peak
L06-0523,6,709.9302236510163,945.2724549488044,strong_peak_refined,Pt,Pt,Pt,image-supported strong peak
L06-0524,6,697.8089078433192,964.3903263417714,strong_peak_refined,Ga,Mixed,Mixed,image-supported strong peak
L06-0525,6,685.8010033758139,982.5848970241508,strong_peak_refined,Pt,Pt,Pt,image-supported strong peak
L06-0526,6,673.9644924002425,1000.90439673581,strong_peak_refined,Ga,Mixed,Mixed,image-supported strong peak
L06-0527,6,662.2575072770883,1017.772721411343,strong_peak_refined,Pt,Pt,Pt,image-supported strong peak
L06-0528,6,971.3182901320648,574.5737824154088,weak_peak_refined,Pt,Pt,Pt,image-supported weak peak
L06-0529,6,961.7876147867688,597.2876674135609,strong_peak_refined,Pt,Pt,Pt,image-supported strong peak
L06-0530,6,948.9170068314633,615.0594996293414,strong_peak_refined,Pt,Pt,Pt,image-supported strong peak
L06-0531,6,938.0455002436324,633.2654854743384,strong_peak_refined,Pt,Pt,Pt,image-supported strong peak
L06-0532,6,925.3794031309676,650.9247998393266,strong_peak_refined,Pt,Pt,Pt,image-supported strong peak
L06-0533,6,913.7530665287992,669.9990238134299,strong_peak_refined,Pt,Pt,Pt,image-supported strong peak
L06-0534,6,900.9355536772836,688.0726471513814,strong_peak_refined,Pt,Pt,Pt,image-supported strong peak
L06-0535,6,888.7375494933875,706.5621301736496,strong_peak_refined,Ga,Mixed,Mixed,image-supported strong peak
L06-0536,6,876.5511868031606,725.4070028995997,strong_peak_refined,Pt,Pt,Pt,image-supported strong peak
L06-0537,6,865.1696502068264,743.8992612564621,strong_peak_refined,Ga,Mixed,Mixed,image-supported strong peak
L06-0538,6,853.0608122377902,763.243204437757,strong_peak_refined,Pt,Pt,Pt,image-supported strong peak
L06-0539,6,841.382812692301,782.2730317781385,strong_peak_refined,Ga,Mixed,Mixed,image-supported strong peak
L06-0540,6,829.6854356076424,799.7145889966135,strong_peak_refined,Pt,Pt,Pt,image-supported strong peak
L06-0541,6,817.6096704886429,818.032171432189,strong_peak_refined,Ga,Mixed,Mixed,image-supported strong peak
L06-0542,6,805.7873231184216,835.501998674091,strong_peak_refined,Pt,Pt,Pt,image-supported strong peak
L06-0543,6,794.2245128177051,852.1875683446349,strong_peak_refined,Ga,Mixed,Mixed,image-supported strong peak
L06-0544,6,782.023500864913,870.1395087391236,strong_peak_refined,Pt,Pt,Pt,image-supported strong peak
L06-0545,6,769.7392346112593,889.7501641528522,strong_peak_refined,Ga,Mixed,Mixed,image-supported strong peak
L06-0546,6,757.6901990517327,908.2826701712552,strong_peak_refined,Pt,Pt,Pt,image-supported strong peak
L06-0547,6,745.4129203376791,927.3606616223244,strong_peak_refined,Ga,Mixed,Mixed,image-supported strong peak
L06-0548,6,733.4366869134519,944.333525574638,strong_peak_refined,Pt,Pt,Pt,image-supported strong peak
L06-0549,6,721.4151292540773,962.4564842662636,strong_peak_refined,Ga,Mixed,Mixed,image-supported strong peak
L06-0550,6,709.4675733764448,980.6582777002257,strong_peak_refined,Pt,Pt,Pt,image-supported strong peak
L06-0551,6,697.3904847884228,998.250337774963,strong_peak_refined,Ga,Mixed,Mixed,image-supported strong peak
L06-0552,6,685.3563884971329,1017.2743870898844,strong_peak_refined,Pt,Pt,Pt,image-supported strong peak
L06-0553,6,974.1373654972832,613.6186108816052,strong_peak_refined,Pt,Pt,Pt,image-supported strong peak
L06-0554,6,960.3315515109236,632.3008021793607,strong_peak_refined,Pt,Pt,Pt,image-supported strong peak
L06-0555,6,948.2967731652258,650.0846997914896,strong_peak_refined,Pt,Pt,Pt,image-supported strong peak
L06-0556,6,935.9592756901368,667.8799345662227,strong_peak_refined,Pt,Pt,Pt,image-supported strong peak
L06-0557,6,924.4933203497022,687.0205499181659,strong_peak_refined,Pt,Pt,Pt,image-supported strong peak
L06-0558,6,912.4835303638108,705.6589633967383,strong_peak_refined,Pt,Pt,Pt,image-supported strong peak
L06-0559,6,899.9946844359501,723.2822285538317,strong_peak_refined,Pt,Pt,Pt,image-supported strong peak
L06-0560,6,888.3361976606865,742.0954321632502,strong_peak_refined,Ga,Mixed,Mixed,image-supported strong peak
L06-0561,6,876.5351739965812,760.6422447043832,strong_peak_refined,Pt,Pt,Pt,image-supported strong peak
L06-0562,6,864.693670833352,779.0748064382152,strong_peak_refined,Ga,Mixed,Mixed,image-supported strong peak
L06-0563,6,852.7786987825663,797.751284190983,strong_peak_refined,Pt,Pt,Pt,image-supported strong peak
L06-0564,6,841.0978124668422,816.0489127526619,strong_peak_refined,Ga,Mixed,Mixed,image-supported strong peak
L06-0565,6,829.305125949355,833.6933333632754,strong_peak_refined,Pt,Pt,Pt,image-supported strong peak
L06-0566,6,817.6662219860792,851.8338424919555,strong_peak_refined,Ga,Mixed,Mixed,image-supported strong peak
L06-0567,6,805.6569212026214,869.8193881088699,strong_peak_refined,Pt,Pt,Pt,image-supported strong peak
L06-0568,6,792.878297281463,890.2680439151216,strong_peak_refined,Ga,Mixed,Mixed,image-supported strong peak
L06-0569,6,780.6692896446783,907.7523667925132,strong_peak_refined,Pt,Pt,Pt,image-supported strong peak
L06-0570,6,769.2449573475672,925.7976329999076,strong_peak_refined,Ga,Mixed,Mixed,image-supported strong peak
L06-0571,6,757.1067800415192,943.1078776703704,strong_peak_refined,Pt,Pt,Pt,image-supported strong peak
L06-0572,6,744.4434255897281,963.1041393419883,strong_peak_refined,Ga,Mixed,Mixed,image-supported strong peak
L06-0573,6,732.9287014081351,979.7172051915126,strong_peak_refined,Pt,Pt,Pt,image-supported strong peak
L06-0574,6,720.575454350088,997.8596713649212,strong_peak_refined,Ga,Mixed,Mixed,image-supported strong peak
L06-0575,6,709.0262308474698,1015.1060786455408,strong_peak_refined,Pt,Pt,Pt,image-supported strong peak
L06-0576,6,986.3381399377574,629.283603131498,strong_peak_refined,Pt,Pt,Pt,image-supported strong peak
L06-0577,6,971.9245972024464,647.9925913750291,strong_peak_refined,Pt,Pt,Pt,image-supported strong peak
L06-0578,6,960.4124127988392,666.3433904873802,strong_peak_refined,Pt,Pt,Pt,image-supported strong peak
L06-0579,6,947.6669284301204,684.527632434653,strong_peak_refined,Pt,Pt,Pt,image-supported strong peak
L06-0580,6,936.2070906801854,703.6541518771135,strong_peak_refined,Pt,Pt,Pt,image-supported strong peak
L06-0581,6,923.8476516375088,722.281325429207,strong_peak_refined,Pt,Pt,Pt,image-supported strong peak
L06-0582,6,911.6569031393484,740.8456522363912,strong_peak_refined,Ga,Mixed,Mixed,image-supported strong peak
L06-0583,6,900.086820034778,759.1324630464683,strong_peak_refined,Pt,Pt,Pt,image-supported strong peak
L06-0584,6,888.3919627754494,778.5507365430315,strong_peak_refined,Ga,Mixed,Mixed,image-supported strong peak
L06-0585,6,876.1863360911241,796.2062929488864,strong_peak_refined,Pt,Pt,Pt,image-supported strong peak
L06-0586,6,864.5055341495338,814.4339394521221,strong_peak_refined,Ga,Mixed,Mixed,image-supported strong peak
L06-0587,6,852.7952449836563,831.8531684813055,strong_peak_refined,Pt,Pt,Pt,image-supported strong peak
L06-0588,6,841.2342406421095,851.3101409798537,strong_peak_refined,Ga,Mixed,Mixed,image-supported strong peak
L06-0589,6,828.9825578532552,869.6252849719214,strong_peak_refined,Pt,Pt,Pt,image-supported strong peak
L06-0590,6,816.5766321280651,887.1958054491041,strong_peak_refined,Ga,Mixed,Mixed,image-supported strong peak
L06-0591,6,804.5008239248453,906.0220230407236,strong_peak_refined,Pt,Pt,Pt,image-supported strong peak
L06-0592,6,792.4107173270985,924.542394966858,strong_peak_refined,Ga,Mixed,Mixed,image-supported strong peak
L06-0593,6,780.3827706301979,942.230704160946,strong_peak_refined,Pt,Pt,Pt,image-supported strong peak
L06-0594,6,767.8691904634651,960.979886523698,strong_peak_refined,Ga,Mixed,Mixed,image-supported strong peak
L06-0595,6,756.036196176327,978.3448996028044,strong_peak_refined,Pt,Pt,Pt,image-supported strong peak
L06-0596,6,743.8986414076172,996.945733659814,strong_peak_refined,Ga,Mixed,Mixed,image-supported strong peak
L06-0597,6,732.1772657672625,1013.818638543246,strong_peak_refined,Pt,Pt,Pt,image-supported strong peak
L06-0598,6,997.2063885614843,644.027873430872,strong_peak_refined,Pt,Pt,Pt,image-supported strong peak
L06-0599,6,984.6532667240668,663.3058389858073,strong_peak_refined,Pt,Pt,Pt,image-supported strong peak
L06-0600,6,971.9111501060626,682.9208658913642,strong_peak_refined,Pt,Pt,Pt,image-supported strong peak
L06-0601,6,959.8382585519472,701.3509257551124,strong_peak_refined,Pt,Pt,Pt,image-supported strong peak
L06-0602,6,947.9630906553708,719.3233185533647,strong_peak_refined,Pt,Pt,Pt,image-supported strong peak
L06-0603,6,935.7972818721914,738.8128606611893,strong_peak_refined,Pt,Pt,Pt,image-supported strong peak
L06-0604,6,923.5816254387364,756.627097002949,strong_peak_refined,Pt,Pt,Pt,image-supported strong peak
L06-0605,6,911.8733779165348,776.3720280771857,strong_peak_refined,Ga,Mixed,Mixed,image-supported strong peak
L06-0606,6,900.3424764064804,794.261352196894,strong_peak_refined,Pt,Pt,Pt,image-supported strong peak
L06-0607,6,888.1007288485632,812.4314327086894,strong_peak_refined,Ga,Mixed,Mixed,image-supported strong peak
L06-0608,6,875.9161174176198,830.7634523570813,strong_peak_refined,Pt,Pt,Pt,image-supported strong peak
L06-0609,6,864.0325897001128,849.3354114314828,strong_peak_refined,Ga,Mixed,Mixed,image-supported strong peak
L06-0610,6,852.4217342377239,866.5938632985751,strong_peak_refined,Pt,Pt,Pt,image-supported strong peak
L06-0611,6,840.019884286744,885.8466604568733,strong_peak_refined,Ga,Mixed,Mixed,image-supported strong peak
L06-0612,6,828.0448787055917,904.6639397589618,strong_peak_refined,Pt,Pt,Pt,image-supported strong peak
L06-0613,6,816.1634121092007,923.002018661774,strong_peak_refined,Ga,Mixed,Mixed,image-supported strong peak
L06-0614,6,804.201390529077,940.2982526648348,strong_peak_refined,Pt,Pt,Pt,image-supported strong peak
L06-0615,6,791.8281538057313,958.8343618584464,strong_peak_refined,Ga,Mixed,Mixed,image-supported strong peak
L06-0616,6,779.5110677230988,977.3370705493058,strong_peak_refined,Pt,Pt,Pt,image-supported strong peak
L06-0617,6,767.5161910585034,995.467721386587,strong_peak_refined,Ga,Mixed,Mixed,image-supported strong peak
L06-0618,6,755.7914414424965,1013.0307495709768,strong_peak_refined,Pt,Pt,Pt,image-supported strong peak
L06-0619,6,994.859361179425,680.8568950601475,strong_peak_refined,Pt,Pt,Pt,image-supported strong peak
L06-0620,6,982.735532095216,699.1057725117955,strong_peak_refined,Pt,Pt,Pt,image-supported strong peak
L06-0621,6,971.5143685357594,717.416361215848,strong_peak_refined,Pt,Pt,Pt,image-supported strong peak
L06-0622,6,960.9017875414728,736.0730599093275,strong_peak_refined,Pt,Pt,Pt,image-supported strong peak
L06-0623,6,948.6241728820464,753.5958597742169,strong_peak_refined,Pt,Pt,Pt,image-supported strong peak
L06-0624,6,935.7981404443688,773.3295971296665,strong_peak_refined,Ga,Mixed,Mixed,image-supported strong peak
L06-0625,6,923.6846899434825,792.5244233658814,strong_peak_refined,Pt,Pt,Pt,image-supported strong peak
L06-0626,6,911.6224330575598,811.0555161892471,strong_peak_refined,Ga,Mixed,Mixed,image-supported strong peak
L06-0627,6,899.4119910211624,829.2690076718072,strong_peak_refined,Pt,Pt,Pt,image-supported strong peak
L06-0628,6,887.6467417715661,847.8880488985395,strong_peak_refined,Ga,Mixed,Mixed,image-supported strong peak
L06-0629,6,875.5132991980304,864.8314134479156,strong_peak_refined,Pt,Pt,Pt,image-supported strong peak
L06-0630,6,863.6940379683077,883.6425103649235,strong_peak_refined,Ga,Mixed,Mixed,image-supported strong peak
L06-0631,6,851.2371606062596,903.3617309421292,strong_peak_refined,Pt,Pt,Pt,image-supported strong peak
L06-0632,6,839.6766752909416,921.5512526931066,strong_peak_refined,Ga,Mixed,Mixed,image-supported strong peak
L06-0633,6,827.2817265589805,938.297092590804,strong_peak_refined,Pt,Pt,Pt,image-supported strong peak
L06-0634,6,815.6719248140855,957.17479319773,strong_peak_refined,Ga,Mixed,Mixed,image-supported strong peak
L06-0635,6,803.4588332411147,975.4978292203792,strong_peak_refined,Pt,Pt,Pt,image-supported strong peak
L06-0636,6,790.9781312111555,993.8670618203946,strong_peak_refined,Ga,Mixed,Mixed,image-supported strong peak
L06-0637,6,779.1643695074131,1011.802657344992,strong_peak_refined,Pt,Pt,Pt,image-supported strong peak
L06-0638,6,1006.5428725865564,698.6091658975928,strong_peak_refined,Pt,Pt,Pt,image-supported strong peak
L06-0639,6,998.282438022591,716.8717580660468,strong_peak_refined,Pt,Pt,Pt,image-supported strong peak
L06-0640,6,983.1936366443374,735.9669368528157,strong_peak_refined,Pt,Pt,Pt,image-supported strong peak
L06-0641,6,971.5766744794792,752.6546018126639,strong_peak_refined,Pt,Pt,Pt,image-supported strong peak
L06-0642,6,959.9358379314388,771.7628078838464,strong_peak_refined,Pt,Pt,Pt,image-supported strong peak
L06-0643,6,947.0705320124422,790.9048706925777,strong_peak_refined,Pt,Pt,Pt,image-supported strong peak
L06-0644,6,935.4967843296272,809.4952311077514,strong_peak_refined,Ga,Mixed,Mixed,image-supported strong peak
L06-0645,6,923.4322371673976,827.9139085050246,strong_peak_refined,Pt,Pt,Pt,image-supported strong peak
L06-0646,6,911.3329430345012,846.1030417934513,strong_peak_refined,Ga,Mixed,Mixed,image-supported strong peak
L06-0647,6,899.2065993913646,864.6293635320255,strong_peak_refined,Pt,Pt,Pt,image-supported strong peak
L06-0648,6,886.9906044422889,882.0288236782116,strong_peak_refined,Ga,Mixed,Mixed,image-supported strong peak
L06-0649,6,874.5988180758666,900.3347246047657,strong_peak_refined,Pt,Pt,Pt,image-supported strong peak
L06-0650,6,862.5275415635192,919.7872192021156,strong_peak_refined,Ga,Mixed,Mixed,image-supported strong peak
L06-0651,6,850.8140966108243,937.6986110659884,strong_peak_refined,Pt,Pt,Pt,image-supported strong peak
L06-0652,6,839.1525821076197,956.5404989611663,strong_peak_refined,Ga,Mixed,Mixed,image-supported strong peak
L06-0653,6,826.9982586174887,974.21210589639,strong_peak_refined,Pt,Pt,Pt,image-supported strong peak
L06-0654,6,815.3462678247689,993.1343668819889,strong_peak_refined,Ga,Mixed,Mixed,image-supported strong peak
L06-0655,6,802.9637519333837,1010.099625880596,strong_peak_refined,Pt,Pt,Pt,image-supported strong peak
L06-0656,6,1007.8672217990014,733.615361109534,strong_peak_refined,Pt,Pt,Pt,image-supported strong peak
L06-0657,6,994.0387710866408,750.8319799042157,strong_peak_refined,Pt,Pt,Pt,image-supported strong peak
L06-0658,6,983.4651716003256,769.4341057984625,strong_peak_refined,Pt,Pt,Pt,image-supported strong peak
L06-0659,6,971.229777012858,789.126649315975,strong_peak_refined,Pt,Pt,Pt,image-supported strong peak
L06-0660,6,959.3890267581564,807.1177533382456,strong_peak_refined,Ga,Mixed,Mixed,image-supported strong peak
L06-0661,6,946.5495966956552,825.4037186927509,strong_peak_refined,Pt,Pt,Pt,image-supported strong peak
L06-0662,6,934.4615778216504,844.0167009309737,strong_peak_refined,Ga,Mixed,Mixed,image-supported strong peak
L06-0663,6,922.6952132155852,862.3787928149186,strong_peak_refined,Pt,Pt,Pt,image-supported strong peak
L06-0664,6,910.54310846937,880.4561864335534,strong_peak_refined,Ga,Mixed,Mixed,image-supported strong peak
L06-0665,6,898.2642621388751,899.5462435258137,strong_peak_refined,Pt,Pt,Pt,image-supported strong peak
L06-0666,6,886.6782731240834,917.2780023214071,strong_peak_refined,Ga,Mixed,Mixed,image-supported strong peak
L06-0667,6,874.4853832758865,935.5913402381263,strong_peak_refined,Pt,Pt,Pt,image-supported strong peak
L06-0668,6,862.3798658859137,955.0861104563916,strong_peak_refined,Ga,Mixed,Mixed,image-supported strong peak
L06-0669,6,850.5730842865519,973.0549141784865,strong_peak_refined,Pt,Pt,Pt,image-supported strong peak
L06-0670,6,838.2730972778088,991.0452265736616,strong_peak_refined,Ga,Mixed,Mixed,image-supported strong peak
L06-0671,6,1008.8082582815616,773.1065531703883,strong_peak_refined,Pt,Pt,Pt,image-supported strong peak
L06-0672,6,996.5506093998424,782.9277495188012,weak_peak_refined,Pt,Pt,Pt,image-supported weak peak
L06-0673,6,984.2138357803055,806.3245445384142,strong_peak_refined,Pt,Pt,Pt,image-supported strong peak
L06-0674,6,970.758104507148,823.1150290771109,strong_peak_refined,Pt,Pt,Pt,image-supported strong peak
L06-0675,6,958.3168888299658,842.6835240751528,strong_peak_refined,Ga,Mixed,Mixed,image-supported strong peak
L06-0676,6,946.0418880974208,860.1721349613086,strong_peak_refined,Pt,Pt,Pt,image-supported strong peak
L06-0677,6,934.4307507188278,878.8093848666502,strong_peak_refined,Ga,Mixed,Mixed,image-supported strong peak
L06-0678,6,921.6465943370434,897.7302487337123,strong_peak_refined,Pt,Pt,Pt,image-supported strong peak
L06-0679,6,909.457854825704,916.164138904159,strong_peak_refined,Ga,Mixed,Mixed,image-supported strong peak
L06-0680,6,897.7630944664791,933.251454766394,strong_peak_refined,Pt,Pt,Pt,image-supported strong peak
L06-0681,6,885.6904778057135,953.2171672616756,strong_peak_refined,Ga,Mixed,Mixed,image-supported strong peak
L06-0682,6,873.9243564482077,971.050505868414,strong_peak_refined,Pt,Pt,Pt,image-supported strong peak
L06-0683,6,994.7665735422167,819.840871625915,strong_peak_refined,Pt,Pt,Pt,image-supported strong peak
L06-0684,6,983.6013810021846,842.1471370340994,strong_peak_refined,Pt,Pt,Pt,image-supported strong peak
L06-0685,6,970.2230519783848,858.9286301419594,strong_peak_refined,Pt,Pt,Pt,image-supported strong peak
L06-0686,6,957.9594114986216,877.9685932681525,strong_peak_refined,Ga,Mixed,Mixed,image-supported strong peak
L06-0687,6,945.5699645841112,895.282087960305,strong_peak_refined,Pt,Pt,Pt,image-supported strong peak
L06-0688,6,933.5745265392636,914.3175405854024,strong_peak_refined,Ga,Mixed,Mixed,image-supported strong peak
L06-0689,6,921.2119672216188,932.1762624560486,strong_peak_refined,Pt,Pt,Pt,image-supported strong peak
L07-0000,7,494.6470040141914,484.27499673935273,strong_peak_refined,Ga,Mixed,Mixed,image-supported strong peak
L07-0001,7,483.70676920257125,497.8356775656145,strong_peak_refined,Pt,Pt,Pt,image-supported strong peak
L07-0002,7,471.4730461230173,518.1185280442563,strong_peak_refined,Ga,Mixed,Mixed,image-supported strong peak
L07-0003,7,459.5122766894472,537.0467025827664,strong_peak_refined,Pt,Pt,Pt,image-supported strong peak
L07-0004,7,448.1353628389679,552.7816535886595,strong_peak_refined,Ga,Mixed,Mixed,image-supported strong peak
L07-0005,7,435.99437891194776,569.7297838971341,strong_peak_refined,Pt,Pt,Pt,image-supported strong peak
L07-0006,7,422.3273065840641,592.9882623510787,weak_peak_refined,Ga,Mixed,Mixed,image-supported weak peak
L07-0007,7,411.1305756215434,606.1162845293425,strong_peak_refined,Pt,Pt,Pt,image-supported strong peak
L07-0008,7,398.9143650998207,627.5569662230105,strong_peak_refined,Ga,Mixed,Mixed,image-supported strong peak
L07-0009,7,543.0238838504919,443.840559660336,strong_peak_refined,Ga,Mixed,Mixed,image-supported strong peak
L07-0010,7,530.6967034895769,462.4497453973512,strong_peak_refined,Pt,Pt,Pt,image-supported strong peak
L07-0011,7,518.3149179773474,481.783292803561,strong_peak_refined,Ga,Mixed,Mixed,image-supported strong peak
L07-0012,7,506.3249000865792,501.1744857105923,strong_peak_refined,Pt,Pt,Pt,image-supported strong peak
L07-0013,7,494.3297973773536,519.1095457917613,strong_peak_refined,Ga,Mixed,Mixed,image-supported strong peak
L07-0014,7,482.8726277538021,534.0886024270206,strong_peak_refined,Pt,Pt,Pt,image-supported strong peak
L07-0015,7,470.9388874297015,553.2503223476905,strong_peak_refined,Ga,Mixed,Mixed,image-supported strong peak
L07-0016,7,458.1035149566148,574.1208745298501,weak_peak_refined,Pt,Pt,Pt,image-supported weak peak
L07-0017,7,446.93819361677873,587.8036490671929,strong_peak_refined,Ga,Mixed,Mixed,image-supported strong peak
L07-0018,7,434.8371273278035,605.792660133952,strong_peak_refined,Pt,Pt,Pt,image-supported strong peak
L07-0019,7,422.7148995232575,622.3278119645203,strong_peak_refined,Ga,Mixed,Mixed,image-supported strong peak
L07-0020,7,410.39145409864926,642.0128505621728,strong_peak_refined,Pt,Pt,Pt,image-supported strong peak
L07-0021,7,398.4781186101283,658.6789044986986,strong_peak_refined,Ga,Mixed,Mixed,image-supported strong peak
L07-0022,7,386.8207739576622,676.4187931929894,strong_peak_refined,Pt,Pt,Pt,image-supported strong peak
L07-0023,7,578.6287090762859,424.1813934519996,strong_peak_refined,Pt,Pt,Pt,image-supported strong peak
L07-0024,7,565.9859669064214,444.9660508698543,strong_peak_refined,Pt,Pt,Pt,image-supported strong peak
L07-0025,7,553.9262853132591,463.6994427447923,strong_peak_refined,Pt,Pt,Pt,image-supported strong peak
L07-0026,7,542.2945571985333,481.2050432642326,strong_peak_refined,Ga,Mixed,Mixed,image-supported strong peak
L07-0027,7,529.8505302168893,500.7997206711578,weak_peak_refined,Pt,Pt,Pt,image-supported weak peak
L07-0028,7,517.1944876744735,519.8458566806665,weak_peak_refined,Ga,Mixed,Mixed,image-supported weak peak
L07-0029,7,506.280176539987,533.6997713413754,strong_peak_refined,Pt,Pt,Pt,image-supported strong peak
L07-0030,7,494.8909319929504,549.7743868347821,strong_peak_refined,Ga,Mixed,Mixed,image-supported strong peak
L07-0031,7,482.47808632439086,569.9911311396639,strong_peak_refined,Pt,Pt,Pt,image-supported strong peak
L07-0032,7,469.69064573121295,590.2288349705065,strong_peak_refined,Ga,Mixed,Mixed,image-supported strong peak
L07-0033,7,457.8349423562983,605.7746301752303,strong_peak_refined,Pt,Pt,Pt,image-supported strong peak
L07-0034,7,445.6548692276779,624.2119553043879,strong_peak_refined,Ga,Mixed,Mixed,image-supported strong peak
L07-0035,7,434.351571352849,639.886693225632,strong_peak_refined,Pt,Pt,Pt,image-supported strong peak
L07-0036,7,422.134846284787,655.0276291679045,strong_peak_refined,Ga,Mixed,Mixed,image-supported strong peak
L07-0037,7,409.7046599425887,677.1741712609598,strong_peak_refined,Pt,Pt,Pt,image-supported strong peak
L07-0038,7,397.631995959042,693.9694646848982,strong_peak_refined,Ga,Mixed,Mixed,image-supported strong peak
L07-0039,7,385.79016461230896,712.604104468481,strong_peak_refined,Pt,Pt,Pt,image-supported strong peak
L07-0040,7,602.128709914443,425.7350689103364,strong_peak_refined,Pt,Pt,Pt,image-supported strong peak
L07-0041,7,588.9589711967076,443.5317913504384,strong_peak_refined,Pt,Pt,Pt,image-supported strong peak
L07-0042,7,577.5536866445085,461.9964470559885,strong_peak_refined,Pt,Pt,Pt,image-supported strong peak
L07-0043,7,565.5824058187603,478.77822969275815,strong_peak_refined,Pt,Pt,Pt,image-supported strong peak
L07-0044,7,553.4763539735609,497.4487159512682,strong_peak_refined,Pt,Pt,Pt,image-supported strong peak
L07-0045,7,540.8416042373143,515.658981435961,strong_peak_refined,Ga,Mixed,Mixed,image-supported strong peak
L07-0046,7,529.6212674027447,533.0641665098325,strong_peak_refined,Pt,Pt,Pt,image-supported strong peak
L07-0047,7,518.2114248954422,549.1332056403209,strong_peak_refined,Ga,Mixed,Mixed,image-supported strong peak
L07-0048,7,504.7784020903879,570.3694141795003,strong_peak_refined,Pt,Pt,Pt,image-supported strong peak
L07-0049,7,492.6350621466031,590.491679617096,weak_peak_refined,Ga,Mixed,Mixed,image-supported weak peak
L07-0050,7,481.2806466212292,605.3314254563602,strong_peak_refined,Pt,Pt,Pt,image-supported strong peak
L07-0051,7,469.4643679657632,620.6327398088137,strong_peak_refined,Ga,Mixed,Mixed,image-supported strong peak
L07-0052,7,456.2865531328174,642.8469418938482,strong_peak_refined,Pt,Pt,Pt,image-supported strong peak
L07-0053,7,444.5889629295829,659.7028290836482,strong_peak_refined,Ga,Mixed,Mixed,image-supported strong peak
L07-0054,7,433.7414422437627,673.7451599447613,strong_peak_refined,Pt,Pt,Pt,image-supported strong peak
L07-0055,7,422.0354482250506,690.6428442103818,strong_peak_refined,Ga,Mixed,Mixed,image-supported strong peak
L07-0056,7,409.0650637490003,713.0117640422636,strong_peak_refined,Pt,Pt,Pt,image-supported strong peak
L07-0057,7,397.4355308403025,727.9788549364076,strong_peak_refined,Ga,Mixed,Mixed,image-supported strong peak
L07-0058,7,385.82942875294833,746.8675420348613,strong_peak_refined,Pt,Pt,Pt,image-supported strong peak
L07-0059,7,637.5768486339881,405.2390473389369,strong_peak_refined,Pt,Pt,Pt,image-supported strong peak
L07-0060,7,625.7727090796676,422.354192843832,strong_peak_refined,Pt,Pt,Pt,image-supported strong peak
L07-0061,7,613.6620091068692,439.5902459644832,strong_peak_refined,Pt,Pt,Pt,image-supported strong peak
L07-0062,7,601.1862516098984,459.62177403960425,strong_peak_refined,Pt,Pt,Pt,image-supported strong peak
L07-0063,7,588.6247307328535,478.34199065664126,strong_peak_refined,Ga,Mixed,Mixed,image-supported strong peak
L07-0064,7,576.6487600642491,497.5529819299091,strong_peak_refined,Pt,Pt,Pt,image-supported strong peak
L07-0065,7,564.1799548625078,517.1499561489583,weak_peak_refined,Ga,Mixed,Mixed,image-supported weak peak
L07-0066,7,552.9556122054156,531.0716953587059,strong_peak_refined,Pt,Pt,Pt,image-supported strong peak
L07-0067,7,541.1896319542967,548.1173562776642,strong_peak_refined,Ga,Mixed,Mixed,image-supported strong peak
L07-0068,7,528.2697865997575,569.7996792340847,strong_peak_refined,Pt,Pt,Pt,image-supported strong peak
L07-0069,7,516.3787964375146,586.8492353667413,strong_peak_refined,Ga,Mixed,Mixed,image-supported strong peak
L07-0070,7,504.6858302339939,603.1731391408646,strong_peak_refined,Pt,Pt,Pt,image-supported strong peak
L07-0071,7,492.5655683596137,621.1999319409686,strong_peak_refined,Ga,Mixed,Mixed,image-supported strong peak
L07-0072,7,479.2576560502336,644.018636580345,weak_peak_refined,Pt,Pt,Pt,image-supported weak peak
L07-0073,7,468.3765937077562,658.6222969542957,strong_peak_refined,Ga,Mixed,Mixed,image-supported strong peak
L07-0074,7,456.2569306241744,676.7060989803556,strong_peak_refined,Pt,Pt,Pt,image-supported strong peak
L07-0075,7,445.431714912985,688.8990618673588,strong_peak_refined,Ga,Mixed,Mixed,image-supported strong peak
L07-0076,7,432.39113726851417,712.0493422777599,strong_peak_refined,Pt,Pt,Pt,image-supported strong peak
L07-0077,7,421.2920854149965,725.1923299691597,strong_peak_refined,Ga,Mixed,Mixed,image-supported strong peak
L07-0078,7,409.25272299652505,745.0895427419954,strong_peak_refined,Pt,Pt,Pt,image-supported strong peak
L07-0079,7,397.2785319080285,764.49125944199,strong_peak_refined,Ga,Mixed,Mixed,image-supported strong peak
L07-0080,7,662.2174145954442,401.8092169397935,strong_peak_refined,Pt,Pt,Pt,image-supported strong peak
L07-0081,7,648.9557188333205,421.3871149168712,strong_peak_refined,Pt,Pt,Pt,image-supported strong peak
L07-0082,7,636.7729935754578,439.2966225172356,strong_peak_refined,Pt,Pt,Pt,image-supported strong peak
L07-0083,7,624.5075863620152,458.4967349029899,strong_peak_refined,Pt,Pt,Pt,image-supported strong peak
L07-0084,7,612.3979080839116,478.17034456959385,strong_peak_refined,Ga,Mixed,Mixed,image-supported strong peak
L07-0085,7,600.6145542862877,492.0783543563144,strong_peak_refined,Pt,Pt,Pt,image-supported strong peak
L07-0086,7,587.9894330041423,514.5737121353164,strong_peak_refined,Ga,Mixed,Mixed,image-supported strong peak
L07-0087,7,575.5165423664422,534.5769835680154,weak_peak_refined,Pt,Pt,Pt,image-supported weak peak
L07-0088,7,564.4919681214252,548.9671217337657,strong_peak_refined,Ga,Mixed,Mixed,image-supported strong peak
L07-0089,7,551.9380599694025,567.3107064244166,strong_peak_refined,Pt,Pt,Pt,image-supported strong peak
L07-0090,7,540.4028963115261,583.9049630192013,strong_peak_refined,Ga,Mixed,Mixed,image-supported strong peak
L07-0091,7,527.1709590457181,605.7400741572654,weak_peak_refined,Pt,Pt,Pt,image-supported weak peak
L07-0092,7,515.504684590657,622.6360090229529,strong_peak_refined,Ga,Mixed,Mixed,image-supported strong peak
L07-0093,7,503.6739566145108,639.6050874771535,strong_peak_refined,Pt,Pt,Pt,image-supported strong peak
L07-0094,7,492.2627537799656,655.2417083895276,strong_peak_refined,Ga,Mixed,Mixed,image-supported strong peak
L07-0095,7,479.4137516775611,676.8589155138932,strong_peak_refined,Pt,Pt,Pt,image-supported strong peak
L07-0096,7,468.8415854226369,689.9866207552286,strong_peak_refined,Ga,Mixed,Mixed,image-supported strong peak
L07-0097,7,456.805638873454,708.3920057050871,strong_peak_refined,Pt,Pt,Pt,image-supported strong peak
L07-0098,7,444.83141761867,726.2903054106423,strong_peak_refined,Ga,Mixed,Mixed,image-supported strong peak
L07-0099,7,433.119589112937,744.4681381735314,strong_peak_refined,Pt,Pt,Pt,image-supported strong peak
L07-0100,7,421.0494793738408,763.5925928340265,strong_peak_refined,Ga,Mixed,Mixed,image-supported strong peak
L07-0101,7,409.3125517076522,781.4048481516508,strong_peak_refined,Pt,Pt,Pt,image-supported strong peak
L07-0102,7,397.08163350300816,799.7108076842683,strong_peak_refined,Ga,Mixed,Mixed,image-supported strong peak
L07-0103,7,686.6216581900302,400.0878294834719,strong_peak_refined,Pt,Pt,Pt,image-supported strong peak
L07-0104,7,673.1046718973081,420.5273035574745,strong_peak_refined,Pt,Pt,Pt,image-supported strong peak
L07-0105,7,660.7211989969802,438.7851100780993,strong_peak_refined,Pt,Pt,Pt,image-supported strong peak
L07-0106,7,648.1496249351306,457.5814989036776,strong_peak_refined,Pt,Pt,Pt,image-supported strong peak
L07-0107,7,635.4658120094984,477.0401409531456,strong_peak_refined,Ga,Mixed,Mixed,image-supported strong peak
L07-0108,7,623.7623345963394,493.7859742192561,strong_peak_refined,Pt,Pt,Pt,image-supported strong peak
L07-0109,7,611.0598154385651,513.4626508483097,strong_peak_refined,Ga,Mixed,Mixed,image-supported strong peak
L07-0110,7,599.2949167249121,531.1425284771794,strong_peak_refined,Pt,Pt,Pt,image-supported strong peak
L07-0111,7,587.8545341366411,547.9847139301148,strong_peak_refined,Ga,Mixed,Mixed,image-supported strong peak
L07-0112,7,574.4423704683866,569.7934591287882,weak_peak_refined,Pt,Pt,Pt,image-supported weak peak
L07-0113,7,562.8628580443883,586.0231831781921,strong_peak_refined,Ga,Mixed,Mixed,image-supported strong peak
L07-0114,7,550.7709203752828,604.2423978862707,weak_peak_refined,Pt,Pt,Pt,image-supported weak peak
L07-0115,7,538.8880213449809,620.5059183684318,strong_peak_refined,Ga,Mixed,Mixed,image-supported strong peak
L07-0116,7,527.6085471895203,635.6637263447615,strong_peak_refined,Pt,Pt,Pt,image-supported strong peak
L07-0117,7,515.1573467537843,654.4780787669864,strong_peak_refined,Ga,Mixed,Mixed,image-supported strong peak
L07-0118,7,503.3783949322528,671.2560300496468,strong_peak_refined,Pt,Pt,Pt,image-supported strong peak
L07-0119,7,491.6269337716272,689.1022366428272,strong_peak_refined,Ga,Mixed,Mixed,image-supported strong peak
L07-0120,7,479.9007575628642,709.8794894994305,strong_peak_refined,Pt,Pt,Pt,image-supported strong peak
L07-0121,7,468.0888348858576,728.7817809605413,strong_peak_refined,Ga,Mixed,Mixed,image-supported strong peak
L07-0122,7,456.7395376870517,743.2226190672138,strong_peak_refined,Pt,Pt,Pt,image-supported strong peak
L07-0123,7,444.8344775824339,761.044921257882,strong_peak_refined,Ga,Mixed,Mixed,image-supported strong peak
L07-0124,7,433.1129880186573,779.1096172792551,strong_peak_refined,Pt,Pt,Pt,image-supported strong peak
L07-0125,7,421.36931425451365,796.1877803281247,strong_peak_refined,Ga,Mixed,Mixed,image-supported strong peak
L07-0126,7,408.8289740334162,816.0101043055905,strong_peak_refined,Pt,Pt,Pt,image-supported strong peak
L07-0127,7,708.7261332114676,396.4547133084872,strong_peak_refined,Pt,Pt,Pt,image-supported strong peak
L07-0128,7,696.4733370812506,416.96433073682334,strong_peak_refined,Pt,Pt,Pt,image-supported strong peak
L07-0129,7,683.9878608293476,435.9615699619875,strong_peak_refined,Pt,Pt,Pt,image-supported strong peak
L07-0130,7,671.9068764135181,456.7745240132345,strong_peak_refined,Pt,Pt,Pt,image-supported strong peak
L07-0131,7,659.1412165669226,474.9240053628939,strong_peak_refined,Ga,Mixed,Mixed,image-supported strong peak
L07-0132,7,647.0627721421065,493.7356137377303,strong_peak_refined,Pt,Pt,Pt,image-supported strong peak
L07-0133,7,634.5438272630944,512.5951037759891,strong_peak_refined,Ga,Mixed,Mixed,image-supported strong peak
L07-0134,7,622.7620492433073,529.9704254408832,strong_peak_refined,Pt,Pt,Pt,image-supported strong peak
L07-0135,7,610.6223216886558,546.8260258557835,strong_peak_refined,Ga,Mixed,Mixed,image-supported strong peak
L07-0136,7,598.5869784235814,565.2753659880802,strong_peak_refined,Pt,Pt,Pt,image-supported strong peak
L07-0137,7,586.3505579039878,585.2143645490631,weak_peak_refined,Ga,Mixed,Mixed,image-supported weak peak
L07-0138,7,574.6260783884313,602.8863990827372,strong_peak_refined,Pt,Pt,Pt,image-supported strong peak
L07-0139,7,562.2541063061757,620.2623455948142,strong_peak_refined,Ga,Mixed,Mixed,image-supported strong peak
L07-0140,7,550.3309774250648,636.548327754277,strong_peak_refined,Pt,Pt,Pt,image-supported strong peak
L07-0141,7,538.6204579236112,654.8093836924509,strong_peak_refined,Ga,Mixed,Mixed,image-supported strong peak
L07-0142,7,526.8810599363198,671.6823978604424,strong_peak_refined,Pt,Pt,Pt,image-supported strong peak
L07-0143,7,514.3196007752887,690.7647072128269,strong_peak_refined,Ga,Mixed,Mixed,image-supported strong peak
L07-0144,7,502.6234053014644,709.0714933812706,strong_peak_refined,Pt,Pt,Pt,image-supported strong peak
L07-0145,7,491.5562208921764,724.652852503227,strong_peak_refined,Ga,Mixed,Mixed,image-supported strong peak
L07-0146,7,480.37814589590914,740.4891919516648,strong_peak_refined,Pt,Pt,Pt,image-supported strong peak
L07-0147,7,468.5472939472609,759.990448530121,strong_peak_refined,Ga,Mixed,Mixed,image-supported strong peak
L07-0148,7,456.48088776765167,779.1114377925065,strong_peak_refined,Pt,Pt,Pt,image-supported strong peak
L07-0149,7,445.0832962879472,798.275104605575,strong_peak_refined,Ga,Mixed,Mixed,image-supported strong peak
L07-0150,7,432.7521088153087,814.2287526591974,strong_peak_refined,Pt,Pt,Pt,image-supported strong peak
L07-0151,7,420.4590633838288,833.8732248254242,strong_peak_refined,Ga,Mixed,Mixed,image-supported strong peak
L07-0152,7,408.6378915645618,850.4810516514632,strong_peak_refined,Pt,Pt,Pt,image-supported strong peak
L07-0153,7,731.4750771000981,395.1176977227551,strong_peak_refined,Pt,Pt,Pt,image-supported strong peak
L07-0154,7,720.1651018520596,414.4545945299266,strong_peak_refined,Pt,Pt,Pt,image-supported strong peak
L07-0155,7,707.4361235730252,431.3950390651413,strong_peak_refined,Pt,Pt,Pt,image-supported strong peak
L07-0156,7,694.9121496679114,454.71593033680784,strong_peak_refined,Pt,Pt,Pt,image-supported strong peak
L07-0157,7,682.6817170804617,474.2782765964867,strong_peak_refined,Ga,Mixed,Mixed,image-supported strong peak
L07-0158,7,670.5751055835678,493.1230241282976,strong_peak_refined,Pt,Pt,Pt,image-supported strong peak
L07-0159,7,658.36581256137,511.78141894610025,strong_peak_refined,Ga,Mixed,Mixed,image-supported strong peak
L07-0160,7,646.2033666389711,529.2097636378663,strong_peak_refined,Pt,Pt,Pt,image-supported strong peak
L07-0161,7,633.6969918455218,548.5083611887177,weak_peak_refined,Ga,Mixed,Mixed,image-supported weak peak
L07-0162,7,622.2617271636892,565.4927049760245,strong_peak_refined,Pt,Pt,Pt,image-supported strong peak
L07-0163,7,610.1633190480735,583.6929634182924,strong_peak_refined,Ga,Mixed,Mixed,image-supported strong peak
L07-0164,7,598.227841758682,600.2090551457422,strong_peak_refined,Pt,Pt,Pt,image-supported strong peak
L07-0165,7,585.6278437116979,619.5363588936294,strong_peak_refined,Ga,Mixed,Mixed,image-supported strong peak
L07-0166,7,573.2622816206895,639.0231153140415,weak_peak_refined,Pt,Pt,Pt,image-supported weak peak
L07-0167,7,560.956755178899,655.9462929162883,strong_peak_refined,Ga,Mixed,Mixed,image-supported strong peak
L07-0168,7,550.2059250278163,669.8072440719911,strong_peak_refined,Pt,Pt,Pt,image-supported strong peak
L07-0169,7,538.5127551641704,687.8977944233978,strong_peak_refined,Ga,Mixed,Mixed,image-supported strong peak
L07-0170,7,526.0785918031016,708.7042321695734,strong_peak_refined,Pt,Pt,Pt,image-supported strong peak
L07-0171,7,515.13939428128,721.8483338747612,strong_peak_refined,Ga,Mixed,Mixed,image-supported strong peak
L07-0172,7,502.7995864854154,741.7076010323258,strong_peak_refined,Pt,Pt,Pt,image-supported strong peak
L07-0173,7,491.16445314390353,760.5600584957849,strong_peak_refined,Ga,Mixed,Mixed,image-supported strong peak
L07-0174,7,479.5994809621003,777.8032151654013,strong_peak_refined,Pt,Pt,Pt,image-supported strong peak
L07-0175,7,468.3666801708992,793.6094099624185,strong_peak_refined,Ga,Mixed,Mixed,image-supported strong peak
L07-0176,7,456.252689151214,813.8687640564782,strong_peak_refined,Pt,Pt,Pt,image-supported strong peak
L07-0177,7,444.1298384942252,831.3014942416887,strong_peak_refined,Ga,Mixed,Mixed,image-supported strong peak
L07-0178,7,432.030504893839,850.406129849215,strong_peak_refined,Pt,Pt,Pt,image-supported strong peak
L07-0179,7,420.4495293430934,866.1870324542451,strong_peak_refined,Ga,Mixed,Mixed,image-supported strong peak
L07-0180,7,755.5690447328813,395.3203606749453,strong_peak_refined,Pt,Pt,Pt,image-supported strong peak
L07-0181,7,743.6145137410284,414.8723992710291,strong_peak_refined,Pt,Pt,Pt,image-supported strong peak
L07-0182,7,730.7068860500434,432.50881637695016,strong_peak_refined,Pt,Pt,Pt,image-supported strong peak
L07-0183,7,718.8513881114905,452.2803684393701,strong_peak_refined,Pt,Pt,Pt,image-supported strong peak
L07-0184,7,706.5067055163578,470.94068607292286,strong_peak_refined,Ga,Mixed,Mixed,image-supported strong peak
L07-0185,7,694.3417115265286,488.4737839294191,strong_peak_refined,Pt,Pt,Pt,image-supported strong peak
L07-0186,7,682.7200447737285,506.31095677256616,strong_peak_refined,Ga,Mixed,Mixed,image-supported strong peak
L07-0187,7,670.2018231765499,526.8150019641183,strong_peak_refined,Pt,Pt,Pt,image-supported strong peak
L07-0188,7,658.3799528265719,544.2618466020219,strong_peak_refined,Ga,Mixed,Mixed,image-supported strong peak
L07-0189,7,645.6292632063443,565.2352128624207,weak_peak_refined,Pt,Pt,Pt,image-supported weak peak
L07-0190,7,633.3409900347075,581.2359327984902,strong_peak_refined,Ga,Mixed,Mixed,image-supported strong peak
L07-0191,7,621.1085323258371,600.5902330707199,strong_peak_refined,Pt,Pt,Pt,image-supported strong peak
L07-0192,7,608.4322129297085,619.6170976162066,weak_peak_refined,Ga,Mixed,Mixed,image-supported weak peak
L07-0193,7,597.6603821511158,632.730470713306,strong_peak_refined,Pt,Pt,Pt,image-supported strong peak
L07-0194,7,584.9393632041186,653.6448878349379,strong_peak_refined,Ga,Mixed,Mixed,image-supported strong peak
L07-0195,7,573.9935181968007,668.1187812769521,strong_peak_refined,Pt,Pt,Pt,image-supported strong peak
L07-0196,7,561.8461578668731,685.8949433789016,strong_peak_refined,Ga,Mixed,Mixed,image-supported strong peak
L07-0197,7,549.8344722330694,705.7716622918259,strong_peak_refined,Pt,Pt,Pt,image-supported strong peak
L07-0198,7,537.9513095609901,725.2210074949693,strong_peak_refined,Ga,Mixed,Mixed,image-supported strong peak
L07-0199,7,526.7744271871824,740.0446043678181,strong_peak_refined,Pt,Pt,Pt,image-supported strong peak
L07-0200,7,514.6768405888394,760.8752465406785,strong_peak_refined,Ga,Mixed,Mixed,image-supported strong peak
L07-0201,7,502.9253047167586,776.9329525951148,strong_peak_refined,Pt,Pt,Pt,image-supported strong peak
L07-0202,7,491.6194347703896,794.270976695584,strong_peak_refined,Ga,Mixed,Mixed,image-supported strong peak
L07-0203,7,479.90233224725614,811.9165100673398,strong_peak_refined,Pt,Pt,Pt,image-supported strong peak
L07-0204,7,467.9370509473172,830.6231664617123,strong_peak_refined,Ga,Mixed,Mixed,image-supported strong peak
L07-0205,7,455.5529459980024,849.0598675968688,strong_peak_refined,Pt,Pt,Pt,image-supported strong peak
L07-0206,7,443.5479083356341,868.5206234939602,strong_peak_refined,Ga,Mixed,Mixed,image-supported strong peak
L07-0207,7,431.2425604050404,886.2371594282101,strong_peak_refined,Pt,Pt,Pt,image-supported strong peak
L07-0208,7,768.0683196829741,412.6441127057223,strong_peak_refined,Pt,Pt,Pt,image-supported strong peak
L07-0209,7,754.6339145692361,432.00729497617897,strong_peak_refined,Pt,Pt,Pt,image-supported strong peak
L07-0210,7,742.1076190992268,449.9798390127277,strong_peak_refined,Pt,Pt,Pt,image-supported strong peak
L07-0211,7,729.3173059224929,470.18710382285815,strong_peak_refined,Pt,Pt,Pt,image-supported strong peak
L07-0212,7,717.8489998255419,485.7454964601167,strong_peak_refined,Pt,Pt,Pt,image-supported strong peak
L07-0213,7,704.9874954304265,508.591865003322,strong_peak_refined,Ga,Mixed,Mixed,image-supported strong peak
L07-0214,7,693.2400863089416,526.9897979658908,strong_peak_refined,Pt,Pt,Pt,image-supported strong peak
L07-0215,7,680.8554331408287,545.2564509105393,strong_peak_refined,Ga,Mixed,Mixed,image-supported strong peak
L07-0216,7,669.4053500796788,562.2670069458117,strong_peak_refined,Pt,Pt,Pt,image-supported strong peak
L07-0217,7,657.4592253454704,579.0117713247863,strong_peak_refined,Ga,Mixed,Mixed,image-supported strong peak
L07-0218,7,645.721669609093,594.872409918019,strong_peak_refined,Pt,Pt,Pt,image-supported strong peak
L07-0219,7,632.4066545529566,618.039902116865,strong_peak_refined,Ga,Mixed,Mixed,image-supported strong peak
L07-0220,7,620.8467946136936,634.2871977222757,strong_peak_refined,Pt,Pt,Pt,image-supported strong peak
L07-0221,7,608.8648120482649,651.9121460739973,strong_peak_refined,Ga,Mixed,Mixed,image-supported strong peak
L07-0222,7,597.0124751279928,670.8931247559835,strong_peak_refined,Pt,Pt,Pt,image-supported strong peak
L07-0223,7,585.0818196682507,686.8960541446169,strong_peak_refined,Ga,Mixed,Mixed,image-supported strong peak
L07-0224,7,573.5781351405868,704.9300946213218,strong_peak_refined,Pt,Pt,Pt,image-supported strong peak
L07-0225,7,561.7762412781406,717.5782765628229,strong_peak_refined,Ga,Mixed,Mixed,image-supported strong peak
L07-0226,7,549.846242303522,740.3525713109112,strong_peak_refined,Pt,Pt,Pt,image-supported strong peak
L07-0227,7,538.0577413530693,758.091601588257,strong_peak_refined,Ga,Mixed,Mixed,image-supported strong peak
L07-0228,7,526.7253244111035,774.8720390187714,strong_peak_refined,Pt,Pt,Pt,image-supported strong peak
L07-0229,7,514.4463204509826,792.352433788823,strong_peak_refined,Ga,Mixed,Mixed,image-supported strong peak
L07-0230,7,502.5341925079286,812.6762230183734,strong_peak_refined,Pt,Pt,Pt,image-supported strong peak
L07-0231,7,490.6268057980577,828.9069261031016,strong_peak_refined,Ga,Mixed,Mixed,image-supported strong peak
L07-0232,7,478.67334479655926,848.131171406777,strong_peak_refined,Pt,Pt,Pt,image-supported strong peak
L07-0233,7,466.639192729128,864.6873751074987,strong_peak_refined,Ga,Mixed,Mixed,image-supported strong peak
L07-0234,7,454.6577114944361,885.5561292514358,strong_peak_refined,Pt,Pt,Pt,image-supported strong peak
L07-0235,7,443.2630609882128,902.0774369817036,strong_peak_refined,Ga,Mixed,Mixed,image-supported strong peak
L07-0236,7,790.500958986092,411.75424445875126,strong_peak_refined,Pt,Pt,Pt,image-supported strong peak
L07-0237,7,777.5296463727836,430.3687415730213,strong_peak_refined,Pt,Pt,Pt,image-supported strong peak
L07-0238,7,765.8024793813344,448.7526166605565,strong_peak_refined,Pt,Pt,Pt,image-supported strong peak
L07-0239,7,753.4778334707262,468.73919525330297,strong_peak_refined,Pt,Pt,Pt,image-supported strong peak
L07-0240,7,741.4658204993395,488.4557685071827,strong_peak_refined,Pt,Pt,Pt,image-supported strong peak
L07-0241,7,728.6956483617013,508.4272943253033,strong_peak_refined,Ga,Mixed,Mixed,image-supported strong peak
L07-0242,7,716.834873459396,525.7810479389457,strong_peak_refined,Pt,Pt,Pt,image-supported strong peak
L07-0243,7,704.6610421055548,542.9587961797904,strong_peak_refined,Ga,Mixed,Mixed,image-supported strong peak
L07-0244,7,692.9391672687946,560.588059770213,strong_peak_refined,Pt,Pt,Pt,image-supported strong peak
L07-0245,7,680.7445079649273,577.3452649317353,strong_peak_refined,Ga,Mixed,Mixed,image-supported strong peak
L07-0246,7,669.1786294956842,592.3424235305092,strong_peak_refined,Pt,Pt,Pt,image-supported strong peak
L07-0247,7,655.6325498647019,616.9982563965275,weak_peak_refined,Ga,Mixed,Mixed,image-supported weak peak
L07-0248,7,642.9592366881272,636.574650858003,weak_peak_refined,Pt,Pt,Pt,image-supported weak peak
L07-0249,7,633.0403076449601,646.9820888426797,strong_peak_refined,Ga,Mixed,Mixed,image-supported strong peak
L07-0250,7,620.0807002144313,668.7188383964822,strong_peak_refined,Pt,Pt,Pt,image-supported strong peak
L07-0251,7,608.0901650282218,686.7749578228027,strong_peak_refined,Ga,Mixed,Mixed,image-supported strong peak
L07-0252,7,596.8812247755129,702.6464188116577,strong_peak_refined,Pt,Pt,Pt,image-supported strong peak
L07-0253,7,584.6370185287307,720.6012880600894,strong_peak_refined,Ga,Mixed,Mixed,image-supported strong peak
L07-0254,7,572.5736999978732,739.481505609513,strong_peak_refined,Pt,Pt,Pt,image-supported strong peak
L07-0255,7,561.0314526302718,757.6105363535418,strong_peak_refined,Ga,Mixed,Mixed,image-supported strong peak
L07-0256,7,549.4547080932356,775.0439659499621,strong_peak_refined,Pt,Pt,Pt,image-supported strong peak
L07-0257,7,538.1871091231883,792.1612342499632,strong_peak_refined,Ga,Mixed,Mixed,image-supported strong peak
L07-0258,7,525.8488524624331,810.0164156894474,strong_peak_refined,Pt,Pt,Pt,image-supported strong peak
L07-0259,7,514.033405537648,829.674949032135,strong_peak_refined,Ga,Mixed,Mixed,image-supported strong peak
L07-0260,7,502.04584312500174,848.3646456292403,strong_peak_refined,Pt,Pt,Pt,image-supported strong peak
L07-0261,7,489.7804919726741,865.1253650503763,strong_peak_refined,Ga,Mixed,Mixed,image-supported strong peak
L07-0262,7,478.3027520996049,884.0355403238816,strong_peak_refined,Pt,Pt,Pt,image-supported strong peak
L07-0263,7,466.5343325510582,900.3211818207192,strong_peak_refined,Ga,Mixed,Mixed,image-supported strong peak
L07-0264,7,453.9899092554269,921.5567515736928,strong_peak_refined,Pt,Pt,Pt,image-supported strong peak
L07-0265,7,811.7179642040887,407.1064326348149,strong_peak_refined,Pt,Pt,Pt,image-supported strong peak
L07-0266,7,802.1768620300463,428.308430469012,strong_peak_refined,Pt,Pt,Pt,image-supported strong peak
L07-0267,7,789.5165904139221,447.5259075816724,strong_peak_refined,Pt,Pt,Pt,image-supported strong peak
L07-0268,7,777.3272265504838,467.5111643417784,strong_peak_refined,Pt,Pt,Pt,image-supported strong peak
L07-0269,7,764.3266820385309,487.1149408333301,strong_peak_refined,Pt,Pt,Pt,image-supported strong peak
L07-0270,7,752.0187989367469,505.5580913988605,strong_peak_refined,Pt,Pt,Pt,image-supported strong peak
L07-0271,7,740.5918078572763,520.5112351594121,strong_peak_refined,Pt,Pt,Pt,image-supported strong peak
L07-0272,7,728.697885205704,540.1658102981492,strong_peak_refined,Ga,Mixed,Mixed,image-supported strong peak
L07-0273,7,716.3645948991971,557.3687180662806,strong_peak_refined,Pt,Pt,Pt,image-supported strong peak
L07-0274,7,704.2563851967359,576.1574666421851,strong_peak_refined,Ga,Mixed,Mixed,image-supported strong peak
L07-0275,7,691.6237987176535,595.1576901058723,strong_peak_refined,Pt,Pt,Pt,image-supported strong peak
L07-0276,7,679.0964587290894,614.2149573799943,strong_peak_refined,Ga,Mixed,Mixed,image-supported strong peak
L07-0277,7,667.6793240713658,632.5486136175468,strong_peak_refined,Pt,Pt,Pt,image-supported strong peak
L07-0278,7,654.997524815292,649.3855955714982,strong_peak_refined,Ga,Mixed,Mixed,image-supported strong peak
L07-0279,7,644.4717085305434,663.9799658058926,strong_peak_refined,Pt,Pt,Pt,image-supported strong peak
L07-0280,7,632.1324250138163,683.0286870715221,strong_peak_refined,Ga,Mixed,Mixed,image-supported strong peak
L07-0281,7,620.4526214689374,701.0044611694514,strong_peak_refined,Pt,Pt,Pt,image-supported strong peak
L07-0282,7,608.7610686882887,716.3645521991647,strong_peak_refined,Ga,Mixed,Mixed,image-supported strong peak
L07-0283,7,596.7247631808997,737.692178575478,strong_peak_refined,Pt,Pt,Pt,image-supported strong peak
L07-0284,7,584.7818491280967,754.1414775605401,strong_peak_refined,Ga,Mixed,Mixed,image-supported strong peak
L07-0285,7,572.6598936126509,775.0268372227602,strong_peak_refined,Pt,Pt,Pt,image-supported strong peak
L07-0286,7,561.586235673918,791.0175887427993,strong_peak_refined,Ga,Mixed,Mixed,image-supported strong peak
L07-0287,7,549.2224101751922,810.4944045427362,strong_peak_refined,Pt,Pt,Pt,image-supported strong peak
L07-0288,7,536.8804718190067,829.6445519338058,strong_peak_refined,Ga,Mixed,Mixed,image-supported strong peak
L07-0289,7,525.0379454414826,847.501927724093,strong_peak_refined,Pt,Pt,Pt,image-supported strong peak
L07-0290,7,513.085771297254,867.03303508955,strong_peak_refined,Ga,Mixed,Mixed,image-supported strong peak
L07-0291,7,501.35572035700807,883.5762947421492,strong_peak_refined,Pt,Pt,Pt,image-supported strong peak
L07-0292,7,489.7086400233123,901.544349032542,strong_peak_refined,Ga,Mixed,Mixed,image-supported strong peak
L07-0293,7,477.506341374835,918.487862261718,strong_peak_refined,Pt,Pt,Pt,image-supported strong peak
L07-0294,7,465.5038899057592,936.3952994964488,strong_peak_refined,Ga,Mixed,Mixed,image-supported strong peak
L07-0295,7,825.4471272903415,426.1224690652472,strong_peak_refined,Pt,Pt,Pt,image-supported strong peak
L07-0296,7,813.3879941126316,444.7034877990465,strong_peak_refined,Pt,Pt,Pt,image-supported strong peak
L07-0297,7,800.7280398721948,464.6581950034925,strong_peak_refined,Pt,Pt,Pt,image-supported strong peak
L07-0298,7,788.3006444039554,482.828708051131,strong_peak_refined,Pt,Pt,Pt,image-supported strong peak
L07-0299,7,776.2837239783706,501.8356222227002,strong_peak_refined,Pt,Pt,Pt,image-supported strong peak
L07-0300,7,764.2992520723376,519.7642258489204,strong_peak_refined,Pt,Pt,Pt,image-supported strong peak
L07-0301,7,751.2874388931907,540.2066047242273,strong_peak_refined,Ga,Mixed,Mixed,image-supported strong peak
L07-0302,7,739.4600184240957,558.4996872208469,strong_peak_refined,Pt,Pt,Pt,image-supported strong peak
L07-0303,7,727.6647080091867,576.6338819437872,strong_peak_refined,Ga,Mixed,Mixed,image-supported strong peak
L07-0304,7,715.4024663620438,595.0201369769115,strong_peak_refined,Pt,Pt,Pt,image-supported strong peak
L07-0305,7,703.5747534787131,610.7997998832212,strong_peak_refined,Ga,Mixed,Mixed,image-supported strong peak
L07-0306,7,690.8784193928288,629.2850197430205,strong_peak_refined,Pt,Pt,Pt,image-supported strong peak
L07-0307,7,678.7520187659246,649.6283202533159,strong_peak_refined,Ga,Mixed,Mixed,image-supported strong peak
L07-0308,7,667.4670440743799,664.2270997553741,strong_peak_refined,Pt,Pt,Pt,image-supported strong peak
L07-0309,7,654.650674862311,684.4412400251323,strong_peak_refined,Ga,Mixed,Mixed,image-supported strong peak
L07-0310,7,643.2159915487323,702.7809113967686,strong_peak_refined,Pt,Pt,Pt,image-supported strong peak
L07-0311,7,632.4436514322091,715.9942882657189,strong_peak_refined,Ga,Mixed,Mixed,image-supported strong peak
L07-0312,7,620.0540696916387,735.8892147609567,strong_peak_refined,Pt,Pt,Pt,image-supported strong peak
L07-0313,7,608.5960573374919,753.2441043612572,strong_peak_refined,Ga,Mixed,Mixed,image-supported strong peak
L07-0314,7,596.6385989537439,773.5537569129988,strong_peak_refined,Pt,Pt,Pt,image-supported strong peak
L07-0315,7,585.011322827253,787.6155096104446,strong_peak_refined,Ga,Mixed,Mixed,image-supported strong peak
L07-0316,7,572.6016114075313,808.9426071365552,strong_peak_refined,Pt,Pt,Pt,image-supported strong peak
L07-0317,7,561.0963930232587,825.370930201977,strong_peak_refined,Ga,Mixed,Mixed,image-supported strong peak
L07-0318,7,548.1141109609264,846.0180804043947,strong_peak_refined,Pt,Pt,Pt,image-supported strong peak
L07-0319,7,536.6642140358308,861.2514440656316,strong_peak_refined,Ga,Mixed,Mixed,image-supported strong peak
L07-0320,7,524.8500943808498,879.2232811939975,strong_peak_refined,Pt,Pt,Pt,image-supported strong peak
L07-0321,7,512.9207071900312,898.1955633984436,strong_peak_refined,Ga,Mixed,Mixed,image-supported strong peak
L07-0322,7,500.6137535184487,916.4664184913548,strong_peak_refined,Pt,Pt,Pt,image-supported strong peak
L07-0323,7,488.4755681414329,935.683941039984,strong_peak_refined,Ga,Mixed,Mixed,image-supported strong peak
L07-0324,7,477.22491695782713,954.2618666629346,strong_peak_refined,Pt,Pt,Pt,image-supported strong peak
L07-0325,7,850.3775971833178,425.8777721647019,strong_peak_refined,Pt,Pt,Pt,image-supported strong peak
L07-0326,7,837.9943557754274,444.7821427605803,strong_peak_refined,Pt,Pt,Pt,image-supported strong peak
L07-0327,7,825.7760429730312,462.9411021449983,strong_peak_refined,Pt,Pt,Pt,image-supported strong peak
L07-0328,7,811.4644143931674,482.5096684530185,strong_peak_refined,Pt,Pt,Pt,image-supported strong peak
L07-0329,7,799.1471723463719,501.52794596920575,strong_peak_refined,Pt,Pt,Pt,image-supported strong peak
L07-0330,7,787.1564801013245,521.6532521054693,strong_peak_refined,Pt,Pt,Pt,image-supported strong peak
L07-0331,7,775.1669146559096,538.8628176647583,strong_peak_refined,Pt,Pt,Pt,image-supported strong peak
L07-0332,7,763.0722100912732,556.3073491474678,strong_peak_refined,Pt,Pt,Pt,image-supported strong peak
L07-0333,7,751.0275742123064,575.2846104047428,strong_peak_refined,Ga,Mixed,Mixed,image-supported strong peak
L07-0334,7,738.4646853881192,594.7882349493983,strong_peak_refined,Pt,Pt,Pt,image-supported strong peak
L07-0335,7,727.1714655922668,609.9967651686799,strong_peak_refined,Ga,Mixed,Mixed,image-supported strong peak
L07-0336,7,713.2038590755759,632.7146330850351,weak_peak_refined,Pt,Pt,Pt,image-supported weak peak
L07-0337,7,703.2511737995841,642.9429946086884,strong_peak_refined,Ga,Mixed,Mixed,image-supported strong peak
L07-0338,7,690.4000353428142,663.0510366454876,strong_peak_refined,Pt,Pt,Pt,image-supported strong peak
L07-0339,7,678.9936943007143,680.3208244603709,strong_peak_refined,Ga,Mixed,Mixed,image-supported strong peak
L07-0340,7,667.0505011966353,698.7394746778274,strong_peak_refined,Pt,Pt,Pt,image-supported strong peak
L07-0341,7,655.4230222501496,714.6400181412127,strong_peak_refined,Ga,Mixed,Mixed,image-supported strong peak
L07-0342,7,643.2933632853311,735.9033849082307,strong_peak_refined,Pt,Pt,Pt,image-supported strong peak
L07-0343,7,631.7041849883523,751.9612275064422,strong_peak_refined,Ga,Mixed,Mixed,image-supported strong peak
L07-0344,7,620.4958104457619,770.0757657088211,strong_peak_refined,Pt,Pt,Pt,image-supported strong peak
L07-0345,7,608.3902661611827,790.5988750768735,strong_peak_refined,Ga,Mixed,Mixed,image-supported strong peak
L07-0346,7,596.4294155411031,807.145746424338,strong_peak_refined,Pt,Pt,Pt,image-supported strong peak
L07-0347,7,584.2671659100839,825.0304311062121,strong_peak_refined,Ga,Mixed,Mixed,image-supported strong peak
L07-0348,7,572.0230951446775,844.6525639746524,strong_peak_refined,Pt,Pt,Pt,image-supported strong peak
L07-0349,7,560.2344470966559,861.1465965085192,strong_peak_refined,Ga,Mixed,Mixed,image-supported strong peak
L07-0350,7,547.5011645245356,882.4976311923842,strong_peak_refined,Pt,Pt,Pt,image-supported strong peak
L07-0351,7,536.0432025139287,897.0768764538162,strong_peak_refined,Ga,Mixed,Mixed,image-supported strong peak
L07-0352,7,523.1130706071393,918.3963943927912,strong_peak_refined,Pt,Pt,Pt,image-supported strong peak
L07-0353,7,511.9139499020396,934.1855134586692,strong_peak_refined,Ga,Mixed,Mixed,image-supported strong peak
L07-0354,7,500.15134065044106,952.8477243503876,strong_peak_refined,Pt,Pt,Pt,image-supported strong peak
L07-0355,7,862.0602883629031,443.6790771515912,strong_peak_refined,Pt,Pt,Pt,image-supported strong peak
L07-0356,7,848.7466466334795,461.2282890961896,strong_peak_refined,Pt,Pt,Pt,image-supported strong peak
L07-0357,7,835.7627523120146,481.1407280451262,strong_peak_refined,Pt,Pt,Pt,image-supported strong peak
L07-0358,7,823.1281229388933,499.4989365145869,strong_peak_refined,Pt,Pt,Pt,image-supported strong peak
L07-0359,7,810.8343157284935,518.5849427638888,strong_peak_refined,Pt,Pt,Pt,image-supported strong peak
L07-0360,7,798.7806683026523,537.7512231242821,strong_peak_refined,Pt,Pt,Pt,image-supported strong peak
L07-0361,7,785.980566473968,556.6557677683955,strong_peak_refined,Pt,Pt,Pt,image-supported strong peak
L07-0362,7,773.4413294409566,575.7127594911544,strong_peak_refined,Ga,Mixed,Mixed,image-supported strong peak
L07-0363,7,761.7462064544493,592.7709718702303,strong_peak_refined,Pt,Pt,Pt,image-supported strong peak
L07-0364,7,749.3129006404537,611.0124079889417,strong_peak_refined,Ga,Mixed,Mixed,image-supported strong peak
L07-0365,7,737.6121629905278,628.9162381499389,strong_peak_refined,Pt,Pt,Pt,image-supported strong peak
L07-0366,7,725.3387464298584,645.5736881493152,strong_peak_refined,Ga,Mixed,Mixed,image-supported strong peak
L07-0367,7,713.9104308232698,661.2158794809887,strong_peak_refined,Pt,Pt,Pt,image-supported strong peak
L07-0368,7,702.6607955401133,678.1003082677236,strong_peak_refined,Ga,Mixed,Mixed,image-supported strong peak
L07-0369,7,689.8062292861443,700.6043507845593,strong_peak_refined,Pt,Pt,Pt,image-supported strong peak
L07-0370,7,678.1490078692208,715.6475938873044,strong_peak_refined,Ga,Mixed,Mixed,image-supported strong peak
L07-0371,7,666.926714981709,735.2987922404428,strong_peak_refined,Pt,Pt,Pt,image-supported strong peak
L07-0372,7,655.3990281920863,748.6547525355722,strong_peak_refined,Ga,Mixed,Mixed,image-supported strong peak
L07-0373,7,643.8812300478149,768.9594844169692,strong_peak_refined,Pt,Pt,Pt,image-supported strong peak
L07-0374,7,632.218921195166,787.1305258728813,strong_peak_refined,Ga,Mixed,Mixed,image-supported strong peak
L07-0375,7,619.9095918028183,806.1321088480987,strong_peak_refined,Pt,Pt,Pt,image-supported strong peak
L07-0376,7,607.8674371766771,824.2170946083908,strong_peak_refined,Ga,Mixed,Mixed,image-supported strong peak
L07-0377,7,595.9418134903485,843.8823504036596,strong_peak_refined,Pt,Pt,Pt,image-supported strong peak
L07-0378,7,583.5541004568323,861.6803861725348,strong_peak_refined,Ga,Mixed,Mixed,image-supported strong peak
L07-0379,7,571.3791554602985,880.1573688831371,strong_peak_refined,Pt,Pt,Pt,image-supported strong peak
L07-0380,7,558.9503636617768,897.9847967733043,strong_peak_refined,Ga,Mixed,Mixed,image-supported strong peak
L07-0381,7,546.9432334733516,916.1366963840626,strong_peak_refined,Pt,Pt,Pt,image-supported strong peak
L07-0382,7,535.2408853548525,933.3685469911912,strong_peak_refined,Ga,Mixed,Mixed,image-supported strong peak
L07-0383,7,523.7679951063417,949.198229912029,strong_peak_refined,Pt,Pt,Pt,image-supported strong peak
L07-0384,7,511.2549391633888,969.4082135658684,strong_peak_refined,Pt,Pt,Pt,image-supported strong peak
L07-0385,7,887.1731637622939,441.8437954251827,strong_peak_refined,Pt,Pt,Pt,image-supported strong peak
L07-0386,7,871.958329408284,460.3135751432144,strong_peak_refined,Pt,Pt,Pt,image-supported strong peak
L07-0387,7,859.0634555960197,479.3912175089286,strong_peak_refined,Pt,Pt,Pt,image-supported strong peak
L07-0388,7,846.8182955798133,499.42836180365634,strong_peak_refined,Pt,Pt,Pt,image-supported strong peak
L07-0389,7,834.5277726939013,518.1831065929669,strong_peak_refined,Pt,Pt,Pt,image-supported strong peak
L07-0390,7,822.1896296164103,536.2110123408551,strong_peak_refined,Pt,Pt,Pt,image-supported strong peak
L07-0391,7,810.1671191484533,553.4465962293427,strong_peak_refined,Pt,Pt,Pt,image-supported strong peak
L07-0392,7,797.0505555240921,574.2064004535034,strong_peak_refined,Ga,Mixed,Mixed,image-supported strong peak
L07-0393,7,785.4311780815466,590.6924142483306,strong_peak_refined,Pt,Pt,Pt,image-supported strong peak
L07-0394,7,773.4583347339355,607.8667388369786,strong_peak_refined,Ga,Mixed,Mixed,image-supported strong peak
L07-0395,7,761.5262604934903,626.9924120507864,strong_peak_refined,Pt,Pt,Pt,image-supported strong peak
L07-0396,7,750.0737068770303,642.3591843897269,strong_peak_refined,Ga,Mixed,Mixed,image-supported strong peak
L07-0397,7,738.1751676501833,659.0122867438433,strong_peak_refined,Pt,Pt,Pt,image-supported strong peak
L07-0398,7,726.0599363188991,676.4467889619525,strong_peak_refined,Ga,Mixed,Mixed,image-supported strong peak
L07-0399,7,713.2739677316039,697.6598157697787,strong_peak_refined,Pt,Pt,Pt,image-supported strong peak
L07-0400,7,701.6184296729787,715.5137119744714,strong_peak_refined,Ga,Mixed,Mixed,image-supported strong peak
L07-0401,7,689.803788120676,733.9461358905836,strong_peak_refined,Pt,Pt,Pt,image-supported strong peak
L07-0402,7,678.2927033638574,752.8334333225699,strong_peak_refined,Ga,Mixed,Mixed,image-supported strong peak
L07-0403,7,666.6849677647697,768.7858046610867,strong_peak_refined,Pt,Pt,Pt,image-supported strong peak
L07-0404,7,655.2607625805011,786.501406921364,strong_peak_refined,Ga,Mixed,Mixed,image-supported strong peak
L07-0405,7,643.0240266789281,805.4918784264396,strong_peak_refined,Pt,Pt,Pt,image-supported strong peak
L07-0406,7,630.9841925231021,822.9357982412688,strong_peak_refined,Ga,Mixed,Mixed,image-supported strong peak
L07-0407,7,619.002142915929,841.8010492036238,strong_peak_refined,Pt,Pt,Pt,image-supported strong peak
L07-0408,7,606.6432302855002,861.4988457431876,strong_peak_refined,Ga,Mixed,Mixed,image-supported strong peak
L07-0409,7,595.1505587072087,879.3951762125024,strong_peak_refined,Pt,Pt,Pt,image-supported strong peak
L07-0410,7,582.6747442633095,895.9994940098605,strong_peak_refined,Ga,Mixed,Mixed,image-supported strong peak
L07-0411,7,570.1892775025557,916.4157876562132,strong_peak_refined,Pt,Pt,Pt,image-supported strong peak
L07-0412,7,558.4003225728281,934.321108394944,strong_peak_refined,Ga,Mixed,Mixed,image-supported strong peak
L07-0413,7,545.846168885168,952.9800438966448,strong_peak_refined,Pt,Pt,Pt,image-supported strong peak
L07-0414,7,534.6680053778252,968.9550833806998,strong_peak_refined,Ga,Mixed,Mixed,image-supported strong peak
L07-0415,7,522.1016834995312,987.9944714112572,strong_peak_refined,Pt,Pt,Pt,image-supported strong peak
L07-0416,7,894.0832159453755,459.48099682322334,strong_peak_refined,Pt,Pt,Pt,image-supported strong peak
L07-0417,7,882.4850347862022,477.903817067872,strong_peak_refined,Pt,Pt,Pt,image-supported strong peak
L07-0418,7,870.7916449069205,496.4507708432959,strong_peak_refined,Pt,Pt,Pt,image-supported strong peak
L07-0419,7,858.1913549150038,515.7071117135532,strong_peak_refined,Pt,Pt,Pt,image-supported strong peak
L07-0420,7,846.3266999969193,535.094862786098,strong_peak_refined,Pt,Pt,Pt,image-supported strong peak
L07-0421,7,834.0389458848042,552.4172172361139,strong_peak_refined,Pt,Pt,Pt,image-supported strong peak
L07-0422,7,821.4488801432897,571.9027837290835,strong_peak_refined,Pt,Pt,Pt,image-supported strong peak
L07-0423,7,809.6626363141088,588.3212307837399,strong_peak_refined,Pt,Pt,Pt,image-supported strong peak
L07-0424,7,795.8587454000362,610.8357167732547,weak_peak_refined,Ga,Mixed,Mixed,image-supported weak peak
L07-0425,7,784.9784023291468,625.4994654703694,strong_peak_refined,Pt,Pt,Pt,image-supported strong peak
L07-0426,7,771.4498488322328,646.8371523596064,weak_peak_refined,Ga,Mixed,Mixed,image-supported weak peak
L07-0427,7,759.9605555003527,664.1605449641388,strong_peak_refined,Pt,Pt,Pt,image-supported strong peak
L07-0428,7,749.3308537040651,675.2888116499704,strong_peak_refined,Ga,Mixed,Mixed,image-supported strong peak
L07-0429,7,737.5672588386932,694.36703632352,strong_peak_refined,Pt,Pt,Pt,image-supported strong peak
L07-0430,7,725.8040548733275,711.7797918387853,strong_peak_refined,Ga,Mixed,Mixed,image-supported strong peak
L07-0431,7,712.7046613575384,733.8229054566033,strong_peak_refined,Pt,Pt,Pt,image-supported strong peak
L07-0432,7,702.5208837437542,747.274511381892,strong_peak_refined,Ga,Mixed,Mixed,image-supported strong peak
L07-0433,7,688.3317410067323,773.0369179910923,strong_peak_refined,Pt,Pt,Pt,image-supported strong peak
L07-0434,7,677.8238950585933,786.2187110834875,strong_peak_refined,Ga,Mixed,Mixed,image-supported strong peak
L07-0435,7,666.4552104002743,802.9139526815142,strong_peak_refined,Pt,Pt,Pt,image-supported strong peak
L07-0436,7,654.8989511463386,821.189202214982,strong_peak_refined,Ga,Mixed,Mixed,image-supported strong peak
L07-0437,7,642.1687518953984,839.0460940032541,strong_peak_refined,Pt,Pt,Pt,image-supported strong peak
L07-0438,7,630.4133004768565,857.1923496825619,strong_peak_refined,Ga,Mixed,Mixed,image-supported strong peak
L07-0439,7,618.2961955528032,878.4860748907395,strong_peak_refined,Pt,Pt,Pt,image-supported strong peak
L07-0440,7,606.0544192490541,896.7097602593402,strong_peak_refined,Ga,Mixed,Mixed,image-supported strong peak
L07-0441,7,593.5619121729209,914.9047764505086,strong_peak_refined,Pt,Pt,Pt,image-supported strong peak
L07-0442,7,581.5071991911352,933.3044664973928,strong_peak_refined,Ga,Mixed,Mixed,image-supported strong peak
L07-0443,7,569.523803949921,951.0752978481576,strong_peak_refined,Pt,Pt,Pt,image-supported strong peak
L07-0444,7,557.6165766649075,968.4772676478962,strong_peak_refined,Ga,Mixed,Mixed,image-supported strong peak
L07-0445,7,545.4482117575093,986.386697429881,strong_peak_refined,Pt,Pt,Pt,image-supported strong peak
L07-0446,7,905.7490199398426,477.1688369636064,strong_peak_refined,Pt,Pt,Pt,image-supported strong peak
L07-0447,7,894.1005914774465,495.30305939343776,strong_peak_refined,Pt,Pt,Pt,image-supported strong peak
L07-0448,7,881.0545812604851,514.458260078095,strong_peak_refined,Pt,Pt,Pt,image-supported strong peak
L07-0449,7,869.7198037319487,533.5256794289043,strong_peak_refined,Pt,Pt,Pt,image-supported strong peak
L07-0450,7,857.533212766726,552.0863446231376,strong_peak_refined,Pt,Pt,Pt,image-supported strong peak
L07-0451,7,845.0015609457681,571.048728184713,strong_peak_refined,Pt,Pt,Pt,image-supported strong peak
L07-0452,7,832.2757791704695,589.602496337813,strong_peak_refined,Pt,Pt,Pt,image-supported strong peak
L07-0453,7,820.0001115414855,607.8433589706425,strong_peak_refined,Ga,Mixed,Mixed,image-supported strong peak
L07-0454,7,808.1682320637402,624.7362990387788,strong_peak_refined,Pt,Pt,Pt,image-supported strong peak
L07-0455,7,795.5499231471995,644.3005895559646,strong_peak_refined,Ga,Mixed,Mixed,image-supported strong peak
L07-0456,7,783.2933612638542,662.2498526120909,strong_peak_refined,Pt,Pt,Pt,image-supported strong peak
L07-0457,7,771.0279180013505,679.7437648417203,strong_peak_refined,Ga,Mixed,Mixed,image-supported strong peak
L07-0458,7,759.6553194959098,697.9340794397319,strong_peak_refined,Pt,Pt,Pt,image-supported strong peak
L07-0459,7,749.3983367371043,709.9661462935662,strong_peak_refined,Ga,Mixed,Mixed,image-supported strong peak
L07-0460,7,736.2249024587348,732.1046715746595,strong_peak_refined,Pt,Pt,Pt,image-supported strong peak
L07-0461,7,725.0021155076298,748.4901976770008,strong_peak_refined,Ga,Mixed,Mixed,image-supported strong peak
L07-0462,7,712.3426528249238,770.2183758748656,strong_peak_refined,Pt,Pt,Pt,image-supported strong peak
L07-0463,7,701.2339597669802,784.6748401724694,strong_peak_refined,Ga,Mixed,Mixed,image-supported strong peak
L07-0464,7,689.4000592443984,803.4143825430734,strong_peak_refined,Pt,Pt,Pt,image-supported strong peak
L07-0465,7,677.1674681075581,821.7174966224323,strong_peak_refined,Ga,Mixed,Mixed,image-supported strong peak
L07-0466,7,665.4126537239036,840.2851229781274,strong_peak_refined,Pt,Pt,Pt,image-supported strong peak
L07-0467,7,653.7828743404865,858.1704912065045,strong_peak_refined,Ga,Mixed,Mixed,image-supported strong peak
L07-0468,7,641.593978152412,876.1693793625918,strong_peak_refined,Pt,Pt,Pt,image-supported strong peak
L07-0469,7,629.6518471564873,894.6348192946516,strong_peak_refined,Ga,Mixed,Mixed,image-supported strong peak
L07-0470,7,617.137842482262,913.7259858407924,strong_peak_refined,Pt,Pt,Pt,image-supported strong peak
L07-0471,7,605.0054907397042,932.0576238184736,strong_peak_refined,Ga,Mixed,Mixed,image-supported strong peak
L07-0472,7,592.7602255921225,950.8177643596034,strong_peak_refined,Pt,Pt,Pt,image-supported strong peak
L07-0473,7,580.9784414455537,967.365493516327,strong_peak_refined,Ga,Mixed,Mixed,image-supported strong peak
L07-0474,7,568.7388452715619,987.2383710790778,strong_peak_refined,Pt,Pt,Pt,image-supported strong peak
L07-0475,7,557.5940245242072,1002.3483683359686,strong_peak_refined,Ga,Mixed,Mixed,image-supported strong peak
L07-0476,7,929.9986338834808,474.5404647253103,strong_peak_refined,Pt,Pt,Pt,image-supported strong peak
L07-0477,7,918.4602091610768,494.31771455177375,strong_peak_refined,Pt,Pt,Pt,image-supported strong peak
L07-0478,7,906.6523276519728,513.335223526345,strong_peak_refined,Pt,Pt,Pt,image-supported strong peak
L07-0479,7,893.8014599378025,532.2722711437676,strong_peak_refined,Pt,Pt,Pt,image-supported strong peak
L07-0480,7,881.187988913667,549.617434136604,strong_peak_refined,Pt,Pt,Pt,image-supported strong peak
L07-0481,7,869.2193255901832,568.5860082125466,strong_peak_refined,Pt,Pt,Pt,image-supported strong peak
L07-0482,7,856.0010826862717,589.4938528440847,strong_peak_refined,Pt,Pt,Pt,image-supported strong peak
L07-0483,7,842.9351344232882,606.5300796132602,strong_peak_refined,Pt,Pt,Pt,image-supported strong peak
L07-0484,7,831.6775735195831,623.7725132306605,strong_peak_refined,Pt,Pt,Pt,image-supported strong peak
L07-0485,7,819.1104228611233,641.9294273739082,strong_peak_refined,Ga,Mixed,Mixed,image-supported strong peak
L07-0486,7,807.5703794505637,658.8672995177125,strong_peak_refined,Pt,Pt,Pt,image-supported strong peak
L07-0487,7,795.9298141208018,676.6478483282746,strong_peak_refined,Ga,Mixed,Mixed,image-supported strong peak
L07-0488,7,783.5481072522693,694.8410327458986,strong_peak_refined,Pt,Pt,Pt,image-supported strong peak
L07-0489,7,771.7707118006815,712.9852918819554,strong_peak_refined,Ga,Mixed,Mixed,image-supported strong peak
L07-0490,7,759.890332971421,731.983842019859,strong_peak_refined,Pt,Pt,Pt,image-supported strong peak
L07-0491,7,748.4260977838267,746.9979149221913,strong_peak_refined,Ga,Mixed,Mixed,image-supported strong peak
L07-0492,7,736.757298987122,766.2519998792723,strong_peak_refined,Pt,Pt,Pt,image-supported strong peak
L07-0493,7,724.7938472824361,783.1723272001625,strong_peak_refined,Ga,Mixed,Mixed,image-supported strong peak
L07-0494,7,712.2485739336859,804.8881056654654,strong_peak_refined,Pt,Pt,Pt,image-supported strong peak
L07-0495,7,700.5641655843116,821.8177927673124,strong_peak_refined,Ga,Mixed,Mixed,image-supported strong peak
L07-0496,7,688.5710776169667,839.7291145356239,strong_peak_refined,Pt,Pt,Pt,image-supported strong peak
L07-0497,7,677.0385147573485,857.9239900153772,strong_peak_refined,Ga,Mixed,Mixed,image-supported strong peak
L07-0498,7,664.7853365960046,875.4703253685215,strong_peak_refined,Pt,Pt,Pt,image-supported strong peak
L07-0499,7,652.9267991903531,894.0811264270405,strong_peak_refined,Ga,Mixed,Mixed,image-supported strong peak
L07-0500,7,641.0280650482052,912.1382645602024,strong_peak_refined,Pt,Pt,Pt,image-supported strong peak
L07-0501,7,628.8054131479187,931.683679506524,strong_peak_refined,Ga,Mixed,Mixed,image-supported strong peak
L07-0502,7,616.0525331250512,948.905697667766,strong_peak_refined,Pt,Pt,Pt,image-supported strong peak
L07-0503,7,604.2306619342023,967.3321015536196,strong_peak_refined,Ga,Mixed,Mixed,image-supported strong peak
L07-0504,7,592.5742497083032,985.205510264084,strong_peak_refined,Pt,Pt,Pt,image-supported strong peak
L07-0505,7,580.0645580363149,1003.7767668044391,strong_peak_refined,Ga,Mixed,Mixed,image-supported strong peak
L07-0506,7,567.8890163793734,1022.5046003207616,strong_peak_refined,Pt,Pt,Pt,image-supported strong peak
L07-0507,7,937.486682293561,499.1628289133594,weak_peak_refined,Pt,Pt,Pt,image-supported weak peak
L07-0508,7,931.6382686806886,512.0669640400075,strong_peak_refined,Pt,Pt,Pt,image-supported strong peak
L07-0509,7,916.8227114253526,530.7010006111652,strong_peak_refined,Pt,Pt,Pt,image-supported strong peak
L07-0510,7,904.823586777247,548.8442385101374,strong_peak_refined,Pt,Pt,Pt,image-supported strong peak
L07-0511,7,892.1063098538249,567.4016525593955,strong_peak_refined,Pt,Pt,Pt,image-supported strong peak
L07-0512,7,879.8756299140696,585.2518737350338,strong_peak_refined,Pt,Pt,Pt,image-supported strong peak
L07-0513,7,867.0119652363695,604.6483406210681,strong_peak_refined,Pt,Pt,Pt,image-supported strong peak
L07-0514,7,854.901745654953,622.6308487291573,strong_peak_refined,Pt,Pt,Pt,image-supported strong peak
L07-0515,7,842.1573158197051,641.7727290605179,strong_peak_refined,Ga,Mixed,Mixed,image-supported strong peak
L07-0516,7,830.9259567015348,657.4698152054976,strong_peak_refined,Pt,Pt,Pt,image-supported strong peak
L07-0517,7,819.2518535589807,675.7254301224954,strong_peak_refined,Ga,Mixed,Mixed,image-supported strong peak
L07-0518,7,807.162932073405,695.2508752365336,strong_peak_refined,Pt,Pt,Pt,image-supported strong peak
L07-0519,7,795.9491268783951,708.7063375063984,strong_peak_refined,Ga,Mixed,Mixed,image-supported strong peak
L07-0520,7,783.2526303252836,731.2241693882899,strong_peak_refined,Pt,Pt,Pt,image-supported strong peak
L07-0521,7,771.931108884343,746.4390130683529,strong_peak_refined,Ga,Mixed,Mixed,image-supported strong peak
L07-0522,7,759.6699165185909,765.3628960232479,strong_peak_refined,Pt,Pt,Pt,image-supported strong peak
L07-0523,7,748.6685976153352,781.9050124328754,strong_peak_refined,Ga,Mixed,Mixed,image-supported strong peak
L07-0524,7,735.8178046142488,804.5747119989535,strong_peak_refined,Pt,Pt,Pt,image-supported strong peak
L07-0525,7,724.917700238164,819.9719888695536,strong_peak_refined,Ga,Mixed,Mixed,image-supported strong peak
L07-0526,7,712.6200485075034,835.4973048764197,strong_peak_refined,Pt,Pt,Pt,image-supported strong peak
L07-0527,7,700.6556372471927,855.779802891657,strong_peak_refined,Ga,Mixed,Mixed,image-supported strong peak
L07-0528,7,688.3060583079442,874.706508068693,strong_peak_refined,Pt,Pt,Pt,image-supported strong peak
L07-0529,7,676.0361143240042,892.8903270914511,strong_peak_refined,Ga,Mixed,Mixed,image-supported strong peak
L07-0530,7,663.9074787317728,912.0230432440616,strong_peak_refined,Pt,Pt,Pt,image-supported strong peak
L07-0531,7,652.6633344776862,928.9567934450728,strong_peak_refined,Ga,Mixed,Mixed,image-supported strong peak
L07-0532,7,640.5637249835821,947.109967853985,strong_peak_refined,Pt,Pt,Pt,image-supported strong peak
L07-0533,7,628.2800485911479,966.8020855289924,strong_peak_refined,Ga,Mixed,Mixed,image-supported strong peak
L07-0534,7,615.6709110922917,985.1073505553502,strong_peak_refined,Pt,Pt,Pt,image-supported strong peak
L07-0535,7,604.6788303896483,1000.087889439025,strong_peak_refined,Ga,Mixed,Mixed,image-supported strong peak
L07-0536,7,591.9107309509074,1020.132142503864,strong_peak_refined,Pt,Pt,Pt,image-supported strong peak
L07-0537,7,951.138748180196,512.2782784928543,lattice_completed,Pt,Pt,Pt,lattice continuity / liquid-front display
L07-0538,7,941.553946457196,528.6984824071372,strong_peak_refined,Pt,Pt,Pt,image-supported strong peak
L07-0539,7,929.1466400008288,547.5458232101926,strong_peak_refined,Pt,Pt,Pt,image-supported strong peak
L07-0540,7,916.1414631974144,565.8955871939838,strong_peak_refined,Pt,Pt,Pt,image-supported strong peak
L07-0541,7,903.211259164049,583.7607950817833,strong_peak_refined,Pt,Pt,Pt,image-supported strong peak
L07-0542,7,891.0542013170233,601.5911344222084,strong_peak_refined,Pt,Pt,Pt,image-supported strong peak
L07-0543,7,878.9275133036077,619.5578344524264,strong_peak_refined,Pt,Pt,Pt,image-supported strong peak
L07-0544,7,866.3929293331942,638.9722704103136,strong_peak_refined,Pt,Pt,Pt,image-supported strong peak
L07-0545,7,854.2060910405793,656.3967387495379,strong_peak_refined,Pt,Pt,Pt,image-supported strong peak
L07-0546,7,842.2126199209478,674.7331232414593,strong_peak_refined,Ga,Mixed,Mixed,image-supported strong peak
L07-0547,7,830.9048089733651,691.356423282223,strong_peak_refined,Pt,Pt,Pt,image-supported strong peak
L07-0548,7,818.5725791303535,710.9272444106682,strong_peak_refined,Ga,Mixed,Mixed,image-supported strong peak
L07-0549,7,806.9456588750763,727.493995757165,strong_peak_refined,Pt,Pt,Pt,image-supported strong peak
L07-0550,7,795.5937953246046,743.4263762482236,strong_peak_refined,Ga,Mixed,Mixed,image-supported strong peak
L07-0551,7,783.3553380271665,763.4919914334287,strong_peak_refined,Pt,Pt,Pt,image-supported strong peak
L07-0552,7,771.6030241100094,781.9626562009046,strong_peak_refined,Ga,Mixed,Mixed,image-supported strong peak
L07-0553,7,759.6785631767169,800.8292981989148,strong_peak_refined,Pt,Pt,Pt,image-supported strong peak
L07-0554,7,748.0511519812572,818.1618971777388,strong_peak_refined,Ga,Mixed,Mixed,image-supported strong peak
L07-0555,7,735.261842237716,838.3857063245753,strong_peak_refined,Pt,Pt,Pt,image-supported strong peak
L07-0556,7,723.2163759224452,856.2950510265309,strong_peak_refined,Ga,Mixed,Mixed,image-supported strong peak
L07-0557,7,711.3219699771047,874.8687280530856,strong_peak_refined,Pt,Pt,Pt,image-supported strong peak
L07-0558,7,699.6483225563605,892.3021992174448,strong_peak_refined,Ga,Mixed,Mixed,image-supported strong peak
L07-0559,7,687.2673250697374,910.6238276551416,strong_peak_refined,Pt,Pt,Pt,image-supported strong peak
L07-0560,7,675.5952648305974,929.5898099256332,strong_peak_refined,Ga,Mixed,Mixed,image-supported strong peak
L07-0561,7,663.6722107936278,946.2253865079048,strong_peak_refined,Pt,Pt,Pt,image-supported strong peak
L07-0562,7,652.1842442231274,964.0710312316604,strong_peak_refined,Ga,Mixed,Mixed,image-supported strong peak
L07-0563,7,639.6831841482077,983.3294342473288,strong_peak_refined,Pt,Pt,Pt,image-supported strong peak
L07-0564,7,627.3503158154537,1001.8469525068732,strong_peak_refined,Ga,Mixed,Mixed,image-supported strong peak
L07-0565,7,615.4379964661507,1018.6921990232398,strong_peak_refined,Pt,Pt,Pt,image-supported strong peak
L07-0566,7,603.7449224575169,1036.118899092034,strong_peak_refined,Ga,Mixed,Mixed,image-supported strong peak
L07-0567,7,969.1555936872318,531.3845949314425,weak_peak_refined,Pt,Pt,Pt,image-supported weak peak
L07-0568,7,951.3712376969492,546.126278043995,strong_peak_refined,Pt,Pt,Pt,image-supported strong peak
L07-0569,7,940.1788075187728,564.5028588720326,strong_peak_refined,Pt,Pt,Pt,image-supported strong peak
L07-0570,7,928.1056315588152,581.7313735684439,strong_peak_refined,Pt,Pt,Pt,image-supported strong peak
L07-0571,7,914.8307836996852,600.8849870121054,strong_peak_refined,Pt,Pt,Pt,image-supported strong peak
L07-0572,7,902.17019631993,618.4505899525537,strong_peak_refined,Pt,Pt,Pt,image-supported strong peak
L07-0573,7,889.7904794976326,637.8571863240387,strong_peak_refined,Pt,Pt,Pt,image-supported strong peak
L07-0574,7,878.4475873383637,654.4557120717166,strong_peak_refined,Pt,Pt,Pt,image-supported strong peak
L07-0575,7,866.0700916614736,672.8203793592105,strong_peak_refined,Ga,Mixed,Mixed,image-supported strong peak
L07-0576,7,853.7328040858383,690.6208387929912,strong_peak_refined,Pt,Pt,Pt,image-supported strong peak
L07-0577,7,842.7565367502671,707.5454253119036,strong_peak_refined,Ga,Mixed,Mixed,image-supported strong peak
L07-0578,7,830.9261077712804,725.5223394343338,strong_peak_refined,Pt,Pt,Pt,image-supported strong peak
L07-0579,7,818.75845444745,745.147679669352,strong_peak_refined,Ga,Mixed,Mixed,image-supported strong peak
L07-0580,7,806.5012666133493,764.1096018540019,strong_peak_refined,Pt,Pt,Pt,image-supported strong peak
L07-0581,7,795.1140256721487,782.0909331975947,strong_peak_refined,Ga,Mixed,Mixed,image-supported strong peak
L07-0582,7,782.932811519032,800.9218108406275,strong_peak_refined,Pt,Pt,Pt,image-supported strong peak
L07-0583,7,771.1951058284523,818.9925312480035,strong_peak_refined,Ga,Mixed,Mixed,image-supported strong peak
L07-0584,7,759.4747725256336,835.5272612836584,strong_peak_refined,Pt,Pt,Pt,image-supported strong peak
L07-0585,7,747.410911401511,852.6158436909119,strong_peak_refined,Ga,Mixed,Mixed,image-supported strong peak
L07-0586,7,734.8986030229627,872.5189139069658,strong_peak_refined,Pt,Pt,Pt,image-supported strong peak
L07-0587,7,722.6675282577608,891.0565678276288,strong_peak_refined,Ga,Mixed,Mixed,image-supported strong peak
L07-0588,7,710.6129538649021,910.2584765137636,strong_peak_refined,Pt,Pt,Pt,image-supported strong peak
L07-0589,7,698.9646442718188,928.7174590350878,strong_peak_refined,Ga,Mixed,Mixed,image-supported strong peak
L07-0590,7,686.4565425398683,946.806681106153,strong_peak_refined,Pt,Pt,Pt,image-supported strong peak
L07-0591,7,675.0350044346155,963.4972182833347,strong_peak_refined,Ga,Mixed,Mixed,image-supported strong peak
L07-0592,7,662.8980625236048,982.9913706104456,strong_peak_refined,Pt,Pt,Pt,image-supported strong peak
L07-0593,7,651.6120515208444,997.760026439436,strong_peak_refined,Ga,Mixed,Mixed,image-supported strong peak
L07-0594,7,639.6300396637774,1018.3408286321836,strong_peak_refined,Pt,Pt,Pt,image-supported strong peak
L07-0595,7,627.5554438943888,1035.0287905623254,strong_peak_refined,Ga,Mixed,Mixed,image-supported strong peak
L07-0596,7,974.0208885869788,546.2861733847275,lattice_completed,Pt,Pt,Pt,lattice continuity / liquid-front display
L07-0597,7,964.6796509266824,562.6121117859952,strong_peak_refined,Pt,Pt,Pt,image-supported strong peak
L07-0598,7,951.275258812868,581.8034813528975,strong_peak_refined,Pt,Pt,Pt,image-supported strong peak
L07-0599,7,938.4140698320706,598.4765220521953,strong_peak_refined,Pt,Pt,Pt,image-supported strong peak
L07-0600,7,926.2759716434272,617.0027892932159,strong_peak_refined,Pt,Pt,Pt,image-supported strong peak
L07-0601,7,913.6972480196036,635.5449882234666,strong_peak_refined,Pt,Pt,Pt,image-supported strong peak
L07-0602,7,901.4993907718592,653.653235094658,strong_peak_refined,Pt,Pt,Pt,image-supported strong peak
L07-0603,7,889.5438741693501,671.150893580236,strong_peak_refined,Pt,Pt,Pt,image-supported strong peak
L07-0604,7,877.115899477123,689.5236260436982,strong_peak_refined,Pt,Pt,Pt,image-supported strong peak
L07-0605,7,865.6227778305606,707.6352701214709,strong_peak_refined,Ga,Mixed,Mixed,image-supported strong peak
L07-0606,7,853.816974257215,725.626241959831,strong_peak_refined,Pt,Pt,Pt,image-supported strong peak
L07-0607,7,842.0508113493731,744.3020588239501,strong_peak_refined,Ga,Mixed,Mixed,image-supported strong peak
L07-0608,7,830.5488088615786,760.7897936500488,strong_peak_refined,Pt,Pt,Pt,image-supported strong peak
L07-0609,7,818.2122895267854,782.0582577680884,strong_peak_refined,Ga,Mixed,Mixed,image-supported strong peak
L07-0610,7,806.1062082694386,800.8745598099057,strong_peak_refined,Pt,Pt,Pt,image-supported strong peak
L07-0611,7,794.8001373098546,816.5125134115432,strong_peak_refined,Ga,Mixed,Mixed,image-supported strong peak
L07-0612,7,782.78048346411,835.3452217157874,strong_peak_refined,Pt,Pt,Pt,image-supported strong peak
L07-0613,7,770.6707496330612,853.1512193037296,strong_peak_refined,Ga,Mixed,Mixed,image-supported strong peak
L07-0614,7,758.483345436148,872.94228675834,strong_peak_refined,Pt,Pt,Pt,image-supported strong peak
L07-0615,7,746.8359207543363,888.6754450453117,strong_peak_refined,Ga,Mixed,Mixed,image-supported strong peak
L07-0616,7,734.2325336811067,909.565874538629,strong_peak_refined,Pt,Pt,Pt,image-supported strong peak
L07-0617,7,721.8761212293624,927.7711633912024,strong_peak_refined,Ga,Mixed,Mixed,image-supported strong peak
L07-0618,7,710.2539709300322,944.4951118075244,strong_peak_refined,Pt,Pt,Pt,image-supported strong peak
L07-0619,7,698.2094311681288,963.597844954114,strong_peak_refined,Ga,Mixed,Mixed,image-supported strong peak
L07-0620,7,685.9599524029417,981.93631463536,strong_peak_refined,Pt,Pt,Pt,image-supported strong peak
L07-0621,7,674.8371381817432,996.5818830844848,strong_peak_refined,Ga,Mixed,Mixed,image-supported strong peak
L07-0622,7,662.6216772889916,1016.5025266208678,strong_peak_refined,Pt,Pt,Pt,image-supported strong peak
L07-0623,7,650.9571372717089,1033.4328076088154,strong_peak_refined,Ga,Mixed,Mixed,image-supported strong peak
L07-0624,7,985.46195879037,563.290120830664,lattice_completed,Pt,Pt,Pt,lattice continuity / liquid-front display
L07-0625,7,973.4860914582512,581.3348563077228,lattice_completed,Pt,Pt,Pt,lattice continuity / liquid-front display
L07-0626,7,962.370023174364,597.3001982115095,strong_peak_refined,Pt,Pt,Pt,image-supported strong peak
L07-0627,7,949.2053511702658,614.969304014278,strong_peak_refined,Pt,Pt,Pt,image-supported strong peak
L07-0628,7,937.827811120559,633.3924406490355,strong_peak_refined,Pt,Pt,Pt,image-supported strong peak
L07-0629,7,925.4005403043258,651.0240158638857,strong_peak_refined,Pt,Pt,Pt,image-supported strong peak
L07-0630,7,913.670907296926,670.1085046816486,strong_peak_refined,Pt,Pt,Pt,image-supported strong peak
L07-0631,7,901.0307333220352,687.9730294027268,strong_peak_refined,Pt,Pt,Pt,image-supported strong peak
L07-0632,7,888.8797336342573,706.3675478417773,strong_peak_refined,Ga,Mixed,Mixed,image-supported strong peak
L07-0633,7,876.8897195151984,725.2038902726329,strong_peak_refined,Pt,Pt,Pt,image-supported strong peak
L07-0634,7,865.2523188459425,743.6165144350717,strong_peak_refined,Ga,Mixed,Mixed,image-supported strong peak
L07-0635,7,853.5847631889412,760.5852149978787,strong_peak_refined,Pt,Pt,Pt,image-supported strong peak
L07-0636,7,842.0158467033634,778.3637960142964,strong_peak_refined,Ga,Mixed,Mixed,image-supported strong peak
L07-0637,7,829.9901424727759,798.7990193709168,strong_peak_refined,Pt,Pt,Pt,image-supported strong peak
L07-0638,7,818.1549655334737,815.2284790526593,strong_peak_refined,Ga,Mixed,Mixed,image-supported strong peak
L07-0639,7,806.0929991726224,834.9141473602208,strong_peak_refined,Pt,Pt,Pt,image-supported strong peak
L07-0640,7,794.578753608923,851.1873816440086,strong_peak_refined,Ga,Mixed,Mixed,image-supported strong peak
L07-0641,7,782.21120933641,869.927877174831,strong_peak_refined,Pt,Pt,Pt,image-supported strong peak
L07-0642,7,769.8980622958209,888.6114652960346,strong_peak_refined,Ga,Mixed,Mixed,image-supported strong peak
L07-0643,7,757.9729827237982,907.7213117292756,strong_peak_refined,Pt,Pt,Pt,image-supported strong peak
L07-0644,7,745.615666276174,926.9864468916226,strong_peak_refined,Ga,Mixed,Mixed,image-supported strong peak
L07-0645,7,733.5669151548319,944.1112196276264,strong_peak_refined,Pt,Pt,Pt,image-supported strong peak
L07-0646,7,721.6507708359613,962.3982880365586,strong_peak_refined,Ga,Mixed,Mixed,image-supported strong peak
L07-0647,7,709.7526008956121,980.4388120483644,strong_peak_refined,Pt,Pt,Pt,image-supported strong peak
L07-0648,7,697.7182558163695,997.3895699272698,strong_peak_refined,Ga,Mixed,Mixed,image-supported strong peak
L07-0649,7,685.9120863212725,1015.6709227010268,strong_peak_refined,Pt,Pt,Pt,image-supported strong peak
L07-0650,7,673.9573406693163,1033.3987428639998,strong_peak_refined,Ga,Mixed,Mixed,image-supported strong peak
L07-0651,7,999.9236211547924,586.6380421480295,weak_peak_refined,Pt,Pt,Pt,image-supported weak peak
L07-0652,7,982.6578195910348,594.9225691374622,strong_peak_refined,Pt,Pt,Pt,image-supported strong peak
L07-0653,7,974.2796235110368,613.4329914614356,strong_peak_refined,Pt,Pt,Pt,image-supported strong peak
L07-0654,7,960.4702100147292,632.2244521470715,strong_peak_refined,Pt,Pt,Pt,image-supported strong peak
L07-0655,7,948.393141789576,650.0983959210345,strong_peak_refined,Pt,Pt,Pt,image-supported strong peak
L07-0656,7,936.363053183703,668.1488565608037,strong_peak_refined,Pt,Pt,Pt,image-supported strong peak
L07-0657,7,924.2253983615932,687.0884725014405,strong_peak_refined,Pt,Pt,Pt,image-supported strong peak
L07-0658,7,912.6086173536196,705.65029003145,strong_peak_refined,Pt,Pt,Pt,image-supported strong peak
L07-0659,7,900.428460289438,723.2064889315179,strong_peak_refined,Pt,Pt,Pt,image-supported strong peak
L07-0660,7,888.5563276265549,742.0398415373737,strong_peak_refined,Ga,Mixed,Mixed,image-supported strong peak
L07-0661,7,876.948691823415,760.119938343581,strong_peak_refined,Pt,Pt,Pt,image-supported strong peak
L07-0662,7,865.0107957848447,778.7191938095058,strong_peak_refined,Ga,Mixed,Mixed,image-supported strong peak
L07-0663,7,853.1457621088462,797.11482636734,strong_peak_refined,Pt,Pt,Pt,image-supported strong peak
L07-0664,7,841.4713136080763,815.7361596780928,strong_peak_refined,Ga,Mixed,Mixed,image-supported strong peak
L07-0665,7,829.6346168157454,832.6898450335027,strong_peak_refined,Pt,Pt,Pt,image-supported strong peak
L07-0666,7,817.8311926800485,851.4022858884264,strong_peak_refined,Ga,Mixed,Mixed,image-supported strong peak
L07-0667,7,805.8259599009623,868.9906473218414,strong_peak_refined,Pt,Pt,Pt,image-supported strong peak
L07-0668,7,793.4274345276066,887.1712815436255,strong_peak_refined,Ga,Mixed,Mixed,image-supported strong peak
L07-0669,7,780.9495070104912,907.260430552644,strong_peak_refined,Pt,Pt,Pt,image-supported strong peak
L07-0670,7,769.8009401404894,923.5890500222922,strong_peak_refined,Ga,Mixed,Mixed,image-supported strong peak
L07-0671,7,757.352462740952,942.8157353207328,strong_peak_refined,Pt,Pt,Pt,image-supported strong peak
L07-0672,7,744.8322367953473,962.3509302140238,strong_peak_refined,Ga,Mixed,Mixed,image-supported strong peak
L07-0673,7,733.1376266011106,979.527807150686,strong_peak_refined,Pt,Pt,Pt,image-supported strong peak
L07-0674,7,721.0344635108557,997.0290544587843,strong_peak_refined,Ga,Mixed,Mixed,image-supported strong peak
L07-0675,7,709.4051845829226,1014.877038888528,strong_peak_refined,Pt,Pt,Pt,image-supported strong peak
L07-0676,7,697.6780618447142,1033.0698423355784,strong_peak_refined,Ga,Mixed,Mixed,image-supported strong peak
L07-0677,7,685.5370132155576,1050.4712730520057,strong_peak_refined,Pt,Pt,Pt,image-supported strong peak
L07-0678,7,1008.3440991971528,597.2980157225371,lattice_completed,Pt,Pt,Pt,lattice continuity / liquid-front display
L07-0679,7,996.368231865034,615.3427511995959,lattice_completed,Pt,Pt,Pt,lattice continuity / liquid-front display
L07-0680,7,984.5142990971004,629.7326427121328,strong_peak_refined,Pt,Pt,Pt,image-supported strong peak
L07-0681,7,972.1871184094182,648.1982367529546,strong_peak_refined,Pt,Pt,Pt,image-supported strong peak
L07-0682,7,960.6551820286936,666.2885981711763,strong_peak_refined,Pt,Pt,Pt,image-supported strong peak
L07-0683,7,947.7482071568468,684.6195378887071,strong_peak_refined,Pt,Pt,Pt,image-supported strong peak
L07-0684,7,936.3461829861152,703.4465106485839,strong_peak_refined,Pt,Pt,Pt,image-supported strong peak
L07-0685,7,923.9300124341564,721.8399280513893,strong_peak_refined,Pt,Pt,Pt,image-supported strong peak
L07-0686,7,912.0355877014654,740.8096455772669,strong_peak_refined,Ga,Mixed,Mixed,image-supported strong peak
L07-0687,7,900.3382773469226,758.5455249258234,strong_peak_refined,Pt,Pt,Pt,image-supported strong peak
L07-0688,7,888.7102270754413,777.7058004132294,strong_peak_refined,Ga,Mixed,Mixed,image-supported strong peak
L07-0689,7,876.4053212373659,796.066843118305,strong_peak_refined,Pt,Pt,Pt,image-supported strong peak
L07-0690,7,864.5105663611171,814.046793978015,strong_peak_refined,Ga,Mixed,Mixed,image-supported strong peak
L07-0691,7,852.8974626567617,831.3685086778322,strong_peak_refined,Pt,Pt,Pt,image-supported strong peak
L07-0692,7,840.8316032271767,848.8451119726932,strong_peak_refined,Ga,Mixed,Mixed,image-supported strong peak
L07-0693,7,828.9761370256849,868.6717314191792,strong_peak_refined,Pt,Pt,Pt,image-supported strong peak
L07-0694,7,816.6288138978033,886.6919277359202,strong_peak_refined,Ga,Mixed,Mixed,image-supported strong peak
L07-0695,7,804.6956271632552,904.9904436692884,strong_peak_refined,Pt,Pt,Pt,image-supported strong peak
L07-0696,7,792.7424705201346,923.2786700682854,strong_peak_refined,Ga,Mixed,Mixed,image-supported strong peak
L07-0697,7,780.7265006968515,941.3658879992196,strong_peak_refined,Pt,Pt,Pt,image-supported strong peak
L07-0698,7,768.4934411885129,959.197459299908,strong_peak_refined,Ga,Mixed,Mixed,image-supported strong peak
L07-0699,7,756.2454353901368,978.2608639444168,strong_peak_refined,Pt,Pt,Pt,image-supported strong peak
L07-0700,7,744.2714286143134,996.6345606865128,strong_peak_refined,Ga,Mixed,Mixed,image-supported strong peak
L07-0701,7,732.5013338730862,1013.170361727632,strong_peak_refined,Pt,Pt,Pt,image-supported strong peak
L07-0702,7,721.1955097368856,1030.4435789667664,strong_peak_refined,Ga,Mixed,Mixed,image-supported strong peak
L07-0703,7,708.9392381939775,1048.9578534590548,strong_peak_refined,Pt,Pt,Pt,image-supported strong peak
L07-0704,7,1019.7851694005444,614.3019631684737,lattice_completed,Pt,Pt,Pt,lattice continuity / liquid-front display
L07-0705,7,1007.8093020684256,632.3466986455325,lattice_completed,Pt,Pt,Pt,lattice continuity / liquid-front display
L07-0706,7,991.7301218268524,647.4927222457399,strong_peak_refined,Pt,Pt,Pt,image-supported strong peak
L07-0707,7,984.7142993596456,663.4785043451953,strong_peak_refined,Pt,Pt,Pt,image-supported strong peak
L07-0708,7,971.9423065511728,682.9988564124875,strong_peak_refined,Pt,Pt,Pt,image-supported strong peak
L07-0709,7,959.969160415536,701.5551006200186,strong_peak_refined,Pt,Pt,Pt,image-supported strong peak
L07-0710,7,948.0071089271648,719.5202018180461,strong_peak_refined,Pt,Pt,Pt,image-supported strong peak
L07-0711,7,935.9340865327124,738.7526093016271,strong_peak_refined,Pt,Pt,Pt,image-supported strong peak
L07-0712,7,923.887567195032,756.9020495086647,strong_peak_refined,Pt,Pt,Pt,image-supported strong peak
L07-0713,7,911.9487415029622,776.3557622750344,strong_peak_refined,Ga,Mixed,Mixed,image-supported strong peak
L07-0714,7,900.5030467099563,794.0986725571776,strong_peak_refined,Pt,Pt,Pt,image-supported strong peak
L07-0715,7,888.364730110654,811.9856544628371,strong_peak_refined,Ga,Mixed,Mixed,image-supported strong peak
L07-0716,7,876.341534293471,830.1324031494963,strong_peak_refined,Pt,Pt,Pt,image-supported strong peak
L07-0717,7,864.1713082836696,848.7921061080855,strong_peak_refined,Ga,Mixed,Mixed,image-supported strong peak
L07-0718,7,852.5639978297786,866.5167803815108,strong_peak_refined,Pt,Pt,Pt,image-supported strong peak
L07-0719,7,840.0996374723701,885.6018067114468,strong_peak_refined,Ga,Mixed,Mixed,image-supported strong peak
L07-0720,7,828.0288692329284,903.956861399325,strong_peak_refined,Pt,Pt,Pt,image-supported strong peak
L07-0721,7,816.5253602422442,922.27680992996,strong_peak_refined,Ga,Mixed,Mixed,image-supported strong peak
L07-0722,7,804.3234007743196,940.1221771789,strong_peak_refined,Pt,Pt,Pt,image-supported strong peak
L07-0723,7,792.0199708971656,958.6805116248224,strong_peak_refined,Ga,Mixed,Mixed,image-supported strong peak
L07-0724,7,779.6623743290659,976.9720472009528,strong_peak_refined,Pt,Pt,Pt,image-supported strong peak
L07-0725,7,767.7055788796764,994.5997139859236,strong_peak_refined,Ga,Mixed,Mixed,image-supported strong peak
L07-0726,7,755.9142949857903,1013.000335142942,strong_peak_refined,Pt,Pt,Pt,image-supported strong peak
L07-0727,7,744.2718661563422,1029.98584105979,strong_peak_refined,Ga,Mixed,Mixed,image-supported strong peak
L07-0728,7,732.6311820293394,1048.562512661951,strong_peak_refined,Pt,Pt,Pt,image-supported strong peak
L07-0729,7,1026.6491006198444,647.3146222260002,weak_peak_refined,Pt,Pt,Pt,image-supported weak peak
L07-0730,7,1007.5021843464544,660.3102058628359,weak_peak_refined,Pt,Pt,Pt,image-supported weak peak
L07-0731,7,994.9937533886788,680.7096041525296,strong_peak_refined,Pt,Pt,Pt,image-supported strong peak
L07-0732,7,983.0768052503364,699.3569486407108,strong_peak_refined,Pt,Pt,Pt,image-supported strong peak
L07-0733,7,971.601131622957,717.4594821678876,strong_peak_refined,Pt,Pt,Pt,image-supported strong peak
L07-0734,7,960.9120382917188,736.2330840193831,strong_peak_refined,Pt,Pt,Pt,image-supported strong peak
L07-0735,7,948.558290272586,753.8643013581292,strong_peak_refined,Pt,Pt,Pt,image-supported strong peak
L07-0736,7,936.0367408658832,773.4755266425598,strong_peak_refined,Ga,Mixed,Mixed,image-supported strong peak
L07-0737,7,923.8437218334228,792.3111518910184,strong_peak_refined,Pt,Pt,Pt,image-supported strong peak
L07-0738,7,911.8501150445665,810.9229305072689,strong_peak_refined,Ga,Mixed,Mixed,image-supported strong peak
L07-0739,7,899.9482563824639,828.9705929691611,strong_peak_refined,Pt,Pt,Pt,image-supported strong peak
L07-0740,7,887.8794649605709,847.6609823660034,strong_peak_refined,Ga,Mixed,Mixed,image-supported strong peak
L07-0741,7,875.6170277806184,864.4755639319181,strong_peak_refined,Pt,Pt,Pt,image-supported strong peak
L07-0742,7,863.9593608191985,883.5014007018548,strong_peak_refined,Ga,Mixed,Mixed,image-supported strong peak
L07-0743,7,851.6001929255208,901.744697060887,strong_peak_refined,Pt,Pt,Pt,image-supported strong peak
L07-0744,7,839.8600545471293,920.8941278667496,strong_peak_refined,Ga,Mixed,Mixed,image-supported strong peak
L07-0745,7,827.429337533281,938.2787296423172,strong_peak_refined,Pt,Pt,Pt,image-supported strong peak
L07-0746,7,815.8630291036138,956.7923668250407,strong_peak_refined,Ga,Mixed,Mixed,image-supported strong peak
L07-0747,7,803.5776261182025,975.4338735860056,strong_peak_refined,Pt,Pt,Pt,image-supported strong peak
L07-0748,7,791.0578718431663,993.6194535675928,strong_peak_refined,Ga,Mixed,Mixed,image-supported strong peak
L07-0749,7,779.4261460189765,1011.7335955584762,strong_peak_refined,Pt,Pt,Pt,image-supported strong peak
L07-0750,7,768.2314894632055,1028.081876763339,strong_peak_refined,Ga,Mixed,Mixed,image-supported strong peak
L07-0751,7,755.8523042338894,1047.0625622490163,strong_peak_refined,Pt,Pt,Pt,image-supported strong peak
L07-0752,7,1034.7886704194473,661.9021114515302,strong_peak_refined,Pt,Pt,Pt,image-supported strong peak
L07-0753,7,1021.816826504558,682.5915769031938,strong_peak_refined,Pt,Pt,Pt,image-supported strong peak
L07-0754,7,1007.2482270332048,698.6561471412177,strong_peak_refined,Pt,Pt,Pt,image-supported strong peak
L07-0755,7,994.740000080024,716.2673195499415,strong_peak_refined,Pt,Pt,Pt,image-supported strong peak
L07-0756,7,983.2136980520502,735.8011006642562,strong_peak_refined,Pt,Pt,Pt,image-supported strong peak
L07-0757,7,971.7545154135072,752.7292928624076,strong_peak_refined,Pt,Pt,Pt,image-supported strong peak
L07-0758,7,959.999747338452,771.8709681945371,strong_peak_refined,Pt,Pt,Pt,image-supported strong peak
L07-0759,7,947.334017833026,790.916225336946,strong_peak_refined,Pt,Pt,Pt,image-supported strong peak
L07-0760,7,935.5601942136968,809.6124470874637,strong_peak_refined,Ga,Mixed,Mixed,image-supported strong peak
L07-0761,7,923.6113001698044,827.8258262040953,strong_peak_refined,Pt,Pt,Pt,image-supported strong peak
L07-0762,7,911.5515315349596,845.8684538308509,strong_peak_refined,Ga,Mixed,Mixed,image-supported strong peak
L07-0763,7,899.3446905039524,864.5834676396581,strong_peak_refined,Pt,Pt,Pt,image-supported strong peak
L07-0764,7,887.0335080643969,881.8762491977257,strong_peak_refined,Ga,Mixed,Mixed,image-supported strong peak
L07-0765,7,874.7963854006188,900.7072755243515,strong_peak_refined,Pt,Pt,Pt,image-supported strong peak
L07-0766,7,862.7542753634375,919.572885865711,strong_peak_refined,Ga,Mixed,Mixed,image-supported strong peak
L07-0767,7,851.0267033170384,936.8127265191818,strong_peak_refined,Pt,Pt,Pt,image-supported strong peak
L07-0768,7,839.3558964764087,956.5554461752664,strong_peak_refined,Ga,Mixed,Mixed,image-supported strong peak
L07-0769,7,827.1776373875607,974.2514857921224,strong_peak_refined,Pt,Pt,Pt,image-supported strong peak
L07-0770,7,815.4491041836732,992.9290087176778,strong_peak_refined,Ga,Mixed,Mixed,image-supported strong peak
L07-0771,7,803.196106119537,1009.976331996517,strong_peak_refined,Pt,Pt,Pt,image-supported strong peak
L07-0772,7,791.1003001085086,1027.9824134779349,strong_peak_refined,Ga,Mixed,Mixed,image-supported strong peak
L07-0773,7,779.3289198620471,1045.1857160750594,strong_peak_refined,Pt,Pt,Pt,image-supported strong peak
L07-0774,7,1037.2949170409554,700.1147624058265,weak_peak_refined,Pt,Pt,Pt,image-supported weak peak
L07-0775,7,1019.9255179902271,715.111161026951,strong_peak_refined,Pt,Pt,Pt,image-supported strong peak
L07-0776,7,1006.0863640280674,741.8228771143572,strong_peak_refined,Pt,Pt,Pt,image-supported strong peak
L07-0777,7,994.3252010447932,751.2481407099299,strong_peak_refined,Pt,Pt,Pt,image-supported strong peak
L07-0778,7,983.6006316794474,769.7463845122959,strong_peak_refined,Pt,Pt,Pt,image-supported strong peak
L07-0779,7,971.5054556413232,789.4312188220086,strong_peak_refined,Pt,Pt,Pt,image-supported strong peak
L07-0780,7,959.4481321725284,807.2033190934931,strong_peak_refined,Ga,Mixed,Mixed,image-supported strong peak
L07-0781,7,946.8257415424551,825.6344392787457,strong_peak_refined,Pt,Pt,Pt,image-supported strong peak
L07-0782,7,934.7553616363184,844.0368210214585,strong_peak_refined,Ga,Mixed,Mixed,image-supported strong peak
L07-0783,7,922.8326653043454,862.3358946472424,strong_peak_refined,Pt,Pt,Pt,image-supported strong peak
L07-0784,7,910.7400717843508,880.4253756801379,strong_peak_refined,Ga,Mixed,Mixed,image-supported strong peak
L07-0785,7,898.5736811725482,898.7613847590413,strong_peak_refined,Pt,Pt,Pt,image-supported strong peak
L07-0786,7,886.8666301475976,917.17476769077,strong_peak_refined,Ga,Mixed,Mixed,image-supported strong peak
L07-0787,7,874.664123755009,935.4673447699064,strong_peak_refined,Pt,Pt,Pt,image-supported strong peak
L07-0788,7,862.4767629248698,954.8061070104782,strong_peak_refined,Ga,Mixed,Mixed,image-supported strong peak
L07-0789,7,850.6655818072338,973.1450654842232,strong_peak_refined,Pt,Pt,Pt,image-supported strong peak
L07-0790,7,838.1117346599095,990.7748396851496,strong_peak_refined,Ga,Mixed,Mixed,image-supported strong peak
L07-0791,7,826.3464693804632,1009.3863637904384,strong_peak_refined,Pt,Pt,Pt,image-supported strong peak
L07-0792,7,814.583800478669,1026.229434425721,strong_peak_refined,Ga,Mixed,Mixed,image-supported strong peak
L07-0793,7,1039.6525777202037,713.9169587678409,strong_peak_refined,Pt,Pt,Pt,image-supported strong peak
L07-0794,7,1031.4679680995953,741.5048955648375,weak_peak_refined,Pt,Pt,Pt,image-supported weak peak
L07-0795,7,1018.103893292528,748.0573357258096,strong_peak_refined,Pt,Pt,Pt,image-supported strong peak
L07-0796,7,1008.1889399835436,772.9989245939452,strong_peak_refined,Pt,Pt,Pt,image-supported strong peak
L07-0797,7,996.4681740615716,782.5673793442196,weak_peak_refined,Pt,Pt,Pt,image-supported weak peak
L07-0798,7,984.2688205749,806.4529588043584,strong_peak_refined,Pt,Pt,Pt,image-supported strong peak
L07-0799,7,971.4870685188886,822.6554433435373,strong_peak_refined,Pt,Pt,Pt,image-supported strong peak
L07-0800,7,958.5350109841588,842.7627807497164,strong_peak_refined,Ga,Mixed,Mixed,image-supported strong peak
L07-0801,7,946.3052899628076,860.0510184384915,strong_peak_refined,Pt,Pt,Pt,image-supported strong peak
L07-0802,7,934.8403766267882,878.8025317723142,strong_peak_refined,Ga,Mixed,Mixed,image-supported strong peak
L07-0803,7,921.8264885009712,897.6232452146539,strong_peak_refined,Pt,Pt,Pt,image-supported strong peak
L07-0804,7,909.7228718319813,916.0414045369308,strong_peak_refined,Ga,Mixed,Mixed,image-supported strong peak
L07-0805,7,897.9085673800874,933.300090176114,strong_peak_refined,Pt,Pt,Pt,image-supported strong peak
L07-0806,7,885.8686505671859,953.2329754886276,strong_peak_refined,Ga,Mixed,Mixed,image-supported strong peak
L07-0807,7,874.1329433072304,971.039893040148,strong_peak_refined,Pt,Pt,Pt,image-supported strong peak
L07-0808,7,861.5033789643865,988.8198305273244,strong_peak_refined,Ga,Mixed,Mixed,image-supported strong peak
L07-0809,7,849.927863885413,1007.427241841765,strong_peak_refined,Pt,Pt,Pt,image-supported strong peak
L07-0810,7,837.3325939591757,1026.1112320496115,strong_peak_refined,Ga,Mixed,Mixed,image-supported strong peak
L07-0811,7,1022.3174758993192,771.1897365210202,weak_peak_refined,Pt,Pt,Pt,image-supported weak peak
L07-0812,7,1020.7039709029948,793.7719762579208,weak_peak_refined,Pt,Pt,Pt,image-supported weak peak
L07-0813,7,1005.1353164247886,807.5901132605094,lattice_completed,Pt,Pt,Pt,lattice continuity / liquid-front display
L07-0814,7,994.8909590023704,819.7804076778289,strong_peak_refined,Pt,Pt,Pt,image-supported strong peak
L07-0815,7,983.8711568588368,842.3206010263284,strong_peak_refined,Pt,Pt,Pt,image-supported strong peak
L07-0816,7,970.4901906202108,858.830437587376,strong_peak_refined,Pt,Pt,Pt,image-supported strong peak
L07-0817,7,958.2184318905238,877.8640755068028,strong_peak_refined,Ga,Mixed,Mixed,image-supported strong peak
L07-0818,7,945.641931745592,895.3303646797581,strong_peak_refined,Pt,Pt,Pt,image-supported strong peak
L07-0819,7,933.6865183167878,914.413211430574,strong_peak_refined,Ga,Mixed,Mixed,image-supported strong peak
L07-0820,7,921.324172805499,931.6434951681748,strong_peak_refined,Pt,Pt,Pt,image-supported strong peak
L07-0821,7,909.5373865949716,951.42318631229,strong_peak_refined,Ga,Mixed,Mixed,image-supported strong peak
L07-0822,7,896.7571765045793,969.4073889679144,strong_peak_refined,Pt,Pt,Pt,image-supported strong peak
L07-0823,7,884.8110640528424,988.0913184274028,strong_peak_refined,Ga,Mixed,Mixed,image-supported strong peak
L07-0824,7,873.2437972983793,1005.4755658352162,strong_peak_refined,Pt,Pt,Pt,image-supported strong peak
L07-0825,7,1033.4654288551444,806.1921396962166,strong_peak_refined,Pt,Pt,Pt,image-supported strong peak
L07-0826,7,1016.57638662818,824.5940607064459,lattice_completed,Pt,Pt,Pt,lattice continuity / liquid-front display
L07-0827,7,1008.1197865465712,845.0033379537074,strong_peak_refined,Pt,Pt,Pt,image-supported strong peak
L07-0828,7,995.550026654436,855.47708432123,strong_peak_refined,Pt,Pt,Pt,image-supported strong peak
L07-0829,7,981.588471815739,874.0948490358807,strong_peak_refined,Ga,Mixed,Mixed,image-supported strong peak
L07-0830,7,969.5953559028756,893.7334855140183,strong_peak_refined,Pt,Pt,Pt,image-supported strong peak
L07-0831,7,957.5896398255104,912.072674862966,strong_peak_refined,Ga,Mixed,Mixed,image-supported strong peak
L07-0832,7,945.320705442508,931.562369860818,strong_peak_refined,Pt,Pt,Pt,image-supported strong peak
L07-0833,7,932.9448547200474,949.254010446305,strong_peak_refined,Ga,Mixed,Mixed,image-supported strong peak
L07-0834,7,920.568090436005,968.1616709558956,strong_peak_refined,Pt,Pt,Pt,image-supported strong peak
L07-0835,7,908.7163013329314,986.6207799727677,strong_peak_refined,Ga,Mixed,Mixed,image-supported strong peak
L07-0836,7,992.2052284166642,890.96432143477,strong_peak_refined,Pt,Pt,Pt,image-supported strong peak
L07-0837,7,980.2186095711533,910.9932473427996,strong_peak_refined,Ga,Mixed,Mixed,image-supported strong peak
L08-0000,8,496.9892426548603,476.3279231618632,strong_peak_refined,Ga,Mixed,Mixed,image-supported strong peak
L08-0001,8,483.99207904738586,497.48473445918336,strong_peak_refined,Pt,Pt,Pt,image-supported strong peak
L08-0002,8,472.5981718826688,514.4217171987767,strong_peak_refined,Ga,Mixed,Mixed,image-supported strong peak
L08-0003,8,460.0281824386429,535.5697019670233,strong_peak_refined,Pt,Pt,Pt,image-supported strong peak
L08-0004,8,448.3835493615896,552.5239029592391,strong_peak_refined,Ga,Mixed,Mixed,image-supported strong peak
L08-0005,8,436.19197580440425,569.5792231172397,strong_peak_refined,Pt,Pt,Pt,image-supported strong peak
L08-0006,8,424.2793986380273,584.3915859578658,strong_peak_refined,Ga,Mixed,Mixed,image-supported strong peak
L08-0007,8,411.3270172289901,605.7144960756813,strong_peak_refined,Pt,Pt,Pt,image-supported strong peak
L08-0008,8,399.844427775196,621.1992187479735,strong_peak_refined,Ga,Mixed,Mixed,image-supported strong peak
L08-0009,8,543.3015212188167,443.4218180870133,strong_peak_refined,Ga,Mixed,Mixed,image-supported strong peak
L08-0010,8,530.9873210610322,462.1298341368154,strong_peak_refined,Pt,Pt,Pt,image-supported strong peak
L08-0011,8,520.715201114523,474.33634076809193,strong_peak_refined,Ga,Mixed,Mixed,image-supported strong peak
L08-0012,8,506.5782761462546,500.72914569645445,strong_peak_refined,Pt,Pt,Pt,image-supported strong peak
L08-0013,8,494.6311984395925,518.1262166202769,strong_peak_refined,Ga,Mixed,Mixed,image-supported strong peak
L08-0014,8,483.1302967173869,533.8337662793803,strong_peak_refined,Pt,Pt,Pt,image-supported strong peak
L08-0015,8,472.1231312367438,547.6126873828806,strong_peak_refined,Ga,Mixed,Mixed,image-supported strong peak
L08-0016,8,459.9855383289986,565.9028748600203,strong_peak_refined,Pt,Pt,Pt,image-supported strong peak
L08-0017,8,447.6652858395541,584.3372823735323,strong_peak_refined,Ga,Mixed,Mixed,image-supported strong peak
L08-0018,8,435.1109021608581,603.4734532679204,strong_peak_refined,Pt,Pt,Pt,image-supported strong peak
L08-0019,8,422.8860975645929,622.0450030103757,strong_peak_refined,Ga,Mixed,Mixed,image-supported strong peak
L08-0020,8,411.37674307227405,637.7527155363404,strong_peak_refined,Pt,Pt,Pt,image-supported strong peak
L08-0021,8,398.9210023130302,657.8925140853322,strong_peak_refined,Ga,Mixed,Mixed,image-supported strong peak
L08-0022,8,386.974494936913,675.7265430899943,strong_peak_refined,Pt,Pt,Pt,image-supported strong peak
L08-0023,8,578.8267635707715,424.0718196319097,strong_peak_refined,Pt,Pt,Pt,image-supported strong peak
L08-0024,8,568.0317526656644,435.8616891533982,strong_peak_refined,Pt,Pt,Pt,image-supported strong peak
L08-0025,8,553.7744516295091,463.5187469387491,strong_peak_refined,Pt,Pt,Pt,image-supported strong peak
L08-0026,8,542.5022140111038,480.3223854952389,strong_peak_refined,Ga,Mixed,Mixed,image-supported strong peak
L08-0027,8,530.8731416328234,495.288372197773,strong_peak_refined,Pt,Pt,Pt,image-supported strong peak
L08-0028,8,519.7049494204477,509.8597090081506,strong_peak_refined,Ga,Mixed,Mixed,image-supported strong peak
L08-0029,8,506.65108193987504,532.7952617449399,strong_peak_refined,Pt,Pt,Pt,image-supported strong peak
L08-0030,8,495.02421673824335,549.5994170053142,strong_peak_refined,Ga,Mixed,Mixed,image-supported strong peak
L08-0031,8,482.6117559377845,569.6196353337463,strong_peak_refined,Pt,Pt,Pt,image-supported strong peak
L08-0032,8,470.8615270315403,582.5549134148754,strong_peak_refined,Ga,Mixed,Mixed,image-supported strong peak
L08-0033,8,458.3094140053508,604.7260692197718,strong_peak_refined,Pt,Pt,Pt,image-supported strong peak
L08-0034,8,445.7921045451843,623.7954016360113,strong_peak_refined,Ga,Mixed,Mixed,image-supported strong peak
L08-0035,8,434.4699373528912,639.7236847256572,strong_peak_refined,Pt,Pt,Pt,image-supported strong peak
L08-0036,8,422.3933072997064,654.805981215675,strong_peak_refined,Ga,Mixed,Mixed,image-supported strong peak
L08-0037,8,410.0180203742078,676.4126626414443,strong_peak_refined,Pt,Pt,Pt,image-supported strong peak
L08-0038,8,398.2090418179585,692.1550893407904,strong_peak_refined,Ga,Mixed,Mixed,image-supported strong peak
L08-0039,8,386.6253457385686,708.5384406581128,strong_peak_refined,Pt,Pt,Pt,image-supported strong peak
L08-0040,8,602.0648177876127,425.5402004226792,strong_peak_refined,Pt,Pt,Pt,image-supported strong peak
L08-0041,8,589.3743579003951,443.3877455685038,strong_peak_refined,Pt,Pt,Pt,image-supported strong peak
L08-0042,8,577.6494620806775,461.81991912620913,strong_peak_refined,Pt,Pt,Pt,image-supported strong peak
L08-0043,8,565.8871032746126,478.205276876468,strong_peak_refined,Pt,Pt,Pt,image-supported strong peak
L08-0044,8,553.7325865940161,497.0282529516875,strong_peak_refined,Pt,Pt,Pt,image-supported strong peak
L08-0045,8,541.2720094106794,514.9673591686108,strong_peak_refined,Ga,Mixed,Mixed,image-supported strong peak
L08-0046,8,530.0768931617632,531.929367022661,strong_peak_refined,Pt,Pt,Pt,image-supported strong peak
L08-0047,8,518.6263868956202,548.3376534383344,strong_peak_refined,Ga,Mixed,Mixed,image-supported strong peak
L08-0048,8,505.0795456483421,569.7135981800769,strong_peak_refined,Pt,Pt,Pt,image-supported strong peak
L08-0049,8,494.6227538846189,581.410397051507,strong_peak_refined,Ga,Mixed,Mixed,image-supported strong peak
L08-0050,8,482.3148313182784,601.1042225889497,strong_peak_refined,Pt,Pt,Pt,image-supported strong peak
L08-0051,8,469.9773360351742,619.469767393798,strong_peak_refined,Ga,Mixed,Mixed,image-supported strong peak
L08-0052,8,457.6345333148092,637.8078360664213,strong_peak_refined,Pt,Pt,Pt,image-supported strong peak
L08-0053,8,445.8680311107339,654.8439716760222,strong_peak_refined,Ga,Mixed,Mixed,image-supported strong peak
L08-0054,8,433.9459847620666,673.485650037808,strong_peak_refined,Pt,Pt,Pt,image-supported strong peak
L08-0055,8,422.1919061514393,690.3167373079602,strong_peak_refined,Ga,Mixed,Mixed,image-supported strong peak
L08-0056,8,410.1999335831076,707.296499468319,strong_peak_refined,Pt,Pt,Pt,image-supported strong peak
L08-0057,8,398.1929622961582,726.2756949614572,strong_peak_refined,Ga,Mixed,Mixed,image-supported strong peak
L08-0058,8,386.21870331968665,744.9787451103817,strong_peak_refined,Pt,Pt,Pt,image-supported strong peak
L08-0059,8,637.6952226865785,405.1167004088592,strong_peak_refined,Pt,Pt,Pt,image-supported strong peak
L08-0060,8,625.7974526329418,422.2749540317364,strong_peak_refined,Pt,Pt,Pt,image-supported strong peak
L08-0061,8,614.5812256119077,437.50468068409504,strong_peak_refined,Pt,Pt,Pt,image-supported strong peak
L08-0062,8,601.3002373960554,459.60344266406014,strong_peak_refined,Pt,Pt,Pt,image-supported strong peak
L08-0063,8,588.6930249745621,478.0382933078645,strong_peak_refined,Ga,Mixed,Mixed,image-supported strong peak
L08-0064,8,577.2962473483032,495.0706019480522,strong_peak_refined,Pt,Pt,Pt,image-supported strong peak
L08-0065,8,564.3728792386538,515.9114903776184,strong_peak_refined,Ga,Mixed,Mixed,image-supported strong peak
L08-0066,8,553.3212110755624,530.6552379029939,strong_peak_refined,Pt,Pt,Pt,image-supported strong peak
L08-0067,8,541.3516310910152,547.7327086621004,strong_peak_refined,Ga,Mixed,Mixed,image-supported strong peak
L08-0068,8,529.637887347753,567.2003990080531,strong_peak_refined,Pt,Pt,Pt,image-supported strong peak
L08-0069,8,517.9673281255206,580.9832179047503,strong_peak_refined,Ga,Mixed,Mixed,image-supported strong peak
L08-0070,8,504.88936509633726,602.7682744018725,strong_peak_refined,Pt,Pt,Pt,image-supported strong peak
L08-0071,8,493.2102890438654,619.6615369120378,strong_peak_refined,Ga,Mixed,Mixed,image-supported strong peak
L08-0072,8,481.23031741846495,635.501502769015,strong_peak_refined,Pt,Pt,Pt,image-supported strong peak
L08-0073,8,469.2203799503564,654.2870409218755,strong_peak_refined,Ga,Mixed,Mixed,image-supported strong peak
L08-0074,8,457.2446765924788,672.6607277705588,strong_peak_refined,Pt,Pt,Pt,image-supported strong peak
L08-0075,8,445.67626239579147,688.4684987249768,strong_peak_refined,Ga,Mixed,Mixed,image-supported strong peak
L08-0076,8,433.3902772853645,707.8684088601918,strong_peak_refined,Pt,Pt,Pt,image-supported strong peak
L08-0077,8,421.609826330345,724.989747315244,strong_peak_refined,Ga,Mixed,Mixed,image-supported strong peak
L08-0078,8,409.3667274187309,744.8730639144136,strong_peak_refined,Pt,Pt,Pt,image-supported strong peak
L08-0079,8,397.61181646713584,763.5975260932104,strong_peak_refined,Ga,Mixed,Mixed,image-supported strong peak
L08-0080,8,662.0453425457725,401.6554722971382,strong_peak_refined,Pt,Pt,Pt,image-supported strong peak
L08-0081,8,649.1535344047286,420.7526253100428,strong_peak_refined,Pt,Pt,Pt,image-supported strong peak
L08-0082,8,636.9059911268346,439.1817685110983,strong_peak_refined,Pt,Pt,Pt,image-supported strong peak
L08-0083,8,624.7171817026368,458.18966793785455,strong_peak_refined,Pt,Pt,Pt,image-supported strong peak
L08-0084,8,613.9306087431341,470.3954769443081,strong_peak_refined,Pt,Pt,Pt,image-supported strong peak
L08-0085,8,600.9770615488422,491.9188315962469,strong_peak_refined,Pt,Pt,Pt,image-supported strong peak
L08-0086,8,588.0461093392657,514.3183769972892,strong_peak_refined,Ga,Mixed,Mixed,image-supported strong peak
L08-0087,8,577.1117140019253,528.1904772255157,strong_peak_refined,Pt,Pt,Pt,image-supported strong peak
L08-0088,8,564.9809802743622,548.5914302549515,strong_peak_refined,Ga,Mixed,Mixed,image-supported strong peak
L08-0089,8,552.1957822240543,566.7458070268162,strong_peak_refined,Pt,Pt,Pt,image-supported strong peak
L08-0090,8,540.6434911876332,583.1354095796298,strong_peak_refined,Ga,Mixed,Mixed,image-supported strong peak
L08-0091,8,528.5430278019699,600.1282416828165,strong_peak_refined,Pt,Pt,Pt,image-supported strong peak
L08-0092,8,516.0064604863343,621.0837077485421,strong_peak_refined,Ga,Mixed,Mixed,image-supported strong peak
L08-0093,8,504.7984971462975,633.809663911294,strong_peak_refined,Pt,Pt,Pt,image-supported strong peak
L08-0094,8,492.4217645199626,654.6040367906634,strong_peak_refined,Ga,Mixed,Mixed,image-supported strong peak
L08-0095,8,480.5021138016273,670.1280596936492,strong_peak_refined,Pt,Pt,Pt,image-supported strong peak
L08-0096,8,469.0414612594215,689.5587284672026,strong_peak_refined,Ga,Mixed,Mixed,image-supported strong peak
L08-0097,8,456.9268684091984,707.8544197813758,strong_peak_refined,Pt,Pt,Pt,image-supported strong peak
L08-0098,8,445.1879474068468,725.2337342105188,strong_peak_refined,Ga,Mixed,Mixed,image-supported strong peak
L08-0099,8,433.4352528790584,743.8889654408395,strong_peak_refined,Pt,Pt,Pt,image-supported strong peak
L08-0100,8,421.3703101223471,762.7303318884117,strong_peak_refined,Ga,Mixed,Mixed,image-supported strong peak
L08-0101,8,409.5929595719756,779.5081918881823,strong_peak_refined,Pt,Pt,Pt,image-supported strong peak
L08-0102,8,397.3939171238295,799.1957596959264,strong_peak_refined,Ga,Mixed,Mixed,image-supported strong peak
L08-0103,8,685.3418280118368,395.56557472581306,strong_peak_refined,Pt,Pt,Pt,image-supported strong peak
L08-0104,8,672.9887399185552,420.2379962114008,strong_peak_refined,Pt,Pt,Pt,image-supported strong peak
L08-0105,8,660.9049100606182,438.4273748403489,strong_peak_refined,Pt,Pt,Pt,image-supported strong peak
L08-0106,8,648.8194147777646,456.9172417306835,strong_peak_refined,Pt,Pt,Pt,image-supported strong peak
L08-0107,8,635.5762688485426,476.670102989546,strong_peak_refined,Ga,Mixed,Mixed,image-supported strong peak
L08-0108,8,624.0374829538108,493.5980132220407,strong_peak_refined,Pt,Pt,Pt,image-supported strong peak
L08-0109,8,611.3714046061943,512.3753904048164,strong_peak_refined,Ga,Mixed,Mixed,image-supported strong peak
L08-0110,8,599.6897992715816,529.9631851541307,strong_peak_refined,Pt,Pt,Pt,image-supported strong peak
L08-0111,8,587.9745946205474,547.4798588383665,strong_peak_refined,Ga,Mixed,Mixed,image-supported strong peak
L08-0112,8,576.2317962737189,561.5179644975084,strong_peak_refined,Pt,Pt,Pt,image-supported strong peak
L08-0113,8,564.7309188337596,578.9915983284857,strong_peak_refined,Ga,Mixed,Mixed,image-supported strong peak
L08-0114,8,551.3967770966143,602.8581847883266,strong_peak_refined,Pt,Pt,Pt,image-supported strong peak
L08-0115,8,540.3245471330841,615.3575675653998,strong_peak_refined,Ga,Mixed,Mixed,image-supported strong peak
L08-0116,8,527.9209398159385,635.056606999935,strong_peak_refined,Pt,Pt,Pt,image-supported strong peak
L08-0117,8,515.2144254883151,654.2179234009773,strong_peak_refined,Ga,Mixed,Mixed,image-supported strong peak
L08-0118,8,503.58110203106014,670.4593701187254,strong_peak_refined,Pt,Pt,Pt,image-supported strong peak
L08-0119,8,492.0156013278752,688.3210120992318,strong_peak_refined,Ga,Mixed,Mixed,image-supported strong peak
L08-0120,8,480.3900741463166,708.6307370178862,strong_peak_refined,Pt,Pt,Pt,image-supported strong peak
L08-0121,8,469.0349922566668,722.9197593257513,strong_peak_refined,Ga,Mixed,Mixed,image-supported strong peak
L08-0122,8,456.93352302370994,742.6064064782207,strong_peak_refined,Pt,Pt,Pt,image-supported strong peak
L08-0123,8,445.03133557163017,759.8820047630369,strong_peak_refined,Ga,Mixed,Mixed,image-supported strong peak
L08-0124,8,433.3195779823554,778.1277548431378,strong_peak_refined,Pt,Pt,Pt,image-supported strong peak
L08-0125,8,421.51316633828975,795.7564019117526,strong_peak_refined,Ga,Mixed,Mixed,image-supported strong peak
L08-0126,8,409.07679171955874,815.0997164087784,strong_peak_refined,Pt,Pt,Pt,image-supported strong peak
L08-0127,8,708.5879876320415,395.9907201325609,strong_peak_refined,Pt,Pt,Pt,image-supported strong peak
L08-0128,8,696.411239387061,416.8799231019108,strong_peak_refined,Pt,Pt,Pt,image-supported strong peak
L08-0129,8,684.3278648972566,435.7113295913808,strong_peak_refined,Pt,Pt,Pt,image-supported strong peak
L08-0130,8,672.0887205006053,456.4584413674853,strong_peak_refined,Pt,Pt,Pt,image-supported strong peak
L08-0131,8,659.1925901157668,474.52345906259984,strong_peak_refined,Ga,Mixed,Mixed,image-supported strong peak
L08-0132,8,647.1754973713956,493.2792554788045,strong_peak_refined,Pt,Pt,Pt,image-supported strong peak
L08-0133,8,634.5439336213356,512.1322156438334,strong_peak_refined,Ga,Mixed,Mixed,image-supported strong peak
L08-0134,8,622.9757711088583,529.2625475959265,strong_peak_refined,Pt,Pt,Pt,image-supported strong peak
L08-0135,8,610.844554984268,546.4653307023618,strong_peak_refined,Ga,Mixed,Mixed,image-supported strong peak
L08-0136,8,598.8709906987694,564.5375754335104,strong_peak_refined,Pt,Pt,Pt,image-supported strong peak
L08-0137,8,586.7845702629733,583.8834631157549,strong_peak_refined,Ga,Mixed,Mixed,image-supported strong peak
L08-0138,8,575.1460485842524,601.5217098639779,strong_peak_refined,Pt,Pt,Pt,image-supported strong peak
L08-0139,8,563.9489781582549,613.9864904814748,strong_peak_refined,Ga,Mixed,Mixed,image-supported strong peak
L08-0140,8,550.8851932230253,635.059217337316,strong_peak_refined,Pt,Pt,Pt,image-supported strong peak
L08-0141,8,539.6955939064168,649.623249466432,strong_peak_refined,Ga,Mixed,Mixed,image-supported strong peak
L08-0142,8,527.3752688650682,669.9726893789656,strong_peak_refined,Pt,Pt,Pt,image-supported strong peak
L08-0143,8,515.2160371931543,688.0771880501603,strong_peak_refined,Ga,Mixed,Mixed,image-supported strong peak
L08-0144,8,504.0243475616338,703.3435219686254,strong_peak_refined,Pt,Pt,Pt,image-supported strong peak
L08-0145,8,491.7690873935632,723.7042385293139,strong_peak_refined,Ga,Mixed,Mixed,image-supported strong peak
L08-0146,8,480.30365688178085,740.1223630787692,strong_peak_refined,Pt,Pt,Pt,image-supported strong peak
L08-0147,8,468.8006389878125,759.0513536639772,strong_peak_refined,Ga,Mixed,Mixed,image-supported strong peak
L08-0148,8,456.7730803762112,778.8202271721352,strong_peak_refined,Pt,Pt,Pt,image-supported strong peak
L08-0149,8,445.096347868009,794.1692316925843,strong_peak_refined,Ga,Mixed,Mixed,image-supported strong peak
L08-0150,8,432.8513678750312,813.4958976766344,strong_peak_refined,Pt,Pt,Pt,image-supported strong peak
L08-0151,8,420.86554526297,833.1763062008079,strong_peak_refined,Ga,Mixed,Mixed,image-supported strong peak
L08-0152,8,408.7299027505563,850.2708973816838,strong_peak_refined,Pt,Pt,Pt,image-supported strong peak
L08-0153,8,731.5781765757155,394.8704288542889,strong_peak_refined,Pt,Pt,Pt,image-supported strong peak
L08-0154,8,720.0860072749911,414.2131606428744,strong_peak_refined,Pt,Pt,Pt,image-supported strong peak
L08-0155,8,707.5254332464647,431.5102669219337,strong_peak_refined,Pt,Pt,Pt,image-supported strong peak
L08-0156,8,695.2164276643553,453.8606583514994,strong_peak_refined,Pt,Pt,Pt,image-supported strong peak
L08-0157,8,682.7472826760666,473.3679059539496,strong_peak_refined,Ga,Mixed,Mixed,image-supported strong peak
L08-0158,8,671.4316948451641,487.79460991223465,strong_peak_refined,Pt,Pt,Pt,image-supported strong peak
L08-0159,8,659.1759756040012,507.15833217814543,strong_peak_refined,Ga,Mixed,Mixed,image-supported strong peak
L08-0160,8,646.3561572430511,528.3669305080107,strong_peak_refined,Pt,Pt,Pt,image-supported strong peak
L08-0161,8,635.9943671381661,539.3543528540546,strong_peak_refined,Ga,Mixed,Mixed,image-supported strong peak
L08-0162,8,623.2693500021098,561.7943075212837,strong_peak_refined,Pt,Pt,Pt,image-supported strong peak
L08-0163,8,611.3921491324714,576.6819528923329,strong_peak_refined,Ga,Mixed,Mixed,image-supported strong peak
L08-0164,8,598.7589060431168,598.9404514967933,strong_peak_refined,Pt,Pt,Pt,image-supported strong peak
L08-0165,8,587.5088048757092,612.939985010677,strong_peak_refined,Ga,Mixed,Mixed,image-supported strong peak
L08-0166,8,574.8193207726482,631.4037731513781,strong_peak_refined,Pt,Pt,Pt,image-supported strong peak
L08-0167,8,562.5317687775546,649.9021305784242,strong_peak_refined,Ga,Mixed,Mixed,image-supported strong peak
L08-0168,8,550.3900393943135,669.3943752563988,strong_peak_refined,Pt,Pt,Pt,image-supported strong peak
L08-0169,8,538.9716845469712,686.7467111678716,strong_peak_refined,Ga,Mixed,Mixed,image-supported strong peak
L08-0170,8,527.2597901056154,703.8311700776165,strong_peak_refined,Pt,Pt,Pt,image-supported strong peak
L08-0171,8,515.4330536518006,720.8322423631597,strong_peak_refined,Ga,Mixed,Mixed,image-supported strong peak
L08-0172,8,503.1826009454789,740.202833141336,strong_peak_refined,Pt,Pt,Pt,image-supported strong peak
L08-0173,8,491.5988191474176,756.9438177762091,strong_peak_refined,Ga,Mixed,Mixed,image-supported strong peak
L08-0174,8,479.8204145806623,776.8345433786455,strong_peak_refined,Pt,Pt,Pt,image-supported strong peak
L08-0175,8,468.4569736525784,793.1826448189297,strong_peak_refined,Ga,Mixed,Mixed,image-supported strong peak
L08-0176,8,456.45770818443015,813.4340159607568,strong_peak_refined,Pt,Pt,Pt,image-supported strong peak
L08-0177,8,444.37705276196,830.7596026763648,strong_peak_refined,Ga,Mixed,Mixed,image-supported strong peak
L08-0178,8,432.3477019278112,849.9911346762948,strong_peak_refined,Pt,Pt,Pt,image-supported strong peak
L08-0179,8,420.5274755158498,865.8769038045511,strong_peak_refined,Ga,Mixed,Mixed,image-supported strong peak
L08-0180,8,755.5047599372394,394.8516158258038,strong_peak_refined,Pt,Pt,Pt,image-supported strong peak
L08-0181,8,743.7000172616663,414.21964825546775,strong_peak_refined,Pt,Pt,Pt,image-supported strong peak
L08-0182,8,730.9113399813446,432.5925591747752,strong_peak_refined,Pt,Pt,Pt,image-supported strong peak
L08-0183,8,718.9620476752108,452.0703958863993,strong_peak_refined,Pt,Pt,Pt,image-supported strong peak
L08-0184,8,706.810032636192,470.7243071372274,strong_peak_refined,Ga,Mixed,Mixed,image-supported strong peak
L08-0185,8,694.7450455005654,487.5669905097819,strong_peak_refined,Pt,Pt,Pt,image-supported strong peak
L08-0186,8,682.9978264464532,506.03350928361886,strong_peak_refined,Ga,Mixed,Mixed,image-supported strong peak
L08-0187,8,670.4449289838473,526.4954586148745,strong_peak_refined,Pt,Pt,Pt,image-supported strong peak
L08-0188,8,658.61540784667,543.71348878935,strong_peak_refined,Ga,Mixed,Mixed,image-supported strong peak
L08-0189,8,647.2675386200515,558.4085098224623,strong_peak_refined,Pt,Pt,Pt,image-supported strong peak
L08-0190,8,635.460642060758,575.0346833239585,strong_peak_refined,Ga,Mixed,Mixed,image-supported strong peak
L08-0191,8,622.2603803672696,597.9688844426366,strong_peak_refined,Pt,Pt,Pt,image-supported strong peak
L08-0192,8,610.8685861416616,611.6536587205593,strong_peak_refined,Ga,Mixed,Mixed,image-supported strong peak
L08-0193,8,597.8000455447456,632.6993056945923,strong_peak_refined,Pt,Pt,Pt,image-supported strong peak
L08-0194,8,586.2071071771957,649.7869349104877,strong_peak_refined,Ga,Mixed,Mixed,image-supported strong peak
L08-0195,8,574.2345498221388,667.1079014624494,strong_peak_refined,Pt,Pt,Pt,image-supported strong peak
L08-0196,8,562.4431156589186,683.3551491305171,strong_peak_refined,Ga,Mixed,Mixed,image-supported strong peak
L08-0197,8,550.1711575699178,704.6962721328208,strong_peak_refined,Pt,Pt,Pt,image-supported strong peak
L08-0198,8,539.3434987111493,718.4374222528138,strong_peak_refined,Ga,Mixed,Mixed,image-supported strong peak
L08-0199,8,527.0137237232751,738.9709016770213,strong_peak_refined,Pt,Pt,Pt,image-supported strong peak
L08-0200,8,515.3921893319638,755.5047021164286,strong_peak_refined,Ga,Mixed,Mixed,image-supported strong peak
L08-0201,8,503.1797112079031,776.5400625246127,strong_peak_refined,Pt,Pt,Pt,image-supported strong peak
L08-0202,8,491.9882355022194,793.4748798821238,strong_peak_refined,Ga,Mixed,Mixed,image-supported strong peak
L08-0203,8,480.1227935802754,811.0223822499869,strong_peak_refined,Pt,Pt,Pt,image-supported strong peak
L08-0204,8,468.13809873457177,830.1070306201847,strong_peak_refined,Ga,Mixed,Mixed,image-supported strong peak
L08-0205,8,455.85931365868936,848.2664126368863,strong_peak_refined,Pt,Pt,Pt,image-supported strong peak
L08-0206,8,443.8243608270712,866.4848480223503,strong_peak_refined,Ga,Mixed,Mixed,image-supported strong peak
L08-0207,8,431.75562608428754,885.1663214221563,strong_peak_refined,Pt,Pt,Pt,image-supported strong peak
L08-0208,8,767.758230204219,412.50669491234106,strong_peak_refined,Pt,Pt,Pt,image-supported strong peak
L08-0209,8,754.6291559638147,431.9481679900446,strong_peak_refined,Pt,Pt,Pt,image-supported strong peak
L08-0210,8,742.3092887564621,449.9953935363971,strong_peak_refined,Pt,Pt,Pt,image-supported strong peak
L08-0211,8,729.5575918186406,470.018320463282,strong_peak_refined,Pt,Pt,Pt,image-supported strong peak
L08-0212,8,718.0992401826909,485.7247515834839,strong_peak_refined,Pt,Pt,Pt,image-supported strong peak
L08-0213,8,706.4929560122221,502.3333790048109,strong_peak_refined,Ga,Mixed,Mixed,image-supported strong peak
L08-0214,8,693.8641798269718,524.3879853714199,strong_peak_refined,Pt,Pt,Pt,image-supported strong peak
L08-0215,8,682.9700348780078,538.9408140944056,strong_peak_refined,Ga,Mixed,Mixed,image-supported strong peak
L08-0216,8,669.7385533241122,561.6356477961756,strong_peak_refined,Pt,Pt,Pt,image-supported strong peak
L08-0217,8,657.6009858236985,578.5638826396413,strong_peak_refined,Ga,Mixed,Mixed,image-supported strong peak
L08-0218,8,645.8834919949173,593.9989120029396,strong_peak_refined,Pt,Pt,Pt,image-supported strong peak
L08-0219,8,634.3796821525856,611.0519695094093,strong_peak_refined,Ga,Mixed,Mixed,image-supported strong peak
L08-0220,8,621.4880267254584,633.0527366723031,strong_peak_refined,Pt,Pt,Pt,image-supported strong peak
L08-0221,8,609.743609522507,646.378500208587,strong_peak_refined,Ga,Mixed,Mixed,image-supported strong peak
L08-0222,8,597.8666951470509,663.9779235585078,strong_peak_refined,Pt,Pt,Pt,image-supported strong peak
L08-0223,8,585.8979652863723,684.0731112973702,strong_peak_refined,Ga,Mixed,Mixed,image-supported strong peak
L08-0224,8,574.7052270244321,699.2809781436242,strong_peak_refined,Pt,Pt,Pt,image-supported strong peak
L08-0225,8,561.8379642911591,717.3587222913688,strong_peak_refined,Ga,Mixed,Mixed,image-supported strong peak
L08-0226,8,550.2689539629798,734.704380464837,strong_peak_refined,Pt,Pt,Pt,image-supported strong peak
L08-0227,8,538.5606858120165,756.7727227841181,strong_peak_refined,Ga,Mixed,Mixed,image-supported strong peak
L08-0228,8,526.9125006016206,774.0817989973607,strong_peak_refined,Pt,Pt,Pt,image-supported strong peak
L08-0229,8,514.5526131922315,792.1050587945784,strong_peak_refined,Ga,Mixed,Mixed,image-supported strong peak
L08-0230,8,503.0330962439904,808.8308860935952,strong_peak_refined,Pt,Pt,Pt,image-supported strong peak
L08-0231,8,490.9027857751093,826.704613407459,strong_peak_refined,Ga,Mixed,Mixed,image-supported strong peak
L08-0232,8,479.0242903293524,847.7769960502972,strong_peak_refined,Pt,Pt,Pt,image-supported strong peak
L08-0233,8,466.6816810891096,864.276731573729,strong_peak_refined,Ga,Mixed,Mixed,image-supported strong peak
L08-0234,8,455.3584929479762,884.1373089683566,strong_peak_refined,Pt,Pt,Pt,image-supported strong peak
L08-0235,8,443.5512983399024,900.2993249816138,strong_peak_refined,Ga,Mixed,Mixed,image-supported strong peak
L08-0236,8,790.4860409138722,411.65503239228354,strong_peak_refined,Pt,Pt,Pt,image-supported strong peak
L08-0237,8,777.7050208861034,430.3745041055782,strong_peak_refined,Pt,Pt,Pt,image-supported strong peak
L08-0238,8,766.0300066440412,448.9564106587037,strong_peak_refined,Pt,Pt,Pt,image-supported strong peak
L08-0239,8,753.5025799455354,468.4761104131194,strong_peak_refined,Pt,Pt,Pt,image-supported strong peak
L08-0240,8,741.398267610967,488.2429522537028,strong_peak_refined,Pt,Pt,Pt,image-supported strong peak
L08-0241,8,728.5079452113704,507.7303416463307,strong_peak_refined,Ga,Mixed,Mixed,image-supported strong peak
L08-0242,8,716.9941382108293,525.374178690117,strong_peak_refined,Pt,Pt,Pt,image-supported strong peak
L08-0243,8,706.4153822199538,540.3301687879654,strong_peak_refined,Ga,Mixed,Mixed,image-supported strong peak
L08-0244,8,693.5092094112148,558.3143551539346,strong_peak_refined,Pt,Pt,Pt,image-supported strong peak
L08-0245,8,681.1842702055972,576.8280216088799,strong_peak_refined,Ga,Mixed,Mixed,image-supported strong peak
L08-0246,8,669.284578025059,592.348017088702,strong_peak_refined,Pt,Pt,Pt,image-supported strong peak
L08-0247,8,657.625789919108,610.7059708364229,strong_peak_refined,Ga,Mixed,Mixed,image-supported strong peak
L08-0248,8,645.2118593831129,628.751035857945,strong_peak_refined,Pt,Pt,Pt,image-supported strong peak
L08-0249,8,633.2208722911276,646.5682293695785,strong_peak_refined,Ga,Mixed,Mixed,image-supported strong peak
L08-0250,8,621.0390255691857,664.0842279854445,strong_peak_refined,Pt,Pt,Pt,image-supported strong peak
L08-0251,8,609.5167921942932,680.4464275641197,strong_peak_refined,Ga,Mixed,Mixed,image-supported strong peak
L08-0252,8,597.2886551729645,700.3019367309635,strong_peak_refined,Pt,Pt,Pt,image-supported strong peak
L08-0253,8,585.4161611005197,718.1441019338191,strong_peak_refined,Ga,Mixed,Mixed,image-supported strong peak
L08-0254,8,572.8025654585019,738.3966332356891,strong_peak_refined,Pt,Pt,Pt,image-supported strong peak
L08-0255,8,561.4396515244482,756.2184278566449,strong_peak_refined,Ga,Mixed,Mixed,image-supported strong peak
L08-0256,8,549.6509766756195,774.6359118286964,strong_peak_refined,Pt,Pt,Pt,image-supported strong peak
L08-0257,8,538.4329479733988,791.7172934821104,strong_peak_refined,Ga,Mixed,Mixed,image-supported strong peak
L08-0258,8,526.0982346022071,809.0212594735194,strong_peak_refined,Pt,Pt,Pt,image-supported strong peak
L08-0259,8,514.638613587592,829.2989433909252,strong_peak_refined,Ga,Mixed,Mixed,image-supported strong peak
L08-0260,8,502.54718038711314,845.3493815528209,strong_peak_refined,Pt,Pt,Pt,image-supported strong peak
L08-0261,8,490.29325720216383,863.9356523435769,strong_peak_refined,Ga,Mixed,Mixed,image-supported strong peak
L08-0262,8,478.5835674625303,880.3051282598135,strong_peak_refined,Pt,Pt,Pt,image-supported strong peak
L08-0263,8,466.7589605026858,900.1533485870945,strong_peak_refined,Ga,Mixed,Mixed,image-supported strong peak
L08-0264,8,454.5389296232454,918.977141008535,strong_peak_refined,Pt,Pt,Pt,image-supported strong peak
L08-0265,8,811.7204355815578,407.177530934856,strong_peak_refined,Pt,Pt,Pt,image-supported strong peak
L08-0266,8,802.1585954179501,427.7403698012965,strong_peak_refined,Pt,Pt,Pt,image-supported strong peak
L08-0267,8,789.5955709916648,447.5155208648096,strong_peak_refined,Pt,Pt,Pt,image-supported strong peak
L08-0268,8,777.3171389601151,467.22173825439165,strong_peak_refined,Pt,Pt,Pt,image-supported strong peak
L08-0269,8,765.0700732629477,484.3234281390571,strong_peak_refined,Pt,Pt,Pt,image-supported strong peak
L08-0270,8,752.049343168882,505.3432086729128,strong_peak_refined,Pt,Pt,Pt,image-supported strong peak
L08-0271,8,740.7809558153882,520.5335201027926,strong_peak_refined,Pt,Pt,Pt,image-supported strong peak
L08-0272,8,728.8248000228683,540.0087076370672,strong_peak_refined,Ga,Mixed,Mixed,image-supported strong peak
L08-0273,8,716.5601180876158,557.2056930927314,strong_peak_refined,Pt,Pt,Pt,image-supported strong peak
L08-0274,8,704.7252619855016,575.0461838708759,strong_peak_refined,Ga,Mixed,Mixed,image-supported strong peak
L08-0275,8,691.9745101023767,594.5269241492341,strong_peak_refined,Pt,Pt,Pt,image-supported strong peak
L08-0276,8,681.3966218653496,607.5185126683377,strong_peak_refined,Ga,Mixed,Mixed,image-supported strong peak
L08-0277,8,668.1650239851772,630.1192320901034,strong_peak_refined,Pt,Pt,Pt,image-supported strong peak
L08-0278,8,655.0399190919937,649.1705900826661,strong_peak_refined,Ga,Mixed,Mixed,image-supported strong peak
L08-0279,8,644.5491588167425,663.714776754332,strong_peak_refined,Pt,Pt,Pt,image-supported strong peak
L08-0280,8,632.2841324122436,682.5481356356685,strong_peak_refined,Ga,Mixed,Mixed,image-supported strong peak
L08-0281,8,620.7100006617256,700.4095928254959,strong_peak_refined,Pt,Pt,Pt,image-supported strong peak
L08-0282,8,608.9223587997666,716.1717204420631,strong_peak_refined,Ga,Mixed,Mixed,image-supported strong peak
L08-0283,8,597.0203741634754,735.126685616016,strong_peak_refined,Pt,Pt,Pt,image-supported strong peak
L08-0284,8,584.8416119780329,753.2103542333002,strong_peak_refined,Ga,Mixed,Mixed,image-supported strong peak
L08-0285,8,573.1711307427132,773.8390516830963,strong_peak_refined,Pt,Pt,Pt,image-supported strong peak
L08-0286,8,561.7951220018689,790.6435073015259,strong_peak_refined,Ga,Mixed,Mixed,image-supported strong peak
L08-0287,8,549.6895509472087,810.2042506666813,strong_peak_refined,Pt,Pt,Pt,image-supported strong peak
L08-0288,8,537.0063784421383,823.7307812823752,strong_peak_refined,Ga,Mixed,Mixed,image-supported strong peak
L08-0289,8,525.2865627504544,844.217120945892,strong_peak_refined,Pt,Pt,Pt,image-supported strong peak
L08-0290,8,513.7695472861079,860.8787710002734,strong_peak_refined,Ga,Mixed,Mixed,image-supported strong peak
L08-0291,8,501.8084869020683,882.7691113734254,strong_peak_refined,Pt,Pt,Pt,image-supported strong peak
L08-0292,8,489.9600373057154,900.6725627156496,strong_peak_refined,Ga,Mixed,Mixed,image-supported strong peak
L08-0293,8,477.8037928028673,918.7717519586791,strong_peak_refined,Pt,Pt,Pt,image-supported strong peak
L08-0294,8,465.62089503546775,936.2688187944746,strong_peak_refined,Ga,Mixed,Mixed,image-supported strong peak
L08-0295,8,825.5038332323686,426.1230622423507,strong_peak_refined,Pt,Pt,Pt,image-supported strong peak
L08-0296,8,813.7754713840787,445.07294830462456,strong_peak_refined,Pt,Pt,Pt,image-supported strong peak
L08-0297,8,800.9610443659825,464.3887571468604,strong_peak_refined,Pt,Pt,Pt,image-supported strong peak
L08-0298,8,788.4781995563609,482.8964073039368,strong_peak_refined,Pt,Pt,Pt,image-supported strong peak
L08-0299,8,776.5105202181096,501.8756908599869,strong_peak_refined,Pt,Pt,Pt,image-supported strong peak
L08-0300,8,764.151384746458,520.5938180161527,strong_peak_refined,Pt,Pt,Pt,image-supported strong peak
L08-0301,8,751.5054937549985,539.8125049144829,strong_peak_refined,Ga,Mixed,Mixed,image-supported strong peak
L08-0302,8,739.8314839183518,557.5666028553316,strong_peak_refined,Pt,Pt,Pt,image-supported strong peak
L08-0303,8,727.8728990256172,576.3291189405918,strong_peak_refined,Ga,Mixed,Mixed,image-supported strong peak
L08-0304,8,715.8686035869225,589.5453314928759,strong_peak_refined,Pt,Pt,Pt,image-supported strong peak
L08-0305,8,703.6228942100257,610.4341020082787,strong_peak_refined,Ga,Mixed,Mixed,image-supported strong peak
L08-0306,8,691.1206785294092,628.8222730822838,strong_peak_refined,Pt,Pt,Pt,image-supported strong peak
L08-0307,8,680.4328968295958,642.4470761413817,strong_peak_refined,Ga,Mixed,Mixed,image-supported strong peak
L08-0308,8,667.6913269475372,663.8261467832986,strong_peak_refined,Pt,Pt,Pt,image-supported strong peak
L08-0309,8,655.9704095904029,678.5325977114343,strong_peak_refined,Ga,Mixed,Mixed,image-supported strong peak
L08-0310,8,644.3940580760571,696.5285640364427,strong_peak_refined,Pt,Pt,Pt,image-supported strong peak
L08-0311,8,632.5856881593598,715.4425847053129,strong_peak_refined,Ga,Mixed,Mixed,image-supported strong peak
L08-0312,8,620.3936009368408,735.2123269899307,strong_peak_refined,Pt,Pt,Pt,image-supported strong peak
L08-0313,8,608.6914275096543,752.8923041222392,strong_peak_refined,Ga,Mixed,Mixed,image-supported strong peak
L08-0314,8,596.9590932720284,772.4649593547722,strong_peak_refined,Pt,Pt,Pt,image-supported strong peak
L08-0315,8,584.862667250582,787.5159230334217,strong_peak_refined,Ga,Mixed,Mixed,image-supported strong peak
L08-0316,8,572.8425646786314,808.5911915750978,strong_peak_refined,Pt,Pt,Pt,image-supported strong peak
L08-0317,8,561.2340133087854,825.2239296370543,strong_peak_refined,Ga,Mixed,Mixed,image-supported strong peak
L08-0318,8,548.7394455973146,845.5979700544857,strong_peak_refined,Pt,Pt,Pt,image-supported strong peak
L08-0319,8,536.6274728239498,860.8653942727433,strong_peak_refined,Ga,Mixed,Mixed,image-supported strong peak
L08-0320,8,524.9442888223474,879.0565470592124,strong_peak_refined,Pt,Pt,Pt,image-supported strong peak
L08-0321,8,513.1064968312571,897.767845405064,strong_peak_refined,Ga,Mixed,Mixed,image-supported strong peak
L08-0322,8,500.7427199445769,915.5363337282448,strong_peak_refined,Pt,Pt,Pt,image-supported strong peak
L08-0323,8,488.4827990445541,935.5008909922255,strong_peak_refined,Ga,Mixed,Mixed,image-supported strong peak
L08-0324,8,477.5795433700953,954.1130341748192,strong_peak_refined,Pt,Pt,Pt,image-supported strong peak
L08-0325,8,850.3144053141731,425.7645961728982,strong_peak_refined,Pt,Pt,Pt,image-supported strong peak
L08-0326,8,837.3922422232589,444.7345517492225,strong_peak_refined,Pt,Pt,Pt,image-supported strong peak
L08-0327,8,825.5049371070813,462.9825992287618,strong_peak_refined,Pt,Pt,Pt,image-supported strong peak
L08-0328,8,811.7592240390178,482.60953733129537,strong_peak_refined,Pt,Pt,Pt,image-supported strong peak
L08-0329,8,799.4579894171832,501.0833588504625,strong_peak_refined,Pt,Pt,Pt,image-supported strong peak
L08-0330,8,787.8069957922232,517.4959530227924,strong_peak_refined,Pt,Pt,Pt,image-supported strong peak
L08-0331,8,775.5555785772049,538.2036271409423,strong_peak_refined,Pt,Pt,Pt,image-supported strong peak
L08-0332,8,763.256549198828,555.932476607665,strong_peak_refined,Pt,Pt,Pt,image-supported strong peak
L08-0333,8,751.2724082339475,574.9096523756126,strong_peak_refined,Ga,Mixed,Mixed,image-supported strong peak
L08-0334,8,738.9513834664396,593.6750103361775,strong_peak_refined,Pt,Pt,Pt,image-supported strong peak
L08-0335,8,728.0226215473682,606.835778664394,strong_peak_refined,Ga,Mixed,Mixed,image-supported strong peak
L08-0336,8,715.4065826555724,625.0580626467824,strong_peak_refined,Pt,Pt,Pt,image-supported strong peak
L08-0337,8,703.28751923527,642.7807558575387,strong_peak_refined,Ga,Mixed,Mixed,image-supported strong peak
L08-0338,8,690.4893986064985,662.9069851725753,strong_peak_refined,Pt,Pt,Pt,image-supported strong peak
L08-0339,8,679.1777771486978,679.7943410703974,strong_peak_refined,Ga,Mixed,Mixed,image-supported strong peak
L08-0340,8,667.3976626501433,697.7522548297784,strong_peak_refined,Pt,Pt,Pt,image-supported strong peak
L08-0341,8,655.5966761682794,714.4057839920077,strong_peak_refined,Ga,Mixed,Mixed,image-supported strong peak
L08-0342,8,643.6607560102859,735.1370993871379,strong_peak_refined,Pt,Pt,Pt,image-supported strong peak
L08-0343,8,632.0391510569851,751.1313816006104,strong_peak_refined,Ga,Mixed,Mixed,image-supported strong peak
L08-0344,8,620.7433220912782,769.9128379467543,strong_peak_refined,Pt,Pt,Pt,image-supported strong peak
L08-0345,8,608.9756643978014,787.3044512318236,strong_peak_refined,Ga,Mixed,Mixed,image-supported strong peak
L08-0346,8,596.4135029486202,806.3994046484775,strong_peak_refined,Pt,Pt,Pt,image-supported strong peak
L08-0347,8,584.5099520185798,824.079353320947,strong_peak_refined,Ga,Mixed,Mixed,image-supported strong peak
L08-0348,8,572.3924672744557,843.9981045839918,strong_peak_refined,Pt,Pt,Pt,image-supported strong peak
L08-0349,8,560.4074252267344,860.5318157929906,strong_peak_refined,Ga,Mixed,Mixed,image-supported strong peak
L08-0350,8,548.3353053983539,878.9883045196614,strong_peak_refined,Pt,Pt,Pt,image-supported strong peak
L08-0351,8,536.3864994952788,896.8379456430683,strong_peak_refined,Ga,Mixed,Mixed,image-supported strong peak
L08-0352,8,523.926550048628,915.4460620063288,strong_peak_refined,Pt,Pt,Pt,image-supported strong peak
L08-0353,8,512.3701055663313,933.036308353314,strong_peak_refined,Ga,Mixed,Mixed,image-supported strong peak
L08-0354,8,500.3305727482645,952.62419762777,strong_peak_refined,Pt,Pt,Pt,image-supported strong peak
L08-0355,8,861.9974210231483,443.5118454720527,strong_peak_refined,Pt,Pt,Pt,image-supported strong peak
L08-0356,8,848.6093702184957,461.1091867869171,strong_peak_refined,Pt,Pt,Pt,image-supported strong peak
L08-0357,8,835.6989614844367,480.8894847579408,strong_peak_refined,Pt,Pt,Pt,image-supported strong peak
L08-0358,8,823.2676585568198,499.2919705404808,strong_peak_refined,Pt,Pt,Pt,image-supported strong peak
L08-0359,8,811.1621257958769,518.066186858119,strong_peak_refined,Pt,Pt,Pt,image-supported strong peak
L08-0360,8,798.7672485593877,537.5091479586335,strong_peak_refined,Pt,Pt,Pt,image-supported strong peak
L08-0361,8,786.3633895995405,555.7772415758628,strong_peak_refined,Pt,Pt,Pt,image-supported strong peak
L08-0362,8,774.9410066814374,572.1323261361246,strong_peak_refined,Ga,Mixed,Mixed,image-supported strong peak
L08-0363,8,762.0482419079741,592.6111020849555,strong_peak_refined,Pt,Pt,Pt,image-supported strong peak
L08-0364,8,749.9643227796183,609.9343565980869,strong_peak_refined,Ga,Mixed,Mixed,image-supported strong peak
L08-0365,8,738.0922933809849,628.1319953143143,strong_peak_refined,Pt,Pt,Pt,image-supported strong peak
L08-0366,8,726.437197848832,642.4750854803552,strong_peak_refined,Ga,Mixed,Mixed,image-supported strong peak
L08-0367,8,714.1103393516851,661.0470316672138,strong_peak_refined,Pt,Pt,Pt,image-supported strong peak
L08-0368,8,702.7940236380651,677.7999363640952,strong_peak_refined,Ga,Mixed,Mixed,image-supported strong peak
L08-0369,8,690.8852317439514,695.2886401036662,strong_peak_refined,Pt,Pt,Pt,image-supported strong peak
L08-0370,8,678.5657195533247,715.4461374637846,strong_peak_refined,Ga,Mixed,Mixed,image-supported strong peak
L08-0371,8,667.4186059139101,733.8471385307475,strong_peak_refined,Pt,Pt,Pt,image-supported strong peak
L08-0372,8,655.5022361660448,748.4742758361248,strong_peak_refined,Ga,Mixed,Mixed,image-supported strong peak
L08-0373,8,643.9988512519803,768.0485808407199,strong_peak_refined,Pt,Pt,Pt,image-supported strong peak
L08-0374,8,632.4628802937796,786.5133070762483,strong_peak_refined,Ga,Mixed,Mixed,image-supported strong peak
L08-0375,8,620.0548424975206,805.592809023444,strong_peak_refined,Pt,Pt,Pt,image-supported strong peak
L08-0376,8,608.0995789512589,823.6901972614868,strong_peak_refined,Ga,Mixed,Mixed,image-supported strong peak
L08-0377,8,596.355251022626,843.4084704215784,strong_peak_refined,Pt,Pt,Pt,image-supported strong peak
L08-0378,8,584.045700458458,859.374865494364,strong_peak_refined,Ga,Mixed,Mixed,image-supported strong peak
L08-0379,8,571.9857670219286,879.0692366474061,strong_peak_refined,Pt,Pt,Pt,image-supported strong peak
L08-0380,8,559.6657948629455,894.5586568864423,strong_peak_refined,Ga,Mixed,Mixed,image-supported strong peak
L08-0381,8,547.347782876819,915.0903750785508,strong_peak_refined,Pt,Pt,Pt,image-supported strong peak
L08-0382,8,535.670690736581,932.465700412361,strong_peak_refined,Ga,Mixed,Mixed,image-supported strong peak
L08-0383,8,523.8334724190433,949.302321490323,strong_peak_refined,Pt,Pt,Pt,image-supported strong peak
L08-0384,8,511.7594415469336,969.02982538422,strong_peak_refined,Pt,Pt,Pt,image-supported strong peak
L08-0385,8,887.9820257360127,442.15917542625664,weak_peak_refined,Pt,Pt,Pt,image-supported weak peak
L08-0386,8,871.9770320502676,460.4406194836545,strong_peak_refined,Pt,Pt,Pt,image-supported strong peak
L08-0387,8,859.1303109599164,478.7852949399339,strong_peak_refined,Pt,Pt,Pt,image-supported strong peak
L08-0388,8,847.0794826040956,498.7502509985913,strong_peak_refined,Pt,Pt,Pt,image-supported strong peak
L08-0389,8,834.7042507802888,517.3779843023962,strong_peak_refined,Pt,Pt,Pt,image-supported strong peak
L08-0390,8,822.7006211557593,535.2184924896633,strong_peak_refined,Pt,Pt,Pt,image-supported strong peak
L08-0391,8,810.3345150255522,553.3150836504826,strong_peak_refined,Pt,Pt,Pt,image-supported strong peak
L08-0392,8,797.3260649774983,573.8524526752049,strong_peak_refined,Ga,Mixed,Mixed,image-supported strong peak
L08-0393,8,785.79191380884,590.028725560816,strong_peak_refined,Pt,Pt,Pt,image-supported strong peak
L08-0394,8,773.7003302190791,607.183314122131,strong_peak_refined,Ga,Mixed,Mixed,image-supported strong peak
L08-0395,8,761.6184505765618,626.7147198215533,strong_peak_refined,Pt,Pt,Pt,image-supported strong peak
L08-0396,8,750.3654798026323,641.7314774560648,strong_peak_refined,Ga,Mixed,Mixed,image-supported strong peak
L08-0397,8,738.3642457754065,659.0150656643234,strong_peak_refined,Pt,Pt,Pt,image-supported strong peak
L08-0398,8,726.1582451901164,676.4517063025684,strong_peak_refined,Ga,Mixed,Mixed,image-supported strong peak
L08-0399,8,713.6338953703444,696.9116564480433,strong_peak_refined,Pt,Pt,Pt,image-supported strong peak
L08-0400,8,702.4592753845499,713.4793774931717,strong_peak_refined,Ga,Mixed,Mixed,image-supported strong peak
L08-0401,8,690.222170385997,732.6091297182949,strong_peak_refined,Pt,Pt,Pt,image-supported strong peak
L08-0402,8,679.0379188040139,746.7076739804096,strong_peak_refined,Ga,Mixed,Mixed,image-supported strong peak
L08-0403,8,667.016281119375,767.9163205281005,strong_peak_refined,Pt,Pt,Pt,image-supported strong peak
L08-0404,8,655.5209317496514,786.020513710148,strong_peak_refined,Ga,Mixed,Mixed,image-supported strong peak
L08-0405,8,643.3648266123091,804.9788946272776,strong_peak_refined,Pt,Pt,Pt,image-supported strong peak
L08-0406,8,631.3750813025399,822.1470135960014,strong_peak_refined,Ga,Mixed,Mixed,image-supported strong peak
L08-0407,8,619.2162270661804,841.112326945032,strong_peak_refined,Pt,Pt,Pt,image-supported strong peak
L08-0408,8,607.2958021684157,858.1509426627828,strong_peak_refined,Ga,Mixed,Mixed,image-supported strong peak
L08-0409,8,595.5838000054966,878.8812436849678,strong_peak_refined,Pt,Pt,Pt,image-supported strong peak
L08-0410,8,582.9756214706495,894.8348742968009,strong_peak_refined,Ga,Mixed,Mixed,image-supported strong peak
L08-0411,8,570.6493788220511,914.4997925272404,strong_peak_refined,Pt,Pt,Pt,image-supported strong peak
L08-0412,8,559.009653504636,932.3614029260124,strong_peak_refined,Ga,Mixed,Mixed,image-supported strong peak
L08-0413,8,546.3846321853331,952.78029834814,strong_peak_refined,Pt,Pt,Pt,image-supported strong peak
L08-0414,8,535.0836414984008,967.8910080756656,strong_peak_refined,Ga,Mixed,Mixed,image-supported strong peak
L08-0415,8,522.565292860933,987.5858900498622,strong_peak_refined,Pt,Pt,Pt,image-supported strong peak
L08-0416,8,894.0679265634146,459.8550340302211,strong_peak_refined,Pt,Pt,Pt,image-supported strong peak
L08-0417,8,882.5071675705734,477.9330716629794,strong_peak_refined,Pt,Pt,Pt,image-supported strong peak
L08-0418,8,870.7882932477673,496.38531002012536,strong_peak_refined,Pt,Pt,Pt,image-supported strong peak
L08-0419,8,858.4114057018962,515.825977861408,strong_peak_refined,Pt,Pt,Pt,image-supported strong peak
L08-0420,8,846.4978369728542,534.9626236033515,strong_peak_refined,Pt,Pt,Pt,image-supported strong peak
L08-0421,8,834.1161262780827,552.6606176525997,strong_peak_refined,Pt,Pt,Pt,image-supported strong peak
L08-0422,8,821.7668611644281,571.0682749262032,strong_peak_refined,Pt,Pt,Pt,image-supported strong peak
L08-0423,8,809.7879943659492,588.1145171887924,strong_peak_refined,Pt,Pt,Pt,image-supported strong peak
L08-0424,8,798.10709350497,604.385217451707,strong_peak_refined,Ga,Mixed,Mixed,image-supported strong peak
L08-0425,8,785.3428113869284,624.8560584917814,strong_peak_refined,Pt,Pt,Pt,image-supported strong peak
L08-0426,8,773.7084851662428,641.0229285186415,strong_peak_refined,Ga,Mixed,Mixed,image-supported strong peak
L08-0427,8,761.7893824701594,657.7239272398535,strong_peak_refined,Pt,Pt,Pt,image-supported strong peak
L08-0428,8,749.8705434687312,675.063288459677,strong_peak_refined,Ga,Mixed,Mixed,image-supported strong peak
L08-0429,8,737.5324817457281,694.3420851068223,strong_peak_refined,Pt,Pt,Pt,image-supported strong peak
L08-0430,8,726.0936304220733,711.6384257078528,strong_peak_refined,Ga,Mixed,Mixed,image-supported strong peak
L08-0431,8,713.6816562810237,730.3321973021267,strong_peak_refined,Pt,Pt,Pt,image-supported strong peak
L08-0432,8,702.6020736170246,747.2126864417836,strong_peak_refined,Ga,Mixed,Mixed,image-supported strong peak
L08-0433,8,690.4987808432794,765.8530426920913,strong_peak_refined,Pt,Pt,Pt,image-supported strong peak
L08-0434,8,678.3770412367913,785.1615255329491,strong_peak_refined,Ga,Mixed,Mixed,image-supported strong peak
L08-0435,8,666.7536217890541,802.7295590594237,strong_peak_refined,Pt,Pt,Pt,image-supported strong peak
L08-0436,8,655.1343806961726,820.7702077570905,strong_peak_refined,Ga,Mixed,Mixed,image-supported strong peak
L08-0437,8,642.346735643947,838.7729250946093,strong_peak_refined,Pt,Pt,Pt,image-supported strong peak
L08-0438,8,630.3831932643998,856.876696586158,strong_peak_refined,Ga,Mixed,Mixed,image-supported strong peak
L08-0439,8,618.5282799097578,878.2970865791084,strong_peak_refined,Pt,Pt,Pt,image-supported strong peak
L08-0440,8,606.6935871455918,895.6027395889724,strong_peak_refined,Ga,Mixed,Mixed,image-supported strong peak
L08-0441,8,593.8398458028629,913.9811508534416,strong_peak_refined,Pt,Pt,Pt,image-supported strong peak
L08-0442,8,581.8091763648678,932.8358018872638,strong_peak_refined,Ga,Mixed,Mixed,image-supported strong peak
L08-0443,8,569.8904955538113,951.1242953915432,strong_peak_refined,Pt,Pt,Pt,image-supported strong peak
L08-0444,8,558.0800416766962,968.197547133392,strong_peak_refined,Ga,Mixed,Mixed,image-supported strong peak
L08-0445,8,545.8601543164775,985.6168468421532,strong_peak_refined,Pt,Pt,Pt,image-supported strong peak
L08-0446,8,905.7263380652862,477.6011709404037,strong_peak_refined,Pt,Pt,Pt,image-supported strong peak
L08-0447,8,894.1303104116919,495.2410515590478,strong_peak_refined,Pt,Pt,Pt,image-supported strong peak
L08-0448,8,881.4213878557773,514.4138543316283,strong_peak_refined,Pt,Pt,Pt,image-supported strong peak
L08-0449,8,869.8247716511103,533.5083391756743,strong_peak_refined,Pt,Pt,Pt,image-supported strong peak
L08-0450,8,857.6761982047539,552.0629909138232,strong_peak_refined,Pt,Pt,Pt,image-supported strong peak
L08-0451,8,845.1942858133284,570.7705226018888,strong_peak_refined,Pt,Pt,Pt,image-supported strong peak
L08-0452,8,833.186429273323,585.8418839131901,strong_peak_refined,Pt,Pt,Pt,image-supported strong peak
L08-0453,8,820.3079404302129,607.3041768123029,strong_peak_refined,Ga,Mixed,Mixed,image-supported strong peak
L08-0454,8,808.7657414576986,623.5874758163699,strong_peak_refined,Pt,Pt,Pt,image-supported strong peak
L08-0455,8,795.8841164506181,643.7850985077694,strong_peak_refined,Ga,Mixed,Mixed,image-supported strong peak
L08-0456,8,783.5452193877721,661.5813015442574,strong_peak_refined,Pt,Pt,Pt,image-supported strong peak
L08-0457,8,773.2380283756509,674.3244156224653,strong_peak_refined,Ga,Mixed,Mixed,image-supported strong peak
L08-0458,8,760.7551002005549,692.5076964633346,strong_peak_refined,Pt,Pt,Pt,image-supported strong peak
L08-0459,8,749.6922224994294,709.6756772701006,strong_peak_refined,Ga,Mixed,Mixed,image-supported strong peak
L08-0460,8,736.6298540665874,731.1125460583032,strong_peak_refined,Pt,Pt,Pt,image-supported strong peak
L08-0461,8,725.4338761893993,748.2411375009498,strong_peak_refined,Ga,Mixed,Mixed,image-supported strong peak
L08-0462,8,713.080872882069,765.041464541076,strong_peak_refined,Pt,Pt,Pt,image-supported strong peak
L08-0463,8,701.8445140752134,783.8670606795364,strong_peak_refined,Ga,Mixed,Mixed,image-supported strong peak
L08-0464,8,690.0956302436218,801.866175952411,strong_peak_refined,Pt,Pt,Pt,image-supported strong peak
L08-0465,8,678.3390497323862,819.3201266889314,strong_peak_refined,Ga,Mixed,Mixed,image-supported strong peak
L08-0466,8,665.6319867076053,839.8586716304546,strong_peak_refined,Pt,Pt,Pt,image-supported strong peak
L08-0467,8,654.2771623312799,855.5392966093165,strong_peak_refined,Ga,Mixed,Mixed,image-supported strong peak
L08-0468,8,641.8326629454484,875.7834540429805,strong_peak_refined,Pt,Pt,Pt,image-supported strong peak
L08-0469,8,629.9697096247779,894.1399224808794,strong_peak_refined,Ga,Mixed,Mixed,image-supported strong peak
L08-0470,8,617.5258588892356,913.3375356731322,strong_peak_refined,Pt,Pt,Pt,image-supported strong peak
L08-0471,8,605.4443076750856,931.546471417196,strong_peak_refined,Ga,Mixed,Mixed,image-supported strong peak
L08-0472,8,592.8662088946953,949.9240989403766,strong_peak_refined,Pt,Pt,Pt,image-supported strong peak
L08-0473,8,581.4469139815216,966.1086006604082,strong_peak_refined,Ga,Mixed,Mixed,image-supported strong peak
L08-0474,8,569.5633438014986,986.9034186063544,strong_peak_refined,Pt,Pt,Pt,image-supported strong peak
L08-0475,8,557.7362240374068,999.5124199977928,strong_peak_refined,Ga,Mixed,Mixed,image-supported strong peak
L08-0476,8,930.1627194240766,474.6943693126543,strong_peak_refined,Pt,Pt,Pt,image-supported strong peak
L08-0477,8,918.449393378957,494.1456498687265,strong_peak_refined,Pt,Pt,Pt,image-supported strong peak
L08-0478,8,906.3199908138866,512.4704252185915,strong_peak_refined,Pt,Pt,Pt,image-supported strong peak
L08-0479,8,893.6916585164421,532.0538499213519,strong_peak_refined,Pt,Pt,Pt,image-supported strong peak
L08-0480,8,881.3334483499711,549.4686521383527,strong_peak_refined,Pt,Pt,Pt,image-supported strong peak
L08-0481,8,869.2959519529824,568.5187438209864,strong_peak_refined,Pt,Pt,Pt,image-supported strong peak
L08-0482,8,856.8609337978069,584.4575634730247,strong_peak_refined,Pt,Pt,Pt,image-supported strong peak
L08-0483,8,843.2395379146209,605.6864387694039,strong_peak_refined,Pt,Pt,Pt,image-supported strong peak
L08-0484,8,831.7101608980605,623.1574203382015,strong_peak_refined,Pt,Pt,Pt,image-supported strong peak
L08-0485,8,819.3184822499193,641.8181434201487,strong_peak_refined,Ga,Mixed,Mixed,image-supported strong peak
L08-0486,8,808.0604955476732,658.3541595206773,strong_peak_refined,Pt,Pt,Pt,image-supported strong peak
L08-0487,8,796.133655138445,676.4344965101508,strong_peak_refined,Ga,Mixed,Mixed,image-supported strong peak
L08-0488,8,784.2109163202351,693.5271015781589,strong_peak_refined,Pt,Pt,Pt,image-supported strong peak
L08-0489,8,773.0141809835433,709.4096454655485,strong_peak_refined,Ga,Mixed,Mixed,image-supported strong peak
L08-0490,8,760.3627137530646,730.6951088991487,strong_peak_refined,Pt,Pt,Pt,image-supported strong peak
L08-0491,8,748.6475201034307,746.8048262054565,strong_peak_refined,Ga,Mixed,Mixed,image-supported strong peak
L08-0492,8,736.9225907469804,765.513824217453,strong_peak_refined,Pt,Pt,Pt,image-supported strong peak
L08-0493,8,725.1244644324727,782.6851047005051,strong_peak_refined,Ga,Mixed,Mixed,image-supported strong peak
L08-0494,8,713.3630414495456,800.1862173853914,strong_peak_refined,Pt,Pt,Pt,image-supported strong peak
L08-0495,8,701.9218991585597,817.332648404994,strong_peak_refined,Ga,Mixed,Mixed,image-supported strong peak
L08-0496,8,688.7869933735683,838.6363433894264,strong_peak_refined,Pt,Pt,Pt,image-supported strong peak
L08-0497,8,677.4297384386339,856.7594322585977,strong_peak_refined,Ga,Mixed,Mixed,image-supported strong peak
L08-0498,8,665.1533828609429,875.1336736923546,strong_peak_refined,Pt,Pt,Pt,image-supported strong peak
L08-0499,8,653.6117593194266,893.4800576789186,strong_peak_refined,Ga,Mixed,Mixed,image-supported strong peak
L08-0500,8,641.4652030815519,911.3998349794512,strong_peak_refined,Pt,Pt,Pt,image-supported strong peak
L08-0501,8,629.6296396169956,930.6562866214576,strong_peak_refined,Ga,Mixed,Mixed,image-supported strong peak
L08-0502,8,616.4194280969884,948.5168019636104,strong_peak_refined,Pt,Pt,Pt,image-supported strong peak
L08-0503,8,604.7562536952373,966.7925501806928,strong_peak_refined,Ga,Mixed,Mixed,image-supported strong peak
L08-0504,8,593.1567862618358,984.8348126772148,strong_peak_refined,Pt,Pt,Pt,image-supported strong peak
L08-0505,8,581.523497040763,999.1177739127744,strong_peak_refined,Ga,Mixed,Mixed,image-supported strong peak
L08-0506,8,569.595956976288,1016.795417835928,strong_peak_refined,Pt,Pt,Pt,image-supported strong peak
L08-0507,8,937.7332958886344,499.54447825773417,weak_peak_refined,Pt,Pt,Pt,image-supported weak peak
L08-0508,8,931.2071079356668,510.4886788822946,strong_peak_refined,Pt,Pt,Pt,image-supported strong peak
L08-0509,8,917.1062487475812,530.5117263868955,strong_peak_refined,Pt,Pt,Pt,image-supported strong peak
L08-0510,8,904.553148928806,548.7875666329849,strong_peak_refined,Pt,Pt,Pt,image-supported strong peak
L08-0511,8,892.2500749895765,567.2440171700273,strong_peak_refined,Pt,Pt,Pt,image-supported strong peak
L08-0512,8,880.0694658871276,585.1520671750786,strong_peak_refined,Pt,Pt,Pt,image-supported strong peak
L08-0513,8,867.4393658834257,603.811605591698,strong_peak_refined,Pt,Pt,Pt,image-supported strong peak
L08-0514,8,855.1544820851049,622.5029497158462,strong_peak_refined,Pt,Pt,Pt,image-supported strong peak
L08-0515,8,844.2404083153665,636.8962104746619,strong_peak_refined,Ga,Mixed,Mixed,image-supported strong peak
L08-0516,8,831.401504242057,656.4536311643628,strong_peak_refined,Pt,Pt,Pt,image-supported strong peak
L08-0517,8,819.5125354860407,675.3250527504689,strong_peak_refined,Ga,Mixed,Mixed,image-supported strong peak
L08-0518,8,807.4593954658934,694.7542849344758,strong_peak_refined,Pt,Pt,Pt,image-supported strong peak
L08-0519,8,796.0364633590613,708.4850626109259,strong_peak_refined,Ga,Mixed,Mixed,image-supported strong peak
L08-0520,8,784.0806968875578,726.2042099144855,strong_peak_refined,Pt,Pt,Pt,image-supported strong peak
L08-0521,8,772.276575160213,745.9937269973087,strong_peak_refined,Ga,Mixed,Mixed,image-supported strong peak
L08-0522,8,759.9779618463601,764.6859014269901,strong_peak_refined,Pt,Pt,Pt,image-supported strong peak
L08-0523,8,749.1346252618291,780.9240499793991,strong_peak_refined,Ga,Mixed,Mixed,image-supported strong peak
L08-0524,8,737.1705236002094,799.8152367961635,strong_peak_refined,Pt,Pt,Pt,image-supported strong peak
L08-0525,8,725.393576696249,818.97171553776,strong_peak_refined,Ga,Mixed,Mixed,image-supported strong peak
L08-0526,8,712.7943807867533,835.4792868835741,strong_peak_refined,Pt,Pt,Pt,image-supported strong peak
L08-0527,8,700.9529351601672,854.8820104710915,strong_peak_refined,Ga,Mixed,Mixed,image-supported strong peak
L08-0528,8,688.7746908602285,874.5202846462763,strong_peak_refined,Pt,Pt,Pt,image-supported strong peak
L08-0529,8,676.7295076688633,892.0814558559339,strong_peak_refined,Ga,Mixed,Mixed,image-supported strong peak
L08-0530,8,664.2349523298523,911.5884687063464,strong_peak_refined,Pt,Pt,Pt,image-supported strong peak
L08-0531,8,653.1057275284962,928.0754873200116,strong_peak_refined,Ga,Mixed,Mixed,image-supported strong peak
L08-0532,8,640.7439189402526,946.9559184100616,strong_peak_refined,Pt,Pt,Pt,image-supported strong peak
L08-0533,8,628.757707815245,966.2808415716322,strong_peak_refined,Ga,Mixed,Mixed,image-supported strong peak
L08-0534,8,616.0669546502618,984.7901264005432,strong_peak_refined,Pt,Pt,Pt,image-supported strong peak
L08-0535,8,605.5703433853612,998.4153526321032,strong_peak_refined,Ga,Mixed,Mixed,image-supported strong peak
L08-0536,8,592.7018756298096,1019.0301287458173,strong_peak_refined,Pt,Pt,Pt,image-supported strong peak
L08-0537,8,951.5821827544088,511.07542758898,lattice_completed,Pt,Pt,Pt,lattice continuity / liquid-front display
L08-0538,8,940.8876114908684,528.6866710658411,strong_peak_refined,Pt,Pt,Pt,image-supported strong peak
L08-0539,8,928.90968154554,547.6305862491256,strong_peak_refined,Pt,Pt,Pt,image-supported strong peak
L08-0540,8,915.9800899422836,565.8799302641644,strong_peak_refined,Pt,Pt,Pt,image-supported strong peak
L08-0541,8,903.29050978103,583.6470240030321,strong_peak_refined,Pt,Pt,Pt,image-supported strong peak
L08-0542,8,890.9847159960889,601.411374123836,strong_peak_refined,Pt,Pt,Pt,image-supported strong peak
L08-0543,8,879.0463813190478,619.4232735376519,strong_peak_refined,Pt,Pt,Pt,image-supported strong peak
L08-0544,8,866.6444223913795,638.7285915787517,strong_peak_refined,Pt,Pt,Pt,image-supported strong peak
L08-0545,8,854.5094419847094,656.1966016566383,strong_peak_refined,Pt,Pt,Pt,image-supported strong peak
L08-0546,8,842.6450199836402,674.1989982859056,strong_peak_refined,Ga,Mixed,Mixed,image-supported strong peak
L08-0547,8,831.1449943865725,691.1841307848896,strong_peak_refined,Pt,Pt,Pt,image-supported strong peak
L08-0548,8,819.0813915668638,710.0386207931282,strong_peak_refined,Ga,Mixed,Mixed,image-supported strong peak
L08-0549,8,807.2093150278085,727.272262671059,strong_peak_refined,Pt,Pt,Pt,image-supported strong peak
L08-0550,8,795.8438767779762,743.3163421259082,strong_peak_refined,Ga,Mixed,Mixed,image-supported strong peak
L08-0551,8,783.546515178963,763.2064552941279,strong_peak_refined,Pt,Pt,Pt,image-supported strong peak
L08-0552,8,772.4879141592211,780.3815737333318,strong_peak_refined,Ga,Mixed,Mixed,image-supported strong peak
L08-0553,8,760.0311921677356,799.8361746558246,strong_peak_refined,Pt,Pt,Pt,image-supported strong peak
L08-0554,8,748.440448322834,816.9235732663795,strong_peak_refined,Ga,Mixed,Mixed,image-supported strong peak
L08-0555,8,735.7289501754366,836.1203870892986,strong_peak_refined,Pt,Pt,Pt,image-supported strong peak
L08-0556,8,724.2337422334307,853.2944806697622,strong_peak_refined,Ga,Mixed,Mixed,image-supported strong peak
L08-0557,8,712.2458655014306,870.3409566898875,strong_peak_refined,Pt,Pt,Pt,image-supported strong peak
L08-0558,8,700.4618552875597,891.6866731028541,strong_peak_refined,Ga,Mixed,Mixed,image-supported strong peak
L08-0559,8,687.6879666985501,909.885909076664,strong_peak_refined,Pt,Pt,Pt,image-supported strong peak
L08-0560,8,676.607931881997,926.0972425894925,strong_peak_refined,Ga,Mixed,Mixed,image-supported strong peak
L08-0561,8,664.1234495305332,945.2321547790964,strong_peak_refined,Pt,Pt,Pt,image-supported strong peak
L08-0562,8,652.6504235631614,963.0476328043172,strong_peak_refined,Ga,Mixed,Mixed,image-supported strong peak
L08-0563,8,640.4207909124967,982.703344134172,strong_peak_refined,Pt,Pt,Pt,image-supported strong peak
L08-0564,8,628.575488584003,996.573497093957,strong_peak_refined,Ga,Mixed,Mixed,image-supported strong peak
L08-0565,8,615.5865329145224,1017.6527855013557,strong_peak_refined,Pt,Pt,Pt,image-supported strong peak
L08-0566,8,604.5021031560777,1034.379857395527,strong_peak_refined,Ga,Mixed,Mixed,image-supported strong peak
L08-0567,8,969.1814838969268,531.6089789050685,weak_peak_refined,Pt,Pt,Pt,image-supported weak peak
L08-0568,8,951.9660113472088,546.0446216961046,strong_peak_refined,Pt,Pt,Pt,image-supported strong peak
L08-0569,8,940.1866216046562,564.5144493580362,strong_peak_refined,Pt,Pt,Pt,image-supported strong peak
L08-0570,8,927.8478898286704,581.8845491167685,strong_peak_refined,Pt,Pt,Pt,image-supported strong peak
L08-0571,8,914.8555041097572,600.6669459414302,strong_peak_refined,Pt,Pt,Pt,image-supported strong peak
L08-0572,8,902.317974711522,618.3297675162189,strong_peak_refined,Pt,Pt,Pt,image-supported strong peak
L08-0573,8,890.0506810304532,637.0749841001768,strong_peak_refined,Pt,Pt,Pt,image-supported strong peak
L08-0574,8,878.5769407359401,654.3212607440977,strong_peak_refined,Pt,Pt,Pt,image-supported strong peak
L08-0575,8,866.4746363227251,672.2817963797378,strong_peak_refined,Ga,Mixed,Mixed,image-supported strong peak
L08-0576,8,854.0541069784107,690.4349568619741,strong_peak_refined,Pt,Pt,Pt,image-supported strong peak
L08-0577,8,842.8842153856125,707.471343134477,strong_peak_refined,Ga,Mixed,Mixed,image-supported strong peak
L08-0578,8,831.0321903487333,725.5375433596114,strong_peak_refined,Pt,Pt,Pt,image-supported strong peak
L08-0579,8,818.9986488450883,744.4843467354924,strong_peak_refined,Ga,Mixed,Mixed,image-supported strong peak
L08-0580,8,806.9882598165116,762.6021954235472,strong_peak_refined,Pt,Pt,Pt,image-supported strong peak
L08-0581,8,795.7838385323317,779.5416959415764,strong_peak_refined,Ga,Mixed,Mixed,image-supported strong peak
L08-0582,8,783.5071243816626,799.8937204471575,strong_peak_refined,Pt,Pt,Pt,image-supported strong peak
L08-0583,8,772.5689028093881,814.3320553742569,strong_peak_refined,Ga,Mixed,Mixed,image-supported strong peak
L08-0584,8,759.903874000046,835.3896986388091,strong_peak_refined,Pt,Pt,Pt,image-supported strong peak
L08-0585,8,747.8291484696135,852.2169321708222,strong_peak_refined,Ga,Mixed,Mixed,image-supported strong peak
L08-0586,8,735.1988222633968,872.2940622051246,strong_peak_refined,Pt,Pt,Pt,image-supported strong peak
L08-0587,8,723.252768226071,890.4245281043443,strong_peak_refined,Ga,Mixed,Mixed,image-supported strong peak
L08-0588,8,711.082038211192,909.8145556726683,strong_peak_refined,Pt,Pt,Pt,image-supported strong peak
L08-0589,8,699.669699580522,924.790432999103,strong_peak_refined,Ga,Mixed,Mixed,image-supported strong peak
L08-0590,8,686.6915183405972,946.5733767804284,strong_peak_refined,Pt,Pt,Pt,image-supported strong peak
L08-0591,8,675.550603248386,963.062920312307,strong_peak_refined,Ga,Mixed,Mixed,image-supported strong peak
L08-0592,8,663.4260086158938,982.4864742656029,strong_peak_refined,Pt,Pt,Pt,image-supported strong peak
L08-0593,8,651.7796860241962,997.5959573452373,strong_peak_refined,Ga,Mixed,Mixed,image-supported strong peak
L08-0594,8,640.5025230495819,1016.4563577558112,strong_peak_refined,Pt,Pt,Pt,image-supported strong peak
L08-0595,8,628.9449735110501,1033.847574604965,strong_peak_refined,Ga,Mixed,Mixed,image-supported strong peak
L08-0596,8,974.4643231611916,545.0833224808532,lattice_completed,Pt,Pt,Pt,lattice continuity / liquid-front display
L08-0597,8,964.4910443891016,562.539867478805,strong_peak_refined,Pt,Pt,Pt,image-supported strong peak
L08-0598,8,951.2115817632338,581.77200322861,strong_peak_refined,Pt,Pt,Pt,image-supported strong peak
L08-0599,8,938.5174790906244,598.375672525853,strong_peak_refined,Pt,Pt,Pt,image-supported strong peak
L08-0600,8,926.1443607269226,616.853834140834,strong_peak_refined,Pt,Pt,Pt,image-supported strong peak
L08-0601,8,913.789168701279,635.5012660042206,strong_peak_refined,Pt,Pt,Pt,image-supported strong peak
L08-0602,8,901.6451878756252,653.2956568202874,strong_peak_refined,Pt,Pt,Pt,image-supported strong peak
L08-0603,8,889.8297490315853,670.9394821579689,strong_peak_refined,Pt,Pt,Pt,image-supported strong peak
L08-0604,8,877.3933241120513,689.418982157755,strong_peak_refined,Pt,Pt,Pt,image-supported strong peak
L08-0605,8,866.3574256410694,706.7183000708836,strong_peak_refined,Ga,Mixed,Mixed,image-supported strong peak
L08-0606,8,854.0929186779665,725.5551732312864,strong_peak_refined,Pt,Pt,Pt,image-supported strong peak
L08-0607,8,842.2429909995727,743.9491017983713,strong_peak_refined,Ga,Mixed,Mixed,image-supported strong peak
L08-0608,8,830.6683534456663,760.7133782165783,strong_peak_refined,Pt,Pt,Pt,image-supported strong peak
L08-0609,8,818.4142160541581,781.5057306319935,strong_peak_refined,Ga,Mixed,Mixed,image-supported strong peak
L08-0610,8,807.1726073910075,796.5196354840699,strong_peak_refined,Pt,Pt,Pt,image-supported strong peak
L08-0611,8,795.4665773393352,815.5644487622167,strong_peak_refined,Ga,Mixed,Mixed,image-supported strong peak
L08-0612,8,783.2231526124434,835.0854113814651,strong_peak_refined,Pt,Pt,Pt,image-supported strong peak
L08-0613,8,771.7873588029956,849.8491928950789,strong_peak_refined,Ga,Mixed,Mixed,image-supported strong peak
L08-0614,8,758.825126888161,872.6006066309673,strong_peak_refined,Pt,Pt,Pt,image-supported strong peak
L08-0615,8,746.9052869267066,888.4475822111609,strong_peak_refined,Ga,Mixed,Mixed,image-supported strong peak
L08-0616,8,735.1035427214626,906.3517805628207,strong_peak_refined,Pt,Pt,Pt,image-supported strong peak
L08-0617,8,722.5191550088038,925.7804637540728,strong_peak_refined,Ga,Mixed,Mixed,image-supported strong peak
L08-0618,8,710.6104411133646,944.5424749865582,strong_peak_refined,Pt,Pt,Pt,image-supported strong peak
L08-0619,8,698.6758099880564,963.3491212329134,strong_peak_refined,Ga,Mixed,Mixed,image-supported strong peak
L08-0620,8,686.2577420225839,980.98601607177,strong_peak_refined,Pt,Pt,Pt,image-supported strong peak
L08-0621,8,675.5027287366828,996.11445839695,strong_peak_refined,Ga,Mixed,Mixed,image-supported strong peak
L08-0622,8,663.1174774293019,1015.3244028971096,strong_peak_refined,Pt,Pt,Pt,image-supported strong peak
L08-0623,8,651.2094145806146,1033.3623959707393,strong_peak_refined,Ga,Mixed,Mixed,image-supported strong peak
L08-0624,8,985.905393364583,562.0872699267898,lattice_completed,Pt,Pt,Pt,lattice continuity / liquid-front display
L08-0625,8,973.929526032464,580.1320054038486,lattice_completed,Pt,Pt,Pt,lattice continuity / liquid-front display
L08-0626,8,962.452813025097,597.3266899328273,strong_peak_refined,Pt,Pt,Pt,image-supported strong peak
L08-0627,8,949.4960902024256,614.9779290471442,strong_peak_refined,Pt,Pt,Pt,image-supported strong peak
L08-0628,8,937.7222862987032,633.5953412401749,strong_peak_refined,Pt,Pt,Pt,image-supported strong peak
L08-0629,8,925.3314147744544,651.0612884235414,strong_peak_refined,Pt,Pt,Pt,image-supported strong peak
L08-0630,8,913.6101289616722,670.1199002065781,strong_peak_refined,Pt,Pt,Pt,image-supported strong peak
L08-0631,8,901.1435900038124,687.9181018348389,strong_peak_refined,Pt,Pt,Pt,image-supported strong peak
L08-0632,8,889.0619024947963,706.1736031967979,strong_peak_refined,Ga,Mixed,Mixed,image-supported strong peak
L08-0633,8,877.3495120870347,724.5628760816077,strong_peak_refined,Pt,Pt,Pt,image-supported strong peak
L08-0634,8,865.3951769582616,743.3664972399656,strong_peak_refined,Ga,Mixed,Mixed,image-supported strong peak
L08-0635,8,853.8771676386316,760.5184977023974,strong_peak_refined,Pt,Pt,Pt,image-supported strong peak
L08-0636,8,842.6415200428175,777.6409152724925,strong_peak_refined,Ga,Mixed,Mixed,image-supported strong peak
L08-0637,8,830.5989876342538,797.4472406927613,strong_peak_refined,Pt,Pt,Pt,image-supported strong peak
L08-0638,8,818.5511466996602,814.8002054264439,strong_peak_refined,Ga,Mixed,Mixed,image-supported strong peak
L08-0639,8,807.2171141724871,831.7280753934615,strong_peak_refined,Pt,Pt,Pt,image-supported strong peak
L08-0640,8,794.9516638861277,850.3338972037526,strong_peak_refined,Ga,Mixed,Mixed,image-supported strong peak
L08-0641,8,782.4701052735961,869.6336382927503,strong_peak_refined,Pt,Pt,Pt,image-supported strong peak
L08-0642,8,770.3265943915061,888.6650210183574,strong_peak_refined,Ga,Mixed,Mixed,image-supported strong peak
L08-0643,8,758.3203863663535,906.8485631083896,strong_peak_refined,Pt,Pt,Pt,image-supported strong peak
L08-0644,8,746.0194775101284,926.7334391239146,strong_peak_refined,Ga,Mixed,Mixed,image-supported strong peak
L08-0645,8,733.8186726639432,943.8582961104048,strong_peak_refined,Pt,Pt,Pt,image-supported strong peak
L08-0646,8,722.0454050208485,962.752439103278,strong_peak_refined,Ga,Mixed,Mixed,image-supported strong peak
L08-0647,8,710.2501893733083,980.039240544176,strong_peak_refined,Pt,Pt,Pt,image-supported strong peak
L08-0648,8,698.1188111575041,996.6537553456048,strong_peak_refined,Ga,Mixed,Mixed,image-supported strong peak
L08-0649,8,686.6163651768115,1015.3035090932788,strong_peak_refined,Pt,Pt,Pt,image-supported strong peak
L08-0650,8,674.4392685358465,1032.9951695435564,strong_peak_refined,Ga,Mixed,Mixed,image-supported strong peak
L08-0651,8,997.3464635679744,579.0912173727263,lattice_completed,Pt,Pt,Pt,lattice continuity / liquid-front display
L08-0652,8,982.8067157087264,594.8861443835223,strong_peak_refined,Pt,Pt,Pt,image-supported strong peak
L08-0653,8,974.3900941905606,613.2830751348044,strong_peak_refined,Pt,Pt,Pt,image-supported strong peak
L08-0654,8,960.623807767768,632.1523162380481,strong_peak_refined,Pt,Pt,Pt,image-supported strong peak
L08-0655,8,948.3302301191084,650.0658280549696,strong_peak_refined,Pt,Pt,Pt,image-supported strong peak
L08-0656,8,936.5912150477112,668.2491159777278,strong_peak_refined,Pt,Pt,Pt,image-supported strong peak
L08-0657,8,924.3484700441452,687.0540018202585,strong_peak_refined,Pt,Pt,Pt,image-supported strong peak
L08-0658,8,912.8422018849164,705.4790964255401,strong_peak_refined,Pt,Pt,Pt,image-supported strong peak
L08-0659,8,900.7318878030017,722.6678347959477,strong_peak_refined,Pt,Pt,Pt,image-supported strong peak
L08-0660,8,889.2325901224033,740.7783645757089,strong_peak_refined,Ga,Mixed,Mixed,image-supported strong peak
L08-0661,8,877.1734526970453,759.8896937442662,strong_peak_refined,Pt,Pt,Pt,image-supported strong peak
L08-0662,8,865.356050387105,778.2658712369683,strong_peak_refined,Ga,Mixed,Mixed,image-supported strong peak
L08-0663,8,853.590992731558,796.6308641934313,strong_peak_refined,Pt,Pt,Pt,image-supported strong peak
L08-0664,8,841.9819601358304,815.3670457783046,strong_peak_refined,Ga,Mixed,Mixed,image-supported strong peak
L08-0665,8,829.9585509174112,831.5475339085347,strong_peak_refined,Pt,Pt,Pt,image-supported strong peak
L08-0666,8,818.3255886674012,850.4653214516346,strong_peak_refined,Ga,Mixed,Mixed,image-supported strong peak
L08-0667,8,806.1916579189905,868.3791155660333,strong_peak_refined,Pt,Pt,Pt,image-supported strong peak
L08-0668,8,793.78099186743,886.0169268644777,strong_peak_refined,Ga,Mixed,Mixed,image-supported strong peak
L08-0669,8,781.4481119579046,906.5879749000364,strong_peak_refined,Pt,Pt,Pt,image-supported strong peak
L08-0670,8,770.2698466401685,923.3204360839136,strong_peak_refined,Ga,Mixed,Mixed,image-supported strong peak
L08-0671,8,757.9155701606962,942.6883152441508,strong_peak_refined,Pt,Pt,Pt,image-supported strong peak
L08-0672,8,746.0453762924797,957.7718324551554,strong_peak_refined,Ga,Mixed,Mixed,image-supported strong peak
L08-0673,8,733.5080418948094,979.321946766964,strong_peak_refined,Pt,Pt,Pt,image-supported strong peak
L08-0674,8,721.5755800756738,996.26955490848,strong_peak_refined,Ga,Mixed,Mixed,image-supported strong peak
L08-0675,8,710.0077167519187,1014.576956398715,strong_peak_refined,Pt,Pt,Pt,image-supported strong peak
L08-0676,8,698.3300680721054,1032.7588018948338,strong_peak_refined,Ga,Mixed,Mixed,image-supported strong peak
L08-0677,8,686.3821043772754,1045.7881708122766,strong_peak_refined,Pt,Pt,Pt,image-supported strong peak
L08-0678,8,1008.7875337713658,596.0951648186629,lattice_completed,Pt,Pt,Pt,lattice continuity / liquid-front display
L08-0679,8,996.8116664392468,614.1399002957216,lattice_completed,Pt,Pt,Pt,lattice continuity / liquid-front display
L08-0680,8,984.5235176111734,629.8701224210077,strong_peak_refined,Pt,Pt,Pt,image-supported strong peak
L08-0681,8,972.600958312918,648.4353014313656,strong_peak_refined,Pt,Pt,Pt,image-supported strong peak
L08-0682,8,960.6204908657512,666.1464632175281,strong_peak_refined,Pt,Pt,Pt,image-supported strong peak
L08-0683,8,947.7629964837362,684.613061369708,strong_peak_refined,Pt,Pt,Pt,image-supported strong peak
L08-0684,8,936.4810338596546,703.3356445886715,strong_peak_refined,Pt,Pt,Pt,image-supported strong peak
L08-0685,8,924.076836024328,721.4688261520081,strong_peak_refined,Pt,Pt,Pt,image-supported strong peak
L08-0686,8,912.4857992287432,740.2993029709147,strong_peak_refined,Ga,Mixed,Mixed,image-supported strong peak
L08-0687,8,900.488758537692,758.4287157233526,strong_peak_refined,Pt,Pt,Pt,image-supported strong peak
L08-0688,8,889.0835331776419,777.3867689192152,strong_peak_refined,Ga,Mixed,Mixed,image-supported strong peak
L08-0689,8,876.7637241308037,795.7675938855351,strong_peak_refined,Pt,Pt,Pt,image-supported strong peak
L08-0690,8,864.6552295713257,813.611876961555,strong_peak_refined,Ga,Mixed,Mixed,image-supported strong peak
L08-0691,8,853.1909682992712,831.1673242657745,strong_peak_refined,Pt,Pt,Pt,image-supported strong peak
L08-0692,8,841.3129428504326,848.6954950082929,strong_peak_refined,Ga,Mixed,Mixed,image-supported strong peak
L08-0693,8,829.498237802683,866.1520796775015,strong_peak_refined,Pt,Pt,Pt,image-supported strong peak
L08-0694,8,816.8236623800487,886.1341677681211,strong_peak_refined,Ga,Mixed,Mixed,image-supported strong peak
L08-0695,8,804.9066181813967,904.2312572974524,strong_peak_refined,Pt,Pt,Pt,image-supported strong peak
L08-0696,8,793.0983485109865,922.9179099338942,strong_peak_refined,Ga,Mixed,Mixed,image-supported strong peak
L08-0697,8,781.3504088055191,940.3257618373586,strong_peak_refined,Pt,Pt,Pt,image-supported strong peak
L08-0698,8,768.9405474993168,958.4156680662682,strong_peak_refined,Ga,Mixed,Mixed,image-supported strong peak
L08-0699,8,756.6557430038398,978.597252041488,strong_peak_refined,Pt,Pt,Pt,image-supported strong peak
L08-0700,8,745.5487553593887,992.4947619620344,strong_peak_refined,Ga,Mixed,Mixed,image-supported strong peak
L08-0701,8,733.617165356311,1009.3956427343873,strong_peak_refined,Pt,Pt,Pt,image-supported strong peak
L08-0702,8,722.4101494842955,1026.755355224189,strong_peak_refined,Ga,Mixed,Mixed,image-supported strong peak
L08-0703,8,709.510643133881,1048.57824722249,strong_peak_refined,Pt,Pt,Pt,image-supported strong peak
L08-0704,8,1025.514547375633,612.7766148278738,strong_peak_refined,Pt,Pt,Pt,image-supported strong peak
L08-0705,8,1008.0722974422308,623.8592485297414,weak_peak_refined,Pt,Pt,Pt,image-supported weak peak
L08-0706,8,991.6619510913714,647.8062635108012,strong_peak_refined,Pt,Pt,Pt,image-supported strong peak
L08-0707,8,984.765986483243,663.6234473119393,strong_peak_refined,Pt,Pt,Pt,image-supported strong peak
L08-0708,8,971.9077779890672,682.9996768666059,strong_peak_refined,Pt,Pt,Pt,image-supported strong peak
L08-0709,8,960.0411978711428,701.7022449360776,strong_peak_refined,Pt,Pt,Pt,image-supported strong peak
L08-0710,8,948.0730621609192,719.5859263995345,strong_peak_refined,Pt,Pt,Pt,image-supported strong peak
L08-0711,8,936.1612382677988,738.751311369237,strong_peak_refined,Pt,Pt,Pt,image-supported strong peak
L08-0712,8,924.2082475269964,756.9992289100129,strong_peak_refined,Pt,Pt,Pt,image-supported strong peak
L08-0713,8,912.1201210551436,776.3751935931721,strong_peak_refined,Ga,Mixed,Mixed,image-supported strong peak
L08-0714,8,900.6799143564266,793.9644022051085,strong_peak_refined,Pt,Pt,Pt,image-supported strong peak
L08-0715,8,888.9826655837433,810.5551831285244,strong_peak_refined,Ga,Mixed,Mixed,image-supported strong peak
L08-0716,8,876.7670657690585,829.91876152469,strong_peak_refined,Pt,Pt,Pt,image-supported strong peak
L08-0717,8,864.450115667078,848.2890739647947,strong_peak_refined,Ga,Mixed,Mixed,image-supported strong peak
L08-0718,8,852.9050135524107,866.6023600792657,strong_peak_refined,Pt,Pt,Pt,image-supported strong peak
L08-0719,8,840.524455207949,885.5791894230064,strong_peak_refined,Ga,Mixed,Mixed,image-supported strong peak
L08-0720,8,828.1839751657375,903.689609179515,strong_peak_refined,Pt,Pt,Pt,image-supported strong peak
L08-0721,8,817.1356785852416,921.8886016024422,strong_peak_refined,Ga,Mixed,Mixed,image-supported strong peak
L08-0722,8,804.6535993475763,939.8601021610845,strong_peak_refined,Pt,Pt,Pt,image-supported strong peak
L08-0723,8,792.4751830342336,958.50598083888,strong_peak_refined,Ga,Mixed,Mixed,image-supported strong peak
L08-0724,8,780.0554155219385,976.957850661288,strong_peak_refined,Pt,Pt,Pt,image-supported strong peak
L08-0725,8,768.2261305289439,993.0513878627584,strong_peak_refined,Ga,Mixed,Mixed,image-supported strong peak
L08-0726,8,756.3186827998298,1012.9907736284202,strong_peak_refined,Pt,Pt,Pt,image-supported strong peak
L08-0727,8,744.9662683962778,1029.698685676193,strong_peak_refined,Ga,Mixed,Mixed,image-supported strong peak
L08-0728,8,733.5062108926377,1048.623004989172,strong_peak_refined,Pt,Pt,Pt,image-supported strong peak
L08-0729,8,1026.7348439068894,647.2562077945144,weak_peak_refined,Pt,Pt,Pt,image-supported weak peak
L08-0730,8,1007.8777637824752,660.7798265854102,weak_peak_refined,Pt,Pt,Pt,image-supported weak peak
L08-0731,8,995.1114762900904,680.6499916189101,strong_peak_refined,Pt,Pt,Pt,image-supported strong peak
L08-0732,8,983.645228137618,699.7028557001006,strong_peak_refined,Pt,Pt,Pt,image-supported strong peak
L08-0733,8,971.6291667922436,717.3825437142506,strong_peak_refined,Pt,Pt,Pt,image-supported strong peak
L08-0734,8,960.9079348961388,736.4165480057447,strong_peak_refined,Pt,Pt,Pt,image-supported strong peak
L08-0735,8,948.1196073042174,754.3329489487063,strong_peak_refined,Pt,Pt,Pt,image-supported strong peak
L08-0736,8,936.2272438442836,773.5521628545193,strong_peak_refined,Ga,Mixed,Mixed,image-supported strong peak
L08-0737,8,924.1465777169508,792.2489607456392,strong_peak_refined,Pt,Pt,Pt,image-supported strong peak
L08-0738,8,912.2945254681512,810.9531901015482,strong_peak_refined,Ga,Mixed,Mixed,image-supported strong peak
L08-0739,8,900.5716598581477,828.4291511330657,strong_peak_refined,Pt,Pt,Pt,image-supported strong peak
L08-0740,8,888.2800463868197,846.9112651124439,strong_peak_refined,Ga,Mixed,Mixed,image-supported strong peak
L08-0741,8,875.8561093243081,864.2705124396255,strong_peak_refined,Pt,Pt,Pt,image-supported strong peak
L08-0742,8,864.5201646982981,883.4101955263387,strong_peak_refined,Ga,Mixed,Mixed,image-supported strong peak
L08-0743,8,851.9834781926438,901.611641452866,strong_peak_refined,Pt,Pt,Pt,image-supported strong peak
L08-0744,8,840.3480706430297,920.412964027632,strong_peak_refined,Ga,Mixed,Mixed,image-supported strong peak
L08-0745,8,827.7518460048487,938.1752399634672,strong_peak_refined,Pt,Pt,Pt,image-supported strong peak
L08-0746,8,816.4604635936938,955.89511678641,strong_peak_refined,Ga,Mixed,Mixed,image-supported strong peak
L08-0747,8,803.8769837930981,975.2060200507152,strong_peak_refined,Pt,Pt,Pt,image-supported strong peak
L08-0748,8,791.4279913236752,993.1907897203936,strong_peak_refined,Ga,Mixed,Mixed,image-supported strong peak
L08-0749,8,780.0394731890884,1010.3297465618202,strong_peak_refined,Pt,Pt,Pt,image-supported strong peak
L08-0750,8,768.5938555208238,1027.2684576766862,strong_peak_refined,Ga,Mixed,Mixed,image-supported strong peak
L08-0751,8,756.2320895139901,1046.5871336399882,strong_peak_refined,Pt,Pt,Pt,image-supported strong peak
L08-0752,8,1035.0402355831145,662.5760661001464,strong_peak_refined,Pt,Pt,Pt,image-supported strong peak
L08-0753,8,1021.8042785416262,683.2045198069951,strong_peak_refined,Pt,Pt,Pt,image-supported strong peak
L08-0754,8,1007.3695173679588,698.6325910393831,strong_peak_refined,Pt,Pt,Pt,image-supported strong peak
L08-0755,8,995.323321751615,716.3472902276993,strong_peak_refined,Pt,Pt,Pt,image-supported strong peak
L08-0756,8,983.22613082819,735.5899263607063,strong_peak_refined,Pt,Pt,Pt,image-supported strong peak
L08-0757,8,971.8272871379831,752.7980930533068,strong_peak_refined,Pt,Pt,Pt,image-supported strong peak
L08-0758,8,960.0980423701212,771.965367797216,strong_peak_refined,Pt,Pt,Pt,image-supported strong peak
L08-0759,8,947.8716866976968,791.034417985825,strong_peak_refined,Pt,Pt,Pt,image-supported strong peak
L08-0760,8,935.9988810508934,809.8568938627897,strong_peak_refined,Ga,Mixed,Mixed,image-supported strong peak
L08-0761,8,924.0177154648692,827.7596114590087,strong_peak_refined,Pt,Pt,Pt,image-supported strong peak
L08-0762,8,911.9713446416029,845.5187119786297,strong_peak_refined,Ga,Mixed,Mixed,image-supported strong peak
L08-0763,8,899.5967974502047,864.2009612787299,strong_peak_refined,Pt,Pt,Pt,image-supported strong peak
L08-0764,8,887.2158325719665,881.5802418751288,strong_peak_refined,Ga,Mixed,Mixed,image-supported strong peak
L08-0765,8,875.1678734182797,900.7898457062454,strong_peak_refined,Pt,Pt,Pt,image-supported strong peak
L08-0766,8,863.2952340603276,919.4913281518864,strong_peak_refined,Ga,Mixed,Mixed,image-supported strong peak
L08-0767,8,851.7299156901647,936.4576463970358,strong_peak_refined,Pt,Pt,Pt,image-supported strong peak
L08-0768,8,839.7083417203893,956.490708018712,strong_peak_refined,Ga,Mixed,Mixed,image-supported strong peak
L08-0769,8,827.5922055525565,974.2782771885368,strong_peak_refined,Pt,Pt,Pt,image-supported strong peak
L08-0770,8,815.8422698398068,992.2841783227784,strong_peak_refined,Ga,Mixed,Mixed,image-supported strong peak
L08-0771,8,803.6346401851507,1009.7883201167856,strong_peak_refined,Pt,Pt,Pt,image-supported strong peak
L08-0772,8,791.7400665498476,1027.3694754742812,strong_peak_refined,Ga,Mixed,Mixed,image-supported strong peak
L08-0773,8,779.7473855326191,1044.7171557285903,strong_peak_refined,Pt,Pt,Pt,image-supported strong peak
L08-0774,8,1025.8993582998387,701.1239146741684,strong_peak_refined,Pt,Pt,Pt,image-supported strong peak
L08-0775,8,1020.0342953473008,714.9546906809998,strong_peak_refined,Pt,Pt,Pt,image-supported strong peak
L08-0776,8,1006.3709008730945,742.1150022079185,weak_peak_refined,Pt,Pt,Pt,image-supported weak peak
L08-0777,8,994.4003499653136,751.480140688644,strong_peak_refined,Pt,Pt,Pt,image-supported strong peak
L08-0778,8,984.256851932594,770.0082433484425,strong_peak_refined,Pt,Pt,Pt,image-supported strong peak
L08-0779,8,971.7727563950476,789.6378474536141,strong_peak_refined,Pt,Pt,Pt,image-supported strong peak
L08-0780,8,959.5609046177456,807.2035640879272,strong_peak_refined,Ga,Mixed,Mixed,image-supported strong peak
L08-0781,8,947.1346073950632,825.7708562478391,strong_peak_refined,Pt,Pt,Pt,image-supported strong peak
L08-0782,8,935.0212521332064,843.9797575787669,strong_peak_refined,Ga,Mixed,Mixed,image-supported strong peak
L08-0783,8,923.0768583875664,862.2019692283078,strong_peak_refined,Pt,Pt,Pt,image-supported strong peak
L08-0784,8,910.9999302806552,880.200955467198,strong_peak_refined,Ga,Mixed,Mixed,image-supported strong peak
L08-0785,8,898.9835704789363,898.5595363087838,strong_peak_refined,Pt,Pt,Pt,image-supported strong peak
L08-0786,8,887.1659231874282,916.9431038183664,strong_peak_refined,Ga,Mixed,Mixed,image-supported strong peak
L08-0787,8,875.006670277304,935.3567739362912,strong_peak_refined,Pt,Pt,Pt,image-supported strong peak
L08-0788,8,862.8672447064502,954.1828016137284,strong_peak_refined,Ga,Mixed,Mixed,image-supported strong peak
L08-0789,8,851.0738365008144,973.6757177750488,strong_peak_refined,Pt,Pt,Pt,image-supported strong peak
L08-0790,8,838.1409522083621,990.4374721910916,strong_peak_refined,Ga,Mixed,Mixed,image-supported strong peak
L08-0791,8,826.5823208657341,1009.4356654320906,strong_peak_refined,Pt,Pt,Pt,image-supported strong peak
L08-0792,8,815.0263885079739,1025.7269780821375,strong_peak_refined,Ga,Mixed,Mixed,image-supported strong peak
L08-0793,8,1039.5259992060587,713.5857362832336,strong_peak_refined,Pt,Pt,Pt,image-supported strong peak
L08-0794,8,1032.208788384276,741.6154443972147,weak_peak_refined,Pt,Pt,Pt,image-supported weak peak
L08-0795,8,1020.462014022526,747.5809350137448,weak_peak_refined,Pt,Pt,Pt,image-supported weak peak
L08-0796,8,1008.0634831860622,773.0278041909172,strong_peak_refined,Pt,Pt,Pt,image-supported strong peak
L08-0797,8,996.2406295995762,782.336859967199,weak_peak_refined,Pt,Pt,Pt,image-supported weak peak
L08-0798,8,984.2660016859184,806.565739597691,strong_peak_refined,Pt,Pt,Pt,image-supported strong peak
L08-0799,8,972.2863806875822,821.7244552680143,strong_peak_refined,Pt,Pt,Pt,image-supported strong peak
L08-0800,8,958.8864079026496,842.768379332288,strong_peak_refined,Ga,Mixed,Mixed,image-supported strong peak
L08-0801,8,946.49961437549,859.5604492282322,strong_peak_refined,Pt,Pt,Pt,image-supported strong peak
L08-0802,8,935.2628733054728,878.8315494922111,strong_peak_refined,Ga,Mixed,Mixed,image-supported strong peak
L08-0803,8,922.2243337040092,897.2311614414117,strong_peak_refined,Pt,Pt,Pt,image-supported strong peak
L08-0804,8,910.1492297974308,915.8874346552718,strong_peak_refined,Ga,Mixed,Mixed,image-supported strong peak
L08-0805,8,898.2101973014231,933.3125451656956,strong_peak_refined,Pt,Pt,Pt,image-supported strong peak
L08-0806,8,886.2012916812477,953.1958035627844,strong_peak_refined,Ga,Mixed,Mixed,image-supported strong peak
L08-0807,8,874.3768871891917,970.8856753716605,strong_peak_refined,Pt,Pt,Pt,image-supported strong peak
L08-0808,8,861.9000181882736,988.0363347270136,strong_peak_refined,Ga,Mixed,Mixed,image-supported strong peak
L08-0809,8,850.3929447182455,1007.5708623631456,strong_peak_refined,Pt,Pt,Pt,image-supported strong peak
L08-0810,8,837.565111154311,1026.2448055921927,strong_peak_refined,Ga,Mixed,Mixed,image-supported strong peak
L08-0811,8,1022.2344833571236,771.2822971466752,weak_peak_refined,Pt,Pt,Pt,image-supported weak peak
L08-0812,8,1020.8921815324628,793.6009634251312,weak_peak_refined,Pt,Pt,Pt,image-supported weak peak
L08-0813,8,1005.5787509990014,806.3872623566351,lattice_completed,Pt,Pt,Pt,lattice continuity / liquid-front display
L08-0814,8,995.0632139265772,819.632894980742,strong_peak_refined,Pt,Pt,Pt,image-supported strong peak
L08-0815,8,984.0971081218398,842.4325964448791,strong_peak_refined,Pt,Pt,Pt,image-supported strong peak
L08-0816,8,970.860389198981,858.807601943705,strong_peak_refined,Pt,Pt,Pt,image-supported strong peak
L08-0817,8,958.533118572002,877.4659769089251,strong_peak_refined,Ga,Mixed,Mixed,image-supported strong peak
L08-0818,8,945.90081414115,895.1905552561097,strong_peak_refined,Pt,Pt,Pt,image-supported strong peak
L08-0819,8,933.9334600429312,914.4145642069958,strong_peak_refined,Ga,Mixed,Mixed,image-supported strong peak
L08-0820,8,921.7564055546404,931.1891337274516,strong_peak_refined,Pt,Pt,Pt,image-supported strong peak
L08-0821,8,909.6399534372596,951.2177336408248,strong_peak_refined,Ga,Mixed,Mixed,image-supported strong peak
L08-0822,8,897.0596218818634,969.2505817683824,strong_peak_refined,Pt,Pt,Pt,image-supported strong peak
L08-0823,8,885.2758182756496,988.3966114377514,strong_peak_refined,Ga,Mixed,Mixed,image-supported strong peak
L08-0824,8,873.6322374155898,1005.1722743688752,strong_peak_refined,Pt,Pt,Pt,image-supported strong peak
L08-0825,8,1033.254115932632,806.0241153841677,strong_peak_refined,Pt,Pt,Pt,image-supported strong peak
L08-0826,8,1017.0198212023928,823.3912098025717,lattice_completed,Pt,Pt,Pt,lattice continuity / liquid-front display
L08-0827,8,1008.0994694979304,844.8868328348169,strong_peak_refined,Pt,Pt,Pt,image-supported strong peak
L08-0828,8,995.4708869513915,855.3261402833268,strong_peak_refined,Pt,Pt,Pt,image-supported strong peak
L08-0829,8,981.7675443624028,873.8046067944166,strong_peak_refined,Ga,Mixed,Mixed,image-supported strong peak
L08-0830,8,969.7751093016748,893.788024740828,strong_peak_refined,Pt,Pt,Pt,image-supported strong peak
L08-0831,8,957.6659326617788,912.0070212885984,strong_peak_refined,Ga,Mixed,Mixed,image-supported strong peak
L08-0832,8,945.627698533074,931.931585891614,strong_peak_refined,Pt,Pt,Pt,image-supported strong peak
L08-0833,8,933.3892094298913,948.9033607842932,strong_peak_refined,Ga,Mixed,Mixed,image-supported strong peak
L08-0834,8,920.8844329546326,968.0048493766903,strong_peak_refined,Pt,Pt,Pt,image-supported strong peak
L08-0835,8,909.0190372899376,986.6677425273804,strong_peak_refined,Ga,Mixed,Mixed,image-supported strong peak
L08-0836,8,994.2374690337184,900.8815809358364,weak_peak_refined,Pt,Pt,Pt,image-supported weak peak
L08-0837,8,980.653411049912,911.120981232432,strong_peak_refined,Ga,Mixed,Mixed,image-supported strong peak
L09-0000,9,497.1084117781092,476.0249864073349,strong_peak_refined,Ga,Mixed,Mixed,image-supported strong peak
L09-0001,9,484.2076240351718,496.9830421654105,strong_peak_refined,Pt,Pt,Pt,image-supported strong peak
L09-0002,9,472.7775079792511,514.1375307870832,strong_peak_refined,Ga,Mixed,Mixed,image-supported strong peak
L09-0003,9,460.62460015006286,532.8365912575167,strong_peak_refined,Pt,Pt,Pt,image-supported strong peak
L09-0004,9,448.78475502732846,551.8009524246944,strong_peak_refined,Ga,Mixed,Mixed,image-supported strong peak
L09-0005,9,436.545478999688,567.5498877630413,strong_peak_refined,Pt,Pt,Pt,image-supported strong peak
L09-0006,9,424.46647647367183,584.2684702276107,strong_peak_refined,Ga,Mixed,Mixed,image-supported strong peak
L09-0007,9,411.73974087860967,604.1347617114847,strong_peak_refined,Pt,Pt,Pt,image-supported strong peak
L09-0008,9,400.0041236942965,620.560023329158,strong_peak_refined,Ga,Mixed,Mixed,image-supported strong peak
L09-0009,9,544.2418194138232,441.0347032730298,strong_peak_refined,Ga,Mixed,Mixed,image-supported strong peak
L09-0010,9,531.6739431222583,461.22846267295046,strong_peak_refined,Pt,Pt,Pt,image-supported strong peak
L09-0011,9,520.7466495063744,474.23558606361024,strong_peak_refined,Ga,Mixed,Mixed,image-supported strong peak
L09-0012,9,508.20928994467937,493.2833557531388,strong_peak_refined,Pt,Pt,Pt,image-supported strong peak
L09-0013,9,496.3488539365377,511.3384860421988,strong_peak_refined,Ga,Mixed,Mixed,image-supported strong peak
L09-0014,9,483.5984286918699,533.0040182548317,strong_peak_refined,Pt,Pt,Pt,image-supported strong peak
L09-0015,9,472.1555826439719,547.4888009507874,strong_peak_refined,Ga,Mixed,Mixed,image-supported strong peak
L09-0016,9,460.033071341874,565.8694764168034,strong_peak_refined,Pt,Pt,Pt,image-supported strong peak
L09-0017,9,447.85980440718345,583.4542370467857,strong_peak_refined,Ga,Mixed,Mixed,image-supported strong peak
L09-0018,9,435.165381974065,603.1061506234383,strong_peak_refined,Pt,Pt,Pt,image-supported strong peak
L09-0019,9,423.0819520193082,621.5942308960482,strong_peak_refined,Ga,Mixed,Mixed,image-supported strong peak
L09-0020,9,411.4418155234089,637.5532125395382,strong_peak_refined,Pt,Pt,Pt,image-supported strong peak
L09-0021,9,399.2442489918751,657.0367516162011,strong_peak_refined,Ga,Mixed,Mixed,image-supported strong peak
L09-0022,9,387.145404884917,674.0266354381439,strong_peak_refined,Pt,Pt,Pt,image-supported strong peak
L09-0023,9,579.0906549545334,423.9517512491109,strong_peak_refined,Pt,Pt,Pt,image-supported strong peak
L09-0024,9,568.0693148620031,435.87128315853033,strong_peak_refined,Pt,Pt,Pt,image-supported strong peak
L09-0025,9,555.7016730246655,456.8972526647239,strong_peak_refined,Pt,Pt,Pt,image-supported strong peak
L09-0026,9,544.1417137054243,473.4648084046985,strong_peak_refined,Ga,Mixed,Mixed,image-supported strong peak
L09-0027,9,531.2221063725679,494.71878158937017,strong_peak_refined,Pt,Pt,Pt,image-supported strong peak
L09-0028,9,519.8061512044762,509.8663391146823,strong_peak_refined,Ga,Mixed,Mixed,image-supported strong peak
L09-0029,9,506.9026563991821,531.7070242203263,strong_peak_refined,Pt,Pt,Pt,image-supported strong peak
L09-0030,9,495.1153202894981,549.3255931456453,strong_peak_refined,Ga,Mixed,Mixed,image-supported strong peak
L09-0031,9,483.1398584585147,568.6774672669546,strong_peak_refined,Pt,Pt,Pt,image-supported strong peak
L09-0032,9,471.0279731252312,582.614916130708,strong_peak_refined,Ga,Mixed,Mixed,image-supported strong peak
L09-0033,9,458.8952046207975,603.0522165439548,strong_peak_refined,Pt,Pt,Pt,image-supported strong peak
L09-0034,9,447.49786169297033,617.4444175988808,strong_peak_refined,Ga,Mixed,Mixed,image-supported strong peak
L09-0035,9,434.5805499915522,639.5463699028378,strong_peak_refined,Pt,Pt,Pt,image-supported strong peak
L09-0036,9,422.4774280659426,654.5764472262333,strong_peak_refined,Ga,Mixed,Mixed,image-supported strong peak
L09-0037,9,410.4331120293915,674.1406943470898,strong_peak_refined,Pt,Pt,Pt,image-supported strong peak
L09-0038,9,398.5780441634484,691.000450700015,strong_peak_refined,Ga,Mixed,Mixed,image-supported strong peak
L09-0039,9,386.7187055602937,708.4235362977731,strong_peak_refined,Pt,Pt,Pt,image-supported strong peak
L09-0040,9,603.9600306192985,417.3054940636269,strong_peak_refined,Pt,Pt,Pt,image-supported strong peak
L09-0041,9,592.0988369896166,435.2390458812272,strong_peak_refined,Pt,Pt,Pt,image-supported strong peak
L09-0042,9,579.632747428619,453.3897234522915,strong_peak_refined,Pt,Pt,Pt,image-supported strong peak
L09-0043,9,566.2807931586121,477.5521536445209,strong_peak_refined,Ga,Mixed,Mixed,image-supported strong peak
L09-0044,9,554.2042105570918,496.207833667333,strong_peak_refined,Pt,Pt,Pt,image-supported strong peak
L09-0045,9,543.7406772842479,507.66815321976543,strong_peak_refined,Ga,Mixed,Mixed,image-supported strong peak
L09-0046,9,531.1315103415986,528.2384554929647,strong_peak_refined,Pt,Pt,Pt,image-supported strong peak
L09-0047,9,518.9183612633533,547.8177447156833,strong_peak_refined,Ga,Mixed,Mixed,image-supported strong peak
L09-0048,9,506.9030869092526,562.4009641750778,strong_peak_refined,Pt,Pt,Pt,image-supported strong peak
L09-0049,9,494.8945872854039,581.0114794973766,strong_peak_refined,Ga,Mixed,Mixed,image-supported strong peak
L09-0050,9,482.4174916096272,600.8801820825254,strong_peak_refined,Pt,Pt,Pt,image-supported strong peak
L09-0051,9,470.24293283831656,618.6011023321398,strong_peak_refined,Ga,Mixed,Mixed,image-supported strong peak
L09-0052,9,457.6578937581888,635.9922500103061,strong_peak_refined,Pt,Pt,Pt,image-supported strong peak
L09-0053,9,446.0607776053647,654.1333489449074,strong_peak_refined,Ga,Mixed,Mixed,image-supported strong peak
L09-0054,9,434.0745346455283,672.7090570837141,strong_peak_refined,Pt,Pt,Pt,image-supported strong peak
L09-0055,9,422.2119351793449,689.8281632267428,strong_peak_refined,Ga,Mixed,Mixed,image-supported strong peak
L09-0056,9,410.1251440252921,707.0969390892761,strong_peak_refined,Pt,Pt,Pt,image-supported strong peak
L09-0057,9,398.417534639038,725.665269303263,strong_peak_refined,Ga,Mixed,Mixed,image-supported strong peak
L09-0058,9,386.5566610496781,743.4018413827498,strong_peak_refined,Pt,Pt,Pt,image-supported strong peak
L09-0059,9,639.6707235904198,395.7571767843531,weak_peak_refined,Pt,Pt,Pt,image-supported weak peak
L09-0060,9,625.7621369488072,422.07533362638793,strong_peak_refined,Pt,Pt,Pt,image-supported strong peak
L09-0061,9,614.7647987363573,437.0586723340862,strong_peak_refined,Pt,Pt,Pt,image-supported strong peak
L09-0062,9,603.0122513009308,452.4920693197288,strong_peak_refined,Pt,Pt,Pt,image-supported strong peak
L09-0063,9,590.9710327062592,470.7059777894096,strong_peak_refined,Ga,Mixed,Mixed,image-supported strong peak
L09-0064,9,578.4780150265412,491.8907390140213,strong_peak_refined,Pt,Pt,Pt,image-supported strong peak
L09-0065,9,566.5786533356522,509.73180180864193,strong_peak_refined,Ga,Mixed,Mixed,image-supported strong peak
L09-0066,9,553.6652612976618,529.8496202439766,strong_peak_refined,Pt,Pt,Pt,image-supported strong peak
L09-0067,9,541.3856427886003,547.354671604438,strong_peak_refined,Ga,Mixed,Mixed,image-supported strong peak
L09-0068,9,530.1271285342976,565.809836462438,strong_peak_refined,Pt,Pt,Pt,image-supported strong peak
L09-0069,9,518.1174749260425,580.1433900699973,strong_peak_refined,Ga,Mixed,Mixed,image-supported strong peak
L09-0070,9,505.14103626641287,601.7314968652737,strong_peak_refined,Pt,Pt,Pt,image-supported strong peak
L09-0071,9,493.5796737489064,616.2999433886098,strong_peak_refined,Ga,Mixed,Mixed,image-supported strong peak
L09-0072,9,481.24531496216616,635.3704391740318,strong_peak_refined,Pt,Pt,Pt,image-supported strong peak
L09-0073,9,469.3020249597487,653.8983367506744,strong_peak_refined,Ga,Mixed,Mixed,image-supported strong peak
L09-0074,9,457.6967938801848,670.4423563536876,strong_peak_refined,Pt,Pt,Pt,image-supported strong peak
L09-0075,9,445.7622966586511,688.1227705973794,strong_peak_refined,Ga,Mixed,Mixed,image-supported strong peak
L09-0076,9,433.4974833639029,707.4614149804777,strong_peak_refined,Pt,Pt,Pt,image-supported strong peak
L09-0077,9,421.8528473248206,724.4447769158985,strong_peak_refined,Ga,Mixed,Mixed,image-supported strong peak
L09-0078,9,409.710421956545,744.133132573554,strong_peak_refined,Pt,Pt,Pt,image-supported strong peak
L09-0079,9,398.4570838181153,759.6664611287003,strong_peak_refined,Ga,Mixed,Mixed,image-supported strong peak
L09-0080,9,661.9257568307331,401.4146077542064,strong_peak_refined,Pt,Pt,Pt,image-supported strong peak
L09-0081,9,649.3249204332873,419.65169361700265,strong_peak_refined,Pt,Pt,Pt,image-supported strong peak
L09-0082,9,637.2199626430247,438.79866846123787,strong_peak_refined,Pt,Pt,Pt,image-supported strong peak
L09-0083,9,626.2369977823164,452.4049144410362,strong_peak_refined,Pt,Pt,Pt,image-supported strong peak
L09-0084,9,614.1016573256886,470.9188025856547,strong_peak_refined,Pt,Pt,Pt,image-supported strong peak
L09-0085,9,601.2921933529076,491.6742863212002,strong_peak_refined,Pt,Pt,Pt,image-supported strong peak
L09-0086,9,590.285066726742,505.932868559781,strong_peak_refined,Ga,Mixed,Mixed,image-supported strong peak
L09-0087,9,577.3849366122494,527.862762819821,strong_peak_refined,Pt,Pt,Pt,image-supported strong peak
L09-0088,9,565.5858704107758,548.065438945727,strong_peak_refined,Ga,Mixed,Mixed,image-supported strong peak
L09-0089,9,553.7167015618752,561.0248424915786,strong_peak_refined,Pt,Pt,Pt,image-supported strong peak
L09-0090,9,540.8213349179086,582.6529177232183,strong_peak_refined,Ga,Mixed,Mixed,image-supported strong peak
L09-0091,9,528.7291053841061,599.2907951939396,strong_peak_refined,Pt,Pt,Pt,image-supported strong peak
L09-0092,9,516.8597311973064,615.0108054042709,strong_peak_refined,Ga,Mixed,Mixed,image-supported strong peak
L09-0093,9,504.7923642304276,634.221934132726,strong_peak_refined,Pt,Pt,Pt,image-supported strong peak
L09-0094,9,492.5876335695978,654.1827131846212,strong_peak_refined,Ga,Mixed,Mixed,image-supported strong peak
L09-0095,9,480.6780863723168,669.3672201834196,strong_peak_refined,Pt,Pt,Pt,image-supported strong peak
L09-0096,9,469.2644828502049,687.1473936971116,strong_peak_refined,Ga,Mixed,Mixed,image-supported strong peak
L09-0097,9,457.1153225334576,705.5084684672152,strong_peak_refined,Pt,Pt,Pt,image-supported strong peak
L09-0098,9,445.2469583184785,724.511843673937,strong_peak_refined,Ga,Mixed,Mixed,image-supported strong peak
L09-0099,9,433.7769389605467,742.5772767303148,strong_peak_refined,Pt,Pt,Pt,image-supported strong peak
L09-0100,9,421.8163454222632,758.2317117800656,strong_peak_refined,Ga,Mixed,Mixed,image-supported strong peak
L09-0101,9,409.798332973778,779.0271494210439,strong_peak_refined,Pt,Pt,Pt,image-supported strong peak
L09-0102,9,398.0967783023155,796.4207860540187,strong_peak_refined,Ga,Mixed,Mixed,image-supported strong peak
L09-0103,9,685.4902898455998,395.624259184093,strong_peak_refined,Pt,Pt,Pt,image-supported strong peak
L09-0104,9,672.680151739183,417.90729115750565,strong_peak_refined,Pt,Pt,Pt,image-supported strong peak
L09-0105,9,661.1228971721491,437.8788300752343,strong_peak_refined,Pt,Pt,Pt,image-supported strong peak
L09-0106,9,649.3496488605163,451.4826988835315,strong_peak_refined,Pt,Pt,Pt,image-supported strong peak
L09-0107,9,638.0019139673952,469.11921091761167,strong_peak_refined,Ga,Mixed,Mixed,image-supported strong peak
L09-0108,9,625.4712982758064,487.2609054613962,strong_peak_refined,Pt,Pt,Pt,image-supported strong peak
L09-0109,9,611.950509289044,511.2527312403124,strong_peak_refined,Ga,Mixed,Mixed,image-supported strong peak
L09-0110,9,600.3481457093507,528.6519348852373,strong_peak_refined,Pt,Pt,Pt,image-supported strong peak
L09-0111,9,589.8863542008148,540.7489850188178,strong_peak_refined,Ga,Mixed,Mixed,image-supported strong peak
L09-0112,9,576.4523183973116,561.332628661536,strong_peak_refined,Pt,Pt,Pt,image-supported strong peak
L09-0113,9,564.6510920417898,578.3641302804511,strong_peak_refined,Ga,Mixed,Mixed,image-supported strong peak
L09-0114,9,552.6974308322997,596.4743686495594,strong_peak_refined,Pt,Pt,Pt,image-supported strong peak
L09-0115,9,540.4750916826798,615.1046443564851,strong_peak_refined,Ga,Mixed,Mixed,image-supported strong peak
L09-0116,9,528.2366174218406,634.416335075737,strong_peak_refined,Pt,Pt,Pt,image-supported strong peak
L09-0117,9,516.0270963527748,650.1514214470455,strong_peak_refined,Ga,Mixed,Mixed,image-supported strong peak
L09-0118,9,503.7392849983044,670.2190183033263,strong_peak_refined,Pt,Pt,Pt,image-supported strong peak
L09-0119,9,492.2595080357704,687.7852318122369,strong_peak_refined,Ga,Mixed,Mixed,image-supported strong peak
L09-0120,9,480.88092571073423,704.3096049882892,strong_peak_refined,Pt,Pt,Pt,image-supported strong peak
L09-0121,9,468.8253185107057,722.3750395529152,strong_peak_refined,Ga,Mixed,Mixed,image-supported strong peak
L09-0122,9,457.4320125246089,740.5866978374028,strong_peak_refined,Pt,Pt,Pt,image-supported strong peak
L09-0123,9,445.2494913826863,758.448673428233,strong_peak_refined,Ga,Mixed,Mixed,image-supported strong peak
L09-0124,9,433.5774173424515,777.3214862695451,strong_peak_refined,Pt,Pt,Pt,image-supported strong peak
L09-0125,9,421.7870847213089,795.2908623199902,strong_peak_refined,Ga,Mixed,Mixed,image-supported strong peak
L09-0126,9,409.5288330381578,814.3305715737874,strong_peak_refined,Pt,Pt,Pt,image-supported strong peak
L09-0127,9,708.4510257188952,395.7381264466677,strong_peak_refined,Pt,Pt,Pt,image-supported strong peak
L09-0128,9,696.3911248083051,416.717887421214,strong_peak_refined,Pt,Pt,Pt,image-supported strong peak
L09-0129,9,684.4277620051759,435.24556235745655,strong_peak_refined,Pt,Pt,Pt,image-supported strong peak
L09-0130,9,672.8585437732685,451.2328313736061,strong_peak_refined,Pt,Pt,Pt,image-supported strong peak
L09-0131,9,659.5409059768948,473.6828133550442,strong_peak_refined,Ga,Mixed,Mixed,image-supported strong peak
L09-0132,9,649.1988275661871,485.11893702803576,strong_peak_refined,Pt,Pt,Pt,image-supported strong peak
L09-0133,9,636.6669502674539,505.8112835676332,strong_peak_refined,Ga,Mixed,Mixed,image-supported strong peak
L09-0134,9,623.3478064943837,528.6733213750647,strong_peak_refined,Pt,Pt,Pt,image-supported strong peak
L09-0135,9,611.3285039865174,545.6995669088369,strong_peak_refined,Ga,Mixed,Mixed,image-supported strong peak
L09-0136,9,599.656849024719,562.0499562045376,strong_peak_refined,Pt,Pt,Pt,image-supported strong peak
L09-0137,9,587.9386018304662,577.4014527302886,strong_peak_refined,Ga,Mixed,Mixed,image-supported strong peak
L09-0138,9,575.9394258123234,595.527587519523,strong_peak_refined,Pt,Pt,Pt,image-supported strong peak
L09-0139,9,564.1380856052651,613.663719014448,strong_peak_refined,Ga,Mixed,Mixed,image-supported strong peak
L09-0140,9,551.6172163830371,633.3285244532908,strong_peak_refined,Pt,Pt,Pt,image-supported strong peak
L09-0141,9,539.7717157730051,649.4517448128988,strong_peak_refined,Ga,Mixed,Mixed,image-supported strong peak
L09-0142,9,527.7649486074325,668.7684613395497,strong_peak_refined,Pt,Pt,Pt,image-supported strong peak
L09-0143,9,515.8609594435013,686.0039413924202,strong_peak_refined,Ga,Mixed,Mixed,image-supported strong peak
L09-0144,9,504.1764123416897,703.1088943063904,strong_peak_refined,Pt,Pt,Pt,image-supported strong peak
L09-0145,9,492.2167482983137,720.7199376929302,strong_peak_refined,Ga,Mixed,Mixed,image-supported strong peak
L09-0146,9,480.316047738536,739.2057415426784,strong_peak_refined,Pt,Pt,Pt,image-supported strong peak
L09-0147,9,468.9550004829487,758.151608640907,strong_peak_refined,Ga,Mixed,Mixed,image-supported strong peak
L09-0148,9,457.2503088818097,777.8968391828779,strong_peak_refined,Pt,Pt,Pt,image-supported strong peak
L09-0149,9,445.3438746424176,793.0572152335436,strong_peak_refined,Ga,Mixed,Mixed,image-supported strong peak
L09-0150,9,433.2775971680063,813.2127994932082,strong_peak_refined,Pt,Pt,Pt,image-supported strong peak
L09-0151,9,421.4318643027992,832.8594138090001,strong_peak_refined,Ga,Mixed,Mixed,image-supported strong peak
L09-0152,9,409.24228700766616,850.0017616843735,strong_peak_refined,Pt,Pt,Pt,image-supported strong peak
L09-0153,9,731.5468631575478,394.43408706526566,strong_peak_refined,Pt,Pt,Pt,image-supported strong peak
L09-0154,9,719.763121307935,414.1855136889178,strong_peak_refined,Pt,Pt,Pt,image-supported strong peak
L09-0155,9,707.5681734193389,431.5809484647697,strong_peak_refined,Pt,Pt,Pt,image-supported strong peak
L09-0156,9,695.457114600576,453.4356004387012,strong_peak_refined,Pt,Pt,Pt,image-supported strong peak
L09-0157,9,682.9419121384914,472.1767584689098,strong_peak_refined,Ga,Mixed,Mixed,image-supported strong peak
L09-0158,9,671.800565349246,487.6574877199431,strong_peak_refined,Pt,Pt,Pt,image-supported strong peak
L09-0159,9,659.6622115774371,505.97295623070784,strong_peak_refined,Ga,Mixed,Mixed,image-supported strong peak
L09-0160,9,646.5107557163168,527.8688295213042,strong_peak_refined,Pt,Pt,Pt,image-supported strong peak
L09-0161,9,636.396686681702,539.6856138090621,strong_peak_refined,Ga,Mixed,Mixed,image-supported strong peak
L09-0162,9,623.7189786219179,559.2221283602158,strong_peak_refined,Pt,Pt,Pt,image-supported strong peak
L09-0163,9,611.4727313815501,576.5068133641158,strong_peak_refined,Ga,Mixed,Mixed,image-supported strong peak
L09-0164,9,599.7672299072516,594.3840492433186,strong_peak_refined,Pt,Pt,Pt,image-supported strong peak
L09-0165,9,587.696326365733,612.1867451625675,strong_peak_refined,Ga,Mixed,Mixed,image-supported strong peak
L09-0166,9,574.8983280988845,631.2310587265086,strong_peak_refined,Pt,Pt,Pt,image-supported strong peak
L09-0167,9,562.5760931170523,649.5129402590835,strong_peak_refined,Ga,Mixed,Mixed,image-supported strong peak
L09-0168,9,550.7714079972948,668.5584543838456,strong_peak_refined,Pt,Pt,Pt,image-supported strong peak
L09-0169,9,539.281210799278,684.5006698411247,strong_peak_refined,Ga,Mixed,Mixed,image-supported strong peak
L09-0170,9,527.5287999523753,703.3864039007746,strong_peak_refined,Pt,Pt,Pt,image-supported strong peak
L09-0171,9,515.619175638268,719.6867386047664,strong_peak_refined,Ga,Mixed,Mixed,image-supported strong peak
L09-0172,9,503.54850822260846,739.2589644687408,strong_peak_refined,Pt,Pt,Pt,image-supported strong peak
L09-0173,9,491.57048466840655,756.2791417176261,strong_peak_refined,Ga,Mixed,Mixed,image-supported strong peak
L09-0174,9,479.9639736241323,775.2714648832813,strong_peak_refined,Pt,Pt,Pt,image-supported strong peak
L09-0175,9,468.5033228119706,792.4805732189983,strong_peak_refined,Ga,Mixed,Mixed,image-supported strong peak
L09-0176,9,456.8344631308033,813.2134682957778,strong_peak_refined,Pt,Pt,Pt,image-supported strong peak
L09-0177,9,444.7511101630124,830.4092105893201,strong_peak_refined,Ga,Mixed,Mixed,image-supported strong peak
L09-0178,9,433.0583233785615,846.5622892243163,strong_peak_refined,Pt,Pt,Pt,image-supported strong peak
L09-0179,9,420.6485309977917,865.380495823257,strong_peak_refined,Ga,Mixed,Mixed,image-supported strong peak
L09-0180,9,755.3901821330497,394.78339153067526,strong_peak_refined,Pt,Pt,Pt,image-supported strong peak
L09-0181,9,743.6511955629325,413.9467881465895,strong_peak_refined,Pt,Pt,Pt,image-supported strong peak
L09-0182,9,730.9722572279766,432.6122583647517,strong_peak_refined,Pt,Pt,Pt,image-supported strong peak
L09-0183,9,719.0540602866604,451.8517514675407,strong_peak_refined,Pt,Pt,Pt,image-supported strong peak
L09-0184,9,707.1667590211059,470.4187969933312,strong_peak_refined,Ga,Mixed,Mixed,image-supported strong peak
L09-0185,9,694.8775399935912,487.17972695141015,strong_peak_refined,Pt,Pt,Pt,image-supported strong peak
L09-0186,9,683.3372131407034,505.6561746246832,strong_peak_refined,Ga,Mixed,Mixed,image-supported strong peak
L09-0187,9,671.278485598637,522.4407285291743,strong_peak_refined,Pt,Pt,Pt,image-supported strong peak
L09-0188,9,659.0011851279199,543.0939947368759,strong_peak_refined,Ga,Mixed,Mixed,image-supported strong peak
L09-0189,9,647.4171876594805,558.1788103753361,strong_peak_refined,Pt,Pt,Pt,image-supported strong peak
L09-0190,9,635.5328000530264,575.024266071127,strong_peak_refined,Ga,Mixed,Mixed,image-supported strong peak
L09-0191,9,623.319841709194,593.1627109031001,strong_peak_refined,Pt,Pt,Pt,image-supported strong peak
L09-0192,9,610.9983660420309,611.3145207343591,strong_peak_refined,Ga,Mixed,Mixed,image-supported strong peak
L09-0193,9,598.5709796643172,630.4696937874365,strong_peak_refined,Pt,Pt,Pt,image-supported strong peak
L09-0194,9,586.5288544601142,648.9778758230733,strong_peak_refined,Ga,Mixed,Mixed,image-supported strong peak
L09-0195,9,574.4526587092103,666.3480435079214,strong_peak_refined,Pt,Pt,Pt,image-supported strong peak
L09-0196,9,562.6151247801888,682.4281530815706,strong_peak_refined,Ga,Mixed,Mixed,image-supported strong peak
L09-0197,9,550.5206841280126,700.9868536526353,strong_peak_refined,Pt,Pt,Pt,image-supported strong peak
L09-0198,9,539.368641356634,717.6190984471483,strong_peak_refined,Ga,Mixed,Mixed,image-supported strong peak
L09-0199,9,527.1690104386445,738.6293614317398,strong_peak_refined,Pt,Pt,Pt,image-supported strong peak
L09-0200,9,515.5397850969904,754.7123929811221,strong_peak_refined,Ga,Mixed,Mixed,image-supported strong peak
L09-0201,9,503.631074953945,776.4055943496379,strong_peak_refined,Pt,Pt,Pt,image-supported strong peak
L09-0202,9,492.4599280514648,792.9658355110578,strong_peak_refined,Ga,Mixed,Mixed,image-supported strong peak
L09-0203,9,480.4639286802734,810.1464349445765,strong_peak_refined,Pt,Pt,Pt,image-supported strong peak
L09-0204,9,468.5390405612742,829.7326051350443,strong_peak_refined,Ga,Mixed,Mixed,image-supported strong peak
L09-0205,9,456.4847127752102,848.7676713777777,strong_peak_refined,Pt,Pt,Pt,image-supported strong peak
L09-0206,9,444.3747427542596,866.3582073700823,strong_peak_refined,Ga,Mixed,Mixed,image-supported strong peak
L09-0207,9,432.3381828491135,884.0881290197318,strong_peak_refined,Pt,Pt,Pt,image-supported strong peak
L09-0208,9,767.5636778038336,412.4399332679228,strong_peak_refined,Pt,Pt,Pt,image-supported strong peak
L09-0209,9,754.6754697371168,431.86808726001226,strong_peak_refined,Pt,Pt,Pt,image-supported strong peak
L09-0210,9,742.4423984345894,449.9451688086827,strong_peak_refined,Pt,Pt,Pt,image-supported strong peak
L09-0211,9,729.8221929023459,469.72272303896113,strong_peak_refined,Pt,Pt,Pt,image-supported strong peak
L09-0212,9,718.2981974267834,485.73421870492535,strong_peak_refined,Pt,Pt,Pt,image-supported strong peak
L09-0213,9,706.6825372702971,502.21570986293176,strong_peak_refined,Ga,Mixed,Mixed,image-supported strong peak
L09-0214,9,694.4253697397719,523.2292020157696,strong_peak_refined,Pt,Pt,Pt,image-supported strong peak
L09-0215,9,683.1196125542418,538.2299104988074,strong_peak_refined,Ga,Mixed,Mixed,image-supported strong peak
L09-0216,9,670.6071451044066,557.312228031715,strong_peak_refined,Pt,Pt,Pt,image-supported strong peak
L09-0217,9,658.4774366646687,574.9420622091162,strong_peak_refined,Ga,Mixed,Mixed,image-supported strong peak
L09-0218,9,646.0066679740314,593.0401840937864,strong_peak_refined,Pt,Pt,Pt,image-supported strong peak
L09-0219,9,634.3741494679977,610.3854052934998,strong_peak_refined,Ga,Mixed,Mixed,image-supported strong peak
L09-0220,9,622.5805091605318,628.3887762239737,strong_peak_refined,Pt,Pt,Pt,image-supported strong peak
L09-0221,9,609.7029550024912,646.1691984122424,strong_peak_refined,Ga,Mixed,Mixed,image-supported strong peak
L09-0222,9,597.9315656242237,663.8493802585925,strong_peak_refined,Pt,Pt,Pt,image-supported strong peak
L09-0223,9,586.3246484742857,682.9202047869858,strong_peak_refined,Ga,Mixed,Mixed,image-supported strong peak
L09-0224,9,574.7045093142232,699.0493612568299,strong_peak_refined,Pt,Pt,Pt,image-supported strong peak
L09-0225,9,561.6969691175582,716.612496053269,strong_peak_refined,Ga,Mixed,Mixed,image-supported strong peak
L09-0226,9,550.2170166066308,734.4635498776097,strong_peak_refined,Pt,Pt,Pt,image-supported strong peak
L09-0227,9,538.8612360014508,753.2350423183997,strong_peak_refined,Ga,Mixed,Mixed,image-supported strong peak
L09-0228,9,527.186412964158,773.9157125343028,strong_peak_refined,Pt,Pt,Pt,image-supported strong peak
L09-0229,9,514.7810093701528,791.9477549435221,strong_peak_refined,Ga,Mixed,Mixed,image-supported strong peak
L09-0230,9,503.2485469062532,808.5394897831011,strong_peak_refined,Pt,Pt,Pt,image-supported strong peak
L09-0231,9,491.186117331888,826.2289459111948,strong_peak_refined,Ga,Mixed,Mixed,image-supported strong peak
L09-0232,9,479.8399325139277,848.3046630232884,strong_peak_refined,Pt,Pt,Pt,image-supported strong peak
L09-0233,9,467.2171984894268,863.7655355410695,strong_peak_refined,Ga,Mixed,Mixed,image-supported strong peak
L09-0234,9,456.03827959378174,883.7891428892984,strong_peak_refined,Pt,Pt,Pt,image-supported strong peak
L09-0235,9,443.541638803609,899.5672631002784,strong_peak_refined,Ga,Mixed,Mixed,image-supported strong peak
L09-0236,9,790.4261229257911,411.6010832283368,strong_peak_refined,Pt,Pt,Pt,image-supported strong peak
L09-0237,9,777.8063478089247,430.16819696584895,strong_peak_refined,Pt,Pt,Pt,image-supported strong peak
L09-0238,9,765.8680912673117,449.0348989937863,strong_peak_refined,Pt,Pt,Pt,image-supported strong peak
L09-0239,9,753.5127631720901,468.3306493387645,strong_peak_refined,Pt,Pt,Pt,image-supported strong peak
L09-0240,9,742.0417396389172,484.43048536132005,strong_peak_refined,Pt,Pt,Pt,image-supported strong peak
L09-0241,9,730.3244108599946,502.21728567332127,strong_peak_refined,Ga,Mixed,Mixed,image-supported strong peak
L09-0242,9,718.9021595708961,518.7846421002258,strong_peak_refined,Pt,Pt,Pt,image-supported strong peak
L09-0243,9,706.7365972852489,539.9308616808328,strong_peak_refined,Ga,Mixed,Mixed,image-supported strong peak
L09-0244,9,693.8298257507171,557.8492263462347,strong_peak_refined,Pt,Pt,Pt,image-supported strong peak
L09-0245,9,682.1899648130536,573.6718011894513,strong_peak_refined,Ga,Mixed,Mixed,image-supported strong peak
L09-0246,9,669.3305901489995,592.3073718021083,strong_peak_refined,Pt,Pt,Pt,image-supported strong peak
L09-0247,9,657.610184641924,609.396583004176,strong_peak_refined,Ga,Mixed,Mixed,image-supported strong peak
L09-0248,9,645.2880426794853,628.6273854665185,strong_peak_refined,Pt,Pt,Pt,image-supported strong peak
L09-0249,9,633.3818243753153,646.4514528874531,strong_peak_refined,Ga,Mixed,Mixed,image-supported strong peak
L09-0250,9,621.1368619132036,663.8229482787372,strong_peak_refined,Pt,Pt,Pt,image-supported strong peak
L09-0251,9,609.6136693940992,680.2495486974652,strong_peak_refined,Ga,Mixed,Mixed,image-supported strong peak
L09-0252,9,597.53419361168,699.8875687135101,strong_peak_refined,Pt,Pt,Pt,image-supported strong peak
L09-0253,9,585.9510783562696,717.0262068301296,strong_peak_refined,Ga,Mixed,Mixed,image-supported strong peak
L09-0254,9,574.1596286780475,734.1412304293896,strong_peak_refined,Pt,Pt,Pt,image-supported strong peak
L09-0255,9,561.8025309727204,755.5737808609533,strong_peak_refined,Ga,Mixed,Mixed,image-supported strong peak
L09-0256,9,550.2665385463804,773.8165394841278,strong_peak_refined,Pt,Pt,Pt,image-supported strong peak
L09-0257,9,538.9498183911443,791.1779400336367,strong_peak_refined,Ga,Mixed,Mixed,image-supported strong peak
L09-0258,9,526.7109824250729,808.3955150902128,strong_peak_refined,Pt,Pt,Pt,image-supported strong peak
L09-0259,9,515.5173585597852,828.6434688851285,strong_peak_refined,Ga,Mixed,Mixed,image-supported strong peak
L09-0260,9,503.2712897838784,845.0507300740032,strong_peak_refined,Pt,Pt,Pt,image-supported strong peak
L09-0261,9,490.70013443921965,860.8186182171827,strong_peak_refined,Ga,Mixed,Mixed,image-supported strong peak
L09-0262,9,478.73749332636544,879.3873465667168,strong_peak_refined,Pt,Pt,Pt,image-supported strong peak
L09-0263,9,467.5716284605252,900.6157706834949,strong_peak_refined,Ga,Mixed,Mixed,image-supported strong peak
L09-0264,9,455.14492777991177,918.840359193831,strong_peak_refined,Pt,Pt,Pt,image-supported strong peak
L09-0265,9,811.745451515761,407.329790755879,strong_peak_refined,Pt,Pt,Pt,image-supported strong peak
L09-0266,9,802.082927216105,427.7435171373369,strong_peak_refined,Pt,Pt,Pt,image-supported strong peak
L09-0267,9,789.716089107429,447.43464403752085,strong_peak_refined,Pt,Pt,Pt,image-supported strong peak
L09-0268,9,777.4674549987774,467.2064142001157,strong_peak_refined,Pt,Pt,Pt,image-supported strong peak
L09-0269,9,765.2655884408044,484.0218057737234,strong_peak_refined,Pt,Pt,Pt,image-supported strong peak
L09-0270,9,754.2808105037553,499.5456248140815,strong_peak_refined,Pt,Pt,Pt,image-supported strong peak
L09-0271,9,741.0006224884474,520.5027405681789,strong_peak_refined,Pt,Pt,Pt,image-supported strong peak
L09-0272,9,729.1050827046222,539.7547760445086,strong_peak_refined,Ga,Mixed,Mixed,image-supported strong peak
L09-0273,9,716.830710189292,557.0393070402088,strong_peak_refined,Pt,Pt,Pt,image-supported strong peak
L09-0274,9,705.1921560694244,573.9136229232497,strong_peak_refined,Ga,Mixed,Mixed,image-supported strong peak
L09-0275,9,693.355840483302,589.589603992976,strong_peak_refined,Pt,Pt,Pt,image-supported strong peak
L09-0276,9,681.2005976545036,607.4377682724135,strong_peak_refined,Ga,Mixed,Mixed,image-supported strong peak
L09-0277,9,668.5144555643863,628.8136562479814,strong_peak_refined,Pt,Pt,Pt,image-supported strong peak
L09-0278,9,657.3350074599166,643.4645115017931,strong_peak_refined,Ga,Mixed,Mixed,image-supported strong peak
L09-0279,9,644.627043815379,663.4182996079878,strong_peak_refined,Pt,Pt,Pt,image-supported strong peak
L09-0280,9,632.5440447260053,681.9988828091524,strong_peak_refined,Ga,Mixed,Mixed,image-supported strong peak
L09-0281,9,621.0884161510426,700.1010079859826,strong_peak_refined,Pt,Pt,Pt,image-supported strong peak
L09-0282,9,608.9752625928171,715.8848914731774,strong_peak_refined,Ga,Mixed,Mixed,image-supported strong peak
L09-0283,9,597.3996036762192,734.745688761127,strong_peak_refined,Pt,Pt,Pt,image-supported strong peak
L09-0284,9,584.7028795090368,752.4860393014201,strong_peak_refined,Ga,Mixed,Mixed,image-supported strong peak
L09-0285,9,573.6358862013656,768.8385129294384,strong_peak_refined,Pt,Pt,Pt,image-supported strong peak
L09-0286,9,562.548027304551,790.4508189332914,strong_peak_refined,Ga,Mixed,Mixed,image-supported strong peak
L09-0287,9,550.6968158095965,810.9777328430873,strong_peak_refined,Pt,Pt,Pt,image-supported strong peak
L09-0288,9,537.0325799007063,823.37173880979,strong_peak_refined,Ga,Mixed,Mixed,image-supported strong peak
L09-0289,9,525.6178940677564,843.8552948934665,strong_peak_refined,Pt,Pt,Pt,image-supported strong peak
L09-0290,9,513.7554062698977,860.5686723888683,strong_peak_refined,Ga,Mixed,Mixed,image-supported strong peak
L09-0291,9,502.8519388336495,883.396975368283,strong_peak_refined,Pt,Pt,Pt,image-supported strong peak
L09-0292,9,490.5908011298851,900.6547501944948,strong_peak_refined,Ga,Mixed,Mixed,image-supported strong peak
L09-0293,9,478.5153137509194,918.8684869110904,strong_peak_refined,Pt,Pt,Pt,image-supported strong peak
L09-0294,9,465.9784229272975,936.1647716606108,strong_peak_refined,Ga,Mixed,Mixed,image-supported strong peak
L09-0295,9,825.4686275257603,426.1672251888607,strong_peak_refined,Pt,Pt,Pt,image-supported strong peak
L09-0296,9,813.7771543836526,445.2883790090517,strong_peak_refined,Pt,Pt,Pt,image-supported strong peak
L09-0297,9,801.049829861207,464.1953582966659,strong_peak_refined,Pt,Pt,Pt,image-supported strong peak
L09-0298,9,788.5131003808046,482.8892762856144,strong_peak_refined,Pt,Pt,Pt,image-supported strong peak
L09-0299,9,776.7678634276223,501.818672777643,strong_peak_refined,Pt,Pt,Pt,image-supported strong peak
L09-0300,9,764.4680259099773,520.4204746316524,strong_peak_refined,Pt,Pt,Pt,image-supported strong peak
L09-0301,9,751.8484171258959,539.1219556049012,strong_peak_refined,Ga,Mixed,Mixed,image-supported strong peak
L09-0302,9,740.0556836301635,556.8860106640893,strong_peak_refined,Pt,Pt,Pt,image-supported strong peak
L09-0303,9,728.9438481325051,570.3127758902696,strong_peak_refined,Ga,Mixed,Mixed,image-supported strong peak
L09-0304,9,716.1105699826843,589.3655290167833,strong_peak_refined,Pt,Pt,Pt,image-supported strong peak
L09-0305,9,703.7681506852716,609.412751711034,strong_peak_refined,Ga,Mixed,Mixed,image-supported strong peak
L09-0306,9,691.6151646844603,627.7368941400894,strong_peak_refined,Pt,Pt,Pt,image-supported strong peak
L09-0307,9,680.4099111827782,642.2737284169647,strong_peak_refined,Ga,Mixed,Mixed,image-supported strong peak
L09-0308,9,667.955679382549,662.9030516830346,strong_peak_refined,Pt,Pt,Pt,image-supported strong peak
L09-0309,9,656.1172387165053,678.225722866082,strong_peak_refined,Ga,Mixed,Mixed,image-supported strong peak
L09-0310,9,644.3227663554648,696.3877299348036,strong_peak_refined,Pt,Pt,Pt,image-supported strong peak
L09-0311,9,632.6381975132266,715.1308625155809,strong_peak_refined,Ga,Mixed,Mixed,image-supported strong peak
L09-0312,9,621.040839034341,734.2674515170862,strong_peak_refined,Pt,Pt,Pt,image-supported strong peak
L09-0313,9,608.9671278507041,751.9954007828491,strong_peak_refined,Ga,Mixed,Mixed,image-supported strong peak
L09-0314,9,596.9787689542983,767.6823558290706,strong_peak_refined,Pt,Pt,Pt,image-supported strong peak
L09-0315,9,584.8617886364332,787.2266758935366,strong_peak_refined,Ga,Mixed,Mixed,image-supported strong peak
L09-0316,9,573.6230028649557,806.6522274317034,strong_peak_refined,Pt,Pt,Pt,image-supported strong peak
L09-0317,9,561.5652131631133,824.9902880946211,strong_peak_refined,Ga,Mixed,Mixed,image-supported strong peak
L09-0318,9,549.926549578335,845.6539856924929,strong_peak_refined,Pt,Pt,Pt,image-supported strong peak
L09-0319,9,536.8629284701345,860.1828915695431,strong_peak_refined,Ga,Mixed,Mixed,image-supported strong peak
L09-0320,9,525.3007408724336,878.7357398879112,strong_peak_refined,Pt,Pt,Pt,image-supported strong peak
L09-0321,9,513.2678655598505,897.5230578230722,strong_peak_refined,Ga,Mixed,Mixed,image-supported strong peak
L09-0322,9,501.0347456832064,915.1096797685512,strong_peak_refined,Pt,Pt,Pt,image-supported strong peak
L09-0323,9,488.789675669049,935.5494967597392,strong_peak_refined,Ga,Mixed,Mixed,image-supported strong peak
L09-0324,9,478.1408543778744,954.011208688032,strong_peak_refined,Ga,Liquid,Liquid,image-supported strong peak
L09-0325,9,850.2437029505662,425.6871846074625,strong_peak_refined,Pt,Pt,Pt,image-supported strong peak
L09-0326,9,837.1970403853463,444.7387109536464,strong_peak_refined,Pt,Pt,Pt,image-supported strong peak
L09-0327,9,825.2491591779418,462.9916043275175,strong_peak_refined,Pt,Pt,Pt,image-supported strong peak
L09-0328,9,812.0200187640685,482.2412400560991,strong_peak_refined,Pt,Pt,Pt,image-supported strong peak
L09-0329,9,799.7187331055026,500.76398003132994,strong_peak_refined,Pt,Pt,Pt,image-supported strong peak
L09-0330,9,787.9817000042882,517.1472544432254,strong_peak_refined,Pt,Pt,Pt,image-supported strong peak
L09-0331,9,775.8395758903293,537.6405235786831,strong_peak_refined,Pt,Pt,Pt,image-supported strong peak
L09-0332,9,763.4080955183052,555.4496736494236,strong_peak_refined,Pt,Pt,Pt,image-supported strong peak
L09-0333,9,751.6077681330646,574.5184689613027,strong_peak_refined,Ga,Mixed,Mixed,image-supported strong peak
L09-0334,9,739.6120160331071,588.627398112572,strong_peak_refined,Pt,Pt,Pt,image-supported strong peak
L09-0335,9,728.1296603394613,606.6634660179133,strong_peak_refined,Ga,Mixed,Mixed,image-supported strong peak
L09-0336,9,715.3812024446677,624.9769492516841,strong_peak_refined,Pt,Pt,Pt,image-supported strong peak
L09-0337,9,703.3804325937818,642.2553374154239,strong_peak_refined,Ga,Mixed,Mixed,image-supported strong peak
L09-0338,9,690.6484140710479,662.69168554267,strong_peak_refined,Pt,Pt,Pt,image-supported strong peak
L09-0339,9,679.4279613192971,679.1956722314848,strong_peak_refined,Ga,Mixed,Mixed,image-supported strong peak
L09-0340,9,667.7470103188485,696.1486848306005,strong_peak_refined,Pt,Pt,Pt,image-supported strong peak
L09-0341,9,655.9252675722573,713.9755613712794,strong_peak_refined,Ga,Mixed,Mixed,image-supported strong peak
L09-0342,9,644.5859383355777,730.3177797249818,strong_peak_refined,Pt,Pt,Pt,image-supported strong peak
L09-0343,9,632.1885508483514,750.3536279285987,strong_peak_refined,Ga,Mixed,Mixed,image-supported strong peak
L09-0344,9,621.3598295983821,769.8339395646789,strong_peak_refined,Pt,Pt,Pt,image-supported strong peak
L09-0345,9,609.2552845044328,786.4827590361164,strong_peak_refined,Ga,Mixed,Mixed,image-supported strong peak
L09-0346,9,596.3627688644713,805.0809779917155,strong_peak_refined,Pt,Pt,Pt,image-supported strong peak
L09-0347,9,585.1051518208855,822.9733772766648,strong_peak_refined,Ga,Mixed,Mixed,image-supported strong peak
L09-0348,9,572.8576207374008,840.1779045826696,strong_peak_refined,Pt,Pt,Pt,image-supported strong peak
L09-0349,9,560.5755628232329,860.2466572408206,strong_peak_refined,Ga,Mixed,Mixed,image-supported strong peak
L09-0350,9,548.3464797628377,876.3329414304907,strong_peak_refined,Pt,Pt,Pt,image-supported strong peak
L09-0351,9,536.661385686935,896.4917617200557,strong_peak_refined,Ga,Mixed,Mixed,image-supported strong peak
L09-0352,9,524.4820582742221,915.2833321756387,strong_peak_refined,Pt,Pt,Pt,image-supported strong peak
L09-0353,9,512.6033974234263,932.2185868146576,strong_peak_refined,Ga,Mixed,Mixed,image-supported strong peak
L09-0354,9,500.6979740553773,952.7081160082053,strong_peak_refined,Ga,Liquid,Liquid,image-supported strong peak
L09-0355,9,861.8536131938843,443.38883351085633,strong_peak_refined,Pt,Pt,Pt,image-supported strong peak
L09-0356,9,848.4089746903026,460.747268737781,strong_peak_refined,Pt,Pt,Pt,image-supported strong peak
L09-0357,9,835.6445864797515,480.6686855106877,strong_peak_refined,Pt,Pt,Pt,image-supported strong peak
L09-0358,9,823.3468852115278,499.0432461950597,strong_peak_refined,Pt,Pt,Pt,image-supported strong peak
L09-0359,9,811.2940547559326,517.3931170260599,strong_peak_refined,Pt,Pt,Pt,image-supported strong peak
L09-0360,9,798.8435843666795,536.7545825591715,strong_peak_refined,Pt,Pt,Pt,image-supported strong peak
L09-0361,9,786.5659181589095,555.5068133663642,strong_peak_refined,Pt,Pt,Pt,image-supported strong peak
L09-0362,9,775.6591750200623,571.0220156522456,strong_peak_refined,Ga,Mixed,Mixed,image-supported strong peak
L09-0363,9,763.4681625245053,586.4436627986523,strong_peak_refined,Pt,Pt,Pt,image-supported strong peak
L09-0364,9,751.2281547290489,603.473938233947,strong_peak_refined,Ga,Mixed,Mixed,image-supported strong peak
L09-0365,9,738.5524020249704,627.5820697020727,strong_peak_refined,Pt,Pt,Pt,image-supported strong peak
L09-0366,9,726.6814418349318,642.1033821134782,strong_peak_refined,Ga,Mixed,Mixed,image-supported strong peak
L09-0367,9,714.2473139478027,660.8577076762358,strong_peak_refined,Pt,Pt,Pt,image-supported strong peak
L09-0368,9,703.1094862293826,677.0865075488617,strong_peak_refined,Ga,Mixed,Mixed,image-supported strong peak
L09-0369,9,691.0644325954693,695.0739019158102,strong_peak_refined,Pt,Pt,Pt,image-supported strong peak
L09-0370,9,679.4200027638715,715.0198458612239,strong_peak_refined,Ga,Mixed,Mixed,image-supported strong peak
L09-0371,9,667.1866863383368,729.5482554222202,strong_peak_refined,Pt,Pt,Pt,image-supported strong peak
L09-0372,9,655.4726570240709,748.3158029363171,strong_peak_refined,Ga,Mixed,Mixed,image-supported strong peak
L09-0373,9,644.3379499357378,766.6150820289356,strong_peak_refined,Pt,Pt,Pt,image-supported strong peak
L09-0374,9,632.9101822535347,786.2713740828592,strong_peak_refined,Ga,Mixed,Mixed,image-supported strong peak
L09-0375,9,620.4506724274265,805.372847593229,strong_peak_refined,Pt,Pt,Pt,image-supported strong peak
L09-0376,9,608.5214606986697,822.4361036003656,strong_peak_refined,Ga,Mixed,Mixed,image-supported strong peak
L09-0377,9,597.1213014037438,842.3289954820194,strong_peak_refined,Pt,Pt,Pt,image-supported strong peak
L09-0378,9,584.4227056783272,858.014532443766,strong_peak_refined,Ga,Mixed,Mixed,image-supported strong peak
L09-0379,9,572.7271449911608,878.9157746745337,strong_peak_refined,Pt,Pt,Pt,image-supported strong peak
L09-0380,9,559.9272940851099,893.7438281575133,strong_peak_refined,Ga,Mixed,Mixed,image-supported strong peak
L09-0381,9,548.1185243269935,914.9380978036376,strong_peak_refined,Pt,Pt,Pt,image-supported strong peak
L09-0382,9,536.0775548894247,932.0415025067822,strong_peak_refined,Ga,Mixed,Mixed,image-supported strong peak
L09-0383,9,524.2197836494543,949.3734365638584,strong_peak_refined,Pt,Pt,Pt,image-supported strong peak
L09-0384,9,512.70968995235,968.1478346879506,strong_peak_refined,Ga,Liquid,Liquid,image-supported strong peak
L09-0385,9,889.0090797657043,442.6437046031982,weak_peak_refined,Pt,Pt,Pt,image-supported weak peak
L09-0386,9,871.9599145747957,460.5088450928386,strong_peak_refined,Pt,Pt,Pt,image-supported strong peak
L09-0387,9,859.2663197017149,478.314201176266,strong_peak_refined,Pt,Pt,Pt,image-supported strong peak
L09-0388,9,847.2937071279691,498.1397127776025,strong_peak_refined,Pt,Pt,Pt,image-supported strong peak
L09-0389,9,835.0483151723917,515.1359813458296,strong_peak_refined,Pt,Pt,Pt,image-supported strong peak
L09-0390,9,823.0704082250669,534.971471031864,strong_peak_refined,Pt,Pt,Pt,image-supported strong peak
L09-0391,9,810.4627885820578,553.2603771656387,strong_peak_refined,Pt,Pt,Pt,image-supported strong peak
L09-0392,9,798.766392426014,567.304485058462,strong_peak_refined,Ga,Mixed,Mixed,image-supported strong peak
L09-0393,9,786.1602929161953,589.610060887327,strong_peak_refined,Pt,Pt,Pt,image-supported strong peak
L09-0394,9,773.9173648827544,606.7379404755887,strong_peak_refined,Ga,Mixed,Mixed,image-supported strong peak
L09-0395,9,762.1898472717621,621.320639617133,strong_peak_refined,Pt,Pt,Pt,image-supported strong peak
L09-0396,9,751.1971212780289,640.2770547702983,strong_peak_refined,Ga,Mixed,Mixed,image-supported strong peak
L09-0397,9,738.4975680176116,659.0395294517375,strong_peak_refined,Pt,Pt,Pt,image-supported strong peak
L09-0398,9,726.1402193106414,676.3240883922134,strong_peak_refined,Ga,Mixed,Mixed,image-supported strong peak
L09-0399,9,714.3827679652654,696.1080584281457,strong_peak_refined,Pt,Pt,Pt,image-supported strong peak
L09-0400,9,702.9197240222816,712.9923993871589,strong_peak_refined,Ga,Mixed,Mixed,image-supported strong peak
L09-0401,9,690.6457030751639,728.7379040594353,strong_peak_refined,Pt,Pt,Pt,image-supported strong peak
L09-0402,9,679.0159266617699,746.4421060834567,strong_peak_refined,Ga,Mixed,Mixed,image-supported strong peak
L09-0403,9,667.5319499812058,768.3401309283392,strong_peak_refined,Pt,Pt,Pt,image-supported strong peak
L09-0404,9,655.8727751684467,785.2156796958518,strong_peak_refined,Ga,Mixed,Mixed,image-supported strong peak
L09-0405,9,644.2536358361822,804.7303896259499,strong_peak_refined,Pt,Pt,Pt,image-supported strong peak
L09-0406,9,631.5736176442465,821.6616978846145,strong_peak_refined,Ga,Mixed,Mixed,image-supported strong peak
L09-0407,9,619.513258218681,840.1727198375568,strong_peak_refined,Pt,Pt,Pt,image-supported strong peak
L09-0408,9,608.1533031006583,856.2677899627157,strong_peak_refined,Ga,Mixed,Mixed,image-supported strong peak
L09-0409,9,595.9138693076125,874.0989765565618,strong_peak_refined,Pt,Pt,Pt,image-supported strong peak
L09-0410,9,583.4199534982763,893.8506898007366,strong_peak_refined,Ga,Mixed,Mixed,image-supported strong peak
L09-0411,9,571.3625780800897,913.9868192856017,strong_peak_refined,Pt,Pt,Pt,image-supported strong peak
L09-0412,9,559.827087420201,931.7718579743356,strong_peak_refined,Ga,Mixed,Mixed,image-supported strong peak
L09-0413,9,547.8788604779402,945.0910913551018,strong_peak_refined,Pt,Pt,Pt,image-supported strong peak
L09-0414,9,535.3946391076752,967.4194740980616,strong_peak_refined,Ga,Liquid,Liquid,image-supported strong peak
L09-0415,9,523.6412702964494,987.6415951813394,strong_peak_refined,Ga,Liquid,Liquid,image-supported strong peak
L09-0416,9,894.1664411675695,460.391804557676,strong_peak_refined,Pt,Pt,Pt,image-supported strong peak
L09-0417,9,882.488899839382,477.9422567636213,strong_peak_refined,Pt,Pt,Pt,image-supported strong peak
L09-0418,9,870.8288466676519,496.239252944462,strong_peak_refined,Pt,Pt,Pt,image-supported strong peak
L09-0419,9,858.6101199178561,515.8482607310516,strong_peak_refined,Pt,Pt,Pt,image-supported strong peak
L09-0420,9,846.6598292903702,534.8197515135502,strong_peak_refined,Pt,Pt,Pt,image-supported strong peak
L09-0421,9,834.2471358598367,552.5983695059336,strong_peak_refined,Pt,Pt,Pt,image-supported strong peak
L09-0422,9,822.1510652738611,570.7486414092057,strong_peak_refined,Pt,Pt,Pt,image-supported strong peak
L09-0423,9,810.0108022150893,587.9907038578006,strong_peak_refined,Pt,Pt,Pt,image-supported strong peak
L09-0424,9,798.1481157951465,604.3162295817332,strong_peak_refined,Ga,Mixed,Mixed,image-supported strong peak
L09-0425,9,785.6627640754288,624.4602392197976,strong_peak_refined,Pt,Pt,Pt,image-supported strong peak
L09-0426,9,774.0149196366726,640.1171646296044,strong_peak_refined,Ga,Mixed,Mixed,image-supported strong peak
L09-0427,9,761.8470502418584,657.6727998750993,strong_peak_refined,Pt,Pt,Pt,image-supported strong peak
L09-0428,9,750.2208157615823,674.7726043005387,strong_peak_refined,Ga,Mixed,Mixed,image-supported strong peak
L09-0429,9,737.602403261342,694.2509366478611,strong_peak_refined,Pt,Pt,Pt,image-supported strong peak
L09-0430,9,726.5188419725832,711.2846967914815,strong_peak_refined,Ga,Mixed,Mixed,image-supported strong peak
L09-0431,9,713.96860055926,730.0990296649995,strong_peak_refined,Pt,Pt,Pt,image-supported strong peak
L09-0432,9,702.7805565769373,746.955849701469,strong_peak_refined,Ga,Mixed,Mixed,image-supported strong peak
L09-0433,9,690.6469562216167,765.9156196237756,strong_peak_refined,Pt,Pt,Pt,image-supported strong peak
L09-0434,9,678.8717221575099,784.81579503683,strong_peak_refined,Ga,Mixed,Mixed,image-supported strong peak
L09-0435,9,667.3960476606206,801.4185304510069,strong_peak_refined,Pt,Pt,Pt,image-supported strong peak
L09-0436,9,655.3949671173115,820.4268466332405,strong_peak_refined,Ga,Mixed,Mixed,image-supported strong peak
L09-0437,9,642.926020315406,837.3945602497562,strong_peak_refined,Pt,Pt,Pt,image-supported strong peak
L09-0438,9,630.2522364935247,856.4242936383465,strong_peak_refined,Ga,Mixed,Mixed,image-supported strong peak
L09-0439,9,618.9729290090695,878.3202051655509,strong_peak_refined,Pt,Pt,Pt,image-supported strong peak
L09-0440,9,607.6875324415005,895.4701929463306,strong_peak_refined,Ga,Mixed,Mixed,image-supported strong peak
L09-0441,9,594.6368832929646,910.4093702624036,strong_peak_refined,Pt,Pt,Pt,image-supported strong peak
L09-0442,9,582.5150181452558,931.99682705982,strong_peak_refined,Ga,Mixed,Mixed,image-supported strong peak
L09-0443,9,570.6270383860663,951.7216483939492,strong_peak_refined,Pt,Pt,Pt,image-supported strong peak
L09-0444,9,558.849204391389,968.0573238193252,strong_peak_refined,Ga,Liquid,Liquid,image-supported strong peak
L09-0445,9,546.9428199315535,985.0503461745244,strong_peak_refined,Ga,Liquid,Liquid,image-supported strong peak
L09-0446,9,905.7275538535436,477.8333551883882,strong_peak_refined,Pt,Pt,Pt,image-supported strong peak
L09-0447,9,894.1362672150326,495.1526324650074,strong_peak_refined,Pt,Pt,Pt,image-supported strong peak
L09-0448,9,882.1844441587562,513.5412736241472,strong_peak_refined,Pt,Pt,Pt,image-supported strong peak
L09-0449,9,870.02349029714,531.5663297523447,strong_peak_refined,Pt,Pt,Pt,image-supported strong peak
L09-0450,9,857.8106112163683,552.0063517742578,strong_peak_refined,Pt,Pt,Pt,image-supported strong peak
L09-0451,9,845.6295549802687,570.5493306644825,strong_peak_refined,Pt,Pt,Pt,image-supported strong peak
L09-0452,9,833.3696580937844,585.8440071645895,strong_peak_refined,Pt,Pt,Pt,image-supported strong peak
L09-0453,9,820.7291574851364,606.7637183360891,strong_peak_refined,Ga,Mixed,Mixed,image-supported strong peak
L09-0454,9,809.4456186028052,621.4944620595963,strong_peak_refined,Pt,Pt,Pt,image-supported strong peak
L09-0455,9,797.7186150828496,638.1943102908615,strong_peak_refined,Ga,Mixed,Mixed,image-supported strong peak
L09-0456,9,784.5419364877868,659.9906610730391,strong_peak_refined,Pt,Pt,Pt,image-supported strong peak
L09-0457,9,773.3527770903852,674.0031395542142,strong_peak_refined,Ga,Mixed,Mixed,image-supported strong peak
L09-0458,9,760.9265795969807,692.5317678026531,strong_peak_refined,Pt,Pt,Pt,image-supported strong peak
L09-0459,9,749.8676449085683,709.5757071726446,strong_peak_refined,Ga,Mixed,Mixed,image-supported strong peak
L09-0460,9,737.4806602746014,729.7195974329164,strong_peak_refined,Pt,Pt,Pt,image-supported strong peak
L09-0461,9,725.9282546836549,747.9539229650624,strong_peak_refined,Ga,Mixed,Mixed,image-supported strong peak
L09-0462,9,713.4277310053689,764.7179500566906,strong_peak_refined,Pt,Pt,Pt,image-supported strong peak
L09-0463,9,702.2404682805472,783.58774750944,strong_peak_refined,Ga,Mixed,Mixed,image-supported strong peak
L09-0464,9,690.8039907390107,801.4405789279646,strong_peak_refined,Pt,Pt,Pt,image-supported strong peak
L09-0465,9,678.7812817331708,818.2701034560038,strong_peak_refined,Ga,Mixed,Mixed,image-supported strong peak
L09-0466,9,666.1670926641,839.4206850075764,strong_peak_refined,Pt,Pt,Pt,image-supported strong peak
L09-0467,9,654.756382565539,854.0570953808973,strong_peak_refined,Ga,Mixed,Mixed,image-supported strong peak
L09-0468,9,642.3844789626503,875.1359495421968,strong_peak_refined,Pt,Pt,Pt,image-supported strong peak
L09-0469,9,630.5539976003533,893.9450712146912,strong_peak_refined,Ga,Mixed,Mixed,image-supported strong peak
L09-0470,9,618.2574909257512,913.1237731811336,strong_peak_refined,Pt,Pt,Pt,image-supported strong peak
L09-0471,9,605.8506126280388,927.1734687987488,strong_peak_refined,Ga,Mixed,Mixed,image-supported strong peak
L09-0472,9,593.9087940164006,945.1939587408528,strong_peak_refined,Pt,Pt,Pt,image-supported strong peak
L09-0473,9,581.9301600222624,965.465566291248,strong_peak_refined,Ga,Liquid,Liquid,image-supported strong peak
L09-0474,9,570.2460155912299,980.06168961555,strong_peak_refined,Ga,Liquid,Liquid,image-supported strong peak
L09-0475,9,557.9766273999876,998.5962131786828,strong_peak_refined,Ga,Liquid,Liquid,image-supported strong peak
L09-0476,9,930.3225452234568,474.8443174042612,strong_peak_refined,Pt,Pt,Pt,image-supported strong peak
L09-0477,9,918.0901030112276,493.9626816141254,strong_peak_refined,Pt,Pt,Pt,image-supported strong peak
L09-0478,9,906.3050086810372,512.3702037932488,strong_peak_refined,Pt,Pt,Pt,image-supported strong peak
L09-0479,9,893.7224180913515,531.8990861999531,strong_peak_refined,Pt,Pt,Pt,image-supported strong peak
L09-0480,9,881.4978056407143,549.6597512616419,strong_peak_refined,Pt,Pt,Pt,image-supported strong peak
L09-0481,9,869.4741274436512,568.3745358010101,strong_peak_refined,Pt,Pt,Pt,image-supported strong peak
L09-0482,9,856.9970331982677,584.4555988703638,strong_peak_refined,Pt,Pt,Pt,image-supported strong peak
L09-0483,9,844.1238457458682,603.3071503625088,strong_peak_refined,Pt,Pt,Pt,image-supported strong peak
L09-0484,9,831.821996400212,622.7413335544219,strong_peak_refined,Pt,Pt,Pt,image-supported strong peak
L09-0485,9,821.0930292034742,637.9262999612122,strong_peak_refined,Ga,Mixed,Mixed,image-supported strong peak
L09-0486,9,808.4128167454996,657.5330558055128,strong_peak_refined,Pt,Pt,Pt,image-supported strong peak
L09-0487,9,796.5683606899183,675.8945878350961,strong_peak_refined,Ga,Mixed,Mixed,image-supported strong peak
L09-0488,9,784.6866750602816,692.4804596903828,strong_peak_refined,Pt,Pt,Pt,image-supported strong peak
L09-0489,9,773.1417117328722,709.0297657800139,strong_peak_refined,Ga,Mixed,Mixed,image-supported strong peak
L09-0490,9,760.950453387889,729.6135509173228,strong_peak_refined,Pt,Pt,Pt,image-supported strong peak
L09-0491,9,749.8425392325172,743.7851348429191,strong_peak_refined,Ga,Mixed,Mixed,image-supported strong peak
L09-0492,9,736.9866121032445,764.7810390857088,strong_peak_refined,Pt,Pt,Pt,image-supported strong peak
L09-0493,9,725.4344261860742,782.2005355605136,strong_peak_refined,Ga,Mixed,Mixed,image-supported strong peak
L09-0494,9,713.6093092037482,799.8341216057781,strong_peak_refined,Pt,Pt,Pt,image-supported strong peak
L09-0495,9,702.2520367936581,816.8656260801067,strong_peak_refined,Ga,Mixed,Mixed,image-supported strong peak
L09-0496,9,689.4671557631108,835.9843972716656,strong_peak_refined,Pt,Pt,Pt,image-supported strong peak
L09-0497,9,677.8587137853414,853.7012531850977,strong_peak_refined,Ga,Mixed,Mixed,image-supported strong peak
L09-0498,9,665.7963056033221,874.8287626801593,strong_peak_refined,Pt,Pt,Pt,image-supported strong peak
L09-0499,9,653.5240808421322,888.2120070721834,strong_peak_refined,Ga,Mixed,Mixed,image-supported strong peak
L09-0500,9,642.1614001653377,911.1178183456216,strong_peak_refined,Pt,Pt,Pt,image-supported strong peak
L09-0501,9,630.5769298893434,930.4407959107912,strong_peak_refined,Ga,Mixed,Mixed,image-supported strong peak
L09-0502,9,617.7084414372518,946.1421694687612,strong_peak_refined,Pt,Pt,Pt,image-supported strong peak
L09-0503,9,605.4861400463169,966.6230185165872,strong_peak_refined,Ga,Liquid,Liquid,image-supported strong peak
L09-0504,9,594.1399525113637,984.7141638165134,strong_peak_refined,Ga,Liquid,Liquid,image-supported strong peak
L09-0505,9,582.135604512853,997.522396334624,strong_peak_refined,Ga,Liquid,Liquid,image-supported strong peak
L09-0506,9,570.3521595442467,1016.55624933549,strong_peak_refined,Ga,Liquid,Liquid,image-supported strong peak
L09-0507,9,946.8045997703716,494.5015202477516,weak_peak_refined,Pt,Pt,Pt,image-supported weak peak
L09-0508,9,931.1483301511114,510.121820841019,strong_peak_refined,Pt,Pt,Pt,image-supported strong peak
L09-0509,9,916.747887783336,530.0826126058215,strong_peak_refined,Pt,Pt,Pt,image-supported strong peak
L09-0510,9,904.4579927568118,548.6522719899513,strong_peak_refined,Pt,Pt,Pt,image-supported strong peak
L09-0511,9,892.4798704642463,567.1231506899807,strong_peak_refined,Pt,Pt,Pt,image-supported strong peak
L09-0512,9,880.2075998989343,585.0050990563536,strong_peak_refined,Pt,Pt,Pt,image-supported strong peak
L09-0513,9,867.7434426484601,602.9253640548056,strong_peak_refined,Pt,Pt,Pt,image-supported strong peak
L09-0514,9,855.4148692953785,622.0588949735272,strong_peak_refined,Pt,Pt,Pt,image-supported strong peak
L09-0515,9,844.4622806504527,636.7135152932278,strong_peak_refined,Ga,Mixed,Mixed,image-supported strong peak
L09-0516,9,831.8242208735226,656.1468379015307,strong_peak_refined,Pt,Pt,Pt,image-supported strong peak
L09-0517,9,820.6634315916978,673.0718237014289,strong_peak_refined,Ga,Mixed,Mixed,image-supported strong peak
L09-0518,9,808.5639611881284,688.3250513896904,strong_peak_refined,Pt,Pt,Pt,image-supported strong peak
L09-0519,9,796.237964994226,708.1139637660323,strong_peak_refined,Ga,Mixed,Mixed,image-supported strong peak
L09-0520,9,784.3236217763085,726.0152607815701,strong_peak_refined,Pt,Pt,Pt,image-supported strong peak
L09-0521,9,772.789789212097,745.1472832340859,strong_peak_refined,Ga,Mixed,Mixed,image-supported strong peak
L09-0522,9,760.7766097183787,762.4011043193377,strong_peak_refined,Pt,Pt,Pt,image-supported strong peak
L09-0523,9,749.4153542868253,780.5926161552778,strong_peak_refined,Ga,Mixed,Mixed,image-supported strong peak
L09-0524,9,737.520474937927,799.5487208186129,strong_peak_refined,Pt,Pt,Pt,image-supported strong peak
L09-0525,9,725.9071116803507,818.6455669932662,strong_peak_refined,Ga,Mixed,Mixed,image-supported strong peak
L09-0526,9,713.1654468415386,835.4312031295683,strong_peak_refined,Pt,Pt,Pt,image-supported strong peak
L09-0527,9,702.2007706009472,855.6401097955894,strong_peak_refined,Ga,Mixed,Mixed,image-supported strong peak
L09-0528,9,689.5459601822516,874.6336607570505,strong_peak_refined,Pt,Pt,Pt,image-supported strong peak
L09-0529,9,677.7799533785338,891.6821445943726,strong_peak_refined,Ga,Mixed,Mixed,image-supported strong peak
L09-0530,9,665.4477234903089,912.1697666785058,strong_peak_refined,Pt,Pt,Pt,image-supported strong peak
L09-0531,9,653.4549383494416,927.0257959581847,strong_peak_refined,Ga,Mixed,Mixed,image-supported strong peak
L09-0532,9,641.0419125823654,946.9302983074704,strong_peak_refined,Pt,Pt,Pt,image-supported strong peak
L09-0533,9,629.43722407498,966.6179448452742,strong_peak_refined,Ga,Liquid,Liquid,image-supported strong peak
L09-0534,9,617.3514421267727,984.7472168760488,strong_peak_refined,Ga,Liquid,Liquid,image-supported strong peak
L09-0535,9,605.9535051185088,997.959964573164,strong_peak_refined,Ga,Liquid,Liquid,image-supported strong peak
L09-0536,9,593.8572828022142,1011.0712102917054,weak_peak_refined,Ga,Liquid,Liquid,image-supported weak peak
L09-0537,9,947.3784214729284,504.4363915458828,weak_peak_refined,Pt,Pt,Pt,image-supported weak peak
L09-0538,9,940.7811139209851,528.8005917724263,strong_peak_refined,Pt,Pt,Pt,image-supported strong peak
L09-0539,9,928.6736626663984,547.6477667650917,strong_peak_refined,Pt,Pt,Pt,image-supported strong peak
L09-0540,9,915.846278370358,565.8293016674758,strong_peak_refined,Pt,Pt,Pt,image-supported strong peak
L09-0541,9,903.3765902653204,583.5448745083447,strong_peak_refined,Pt,Pt,Pt,image-supported strong peak
L09-0542,9,890.9696678353748,601.2970029869139,strong_peak_refined,Pt,Pt,Pt,image-supported strong peak
L09-0543,9,879.1384686748869,619.2511548528316,strong_peak_refined,Pt,Pt,Pt,image-supported strong peak
L09-0544,9,866.8522514611867,638.6507756181569,strong_peak_refined,Pt,Pt,Pt,image-supported strong peak
L09-0545,9,855.0281696067766,655.9474321284354,strong_peak_refined,Pt,Pt,Pt,image-supported strong peak
L09-0546,9,843.2676964831829,673.647374784996,strong_peak_refined,Ga,Mixed,Mixed,image-supported strong peak
L09-0547,9,831.4118956688822,690.9495428589638,strong_peak_refined,Pt,Pt,Pt,image-supported strong peak
L09-0548,9,820.3829422173433,708.568831803004,strong_peak_refined,Ga,Mixed,Mixed,image-supported strong peak
L09-0549,9,807.464773085743,726.6797757932817,strong_peak_refined,Pt,Pt,Pt,image-supported strong peak
L09-0550,9,796.0622602933859,743.0266874546214,strong_peak_refined,Ga,Mixed,Mixed,image-supported strong peak
L09-0551,9,783.9806227997016,762.6149800436204,strong_peak_refined,Pt,Pt,Pt,image-supported strong peak
L09-0552,9,772.9035165040963,779.5647516493374,strong_peak_refined,Ga,Mixed,Mixed,image-supported strong peak
L09-0553,9,760.5558820920827,799.4724604189232,strong_peak_refined,Pt,Pt,Pt,image-supported strong peak
L09-0554,9,748.9555015111848,814.3034274657251,strong_peak_refined,Ga,Mixed,Mixed,image-supported strong peak
L09-0555,9,736.2435197918544,835.6865178550917,strong_peak_refined,Pt,Pt,Pt,image-supported strong peak
L09-0556,9,724.7642658543263,852.6746907269495,strong_peak_refined,Ga,Mixed,Mixed,image-supported strong peak
L09-0557,9,712.8458021229042,869.8242360771051,strong_peak_refined,Pt,Pt,Pt,image-supported strong peak
L09-0558,9,701.2188230178446,890.6805192078787,strong_peak_refined,Ga,Mixed,Mixed,image-supported strong peak
L09-0559,9,688.5038675836398,909.510816770898,strong_peak_refined,Pt,Pt,Pt,image-supported strong peak
L09-0560,9,677.2412932345271,924.57467005593,strong_peak_refined,Ga,Mixed,Mixed,image-supported strong peak
L09-0561,9,664.735242626629,944.8837456732288,strong_peak_refined,Pt,Pt,Pt,image-supported strong peak
L09-0562,9,652.9841478478277,962.6213401437968,strong_peak_refined,Ga,Liquid,Liquid,image-supported strong peak
L09-0563,9,641.2261136544645,980.3313567961078,strong_peak_refined,Ga,Liquid,Liquid,image-supported strong peak
L09-0564,9,628.7441296115746,996.7284728178612,strong_peak_refined,Ga,Liquid,Liquid,image-supported strong peak
L09-0565,9,617.0003030540305,1010.7231686720392,weak_peak_refined,Ga,Liquid,Liquid,image-supported weak peak
L09-0566,9,605.5118073234636,1034.0270475711104,strong_peak_refined,Ga,Liquid,Liquid,image-supported strong peak
L09-0567,9,969.200213548312,531.7105339786544,weak_peak_refined,Pt,Pt,Pt,image-supported weak peak
L09-0568,9,952.1938201929672,546.0466461844785,strong_peak_refined,Pt,Pt,Pt,image-supported strong peak
L09-0569,9,940.052766951532,564.3743923622525,strong_peak_refined,Pt,Pt,Pt,image-supported strong peak
L09-0570,9,927.7716641067532,581.8625617720339,strong_peak_refined,Pt,Pt,Pt,image-supported strong peak
L09-0571,9,914.9863729796664,600.6508586011665,strong_peak_refined,Pt,Pt,Pt,image-supported strong peak
L09-0572,9,902.4295249591172,618.266668870202,strong_peak_refined,Pt,Pt,Pt,image-supported strong peak
L09-0573,9,890.2352997144847,636.8142066071026,strong_peak_refined,Pt,Pt,Pt,image-supported strong peak
L09-0574,9,878.7389814407132,654.0877161151359,strong_peak_refined,Pt,Pt,Pt,image-supported strong peak
L09-0575,9,866.7963683495252,671.9981312055953,strong_peak_refined,Ga,Mixed,Mixed,image-supported strong peak
L09-0576,9,854.7725710558057,689.4826224618663,strong_peak_refined,Pt,Pt,Pt,image-supported strong peak
L09-0577,9,842.9078752578102,707.2125851738388,strong_peak_refined,Ga,Mixed,Mixed,image-supported strong peak
L09-0578,9,831.258441064434,725.4685599677192,strong_peak_refined,Pt,Pt,Pt,image-supported strong peak
L09-0579,9,819.5219419885402,743.9237403359339,strong_peak_refined,Ga,Mixed,Mixed,image-supported strong peak
L09-0580,9,807.4094703555317,762.1809332086806,strong_peak_refined,Pt,Pt,Pt,image-supported strong peak
L09-0581,9,796.2218324294234,779.0782491794768,strong_peak_refined,Ga,Mixed,Mixed,image-supported strong peak
L09-0582,9,784.819669430863,796.7648440809442,strong_peak_refined,Pt,Pt,Pt,image-supported strong peak
L09-0583,9,773.1099414731779,813.7810133185895,strong_peak_refined,Ga,Mixed,Mixed,image-supported strong peak
L09-0584,9,760.8847357639769,835.0184716422517,strong_peak_refined,Pt,Pt,Pt,image-supported strong peak
L09-0585,9,748.5925475632384,851.8507563620411,strong_peak_refined,Ga,Mixed,Mixed,image-supported strong peak
L09-0586,9,736.6083728622826,872.3012568728889,strong_peak_refined,Pt,Pt,Pt,image-supported strong peak
L09-0587,9,724.5192341053723,888.6406471467649,strong_peak_refined,Ga,Mixed,Mixed,image-supported strong peak
L09-0588,9,712.7341817481434,901.2918816866865,weak_peak_refined,Pt,Pt,Pt,image-supported weak peak
L09-0589,9,700.0659113376546,924.4150884184124,strong_peak_refined,Ga,Mixed,Mixed,image-supported strong peak
L09-0590,9,687.5525382444065,946.5484685296644,strong_peak_refined,Pt,Pt,Pt,image-supported strong peak
L09-0591,9,676.18147610083,961.8745597120148,strong_peak_refined,Ga,Liquid,Liquid,image-supported strong peak
L09-0592,9,664.2326254692052,980.974688969316,strong_peak_refined,Ga,Liquid,Liquid,image-supported strong peak
L09-0593,9,652.3520311610237,997.1859898780988,strong_peak_refined,Ga,Liquid,Liquid,image-supported strong peak
L09-0594,9,641.2857241725162,1016.2208801363906,strong_peak_refined,Ga,Liquid,Liquid,image-supported strong peak
L09-0595,9,629.9830882127848,1032.8936503106368,strong_peak_refined,Ga,Liquid,Liquid,image-supported strong peak
L09-0596,9,974.9804502081467,543.9749505059622,lattice_completed,Pt,Pt,Pt,lattice continuity / liquid-front display
L09-0597,9,964.3005628947064,562.4517172389784,strong_peak_refined,Pt,Pt,Pt,image-supported strong peak
L09-0598,9,951.1141639939154,581.494117828563,strong_peak_refined,Pt,Pt,Pt,image-supported strong peak
L09-0599,9,938.4803371065932,598.1776468232417,strong_peak_refined,Pt,Pt,Pt,image-supported strong peak
L09-0600,9,926.095692466912,616.5008434299888,strong_peak_refined,Pt,Pt,Pt,image-supported strong peak
L09-0601,9,913.8820313114632,635.067138527176,strong_peak_refined,Pt,Pt,Pt,image-supported strong peak
L09-0602,9,901.7801099129553,653.1185335354271,strong_peak_refined,Pt,Pt,Pt,image-supported strong peak
L09-0603,9,890.1140033033299,670.6534722409104,strong_peak_refined,Pt,Pt,Pt,image-supported strong peak
L09-0604,9,877.6326401776337,689.2466151943987,strong_peak_refined,Pt,Pt,Pt,image-supported strong peak
L09-0605,9,866.7670047577647,705.819646070541,strong_peak_refined,Ga,Mixed,Mixed,image-supported strong peak
L09-0606,9,854.4335507951369,725.4817395237394,strong_peak_refined,Pt,Pt,Pt,image-supported strong peak
L09-0607,9,842.6694727251744,743.7518812015564,strong_peak_refined,Ga,Mixed,Mixed,image-supported strong peak
L09-0608,9,830.8141542253169,760.4762183722848,strong_peak_refined,Pt,Pt,Pt,image-supported strong peak
L09-0609,9,819.854252670557,776.6698632084126,strong_peak_refined,Ga,Mixed,Mixed,image-supported strong peak
L09-0610,9,807.5525746612885,796.3541290418927,strong_peak_refined,Pt,Pt,Pt,image-supported strong peak
L09-0611,9,795.9904470473365,815.116621043404,strong_peak_refined,Ga,Mixed,Mixed,image-supported strong peak
L09-0612,9,784.0199087053046,834.7948730578113,strong_peak_refined,Pt,Pt,Pt,image-supported strong peak
L09-0613,9,772.0813464262183,849.6597269962731,strong_peak_refined,Ga,Mixed,Mixed,image-supported strong peak
L09-0614,9,759.8243736303781,871.4391244643693,strong_peak_refined,Pt,Pt,Pt,image-supported strong peak
L09-0615,9,747.3119440218937,887.5701125350129,strong_peak_refined,Ga,Mixed,Mixed,image-supported strong peak
L09-0616,9,735.5672139373447,905.2722794331198,strong_peak_refined,Pt,Pt,Pt,image-supported strong peak
L09-0617,9,723.6941816183062,923.4319661104714,strong_peak_refined,Ga,Mixed,Mixed,image-supported strong peak
L09-0618,9,711.3545163294303,944.4565054962642,strong_peak_refined,Pt,Pt,Pt,image-supported strong peak
L09-0619,9,699.5355015694145,963.3307485268572,strong_peak_refined,Ga,Liquid,Liquid,image-supported strong peak
L09-0620,9,687.9260411724022,976.9013521197544,strong_peak_refined,Ga,Liquid,Liquid,image-supported strong peak
L09-0621,9,676.3036562709874,992.485512656353,strong_peak_refined,Ga,Liquid,Liquid,image-supported strong peak
L09-0622,9,663.8201668823207,1011.0600214561392,strong_peak_refined,Ga,Liquid,Liquid,image-supported strong peak
L09-0623,9,652.1126817779134,1033.376713856473,strong_peak_refined,Ga,Liquid,Liquid,image-supported strong peak
L09-0624,9,986.4215204115384,560.9788979518987,lattice_completed,Pt,Pt,Pt,lattice continuity / liquid-front display
L09-0625,9,974.4456530794196,579.0236334289575,lattice_completed,Pt,Pt,Pt,lattice continuity / liquid-front display
L09-0626,9,963.4010096833904,597.2361431087496,strong_peak_refined,Pt,Pt,Pt,image-supported strong peak
L09-0627,9,949.6089462117176,614.5995628068466,strong_peak_refined,Pt,Pt,Pt,image-supported strong peak
L09-0628,9,937.7505775731504,633.8728512909626,strong_peak_refined,Pt,Pt,Pt,image-supported strong peak
L09-0629,9,925.1762804630332,651.0471096532018,strong_peak_refined,Pt,Pt,Pt,image-supported strong peak
L09-0630,9,913.6776210949968,670.0377814031626,strong_peak_refined,Pt,Pt,Pt,image-supported strong peak
L09-0631,9,901.3897804992064,687.8800712878607,strong_peak_refined,Pt,Pt,Pt,image-supported strong peak
L09-0632,9,889.3830721877586,706.0702963442761,strong_peak_refined,Ga,Mixed,Mixed,image-supported strong peak
L09-0633,9,877.742845013754,724.1827240241748,strong_peak_refined,Pt,Pt,Pt,image-supported strong peak
L09-0634,9,866.1556309762763,742.6922469381201,strong_peak_refined,Ga,Mixed,Mixed,image-supported strong peak
L09-0635,9,854.3353979493004,760.3077675160791,strong_peak_refined,Pt,Pt,Pt,image-supported strong peak
L09-0636,9,843.136900285014,777.5015093506189,strong_peak_refined,Ga,Mixed,Mixed,image-supported strong peak
L09-0637,9,831.4156961356287,796.4343160013233,strong_peak_refined,Pt,Pt,Pt,image-supported strong peak
L09-0638,9,819.7351752567217,813.56001641661,strong_peak_refined,Ga,Mixed,Mixed,image-supported strong peak
L09-0639,9,807.9113409526551,831.2065825068239,strong_peak_refined,Pt,Pt,Pt,image-supported strong peak
L09-0640,9,795.5841724517153,849.9877198955866,strong_peak_refined,Ga,Mixed,Mixed,image-supported strong peak
L09-0641,9,782.9786747872292,869.4902612949354,strong_peak_refined,Pt,Pt,Pt,image-supported strong peak
L09-0642,9,771.8816946171589,890.2605809118274,strong_peak_refined,Ga,Mixed,Mixed,image-supported strong peak
L09-0643,9,760.0346776384581,900.5332633193376,strong_peak_refined,Pt,Pt,Pt,image-supported strong peak
L09-0644,9,747.3001146761189,921.5864122236968,strong_peak_refined,Ga,Mixed,Mixed,image-supported strong peak
L09-0645,9,734.7079013402679,943.7902333456556,strong_peak_refined,Pt,Pt,Pt,image-supported strong peak
L09-0646,9,723.4066369937142,956.1642292477236,strong_peak_refined,Ga,Liquid,Liquid,image-supported strong peak
L09-0647,9,711.1581390668398,979.296026245645,strong_peak_refined,Ga,Liquid,Liquid,image-supported strong peak
L09-0648,9,698.7806168987657,996.3881454305464,strong_peak_refined,Ga,Liquid,Liquid,image-supported strong peak
L09-0649,9,687.7225386901557,1018.7974732590964,weak_peak_refined,Ga,Liquid,Liquid,image-supported weak peak
L09-0650,9,675.4241441665232,1026.4655057444336,strong_peak_refined,Ga,Liquid,Liquid,image-supported strong peak
L09-0651,9,994.2567166840428,583.1525066909077,strong_peak_refined,Pt,Pt,Pt,image-supported strong peak
L09-0652,9,983.3561041177647,594.5561779849892,strong_peak_refined,Pt,Pt,Pt,image-supported strong peak
L09-0653,9,975.443614947826,612.5556803041079,strong_peak_refined,Pt,Pt,Pt,image-supported strong peak
L09-0654,9,960.6592133180112,632.0597418408889,strong_peak_refined,Pt,Pt,Pt,image-supported strong peak
L09-0655,9,948.0935938376472,649.9828252268117,strong_peak_refined,Pt,Pt,Pt,image-supported strong peak
L09-0656,9,936.6417443473028,667.7198196712031,strong_peak_refined,Pt,Pt,Pt,image-supported strong peak
L09-0657,9,924.8098104092206,686.9169740875466,strong_peak_refined,Pt,Pt,Pt,image-supported strong peak
L09-0658,9,913.1493980239494,705.0778729595888,strong_peak_refined,Pt,Pt,Pt,image-supported strong peak
L09-0659,9,901.011998955131,722.4918417308687,strong_peak_refined,Pt,Pt,Pt,image-supported strong peak
L09-0660,9,889.5780049215201,740.487097826934,strong_peak_refined,Ga,Mixed,Mixed,image-supported strong peak
L09-0661,9,877.4563043810386,759.80279157994,strong_peak_refined,Pt,Pt,Pt,image-supported strong peak
L09-0662,9,865.8426488636491,778.2325210847174,strong_peak_refined,Ga,Mixed,Mixed,image-supported strong peak
L09-0663,9,854.6666857068625,791.3180085240226,strong_peak_refined,Pt,Pt,Pt,image-supported strong peak
L09-0664,9,842.7784503426748,812.0473340830441,strong_peak_refined,Ga,Mixed,Mixed,image-supported strong peak
L09-0665,9,830.4251993436158,831.4375278687714,strong_peak_refined,Pt,Pt,Pt,image-supported strong peak
L09-0666,9,819.121150395929,849.3203306283747,strong_peak_refined,Ga,Mixed,Mixed,image-supported strong peak
L09-0667,9,806.9454605332365,867.7735072527477,strong_peak_refined,Pt,Pt,Pt,image-supported strong peak
L09-0668,9,794.4834785195037,884.6480311412372,strong_peak_refined,Ga,Mixed,Mixed,image-supported strong peak
L09-0669,9,782.4127262104589,907.5652445930488,strong_peak_refined,Pt,Pt,Pt,image-supported strong peak
L09-0670,9,771.7768586938449,926.1628129573512,strong_peak_refined,Ga,Mixed,Mixed,image-supported strong peak
L09-0671,9,759.1176522320826,943.7872954794702,strong_peak_refined,Pt,Pt,Pt,image-supported strong peak
L09-0672,9,746.4556079936393,957.9853914748765,strong_peak_refined,Ga,Liquid,Liquid,image-supported strong peak
L09-0673,9,734.3811550324767,982.4607969604734,weak_peak_refined,Ga,Liquid,Liquid,image-supported weak peak
L09-0674,9,722.6495149321221,996.1886464076472,strong_peak_refined,Ga,Liquid,Liquid,image-supported strong peak
L09-0675,9,711.0026141944398,1007.3142543103328,strong_peak_refined,Ga,Liquid,Liquid,image-supported strong peak
L09-0676,9,699.2926844312266,1031.99079467687,strong_peak_refined,Ga,Liquid,Liquid,image-supported strong peak
L09-0677,9,687.6673825080263,1049.5413702071055,strong_peak_refined,Ga,Liquid,Liquid,image-supported strong peak
L09-0678,9,1009.3036608183212,594.9867928437718,lattice_completed,Pt,Pt,Pt,lattice continuity / liquid-front display
L09-0679,9,997.3277934862024,613.0315283208306,lattice_completed,Pt,Pt,Pt,lattice continuity / liquid-front display
L09-0680,9,984.5271674735714,630.0517918988677,strong_peak_refined,Pt,Pt,Pt,image-supported strong peak
L09-0681,9,972.7426537101404,648.4231310437751,strong_peak_refined,Pt,Pt,Pt,image-supported strong peak
L09-0682,9,960.4911975724756,665.8834702315431,strong_peak_refined,Pt,Pt,Pt,image-supported strong peak
L09-0683,9,947.7230639839258,684.4587079167916,strong_peak_refined,Pt,Pt,Pt,image-supported strong peak
L09-0684,9,936.7991561902788,702.7967046685203,strong_peak_refined,Pt,Pt,Pt,image-supported strong peak
L09-0685,9,924.2736175799464,721.3543155608827,strong_peak_refined,Pt,Pt,Pt,image-supported strong peak
L09-0686,9,912.9378169790224,739.8294474851574,strong_peak_refined,Ga,Mixed,Mixed,image-supported strong peak
L09-0687,9,900.9122965841118,758.2336225486548,strong_peak_refined,Pt,Pt,Pt,image-supported strong peak
L09-0688,9,889.7195721668955,777.4081007093362,strong_peak_refined,Ga,Mixed,Mixed,image-supported strong peak
L09-0689,9,878.1315446793078,792.4979712921656,strong_peak_refined,Pt,Pt,Pt,image-supported strong peak
L09-0690,9,866.2436729094399,810.3887170783339,strong_peak_refined,Ga,Mixed,Mixed,image-supported strong peak
L09-0691,9,854.937729431304,826.5171710811383,strong_peak_refined,Pt,Pt,Pt,image-supported strong peak
L09-0692,9,843.4326822310401,845.3816455357335,strong_peak_refined,Ga,Mixed,Mixed,image-supported strong peak
L09-0693,9,830.2963990628328,865.080489717727,strong_peak_refined,Pt,Pt,Pt,image-supported strong peak
L09-0694,9,819.1854010386879,884.4721616802589,strong_peak_refined,Ga,Mixed,Mixed,image-supported strong peak
L09-0695,9,806.3717979906108,906.4983232139172,strong_peak_refined,Pt,Pt,Pt,image-supported strong peak
L09-0696,9,793.8331287140385,922.8869926010924,strong_peak_refined,Ga,Mixed,Mixed,image-supported strong peak
L09-0697,9,782.1677659175774,939.6814368207704,strong_peak_refined,Pt,Pt,Pt,image-supported strong peak
L09-0698,9,769.6096678826959,957.9744847328687,strong_peak_refined,Ga,Liquid,Liquid,image-supported strong peak
L09-0699,9,757.3094649072642,979.5759676554808,strong_peak_refined,Ga,Liquid,Liquid,image-supported strong peak
L09-0700,9,746.1323684390254,991.6001193430828,strong_peak_refined,Ga,Liquid,Liquid,image-supported strong peak
L09-0701,9,734.4312475820906,1008.2954439407612,strong_peak_refined,Ga,Liquid,Liquid,image-supported strong peak
L09-0702,9,722.4557905439397,1026.4144701798746,strong_peak_refined,Ga,Liquid,Liquid,image-supported strong peak
L09-0703,9,710.9373574976703,1048.6375468398528,strong_peak_refined,Ga,Liquid,Liquid,image-supported strong peak
L09-0704,9,1025.021946150482,612.6614991797087,strong_peak_refined,Pt,Pt,Pt,image-supported strong peak
L09-0705,9,1008.034602895122,624.0375846635885,weak_peak_refined,Pt,Pt,Pt,image-supported weak peak
L09-0706,9,991.5579681118325,648.0976746901924,strong_peak_refined,Pt,Pt,Pt,image-supported strong peak
L09-0707,9,984.7469269558678,663.7711897259541,strong_peak_refined,Pt,Pt,Pt,image-supported strong peak
L09-0708,9,971.5709631621978,682.8937866047296,strong_peak_refined,Pt,Pt,Pt,image-supported strong peak
L09-0709,9,960.0127119053292,701.595836840406,strong_peak_refined,Pt,Pt,Pt,image-supported strong peak
L09-0710,9,948.1868006281326,719.661926486168,strong_peak_refined,Pt,Pt,Pt,image-supported strong peak
L09-0711,9,936.4755490950776,738.8856607538764,strong_peak_refined,Pt,Pt,Pt,image-supported strong peak
L09-0712,9,924.6220627725718,756.9130931755288,strong_peak_refined,Pt,Pt,Pt,image-supported strong peak
L09-0713,9,912.4908897796646,776.463642406056,strong_peak_refined,Ga,Mixed,Mixed,image-supported strong peak
L09-0714,9,900.9900963028392,793.640531007154,strong_peak_refined,Pt,Pt,Pt,image-supported strong peak
L09-0715,9,889.6639439681356,809.5868950154436,strong_peak_refined,Ga,Mixed,Mixed,image-supported strong peak
L09-0716,9,877.3850680009081,829.8036048230991,strong_peak_refined,Pt,Pt,Pt,image-supported strong peak
L09-0717,9,865.2676006289811,848.0228591250421,strong_peak_refined,Ga,Mixed,Mixed,image-supported strong peak
L09-0718,9,853.6352333052133,866.1373746590164,strong_peak_refined,Pt,Pt,Pt,image-supported strong peak
L09-0719,9,841.6339504933674,886.5959887105856,strong_peak_refined,Ga,Mixed,Mixed,image-supported strong peak
L09-0720,9,829.0818873429101,903.5623165836754,strong_peak_refined,Pt,Pt,Pt,image-supported strong peak
L09-0721,9,818.1410615508128,922.6053822504232,strong_peak_refined,Ga,Mixed,Mixed,image-supported strong peak
L09-0722,9,805.7541524783267,936.208813282918,strong_peak_refined,Pt,Pt,Pt,image-supported strong peak
L09-0723,9,793.8166171724523,957.4915344117654,strong_peak_refined,Ga,Liquid,Liquid,image-supported strong peak
L09-0724,9,782.4106673022156,970.2589136255648,strong_peak_refined,Ga,Liquid,Liquid,image-supported strong peak
L09-0725,9,769.5933729811795,991.6086219807266,strong_peak_refined,Ga,Liquid,Liquid,image-supported strong peak
L09-0726,9,758.501918464521,1007.2062328999652,strong_peak_refined,Ga,Liquid,Liquid,image-supported strong peak
L09-0727,9,746.2232582287099,1033.3591332908331,strong_peak_refined,Ga,Liquid,Liquid,image-supported strong peak
L09-0728,9,734.3492215187936,1041.1875898928809,strong_peak_refined,Ga,Liquid,Liquid,image-supported strong peak
L09-0729,9,1026.7486746594482,647.2412475361543,weak_peak_refined,Pt,Pt,Pt,image-supported weak peak
L09-0730,9,1008.1397959283748,661.1573159418691,strong_peak_refined,Pt,Pt,Pt,image-supported strong peak
L09-0731,9,995.2377117334833,680.5996044709428,strong_peak_refined,Pt,Pt,Pt,image-supported strong peak
L09-0732,9,983.738234943926,699.9295460332974,strong_peak_refined,Pt,Pt,Pt,image-supported strong peak
L09-0733,9,971.37294117018,717.2114852344267,strong_peak_refined,Pt,Pt,Pt,image-supported strong peak
L09-0734,9,960.625820019726,736.783046760452,strong_peak_refined,Pt,Pt,Pt,image-supported strong peak
L09-0735,9,948.309167178559,754.1779718429335,strong_peak_refined,Pt,Pt,Pt,image-supported strong peak
L09-0736,9,936.4336437735544,773.5768327760128,strong_peak_refined,Ga,Mixed,Mixed,image-supported strong peak
L09-0737,9,924.5886361727408,792.2864110962654,strong_peak_refined,Pt,Pt,Pt,image-supported strong peak
L09-0738,9,913.044483333868,811.6264566890019,strong_peak_refined,Ga,Mixed,Mixed,image-supported strong peak
L09-0739,9,901.3352725665376,828.3679480722735,strong_peak_refined,Pt,Pt,Pt,image-supported strong peak
L09-0740,9,888.7614086524478,846.0501353025815,strong_peak_refined,Ga,Mixed,Mixed,image-supported strong peak
L09-0741,9,876.7772411393197,864.0212125405134,strong_peak_refined,Pt,Pt,Pt,image-supported strong peak
L09-0742,9,865.7568190948634,883.852166086643,strong_peak_refined,Ga,Mixed,Mixed,image-supported strong peak
L09-0743,9,852.7715400773994,901.406770924494,strong_peak_refined,Pt,Pt,Pt,image-supported strong peak
L09-0744,9,841.2901544253679,919.750107659977,strong_peak_refined,Ga,Mixed,Mixed,image-supported strong peak
L09-0745,9,828.774513627161,938.793879892678,strong_peak_refined,Pt,Pt,Pt,image-supported strong peak
L09-0746,9,817.5977851673634,954.465185793058,strong_peak_refined,Ga,Liquid,Liquid,image-supported strong peak
L09-0747,9,804.6534219335256,974.7986799593306,strong_peak_refined,Ga,Liquid,Liquid,image-supported strong peak
L09-0748,9,792.7938565918371,987.0128709221808,strong_peak_refined,Ga,Liquid,Liquid,image-supported strong peak
L09-0749,9,781.2881566251115,1002.4211239435062,weak_peak_refined,Ga,Liquid,Liquid,image-supported weak peak
L09-0750,9,769.0641690035355,1026.648479457852,strong_peak_refined,Ga,Liquid,Liquid,image-supported strong peak
L09-0751,9,757.9493862210119,1048.2544937019743,strong_peak_refined,Ga,Liquid,Liquid,image-supported strong peak
L09-0752,9,1035.344199645782,664.2991490877293,strong_peak_refined,Pt,Pt,Pt,image-supported strong peak
L09-0753,9,1021.8244849015848,684.4827674202446,strong_peak_refined,Pt,Pt,Pt,image-supported strong peak
L09-0754,9,1007.4124267521166,698.6585343624741,strong_peak_refined,Pt,Pt,Pt,image-supported strong peak
L09-0755,9,995.3984383549032,716.3654204258627,strong_peak_refined,Pt,Pt,Pt,image-supported strong peak
L09-0756,9,983.2404871376356,735.2987822780146,strong_peak_refined,Pt,Pt,Pt,image-supported strong peak
L09-0757,9,972.0502513350845,752.9234062285936,strong_peak_refined,Pt,Pt,Pt,image-supported strong peak
L09-0758,9,960.1565918559328,772.0221016478341,strong_peak_refined,Pt,Pt,Pt,image-supported strong peak
L09-0759,9,948.3240847625792,791.4472421477116,strong_peak_refined,Pt,Pt,Pt,image-supported strong peak
L09-0760,9,936.715010836532,810.2625482488958,strong_peak_refined,Ga,Mixed,Mixed,image-supported strong peak
L09-0761,9,924.6986703626328,827.9071765013197,strong_peak_refined,Pt,Pt,Pt,image-supported strong peak
L09-0762,9,912.7557118318966,845.2242990313674,strong_peak_refined,Ga,Mixed,Mixed,image-supported strong peak
L09-0763,9,900.1488940713848,863.7370029784666,strong_peak_refined,Pt,Pt,Pt,image-supported strong peak
L09-0764,9,887.8143591243606,881.233656388921,strong_peak_refined,Ga,Mixed,Mixed,image-supported strong peak
L09-0765,9,876.0844314470784,901.1725296753602,strong_peak_refined,Pt,Pt,Pt,image-supported strong peak
L09-0766,9,864.611053170226,920.4701083891304,strong_peak_refined,Ga,Mixed,Mixed,image-supported strong peak
L09-0767,9,852.9483531366449,935.499329642771,strong_peak_refined,Pt,Pt,Pt,image-supported strong peak
L09-0768,9,840.5494638626787,956.6716389345754,strong_peak_refined,Ga,Liquid,Liquid,image-supported strong peak
L09-0769,9,828.6440269915628,976.532579131779,strong_peak_refined,Ga,Liquid,Liquid,image-supported strong peak
L09-0770,9,816.8855708458823,987.0127473903848,strong_peak_refined,Ga,Liquid,Liquid,image-supported strong peak
L09-0771,9,804.9273983819013,1005.9806960311196,strong_peak_refined,Ga,Liquid,Liquid,image-supported strong peak
L09-0772,9,793.2613582982706,1023.6325396079662,strong_peak_refined,Ga,Liquid,Liquid,image-supported strong peak
L09-0773,9,780.7258776524374,1044.609937274579,strong_peak_refined,Ga,Liquid,Liquid,image-supported strong peak
L09-0774,9,1025.9800291795293,701.3278648029805,strong_peak_refined,Pt,Pt,Pt,image-supported strong peak
L09-0775,9,1019.1403396355304,717.1367890586945,lattice_completed,Pt,Pt,Pt,lattice continuity / liquid-front display
L09-0776,9,1006.52096422814,742.3382867205512,weak_peak_refined,Pt,Pt,Pt,image-supported weak peak
L09-0777,9,994.5165792974128,751.6591585812888,strong_peak_refined,Pt,Pt,Pt,image-supported strong peak
L09-0778,9,984.3151973879524,770.3976485386908,strong_peak_refined,Pt,Pt,Pt,image-supported strong peak
L09-0779,9,972.2256616446512,790.0719818487701,strong_peak_refined,Pt,Pt,Pt,image-supported strong peak
L09-0780,9,959.9296947439144,807.4108483513297,strong_peak_refined,Ga,Mixed,Mixed,image-supported strong peak
L09-0781,9,947.5733695255828,826.55471414861,strong_peak_refined,Pt,Pt,Pt,image-supported strong peak
L09-0782,9,935.4142368704275,843.8334330830962,strong_peak_refined,Ga,Mixed,Mixed,image-supported strong peak
L09-0783,9,923.535805086334,862.0680023663376,strong_peak_refined,Pt,Pt,Pt,image-supported strong peak
L09-0784,9,911.871111628418,879.9454076504223,strong_peak_refined,Ga,Mixed,Mixed,image-supported strong peak
L09-0785,9,899.6704971624904,899.4167485415221,strong_peak_refined,Pt,Pt,Pt,image-supported strong peak
L09-0786,9,887.5718430427455,916.298325975107,strong_peak_refined,Ga,Mixed,Mixed,image-supported strong peak
L09-0787,9,875.7651393616447,935.9471177351078,strong_peak_refined,Pt,Pt,Pt,image-supported strong peak
L09-0788,9,863.8800782662502,949.3947084814992,strong_peak_refined,Ga,Mixed,Mixed,image-supported strong peak
L09-0789,9,851.6011014536836,973.98914886186,strong_peak_refined,Ga,Liquid,Liquid,image-supported strong peak
L09-0790,9,840.4488256342062,982.8600060131076,weak_peak_refined,Ga,Liquid,Liquid,image-supported weak peak
L09-0791,9,828.454953905574,1002.0488349209552,strong_peak_refined,Ga,Liquid,Liquid,image-supported strong peak
L09-0792,9,815.9992776248586,1024.846288289384,strong_peak_refined,Ga,Liquid,Liquid,image-supported strong peak
L09-0793,9,1039.4752147744184,713.3062883119891,strong_peak_refined,Pt,Pt,Pt,image-supported strong peak
L09-0794,9,1025.524862106183,737.3053628879914,strong_peak_refined,Pt,Pt,Pt,image-supported strong peak
L09-0795,9,1021.015657171244,747.4891072433412,weak_peak_refined,Pt,Pt,Pt,image-supported weak peak
L09-0796,9,1005.245740250627,768.1863821806171,strong_peak_refined,Pt,Pt,Pt,image-supported strong peak
L09-0797,9,995.9674629066236,782.2446891303516,weak_peak_refined,Pt,Pt,Pt,image-supported weak peak
L09-0798,9,984.3095440829046,806.7298614035657,strong_peak_refined,Pt,Pt,Pt,image-supported strong peak
L09-0799,9,972.50887512931,821.511008002651,strong_peak_refined,Pt,Pt,Pt,image-supported strong peak
L09-0800,9,959.4831846334754,842.9401860832302,strong_peak_refined,Ga,Mixed,Mixed,image-supported strong peak
L09-0801,9,946.6880992927712,859.4046543103666,strong_peak_refined,Pt,Pt,Pt,image-supported strong peak
L09-0802,9,935.9643753939296,879.1277133515624,strong_peak_refined,Ga,Mixed,Mixed,image-supported strong peak
L09-0803,9,923.5059467172003,896.496659433427,strong_peak_refined,Pt,Pt,Pt,image-supported strong peak
L09-0804,9,911.8977248622411,920.2711199796262,strong_peak_refined,Ga,Mixed,Mixed,image-supported strong peak
L09-0805,9,898.7361750289235,933.313247484578,strong_peak_refined,Pt,Pt,Pt,image-supported strong peak
L09-0806,9,886.6655331504427,953.2318708975508,strong_peak_refined,Ga,Liquid,Liquid,image-supported strong peak
L09-0807,9,874.8300542816999,970.7802981072688,strong_peak_refined,Ga,Liquid,Liquid,image-supported strong peak
L09-0808,9,862.718853604545,986.309763576156,strong_peak_refined,Ga,Liquid,Liquid,image-supported strong peak
L09-0809,9,851.4481990960081,1000.8079563945714,strong_peak_refined,Ga,Liquid,Liquid,image-supported strong peak
L09-0810,9,839.9188710823611,1022.0085262211492,strong_peak_refined,Ga,Liquid,Liquid,image-supported strong peak
L09-0811,9,1022.125656566517,771.3443894779892,weak_peak_refined,Pt,Pt,Pt,image-supported weak peak
L09-0812,9,1020.9988945876177,793.5587021228046,weak_peak_refined,Pt,Pt,Pt,image-supported weak peak
L09-0813,9,1006.0948780459568,805.2788903817441,lattice_completed,Pt,Pt,Pt,lattice continuity / liquid-front display
L09-0814,9,995.2838534204784,819.4536194296637,strong_peak_refined,Pt,Pt,Pt,image-supported strong peak
L09-0815,9,984.3014824980604,842.47172401859,strong_peak_refined,Pt,Pt,Pt,image-supported strong peak
L09-0816,9,971.2714235007664,859.0110291276668,strong_peak_refined,Pt,Pt,Pt,image-supported strong peak
L09-0817,9,958.986451530578,877.3325329165639,strong_peak_refined,Ga,Mixed,Mixed,image-supported strong peak
L09-0818,9,946.4037943848788,894.9403095075547,strong_peak_refined,Pt,Pt,Pt,image-supported strong peak
L09-0819,9,934.5104450324692,914.367456095,strong_peak_refined,Ga,Mixed,Mixed,image-supported strong peak
L09-0820,9,922.4356866506038,929.934786552038,strong_peak_refined,Pt,Pt,Pt,image-supported strong peak
L09-0821,9,909.9308546486196,950.948068020191,strong_peak_refined,Ga,Mixed,Mixed,image-supported strong peak
L09-0822,9,899.1628746449941,963.323785287521,weak_peak_refined,Ga,Liquid,Liquid,image-supported weak peak
L09-0823,9,886.2557512588814,989.2979217032332,strong_peak_refined,Ga,Liquid,Liquid,image-supported strong peak
L09-0824,9,874.162320429675,1004.3192629361012,strong_peak_refined,Ga,Liquid,Liquid,image-supported strong peak
L09-0825,9,1033.0783062127423,805.9606352319124,strong_peak_refined,Pt,Pt,Pt,image-supported strong peak
L09-0826,9,1017.0669944658108,819.9486316473714,strong_peak_refined,Pt,Pt,Pt,image-supported strong peak
L09-0827,9,1007.982729937958,837.4244593482942,strong_peak_refined,Pt,Pt,Pt,image-supported strong peak
L09-0828,9,995.3758470364878,855.2161007866581,strong_peak_refined,Pt,Pt,Pt,image-supported strong peak
L09-0829,9,983.2206979738686,881.95089010952,strong_peak_refined,Ga,Mixed,Mixed,image-supported strong peak
L09-0830,9,970.2717859360624,894.0344112251867,strong_peak_refined,Pt,Pt,Pt,image-supported strong peak
L09-0831,9,957.540583644992,910.788356540646,strong_peak_refined,Ga,Mixed,Mixed,image-supported strong peak
L09-0832,9,946.2210933083136,932.4340490883778,strong_peak_refined,Pt,Pt,Pt,image-supported strong peak
L09-0833,9,933.8866479647004,948.1119060252464,strong_peak_refined,Ga,Mixed,Mixed,image-supported strong peak
L09-0834,9,921.433614919033,967.4532426347428,strong_peak_refined,Ga,Liquid,Liquid,image-supported strong peak
L09-0835,9,909.5867838761818,983.048813384074,strong_peak_refined,Ga,Liquid,Liquid,image-supported strong peak
L09-0836,9,994.3999800603858,900.4790341982233,weak_peak_refined,Pt,Pt,Pt,image-supported weak peak
L09-0837,9,981.7815935675216,918.5365358416186,weak_peak_refined,Ga,Mixed,Mixed,image-supported weak peak
L10-0000,10,484.51495046932814,529.1498923600507,strong_peak_refined,Pt,Pt,Pt,image-supported strong peak
L10-0001,10,472.4261782765989,547.1695566466304,strong_peak_refined,Ga,Mixed,Mixed,image-supported strong peak
L10-0002,10,460.213262052693,565.3312976750796,strong_peak_refined,Pt,Pt,Pt,image-supported strong peak
L10-0003,10,448.0473073487497,582.6108887251629,strong_peak_refined,Ga,Mixed,Mixed,image-supported strong peak
L10-0004,10,544.3622851323624,473.243655144627,strong_peak_refined,Ga,Mixed,Mixed,image-supported strong peak
L10-0005,10,531.6850667788516,493.8023682346017,strong_peak_refined,Pt,Pt,Pt,image-supported strong peak
L10-0006,10,519.8656899551316,509.756288733955,strong_peak_refined,Pt,Pt,Pt,image-supported strong peak
L10-0007,10,507.2238432209709,530.7777807143565,strong_peak_refined,Pt,Pt,Pt,image-supported strong peak
L10-0008,10,496.3111383416334,546.2910417371519,strong_peak_refined,Ga,Mixed,Mixed,image-supported strong peak
L10-0009,10,483.8997733554712,562.5473631942992,strong_peak_refined,Pt,Pt,Pt,image-supported strong peak
L10-0010,10,471.4690004879739,582.4985753137362,strong_peak_refined,Ga,Mixed,Mixed,image-supported strong peak
L10-0011,10,459.5076147098672,602.4477326540003,strong_peak_refined,Pt,Pt,Pt,image-supported strong peak
L10-0012,10,447.4642327916919,617.3209205320339,strong_peak_refined,Ga,Mixed,Mixed,image-supported strong peak
L10-0013,10,434.8962489567156,639.0023920926998,strong_peak_refined,Pt,Pt,Pt,image-supported strong peak
L10-0014,10,422.6463748326105,654.2885516043139,strong_peak_refined,Ga,Mixed,Mixed,image-supported strong peak
L10-0015,10,579.6413878600189,453.344034954361,strong_peak_refined,Pt,Pt,Pt,image-supported strong peak
L10-0016,10,567.2635368913849,471.8182010182253,strong_peak_refined,Pt,Pt,Pt,image-supported strong peak
L10-0017,10,555.1057997177123,488.34948674970485,weak_peak_refined,Pt,Pt,Pt,image-supported weak peak
L10-0018,10,543.9301596753113,507.53102322449166,strong_peak_refined,Pt,Pt,Pt,image-supported strong peak
L10-0019,10,531.3307815825665,527.9418409936001,strong_peak_refined,Pt,Pt,Pt,image-supported strong peak
L10-0020,10,519.2907313328434,546.7267419008392,strong_peak_refined,Ga,Mixed,Mixed,image-supported strong peak
L10-0021,10,507.0886612801567,562.0873454896399,strong_peak_refined,Pt,Pt,Pt,image-supported strong peak
L10-0022,10,495.1624521858923,580.3890740622638,strong_peak_refined,Ga,Mixed,Mixed,image-supported strong peak
L10-0023,10,482.725958465748,599.5842748056106,strong_peak_refined,Pt,Pt,Pt,image-supported strong peak
L10-0024,10,470.6568584924376,617.8826230139963,strong_peak_refined,Ga,Mixed,Mixed,image-supported strong peak
L10-0025,10,457.8217446960583,634.3378884963917,strong_peak_refined,Pt,Pt,Pt,image-supported strong peak
L10-0026,10,446.4544425000204,653.861086887423,strong_peak_refined,Ga,Mixed,Mixed,image-supported strong peak
L10-0027,10,434.5954552505164,670.4762453899127,strong_peak_refined,Pt,Pt,Pt,image-supported strong peak
L10-0028,10,422.30892168100695,688.1385338681317,strong_peak_refined,Ga,Mixed,Mixed,image-supported strong peak
L10-0029,10,602.9688427378486,452.057873808764,strong_peak_refined,Pt,Pt,Pt,image-supported strong peak
L10-0030,10,591.1855121090183,470.419007427494,strong_peak_refined,Ga,Mixed,Mixed,image-supported strong peak
L10-0031,10,578.9429195742325,490.9803275599133,strong_peak_refined,Pt,Pt,Pt,image-supported strong peak
L10-0032,10,567.0895957668718,507.1035605421152,strong_peak_refined,Ga,Mixed,Mixed,image-supported strong peak
L10-0033,10,554.4482344350479,527.9713825516777,strong_peak_refined,Pt,Pt,Pt,image-supported strong peak
L10-0034,10,541.8328404502107,546.39964193928,strong_peak_refined,Ga,Mixed,Mixed,image-supported strong peak
L10-0035,10,530.4633837893045,563.3760317883737,strong_peak_refined,Pt,Pt,Pt,image-supported strong peak
L10-0036,10,518.2292247198158,579.6954886056575,strong_peak_refined,Ga,Mixed,Mixed,image-supported strong peak
L10-0037,10,505.7337485352696,598.0693604869596,strong_peak_refined,Pt,Pt,Pt,image-supported strong peak
L10-0038,10,493.46517384299983,615.5551995767562,strong_peak_refined,Ga,Mixed,Mixed,image-supported strong peak
L10-0039,10,481.4478670566405,634.5355425819212,strong_peak_refined,Pt,Pt,Pt,image-supported strong peak
L10-0040,10,469.62267287317167,653.6403213640369,strong_peak_refined,Ga,Mixed,Mixed,image-supported strong peak
L10-0041,10,458.0004694515218,670.0410491698499,strong_peak_refined,Pt,Pt,Pt,image-supported strong peak
L10-0042,10,446.0520111948571,687.5026875898097,strong_peak_refined,Ga,Mixed,Mixed,image-supported strong peak
L10-0043,10,433.71285976763926,707.2760800835285,strong_peak_refined,Pt,Pt,Pt,image-supported strong peak
L10-0044,10,422.1971110427557,724.0284675573573,strong_peak_refined,Ga,Mixed,Mixed,image-supported strong peak
L10-0045,10,638.0238574855839,433.3814127032334,strong_peak_refined,Ga,Mixed,Mixed,image-supported strong peak
L10-0046,10,626.338081962519,452.3231044558287,strong_peak_refined,Pt,Pt,Pt,image-supported strong peak
L10-0047,10,614.2953555027374,470.8633027355351,strong_peak_refined,Ga,Mixed,Mixed,image-supported strong peak
L10-0048,10,602.0672428271081,489.5220563260826,strong_peak_refined,Pt,Pt,Pt,image-supported strong peak
L10-0049,10,590.436898667427,506.0794591008178,strong_peak_refined,Ga,Mixed,Mixed,image-supported strong peak
L10-0050,10,577.7099416108119,527.537539318917,strong_peak_refined,Pt,Pt,Pt,image-supported strong peak
L10-0051,10,566.2866630676746,541.1475376078915,strong_peak_refined,Ga,Mixed,Mixed,image-supported strong peak
L10-0052,10,553.7752321816297,560.0923059246608,strong_peak_refined,Pt,Pt,Pt,image-supported strong peak
L10-0053,10,541.6640032816149,576.4356212772267,weak_peak_refined,Ga,Mixed,Mixed,image-supported weak peak
L10-0054,10,529.1200027294327,598.8605888979148,strong_peak_refined,Pt,Pt,Pt,image-supported strong peak
L10-0055,10,516.8253987368738,614.6103325496579,strong_peak_refined,Ga,Mixed,Mixed,image-supported strong peak
L10-0056,10,505.1911322485066,634.1082366669659,strong_peak_refined,Pt,Pt,Pt,image-supported strong peak
L10-0057,10,493.0707264335652,654.0504871653914,strong_peak_refined,Ga,Mixed,Mixed,image-supported strong peak
L10-0058,10,481.0883271647143,669.1236463711339,strong_peak_refined,Pt,Pt,Pt,image-supported strong peak
L10-0059,10,469.2408963214856,685.9038403191219,strong_peak_refined,Ga,Mixed,Mixed,image-supported strong peak
L10-0060,10,457.2872390526804,704.99996830558,strong_peak_refined,Pt,Pt,Pt,image-supported strong peak
L10-0061,10,445.6030918071369,721.7874607380417,strong_peak_refined,Ga,Mixed,Mixed,image-supported strong peak
L10-0062,10,433.8383980271327,739.4771100632383,strong_peak_refined,Pt,Pt,Pt,image-supported strong peak
L10-0063,10,421.83038144040415,757.7127549478096,strong_peak_refined,Ga,Mixed,Mixed,image-supported strong peak
L10-0064,10,661.5524627821763,431.6026651557264,strong_peak_refined,Pt,Pt,Pt,image-supported strong peak
L10-0065,10,649.477953410575,451.2314108291967,strong_peak_refined,Pt,Pt,Pt,image-supported strong peak
L10-0066,10,638.2084275665711,469.1191294411567,strong_peak_refined,Ga,Mixed,Mixed,image-supported strong peak
L10-0067,10,625.6104783345978,487.2592935808132,strong_peak_refined,Pt,Pt,Pt,image-supported strong peak
L10-0068,10,613.7250683193125,505.2908873639683,strong_peak_refined,Ga,Mixed,Mixed,image-supported strong peak
L10-0069,10,601.700903557534,525.0586062486196,strong_peak_refined,Pt,Pt,Pt,image-supported strong peak
L10-0070,10,589.9280659029505,540.7004672091965,strong_peak_refined,Ga,Mixed,Mixed,image-supported strong peak
L10-0071,10,576.9810969245106,560.662384041309,strong_peak_refined,Pt,Pt,Pt,image-supported strong peak
L10-0072,10,564.8984303142163,577.8956207103862,strong_peak_refined,Ga,Mixed,Mixed,image-supported strong peak
L10-0073,10,552.8494262077585,596.2812360216359,strong_peak_refined,Pt,Pt,Pt,image-supported strong peak
L10-0074,10,540.6103818935874,614.6659187395098,strong_peak_refined,Ga,Mixed,Mixed,image-supported strong peak
L10-0075,10,528.6432476228725,634.3590769186268,strong_peak_refined,Pt,Pt,Pt,image-supported strong peak
L10-0076,10,516.4460318502285,649.8487987025089,strong_peak_refined,Ga,Mixed,Mixed,image-supported strong peak
L10-0077,10,504.412042020837,669.9763642273056,strong_peak_refined,Pt,Pt,Pt,image-supported strong peak
L10-0078,10,492.6874671624474,686.6132047657061,strong_peak_refined,Ga,Mixed,Mixed,image-supported strong peak
L10-0079,10,481.2094936838221,703.8096009756742,strong_peak_refined,Pt,Pt,Pt,image-supported strong peak
L10-0080,10,468.8663803499013,722.0118070495743,strong_peak_refined,Ga,Mixed,Mixed,image-supported strong peak
L10-0081,10,457.9480523866169,740.1660167399505,strong_peak_refined,Pt,Pt,Pt,image-supported strong peak
L10-0082,10,445.8430305205569,757.3987581233355,strong_peak_refined,Ga,Mixed,Mixed,image-supported strong peak
L10-0083,10,434.6734764139876,778.6267460179162,strong_peak_refined,Pt,Pt,Pt,image-supported strong peak
L10-0084,10,684.5841937304982,434.7826884364962,strong_peak_refined,Pt,Pt,Pt,image-supported strong peak
L10-0085,10,672.8965710115829,450.5826099533769,strong_peak_refined,Pt,Pt,Pt,image-supported strong peak
L10-0086,10,661.4755488300406,467.3664494406379,strong_peak_refined,Pt,Pt,Pt,image-supported strong peak
L10-0087,10,649.3517873560947,485.23864062752233,strong_peak_refined,Pt,Pt,Pt,image-supported strong peak
L10-0088,10,637.0836542065107,505.5748428751182,strong_peak_refined,Ga,Mixed,Mixed,image-supported strong peak
L10-0089,10,625.4402789683331,522.8735176125108,strong_peak_refined,Pt,Pt,Pt,image-supported strong peak
L10-0090,10,612.8879893351526,540.5493830521995,strong_peak_refined,Ga,Mixed,Mixed,image-supported strong peak
L10-0091,10,600.2793326612336,558.5097796163616,strong_peak_refined,Pt,Pt,Pt,image-supported strong peak
L10-0092,10,588.0006809704944,576.6140203366609,strong_peak_refined,Ga,Mixed,Mixed,image-supported strong peak
L10-0093,10,576.1041739206174,594.5881335900224,strong_peak_refined,Pt,Pt,Pt,image-supported strong peak
L10-0094,10,564.2976929520961,612.5580363699905,strong_peak_refined,Ga,Mixed,Mixed,image-supported strong peak
L10-0095,10,552.168463499134,633.1678386597417,strong_peak_refined,Pt,Pt,Pt,image-supported strong peak
L10-0096,10,540.1097041814274,649.545047878894,strong_peak_refined,Ga,Mixed,Mixed,image-supported strong peak
L10-0097,10,528.3861600137944,668.5954863741356,strong_peak_refined,Pt,Pt,Pt,image-supported strong peak
L10-0098,10,516.4309109598639,685.5187088555351,strong_peak_refined,Ga,Mixed,Mixed,image-supported strong peak
L10-0099,10,504.7408133619741,703.6026977270067,strong_peak_refined,Pt,Pt,Pt,image-supported strong peak
L10-0100,10,492.46636109667946,719.6522379553611,strong_peak_refined,Ga,Mixed,Mixed,image-supported strong peak
L10-0101,10,480.6315305851137,738.899767719377,strong_peak_refined,Pt,Pt,Pt,image-supported strong peak
L10-0102,10,469.1294755836014,757.2526135031382,strong_peak_refined,Ga,Mixed,Mixed,image-supported strong peak
L10-0103,10,458.00989335756697,778.5575086110113,strong_peak_refined,Pt,Pt,Pt,image-supported strong peak
L10-0104,10,446.27994096986106,792.1067361631284,strong_peak_refined,Ga,Mixed,Mixed,image-supported strong peak
L10-0105,10,434.1528239677651,813.1323215743977,strong_peak_refined,Pt,Pt,Pt,image-supported strong peak
L10-0106,10,707.6709965345433,431.6167822943426,strong_peak_refined,Pt,Pt,Pt,image-supported strong peak
L10-0107,10,695.7378731138002,452.7556446014468,strong_peak_refined,Pt,Pt,Pt,image-supported strong peak
L10-0108,10,683.1926554224419,471.86157128530806,strong_peak_refined,Ga,Mixed,Mixed,image-supported strong peak
L10-0109,10,672.1621954693429,487.032844322988,strong_peak_refined,Pt,Pt,Pt,image-supported strong peak
L10-0110,10,660.197970710415,505.004737446284,strong_peak_refined,Ga,Mixed,Mixed,image-supported strong peak
L10-0111,10,648.3570249111856,520.4363690857948,strong_peak_refined,Pt,Pt,Pt,image-supported strong peak
L10-0112,10,636.6410199309548,539.4379976273557,strong_peak_refined,Ga,Mixed,Mixed,image-supported strong peak
L10-0113,10,623.8736536191194,558.4167887207058,strong_peak_refined,Pt,Pt,Pt,image-supported strong peak
L10-0114,10,611.5461487360864,576.0814174185817,strong_peak_refined,Ga,Mixed,Mixed,image-supported strong peak
L10-0115,10,599.7797334248776,593.7222726890451,strong_peak_refined,Pt,Pt,Pt,image-supported strong peak
L10-0116,10,588.19946355537,611.4766318041512,strong_peak_refined,Ga,Mixed,Mixed,image-supported strong peak
L10-0117,10,574.9932235445278,630.9987647073807,strong_peak_refined,Pt,Pt,Pt,image-supported strong peak
L10-0118,10,562.7884533253821,649.1440254788085,strong_peak_refined,Ga,Mixed,Mixed,image-supported strong peak
L10-0119,10,551.6812790221537,668.5188918126339,strong_peak_refined,Pt,Pt,Pt,image-supported strong peak
L10-0120,10,539.7125273634394,683.4118032267974,strong_peak_refined,Ga,Mixed,Mixed,image-supported strong peak
L10-0121,10,528.1933692694226,703.4482827043965,strong_peak_refined,Pt,Pt,Pt,image-supported strong peak
L10-0122,10,516.0107883621137,718.9405473646752,strong_peak_refined,Ga,Mixed,Mixed,image-supported strong peak
L10-0123,10,504.3801256056067,739.8473968516204,strong_peak_refined,Pt,Pt,Pt,image-supported strong peak
L10-0124,10,491.6552439739604,755.8552945695208,strong_peak_refined,Ga,Mixed,Mixed,image-supported strong peak
L10-0125,10,480.4308537725049,774.8430571547486,strong_peak_refined,Pt,Pt,Pt,image-supported strong peak
L10-0126,10,469.1915959571896,792.1964604611742,strong_peak_refined,Ga,Mixed,Mixed,image-supported strong peak
L10-0127,10,457.8429038507874,813.8296694617785,strong_peak_refined,Pt,Pt,Pt,image-supported strong peak
L10-0128,10,445.9247176675268,830.7754424001664,strong_peak_refined,Ga,Mixed,Mixed,image-supported strong peak
L10-0129,10,730.9075325048434,432.5507135314829,strong_peak_refined,Pt,Pt,Pt,image-supported strong peak
L10-0130,10,719.1910234000566,451.6436191377931,strong_peak_refined,Pt,Pt,Pt,image-supported strong peak
L10-0131,10,707.6526632108361,469.6765893826075,strong_peak_refined,Ga,Mixed,Mixed,image-supported strong peak
L10-0132,10,695.0046369981038,486.7885208700168,strong_peak_refined,Pt,Pt,Pt,image-supported strong peak
L10-0133,10,683.9970646320241,503.2397529917379,strong_peak_refined,Ga,Mixed,Mixed,image-supported strong peak
L10-0134,10,671.4937447037826,522.2775415479667,strong_peak_refined,Pt,Pt,Pt,image-supported strong peak
L10-0135,10,659.634932208982,542.2708620497467,strong_peak_refined,Ga,Mixed,Mixed,image-supported strong peak
L10-0136,10,647.7358886834842,557.2323066927063,strong_peak_refined,Pt,Pt,Pt,image-supported strong peak
L10-0137,10,635.5750712391182,574.8714462793142,strong_peak_refined,Ga,Mixed,Mixed,image-supported strong peak
L10-0138,10,623.3787045679394,591.6903535037219,strong_peak_refined,Pt,Pt,Pt,image-supported strong peak
L10-0139,10,611.2198343032002,610.8055430528178,strong_peak_refined,Ga,Mixed,Mixed,image-supported strong peak
L10-0140,10,599.0783800058548,630.1351613055296,strong_peak_refined,Pt,Pt,Pt,image-supported strong peak
L10-0141,10,586.8145545532485,649.279510404877,strong_peak_refined,Ga,Mixed,Mixed,image-supported strong peak
L10-0142,10,575.0002739777727,666.1041165889633,strong_peak_refined,Pt,Pt,Pt,image-supported strong peak
L10-0143,10,562.9063044566449,681.9544704773828,strong_peak_refined,Ga,Mixed,Mixed,image-supported strong peak
L10-0144,10,551.3780802448993,703.4595587766127,strong_peak_refined,Pt,Pt,Pt,image-supported strong peak
L10-0145,10,539.6478869177187,717.2163801167017,strong_peak_refined,Ga,Mixed,Mixed,image-supported strong peak
L10-0146,10,527.177128645503,736.0735514975862,strong_peak_refined,Pt,Pt,Pt,image-supported strong peak
L10-0147,10,516.0531269435301,754.4103499355034,strong_peak_refined,Ga,Mixed,Mixed,image-supported strong peak
L10-0148,10,504.49645764961696,773.9632015611155,strong_peak_refined,Pt,Pt,Pt,image-supported strong peak
L10-0149,10,493.3432479738,792.7557375611269,strong_peak_refined,Ga,Mixed,Mixed,image-supported strong peak
L10-0150,10,481.16658919951846,810.0286462604749,strong_peak_refined,Pt,Pt,Pt,image-supported strong peak
L10-0151,10,469.3361892952223,829.8290569552292,strong_peak_refined,Ga,Mixed,Mixed,image-supported strong peak
L10-0152,10,456.4223048245228,843.9489993858923,strong_peak_refined,Ga,Liquid,Liquid,image-supported strong peak
L10-0153,10,754.7527670822203,431.77372962594586,strong_peak_refined,Pt,Pt,Pt,image-supported strong peak
L10-0154,10,742.5230914299939,449.87892546268,strong_peak_refined,Pt,Pt,Pt,image-supported strong peak
L10-0155,10,730.058675419702,469.3718853881686,strong_peak_refined,Pt,Pt,Pt,image-supported strong peak
L10-0156,10,718.4875863206458,486.2187713808996,strong_peak_refined,Pt,Pt,Pt,image-supported strong peak
L10-0157,10,706.920906211306,502.0152322460144,strong_peak_refined,Ga,Mixed,Mixed,image-supported strong peak
L10-0158,10,694.9046388079557,522.61577497783,strong_peak_refined,Pt,Pt,Pt,image-supported strong peak
L10-0159,10,683.2629159718921,537.465167720763,strong_peak_refined,Ga,Mixed,Mixed,image-supported strong peak
L10-0160,10,670.9375453363456,557.1121836920664,strong_peak_refined,Pt,Pt,Pt,image-supported strong peak
L10-0161,10,659.466098343902,572.9433558166202,strong_peak_refined,Ga,Mixed,Mixed,image-supported strong peak
L10-0162,10,646.1905043220105,592.6202254359948,strong_peak_refined,Pt,Pt,Pt,image-supported strong peak
L10-0163,10,634.4275386358488,609.5101279072364,strong_peak_refined,Ga,Mixed,Mixed,image-supported strong peak
L10-0164,10,622.5000213182271,627.9361203562419,strong_peak_refined,Pt,Pt,Pt,image-supported strong peak
L10-0165,10,609.5899377450457,645.8272790594197,strong_peak_refined,Ga,Mixed,Mixed,image-supported strong peak
L10-0166,10,598.1860426928183,663.6357187412134,strong_peak_refined,Pt,Pt,Pt,image-supported strong peak
L10-0167,10,586.8478051038904,682.0346474767726,strong_peak_refined,Ga,Mixed,Mixed,image-supported strong peak
L10-0168,10,574.8339337159834,698.8845993600057,strong_peak_refined,Pt,Pt,Pt,image-supported strong peak
L10-0169,10,561.7821815763685,715.8387523583039,strong_peak_refined,Ga,Mixed,Mixed,image-supported strong peak
L10-0170,10,549.8715768505709,734.0582786390169,strong_peak_refined,Pt,Pt,Pt,image-supported strong peak
L10-0171,10,539.6086578415044,752.1824331477428,strong_peak_refined,Ga,Mixed,Mixed,image-supported strong peak
L10-0172,10,527.592841062683,774.0406014857261,strong_peak_refined,Pt,Pt,Pt,image-supported strong peak
L10-0173,10,515.6923807178853,792.2652904524654,strong_peak_refined,Ga,Mixed,Mixed,image-supported strong peak
L10-0174,10,504.0997514161008,809.0270755020957,strong_peak_refined,Pt,Pt,Pt,image-supported strong peak
L10-0175,10,491.3552942331676,827.717372804581,lattice_completed,Ga,Mixed,Mixed,lattice continuity / liquid-front display
L10-0176,10,481.0124195645669,845.4190095135239,strong_peak_refined,Ga,Liquid,Liquid,image-supported strong peak
L10-0177,10,468.3384418831788,863.8068437586987,strong_peak_refined,Ga,Liquid,Liquid,image-supported strong peak
L10-0178,10,777.89497875359,430.07698664972776,strong_peak_refined,Pt,Pt,Pt,image-supported strong peak
L10-0179,10,765.7371375870686,449.041654513169,strong_peak_refined,Pt,Pt,Pt,image-supported strong peak
L10-0180,10,753.610780175086,468.2813534817138,strong_peak_refined,Pt,Pt,Pt,image-supported strong peak
L10-0181,10,742.2952057836259,484.3875354691715,strong_peak_refined,Pt,Pt,Pt,image-supported strong peak
L10-0182,10,730.7011471241586,501.96330951629113,strong_peak_refined,Ga,Mixed,Mixed,image-supported strong peak
L10-0183,10,719.0048533442089,518.8764549507985,strong_peak_refined,Pt,Pt,Pt,image-supported strong peak
L10-0184,10,707.2838505882177,539.4722027279819,strong_peak_refined,Ga,Mixed,Mixed,image-supported strong peak
L10-0185,10,694.1764002098189,556.7422699316663,strong_peak_refined,Pt,Pt,Pt,image-supported strong peak
L10-0186,10,682.4904761910486,573.2634790517862,strong_peak_refined,Ga,Mixed,Mixed,image-supported strong peak
L10-0187,10,669.5937710633772,592.2145778597958,strong_peak_refined,Pt,Pt,Pt,image-supported strong peak
L10-0188,10,657.5224680379202,608.2934645798441,strong_peak_refined,Ga,Mixed,Mixed,image-supported strong peak
L10-0189,10,645.5197517389911,627.8921083545304,strong_peak_refined,Pt,Pt,Pt,image-supported strong peak
L10-0190,10,633.7795615031923,646.2912652327277,strong_peak_refined,Ga,Mixed,Mixed,image-supported strong peak
L10-0191,10,621.612083855405,662.9524435582922,strong_peak_refined,Pt,Pt,Pt,image-supported strong peak
L10-0192,10,609.8158233901568,679.6665252239222,strong_peak_refined,Ga,Mixed,Mixed,image-supported strong peak
L10-0193,10,598.1989585719792,699.7400825755052,strong_peak_refined,Pt,Pt,Pt,image-supported strong peak
L10-0194,10,587.1658023254226,716.636181267007,strong_peak_refined,Ga,Mixed,Mixed,image-supported strong peak
L10-0195,10,574.6443931824881,733.9105541845386,strong_peak_refined,Pt,Pt,Pt,image-supported strong peak
L10-0196,10,563.0620135060115,755.8011510407072,strong_peak_refined,Ga,Mixed,Mixed,image-supported strong peak
L10-0197,10,551.3688195080682,769.9499231526689,strong_peak_refined,Pt,Pt,Pt,image-supported strong peak
L10-0198,10,540.4583413257542,791.9898744456523,strong_peak_refined,Ga,Mixed,Mixed,image-supported strong peak
L10-0199,10,527.866307905822,808.611253093211,strong_peak_refined,Pt,Pt,Pt,image-supported strong peak
L10-0200,10,516.1428648215829,827.7398916057341,strong_peak_refined,Ga,Mixed,Mixed,image-supported strong peak
L10-0201,10,503.9829836473176,845.084858922459,strong_peak_refined,Ga,Liquid,Liquid,image-supported strong peak
L10-0202,10,491.7835296891928,862.4774421508774,strong_peak_refined,Ga,Liquid,Liquid,image-supported strong peak
L10-0203,10,480.22451274817234,883.7339784855166,strong_peak_refined,Ga,Liquid,Liquid,image-supported strong peak
L10-0204,10,789.740918325864,447.2787944550783,strong_peak_refined,Pt,Pt,Pt,image-supported strong peak
L10-0205,10,777.7324034100751,467.17503705668025,strong_peak_refined,Pt,Pt,Pt,image-supported strong peak
L10-0206,10,765.5437412228863,483.8117457410904,strong_peak_refined,Pt,Pt,Pt,image-supported strong peak
L10-0207,10,754.4983001951591,499.488194288304,strong_peak_refined,Pt,Pt,Pt,image-supported strong peak
L10-0208,10,741.3123651400373,520.4232027818172,strong_peak_refined,Pt,Pt,Pt,image-supported strong peak
L10-0209,10,729.5418440793143,539.5670120666646,strong_peak_refined,Ga,Mixed,Mixed,image-supported strong peak
L10-0210,10,717.5342113038084,556.7609961373946,strong_peak_refined,Pt,Pt,Pt,image-supported strong peak
L10-0211,10,705.8190647631251,572.1049767982169,strong_peak_refined,Ga,Mixed,Mixed,image-supported strong peak
L10-0212,10,693.5656582633532,589.4699687111066,strong_peak_refined,Pt,Pt,Pt,image-supported strong peak
L10-0213,10,681.2416767533998,607.0363905626477,strong_peak_refined,Ga,Mixed,Mixed,image-supported strong peak
L10-0214,10,668.9221206576685,624.579652648795,strong_peak_refined,Pt,Pt,Pt,image-supported strong peak
L10-0215,10,657.6864507392706,642.6567184580327,strong_peak_refined,Ga,Mixed,Mixed,image-supported strong peak
L10-0216,10,644.9259725765104,663.3374997095267,strong_peak_refined,Pt,Pt,Pt,image-supported strong peak
L10-0217,10,633.3218056359977,681.5388116669068,strong_peak_refined,Ga,Mixed,Mixed,image-supported strong peak
L10-0218,10,622.1100846866997,699.9748430714327,strong_peak_refined,Pt,Pt,Pt,image-supported strong peak
L10-0219,10,609.57052304433,715.6806054123198,strong_peak_refined,Ga,Mixed,Mixed,image-supported strong peak
L10-0220,10,598.3340829966986,734.839644040989,strong_peak_refined,Pt,Pt,Pt,image-supported strong peak
L10-0221,10,587.059563270214,753.8008644430694,strong_peak_refined,Ga,Mixed,Mixed,image-supported strong peak
L10-0222,10,575.658885192983,773.8359201508156,strong_peak_refined,Pt,Pt,Pt,image-supported strong peak
L10-0223,10,563.624569680446,788.4092753934426,strong_peak_refined,Ga,Mixed,Mixed,image-supported strong peak
L10-0224,10,551.6100103520614,811.9900922140437,strong_peak_refined,Pt,Pt,Pt,image-supported strong peak
L10-0225,10,539.4834258408047,828.9055184371034,strong_peak_refined,Ga,Mixed,Mixed,image-supported strong peak
L10-0226,10,527.2043617791367,847.4543635001736,strong_peak_refined,Ga,Liquid,Liquid,image-supported strong peak
L10-0227,10,515.5921484953654,865.0117874893128,strong_peak_refined,Ga,Liquid,Liquid,image-supported strong peak
L10-0228,10,503.79781064400186,882.979094356941,strong_peak_refined,Ga,Liquid,Liquid,image-supported strong peak
L10-0229,10,490.2856999757129,897.8147386505718,lattice_completed,Ga,Liquid,Liquid,lattice continuity / liquid-front display
L10-0230,10,813.6456760450329,445.38756942292105,strong_peak_refined,Pt,Pt,Pt,image-supported strong peak
L10-0231,10,801.0152730274152,464.0141416383119,strong_peak_refined,Pt,Pt,Pt,image-supported strong peak
L10-0232,10,788.4564486560053,482.8789719727099,strong_peak_refined,Pt,Pt,Pt,image-supported strong peak
L10-0233,10,777.1313725018679,501.6447740544032,strong_peak_refined,Pt,Pt,Pt,image-supported strong peak
L10-0234,10,764.700399730988,520.3360624061967,strong_peak_refined,Pt,Pt,Pt,image-supported strong peak
L10-0235,10,752.8417272388477,537.4670565859659,strong_peak_refined,Ga,Mixed,Mixed,image-supported strong peak
L10-0236,10,740.6827041188379,552.5630819838244,strong_peak_refined,Pt,Pt,Pt,image-supported strong peak
L10-0237,10,728.9748389708905,570.0765127697371,strong_peak_refined,Ga,Mixed,Mixed,image-supported strong peak
L10-0238,10,716.4339163449844,589.0291088348276,strong_peak_refined,Pt,Pt,Pt,image-supported strong peak
L10-0239,10,704.3842331716338,607.0677208729095,strong_peak_refined,Ga,Mixed,Mixed,image-supported strong peak
L10-0240,10,692.8683475171572,624.1262615351783,strong_peak_refined,Pt,Pt,Pt,image-supported strong peak
L10-0241,10,680.4787236905021,642.0250245678269,strong_peak_refined,Ga,Mixed,Mixed,image-supported strong peak
L10-0242,10,668.3540924979486,662.479966581006,strong_peak_refined,Pt,Pt,Pt,image-supported strong peak
L10-0243,10,656.7013361099695,677.9195403085192,strong_peak_refined,Ga,Mixed,Mixed,image-supported strong peak
L10-0244,10,644.6447762511793,696.2347203241558,strong_peak_refined,Pt,Pt,Pt,image-supported strong peak
L10-0245,10,633.0157265347042,714.9233909340031,strong_peak_refined,Ga,Mixed,Mixed,image-supported strong peak
L10-0246,10,621.9653714591684,733.3355645263592,strong_peak_refined,Pt,Pt,Pt,image-supported strong peak
L10-0247,10,609.7057798478172,752.5262924448999,strong_peak_refined,Ga,Mixed,Mixed,image-supported strong peak
L10-0248,10,597.2457835227171,766.3492768072305,weak_peak_refined,Pt,Pt,Pt,image-supported weak peak
L10-0249,10,587.454197701295,790.8158525544553,strong_peak_refined,Ga,Mixed,Mixed,image-supported strong peak
L10-0250,10,574.5407864457994,805.2886818078513,strong_peak_refined,Pt,Pt,Pt,image-supported strong peak
L10-0251,10,561.9869420937446,824.767914016858,strong_peak_refined,Ga,Mixed,Mixed,image-supported strong peak
L10-0252,10,550.8533465804377,845.8305104612568,strong_peak_refined,Ga,Liquid,Liquid,image-supported strong peak
L10-0253,10,537.6167146878043,859.8531793954984,strong_peak_refined,Ga,Liquid,Liquid,image-supported strong peak
L10-0254,10,526.0776137739444,878.7245297599209,strong_peak_refined,Ga,Liquid,Liquid,image-supported strong peak
L10-0255,10,513.7197738176096,897.4082728248503,strong_peak_refined,Ga,Liquid,Liquid,image-supported strong peak
L10-0256,10,502.6432089208363,923.9320223764756,weak_peak_refined,Ga,Liquid,Liquid,image-supported weak peak
L10-0257,10,825.2422025660076,462.8681610825877,strong_peak_refined,Pt,Pt,Pt,image-supported strong peak
L10-0258,10,812.1742496972303,482.1492112067213,strong_peak_refined,Pt,Pt,Pt,image-supported strong peak
L10-0259,10,800.1998082691715,499.9962437469028,strong_peak_refined,Pt,Pt,Pt,image-supported strong peak
L10-0260,10,788.0940278317648,516.4392026377316,strong_peak_refined,Pt,Pt,Pt,image-supported strong peak
L10-0261,10,776.7535177472641,534.0400233234075,strong_peak_refined,Pt,Pt,Pt,image-supported strong peak
L10-0262,10,764.373584179716,554.34333103294,strong_peak_refined,Pt,Pt,Pt,image-supported strong peak
L10-0263,10,752.6531890686755,570.4273618516269,strong_peak_refined,Ga,Mixed,Mixed,image-supported strong peak
L10-0264,10,739.7097920141259,588.0535798788383,strong_peak_refined,Pt,Pt,Pt,image-supported strong peak
L10-0265,10,728.167840508912,606.4226025989334,strong_peak_refined,Ga,Mixed,Mixed,image-supported strong peak
L10-0266,10,715.5751945206798,624.8743662914077,strong_peak_refined,Pt,Pt,Pt,image-supported strong peak
L10-0267,10,703.4729470916868,641.9096093632678,strong_peak_refined,Ga,Mixed,Mixed,image-supported strong peak
L10-0268,10,691.4758922063297,663.2043130608254,strong_peak_refined,Pt,Pt,Pt,image-supported strong peak
L10-0269,10,679.7301393530398,678.7726262727132,strong_peak_refined,Ga,Mixed,Mixed,image-supported strong peak
L10-0270,10,668.2055907372009,695.8056862398995,strong_peak_refined,Pt,Pt,Pt,image-supported strong peak
L10-0271,10,656.7650995148562,713.2491331453042,strong_peak_refined,Ga,Mixed,Mixed,image-supported strong peak
L10-0272,10,644.6402534717652,729.806175869719,strong_peak_refined,Pt,Pt,Pt,image-supported strong peak
L10-0273,10,631.9584621380156,749.4731249283927,strong_peak_refined,Ga,Mixed,Mixed,image-supported strong peak
L10-0274,10,622.1747450010142,770.0304739444389,strong_peak_refined,Pt,Pt,Pt,image-supported strong peak
L10-0275,10,610.1610543180922,786.7700884019998,strong_peak_refined,Ga,Mixed,Mixed,image-supported strong peak
L10-0276,10,596.8078146694365,801.5410719319613,weak_peak_refined,Pt,Pt,Pt,image-supported weak peak
L10-0277,10,586.0450153114108,822.6593715576512,strong_peak_refined,Ga,Mixed,Mixed,image-supported strong peak
L10-0278,10,574.3453266558956,844.9094040813507,strong_peak_refined,Ga,Liquid,Liquid,image-supported strong peak
L10-0279,10,561.0713097109709,859.6436916342095,lattice_completed,Ga,Liquid,Liquid,lattice continuity / liquid-front display
L10-0280,10,550.4325754511543,880.0720474673246,strong_peak_refined,Ga,Liquid,Liquid,image-supported strong peak
L10-0281,10,537.2468047700854,896.2961896996181,strong_peak_refined,Ga,Liquid,Liquid,image-supported strong peak
L10-0282,10,525.9440556781046,918.5323162627876,strong_peak_refined,Ga,Liquid,Liquid,image-supported strong peak
L10-0283,10,513.1678403824957,931.8226335424448,lattice_completed,Ga,Liquid,Liquid,lattice continuity / liquid-front display
L10-0284,10,848.3752485900828,460.5989754701589,strong_peak_refined,Pt,Pt,Pt,image-supported strong peak
L10-0285,10,835.6281782036187,480.5581166356565,strong_peak_refined,Pt,Pt,Pt,image-supported strong peak
L10-0286,10,823.5258454600377,498.84784063591377,strong_peak_refined,Pt,Pt,Pt,image-supported strong peak
L10-0287,10,811.4289642547702,517.1225125705055,strong_peak_refined,Pt,Pt,Pt,image-supported strong peak
L10-0288,10,799.1551679752846,535.7455244845687,strong_peak_refined,Pt,Pt,Pt,image-supported strong peak
L10-0289,10,786.8437206693716,555.4244722417226,strong_peak_refined,Pt,Pt,Pt,image-supported strong peak
L10-0290,10,776.2230820348202,571.5100818876217,strong_peak_refined,Ga,Mixed,Mixed,image-supported strong peak
L10-0291,10,763.6349097295563,586.3176601059798,strong_peak_refined,Pt,Pt,Pt,image-supported strong peak
L10-0292,10,751.3789744145258,603.2044723601053,strong_peak_refined,Ga,Mixed,Mixed,image-supported strong peak
L10-0293,10,739.402541349858,622.1694318850546,strong_peak_refined,Pt,Pt,Pt,image-supported strong peak
L10-0294,10,726.9852461559603,641.6406768520327,strong_peak_refined,Ga,Mixed,Mixed,image-supported strong peak
L10-0295,10,714.5899697587524,660.8299833450335,strong_peak_refined,Pt,Pt,Pt,image-supported strong peak
L10-0296,10,703.3848588005136,676.8198478806547,strong_peak_refined,Ga,Mixed,Mixed,image-supported strong peak
L10-0297,10,691.607630045274,694.9156092872498,strong_peak_refined,Pt,Pt,Pt,image-supported strong peak
L10-0298,10,680.4894375061251,715.0066659954056,strong_peak_refined,Ga,Mixed,Mixed,image-supported strong peak
L10-0299,10,667.233984586208,728.7392084297131,strong_peak_refined,Pt,Pt,Pt,image-supported strong peak
L10-0300,10,655.9029930743208,747.8894063124486,strong_peak_refined,Ga,Mixed,Mixed,image-supported strong peak
L10-0301,10,645.6058314384128,769.4353904254577,strong_peak_refined,Pt,Pt,Pt,image-supported strong peak
L10-0302,10,634.1747216766217,786.3554665772006,strong_peak_refined,Ga,Mixed,Mixed,image-supported strong peak
L10-0303,10,621.6051360843535,807.4116292245104,strong_peak_refined,Pt,Pt,Pt,image-supported strong peak
L10-0304,10,609.5067269480516,821.6944139719161,strong_peak_refined,Ga,Mixed,Mixed,image-supported strong peak
L10-0305,10,597.9780892098433,840.114543163117,strong_peak_refined,Ga,Liquid,Liquid,image-supported strong peak
L10-0306,10,584.9439995674647,856.8253150184846,strong_peak_refined,Ga,Liquid,Liquid,image-supported strong peak
L10-0307,10,574.1409041140282,881.8233053621489,strong_peak_refined,Ga,Liquid,Liquid,image-supported strong peak
L10-0308,10,561.803054861555,897.2904166528981,strong_peak_refined,Ga,Liquid,Liquid,image-supported strong peak
L10-0309,10,548.7457230631069,915.0873349568698,strong_peak_refined,Ga,Liquid,Liquid,image-supported strong peak
L10-0310,10,536.7065170276232,931.6931721540668,strong_peak_refined,Ga,Liquid,Liquid,image-supported strong peak
L10-0311,10,525.3470612025743,952.4976273642104,strong_peak_refined,Ga,Liquid,Liquid,image-supported strong peak
L10-0312,10,859.3306858053276,477.83362682394426,strong_peak_refined,Pt,Pt,Pt,image-supported strong peak
L10-0313,10,847.3902108561621,497.923522536592,strong_peak_refined,Pt,Pt,Pt,image-supported strong peak
L10-0314,10,835.2832896052912,513.8669168787889,strong_peak_refined,Pt,Pt,Pt,image-supported strong peak
L10-0315,10,823.6161780647059,534.4362121590174,strong_peak_refined,Pt,Pt,Pt,image-supported strong peak
L10-0316,10,810.6678195419477,553.6278902456384,strong_peak_refined,Pt,Pt,Pt,image-supported strong peak
L10-0317,10,798.85343484812,566.9993441717534,strong_peak_refined,Pt,Pt,Pt,image-supported strong peak
L10-0318,10,786.8695632366812,588.86751237753,strong_peak_refined,Pt,Pt,Pt,image-supported strong peak
L10-0319,10,774.2192707284001,606.2827788768063,strong_peak_refined,Ga,Mixed,Mixed,image-supported strong peak
L10-0320,10,762.5551935922716,620.9823893847916,strong_peak_refined,Pt,Pt,Pt,image-supported strong peak
L10-0321,10,751.4501939305986,639.9655753800968,strong_peak_refined,Ga,Mixed,Mixed,image-supported strong peak
L10-0322,10,738.7418944391239,659.5813800630181,strong_peak_refined,Pt,Pt,Pt,image-supported strong peak
L10-0323,10,726.2498257242381,676.0587861719956,strong_peak_refined,Ga,Mixed,Mixed,image-supported strong peak
L10-0324,10,715.4368134085986,695.8280554403648,strong_peak_refined,Pt,Pt,Pt,image-supported strong peak
L10-0325,10,703.6569501154958,712.8307965756758,strong_peak_refined,Ga,Mixed,Mixed,image-supported strong peak
L10-0326,10,690.9371874857435,727.5886348722761,strong_peak_refined,Pt,Pt,Pt,image-supported strong peak
L10-0327,10,679.1160060395011,745.8630026268959,strong_peak_refined,Ga,Mixed,Mixed,image-supported strong peak
L10-0328,10,668.6112504650689,769.5218776364743,strong_peak_refined,Pt,Pt,Pt,image-supported strong peak
L10-0329,10,657.0921155009428,785.7869208914532,strong_peak_refined,Ga,Mixed,Mixed,image-supported strong peak
L10-0330,10,644.9754487364847,804.894935881499,strong_peak_refined,Pt,Pt,Pt,image-supported strong peak
L10-0331,10,631.99549182544,821.3764537681998,strong_peak_refined,Ga,Mixed,Mixed,image-supported strong peak
L10-0332,10,620.0609384466776,839.6057762862939,strong_peak_refined,Ga,Liquid,Liquid,image-supported strong peak
L10-0333,10,608.6050007857851,855.7262526501572,strong_peak_refined,Ga,Liquid,Liquid,image-supported strong peak
L10-0334,10,596.3165313615137,873.6446873397236,strong_peak_refined,Ga,Liquid,Liquid,image-supported strong peak
L10-0335,10,585.2855729405312,893.2194714673401,strong_peak_refined,Ga,Liquid,Liquid,image-supported strong peak
L10-0336,10,572.7182392246243,906.1258773520292,weak_peak_refined,Ga,Liquid,Liquid,image-supported weak peak
L10-0337,10,560.9882198570717,931.8964334176128,strong_peak_refined,Ga,Liquid,Liquid,image-supported strong peak
L10-0338,10,548.3308719652488,944.1586579613138,strong_peak_refined,Ga,Liquid,Liquid,image-supported strong peak
L10-0339,10,882.5274878759556,477.6992460731166,strong_peak_refined,Pt,Pt,Pt,image-supported strong peak
L10-0340,10,870.9935551019355,495.93453825527314,strong_peak_refined,Pt,Pt,Pt,image-supported strong peak
L10-0341,10,859.0268362270762,515.7187589479532,strong_peak_refined,Pt,Pt,Pt,image-supported strong peak
L10-0342,10,846.8906905489529,534.7587482746804,strong_peak_refined,Pt,Pt,Pt,image-supported strong peak
L10-0343,10,834.5333901823151,552.637551506492,strong_peak_refined,Pt,Pt,Pt,image-supported strong peak
L10-0344,10,822.8755307683206,570.4943801884098,strong_peak_refined,Pt,Pt,Pt,image-supported strong peak
L10-0345,10,810.4305474730154,588.0345740792933,strong_peak_refined,Pt,Pt,Pt,image-supported strong peak
L10-0346,10,798.4963814554676,604.1547058019199,strong_peak_refined,Ga,Mixed,Mixed,image-supported strong peak
L10-0347,10,786.1255242115029,624.1604820795977,strong_peak_refined,Pt,Pt,Pt,image-supported strong peak
L10-0348,10,774.3703746901135,639.4015781204084,strong_peak_refined,Ga,Mixed,Mixed,image-supported strong peak
L10-0349,10,761.9189558891093,658.06112608173,strong_peak_refined,Pt,Pt,Pt,image-supported strong peak
L10-0350,10,750.5526099257476,674.3167345955154,strong_peak_refined,Ga,Mixed,Mixed,image-supported strong peak
L10-0351,10,737.9810620617006,694.2887581654606,strong_peak_refined,Pt,Pt,Pt,image-supported strong peak
L10-0352,10,727.4149413465902,710.660505303195,strong_peak_refined,Ga,Mixed,Mixed,image-supported strong peak
L10-0353,10,714.9421528843917,730.0612867419062,strong_peak_refined,Pt,Pt,Pt,image-supported strong peak
L10-0354,10,703.1917127064,746.66469470269,strong_peak_refined,Ga,Mixed,Mixed,image-supported strong peak
L10-0355,10,691.1573686696756,766.0129048663346,strong_peak_refined,Pt,Pt,Pt,image-supported strong peak
L10-0356,10,680.1802048930775,782.885131550925,strong_peak_refined,Ga,Mixed,Mixed,image-supported strong peak
L10-0357,10,668.0542702729247,801.341497703038,strong_peak_refined,Pt,Pt,Pt,image-supported strong peak
L10-0358,10,656.4661891114791,820.7119383819879,strong_peak_refined,Ga,Mixed,Mixed,image-supported strong peak
L10-0359,10,643.8473587471849,836.2169979019952,strong_peak_refined,Pt,Pt,Pt,image-supported strong peak
L10-0360,10,631.3221223175016,856.5213275408428,lattice_completed,Ga,Liquid,Liquid,lattice continuity / liquid-front display
L10-0361,10,619.9925474737762,878.9109612455989,strong_peak_refined,Ga,Liquid,Liquid,image-supported strong peak
L10-0362,10,608.9753842848979,895.9029662663579,strong_peak_refined,Pt,Pt,Pt,image-supported strong peak
L10-0363,10,595.8973649385518,917.7555068932768,weak_peak_refined,Ga,Liquid,Liquid,image-supported weak peak
L10-0364,10,583.8352033920607,932.1531363893332,strong_peak_refined,Ga,Liquid,Liquid,image-supported strong peak
L10-0365,10,571.5552193170139,952.8470589382764,strong_peak_refined,Ga,Liquid,Liquid,image-supported strong peak
L10-0366,10,559.8679081753219,968.0981823310688,strong_peak_refined,Pt,Pt,Pt,image-supported strong peak
L10-0367,10,894.1456395622035,495.0479966451518,strong_peak_refined,Pt,Pt,Pt,image-supported strong peak
L10-0368,10,883.3371801327606,512.6380192892458,strong_peak_refined,Pt,Pt,Pt,image-supported strong peak
L10-0369,10,870.2572087621681,530.3483487570272,strong_peak_refined,Pt,Pt,Pt,image-supported strong peak
L10-0370,10,858.104226593528,552.0795060467218,strong_peak_refined,Pt,Pt,Pt,image-supported strong peak
L10-0371,10,846.1970799159592,570.4603888637752,strong_peak_refined,Pt,Pt,Pt,image-supported strong peak
L10-0372,10,833.6314277657361,585.8667194521951,strong_peak_refined,Pt,Pt,Pt,image-supported strong peak
L10-0373,10,822.0631705868376,601.9718712563963,strong_peak_refined,Ga,Mixed,Mixed,image-supported strong peak
L10-0374,10,809.6945914471322,621.3726250334191,strong_peak_refined,Pt,Pt,Pt,image-supported strong peak
L10-0375,10,797.8082225516641,637.9724085078283,strong_peak_refined,Ga,Mixed,Mixed,image-supported strong peak
L10-0376,10,785.3851274919064,653.2308015582094,strong_peak_refined,Pt,Pt,Pt,image-supported strong peak
L10-0377,10,773.7763813737487,673.3947717330228,strong_peak_refined,Ga,Mixed,Mixed,image-supported strong peak
L10-0378,10,761.4443989441045,692.467789060347,strong_peak_refined,Pt,Pt,Pt,image-supported strong peak
L10-0379,10,750.3888430672632,709.3480535382042,strong_peak_refined,Ga,Mixed,Mixed,image-supported strong peak
L10-0380,10,738.5535905314114,729.5266370280663,strong_peak_refined,Pt,Pt,Pt,image-supported strong peak
L10-0381,10,726.7642257115166,742.2386609200505,weak_peak_refined,Ga,Mixed,Mixed,image-supported weak peak
L10-0382,10,714.4350285467966,763.9683035785883,strong_peak_refined,Pt,Pt,Pt,image-supported strong peak
L10-0383,10,702.9313706771574,783.2949597375501,strong_peak_refined,Ga,Mixed,Mixed,image-supported strong peak
L10-0384,10,691.5491992207699,801.3233014243252,strong_peak_refined,Pt,Pt,Pt,image-supported strong peak
L10-0385,10,679.3754846058437,817.8196499557472,strong_peak_refined,Ga,Mixed,Mixed,image-supported strong peak
L10-0386,10,667.2725266312154,834.8761602746615,strong_peak_refined,Pt,Pt,Pt,image-supported strong peak
L10-0387,10,655.4838215101671,850.738576379677,weak_peak_refined,Ga,Liquid,Liquid,image-supported weak peak
L10-0388,10,643.6026857052622,875.2207613722965,strong_peak_refined,Ga,Liquid,Liquid,image-supported strong peak
L10-0389,10,631.5644985046041,893.423747259564,strong_peak_refined,Ga,Liquid,Liquid,image-supported strong peak
L10-0390,10,619.4766805546456,911.1619328227208,strong_peak_refined,Ga,Liquid,Liquid,image-supported strong peak
L10-0391,10,608.6539718024494,935.0271777828148,weak_peak_refined,Ga,Liquid,Liquid,image-supported weak peak
L10-0392,10,595.0000318199366,944.6970415189122,strong_peak_refined,Ga,Liquid,Liquid,image-supported strong peak
L10-0393,10,582.3292057744876,961.7052890691537,strong_peak_refined,Ga,Liquid,Liquid,image-supported strong peak
L10-0394,10,570.7021850990562,979.87120687599,strong_peak_refined,Ga,Liquid,Liquid,image-supported strong peak
L10-0395,10,906.280600479956,512.253173945414,strong_peak_refined,Pt,Pt,Pt,image-supported strong peak
L10-0396,10,893.9426634611469,531.5616520240096,strong_peak_refined,Pt,Pt,Pt,image-supported strong peak
L10-0397,10,881.4781924285296,548.5470185861287,strong_peak_refined,Pt,Pt,Pt,image-supported strong peak
L10-0398,10,869.8989121528497,568.2848399613772,strong_peak_refined,Pt,Pt,Pt,image-supported strong peak
L10-0399,10,857.2565848810467,584.7951827508883,strong_peak_refined,Pt,Pt,Pt,image-supported strong peak
L10-0400,10,844.7324148247968,602.0539279937342,strong_peak_refined,Pt,Pt,Pt,image-supported strong peak
L10-0401,10,833.051040267798,618.8608882409607,strong_peak_refined,Pt,Pt,Pt,image-supported strong peak
L10-0402,10,821.5705489911068,637.0039721642595,strong_peak_refined,Ga,Mixed,Mixed,image-supported strong peak
L10-0403,10,808.6573951908784,655.4646136235358,strong_peak_refined,Pt,Pt,Pt,image-supported strong peak
L10-0404,10,797.6712143489295,669.7583931624855,weak_peak_refined,Ga,Mixed,Mixed,image-supported weak peak
L10-0405,10,785.431032849449,692.1550838845691,strong_peak_refined,Pt,Pt,Pt,image-supported strong peak
L10-0406,10,773.282554864472,708.4749949558757,strong_peak_refined,Ga,Mixed,Mixed,image-supported strong peak
L10-0407,10,762.1432597243066,726.0922811004011,strong_peak_refined,Pt,Pt,Pt,image-supported strong peak
L10-0408,10,750.6272757654035,743.4052635057071,strong_peak_refined,Ga,Mixed,Mixed,image-supported strong peak
L10-0409,10,737.4004676146667,764.5144353869671,strong_peak_refined,Pt,Pt,Pt,image-supported strong peak
L10-0410,10,726.0609954308137,781.8165294922484,strong_peak_refined,Ga,Mixed,Mixed,image-supported strong peak
L10-0411,10,714.310256444878,799.0188320812637,strong_peak_refined,Pt,Pt,Pt,image-supported strong peak
L10-0412,10,702.6347044319037,816.6177954001854,strong_peak_refined,Ga,Mixed,Mixed,image-supported strong peak
L10-0413,10,689.8967601395655,831.7595158330988,weak_peak_refined,Pt,Pt,Pt,image-supported weak peak
L10-0414,10,678.7547516496161,853.4866473956392,strong_peak_refined,Ga,Liquid,Liquid,image-supported strong peak
L10-0415,10,666.9210949506017,875.8678338464329,strong_peak_refined,Ga,Liquid,Liquid,image-supported strong peak
L10-0416,10,655.7686188163505,894.6385048399278,strong_peak_refined,Ga,Liquid,Liquid,image-supported strong peak
L10-0417,10,643.2856423911232,911.0126340252432,strong_peak_refined,Ga,Liquid,Liquid,image-supported strong peak
L10-0418,10,631.4552793372876,930.6281752440142,strong_peak_refined,Ga,Liquid,Liquid,image-supported strong peak
L10-0419,10,618.6749306980558,945.1848113516968,strong_peak_refined,Ga,Liquid,Liquid,image-supported strong peak
L10-0420,10,606.3797940480208,966.790432564352,strong_peak_refined,Ga,Liquid,Liquid,image-supported strong peak
L10-0421,10,595.1482019419777,985.0480816335132,strong_peak_refined,Ga,Liquid,Liquid,image-supported strong peak
L10-0422,10,916.500695884074,529.7517866555053,strong_peak_refined,Pt,Pt,Pt,image-supported strong peak
L10-0423,10,904.5053745915712,548.5149683198207,strong_peak_refined,Pt,Pt,Pt,image-supported strong peak
L10-0424,10,892.8603548925736,567.65302737525,strong_peak_refined,Pt,Pt,Pt,image-supported strong peak
L10-0425,10,880.3441340109841,584.9186385968916,strong_peak_refined,Pt,Pt,Pt,image-supported strong peak
L10-0426,10,867.963829047185,602.1125499187194,strong_peak_refined,Pt,Pt,Pt,image-supported strong peak
L10-0427,10,855.6637348636693,621.726455540393,strong_peak_refined,Pt,Pt,Pt,image-supported strong peak
L10-0428,10,844.5784497708663,636.875622983342,strong_peak_refined,Ga,Mixed,Mixed,image-supported strong peak
L10-0429,10,832.2349020809536,655.9109735688829,strong_peak_refined,Pt,Pt,Pt,image-supported strong peak
L10-0430,10,821.213055335355,671.9890285865702,strong_peak_refined,Ga,Mixed,Mixed,image-supported strong peak
L10-0431,10,809.0435615041757,688.1454703809446,strong_peak_refined,Pt,Pt,Pt,image-supported strong peak
L10-0432,10,796.8057473225278,707.8393548561852,strong_peak_refined,Ga,Mixed,Mixed,image-supported strong peak
L10-0433,10,784.730718530159,725.8006058591953,strong_peak_refined,Pt,Pt,Pt,image-supported strong peak
L10-0434,10,773.4618887741339,744.7711788370948,strong_peak_refined,Ga,Mixed,Mixed,image-supported strong peak
L10-0435,10,761.342951815978,761.9395135783398,strong_peak_refined,Pt,Pt,Pt,image-supported strong peak
L10-0436,10,750.0147205571898,779.7945155937899,strong_peak_refined,Ga,Mixed,Mixed,image-supported strong peak
L10-0437,10,738.3333854688225,799.7253638955391,strong_peak_refined,Pt,Pt,Pt,image-supported strong peak
L10-0438,10,726.7296660107268,818.5644839496273,strong_peak_refined,Ga,Mixed,Mixed,image-supported strong peak
L10-0439,10,714.2256088461911,836.05634769568,strong_peak_refined,Pt,Pt,Pt,image-supported strong peak
L10-0440,10,702.9577301083996,855.8825305937395,strong_peak_refined,Ga,Liquid,Liquid,image-supported strong peak
L10-0441,10,690.3703955695956,875.1368895145913,strong_peak_refined,Ga,Liquid,Liquid,image-supported strong peak
L10-0442,10,679.005662895443,891.944030443719,strong_peak_refined,Ga,Liquid,Liquid,image-supported strong peak
L10-0443,10,666.6947161792035,912.6180552011808,strong_peak_refined,Ga,Liquid,Liquid,image-supported strong peak
L10-0444,10,653.8119062048858,926.8423187909336,strong_peak_refined,Ga,Liquid,Liquid,image-supported strong peak
L10-0445,10,641.810251347298,948.7370865128688,strong_peak_refined,Ga,Liquid,Liquid,image-supported strong peak
L10-0446,10,630.3373745762142,964.1171950049176,strong_peak_refined,Ga,Liquid,Liquid,image-supported strong peak
L10-0447,10,618.4575676368567,980.9498569616136,strong_peak_refined,Ga,Liquid,Liquid,image-supported strong peak
L10-0448,10,606.3217930996832,997.8202393058236,strong_peak_refined,Ga,Liquid,Liquid,image-supported strong peak
L10-0449,10,940.6047318729424,528.9888080849647,strong_peak_refined,Pt,Pt,Pt,image-supported strong peak
L10-0450,10,928.306599535231,547.6042910392565,strong_peak_refined,Pt,Pt,Pt,image-supported strong peak
L10-0451,10,915.7908087563044,565.6117788496981,strong_peak_refined,Pt,Pt,Pt,image-supported strong peak
L10-0452,10,903.54207488645,583.4808538278932,strong_peak_refined,Pt,Pt,Pt,image-supported strong peak
L10-0453,10,891.0799022463126,601.2209798347177,strong_peak_refined,Pt,Pt,Pt,image-supported strong peak
L10-0454,10,879.2280098209293,619.0050295399298,strong_peak_refined,Pt,Pt,Pt,image-supported strong peak
L10-0455,10,867.1482916202419,638.774467708509,strong_peak_refined,Pt,Pt,Pt,image-supported strong peak
L10-0456,10,855.5230327765825,655.8157491319498,strong_peak_refined,Pt,Pt,Pt,image-supported strong peak
L10-0457,10,844.0507362920301,672.7782405639412,strong_peak_refined,Ga,Mixed,Mixed,image-supported strong peak
L10-0458,10,831.7792754684208,690.8245618912944,strong_peak_refined,Pt,Pt,Pt,image-supported strong peak
L10-0459,10,821.3267827536278,708.4371209801199,strong_peak_refined,Ga,Mixed,Mixed,image-supported strong peak
L10-0460,10,808.1303936108405,726.5021441820547,strong_peak_refined,Pt,Pt,Pt,image-supported strong peak
L10-0461,10,796.2782673854734,742.4659067357976,strong_peak_refined,Ga,Mixed,Mixed,image-supported strong peak
L10-0462,10,785.0540393028961,762.0807707876324,strong_peak_refined,Pt,Pt,Pt,image-supported strong peak
L10-0463,10,773.3501467369621,779.1563790391252,strong_peak_refined,Ga,Mixed,Mixed,image-supported strong peak
L10-0464,10,761.5959343944475,797.298151839329,strong_peak_refined,Pt,Pt,Pt,image-supported strong peak
L10-0465,10,749.5818734361239,812.7686388667527,strong_peak_refined,Ga,Mixed,Mixed,image-supported strong peak
L10-0466,10,737.2865162598556,835.6912686314259,strong_peak_refined,Pt,Pt,Pt,image-supported strong peak
L10-0467,10,725.6134585962417,852.3355697945012,strong_peak_refined,Ga,Liquid,Liquid,image-supported strong peak
L10-0468,10,714.1863106910829,873.6944500928971,strong_peak_refined,Ga,Liquid,Liquid,image-supported strong peak
L10-0469,10,701.8075277402526,890.6162834769295,strong_peak_refined,Ga,Liquid,Liquid,image-supported strong peak
L10-0470,10,689.8939379552902,909.8588119037382,strong_peak_refined,Ga,Liquid,Liquid,image-supported strong peak
L10-0471,10,678.0806676286293,923.357278943927,strong_peak_refined,Ga,Liquid,Liquid,image-supported strong peak
L10-0472,10,665.3646444465735,940.9177590352308,strong_peak_refined,Ga,Liquid,Liquid,image-supported strong peak
L10-0473,10,653.641295793441,961.0539042549536,strong_peak_refined,Ga,Liquid,Liquid,image-supported strong peak
L10-0474,10,641.5866130147352,972.6767260405518,weak_peak_refined,Ga,Liquid,Liquid,image-supported weak peak
L10-0475,10,629.3435141628074,996.631596779716,strong_peak_refined,Ga,Liquid,Liquid,image-supported strong peak
L10-0476,10,953.02272358865,545.9739990371135,strong_peak_refined,Pt,Pt,Pt,image-supported strong peak
L10-0477,10,939.8627992469044,564.025015197641,strong_peak_refined,Pt,Pt,Pt,image-supported strong peak
L10-0478,10,927.831472527934,581.6826169726659,strong_peak_refined,Pt,Pt,Pt,image-supported strong peak
L10-0479,10,915.216516255181,600.6520648200608,strong_peak_refined,Pt,Pt,Pt,image-supported strong peak
L10-0480,10,902.5452559789708,618.2944630657659,strong_peak_refined,Pt,Pt,Pt,image-supported strong peak
L10-0481,10,890.6048036785227,636.8458045016896,strong_peak_refined,Pt,Pt,Pt,image-supported strong peak
L10-0482,10,878.9380922476217,653.9848050494828,strong_peak_refined,Pt,Pt,Pt,image-supported strong peak
L10-0483,10,867.6117722430544,671.3049654559007,strong_peak_refined,Ga,Mixed,Mixed,image-supported strong peak
L10-0484,10,855.6742307803432,688.2628458857251,strong_peak_refined,Pt,Pt,Pt,image-supported strong peak
L10-0485,10,842.8699126505795,706.8448311830987,strong_peak_refined,Ga,Mixed,Mixed,image-supported strong peak
L10-0486,10,831.9220642830304,725.3166544125496,strong_peak_refined,Pt,Pt,Pt,image-supported strong peak
L10-0487,10,820.5688492262724,742.8590357575912,strong_peak_refined,Ga,Mixed,Mixed,image-supported strong peak
L10-0488,10,808.013081098955,761.7598813824328,strong_peak_refined,Pt,Pt,Pt,image-supported strong peak
L10-0489,10,796.8419116474671,778.5711892210657,strong_peak_refined,Ga,Mixed,Mixed,image-supported strong peak
L10-0490,10,785.5131334668503,796.4040300274696,strong_peak_refined,Pt,Pt,Pt,image-supported strong peak
L10-0491,10,773.6040380491692,813.0503886704572,strong_peak_refined,Ga,Mixed,Mixed,image-supported strong peak
L10-0492,10,761.8375817373027,834.9929830803109,strong_peak_refined,Pt,Pt,Pt,image-supported strong peak
L10-0493,10,749.6286358116992,851.7653700283569,strong_peak_refined,Pt,Pt,Pt,image-supported strong peak
L10-0494,10,738.4305032534041,873.0466408643102,strong_peak_refined,Ga,Liquid,Liquid,image-supported strong peak
L10-0495,10,725.8543231038904,891.5933044008455,strong_peak_refined,Ga,Liquid,Liquid,image-supported strong peak
L10-0496,10,712.8065931485044,901.2158116305642,weak_peak_refined,Ga,Liquid,Liquid,image-supported weak peak
L10-0497,10,700.9785579066689,923.4895053466074,strong_peak_refined,Ga,Liquid,Liquid,image-supported strong peak
L10-0498,10,688.674541570304,946.5481803582892,strong_peak_refined,Ga,Liquid,Liquid,image-supported strong peak
L10-0499,10,677.2091621399001,968.5323811217264,weak_peak_refined,Ga,Liquid,Liquid,image-supported weak peak
L10-0500,10,664.9622443636075,981.022304160758,strong_peak_refined,Ga,Liquid,Liquid,image-supported strong peak
L10-0501,10,653.3725852305073,997.5468329821724,strong_peak_refined,Ga,Liquid,Liquid,image-supported strong peak
L10-0502,10,963.6433251058312,562.4388757779734,strong_peak_refined,Pt,Pt,Pt,image-supported strong peak
L10-0503,10,951.0140871841492,581.1832600152851,strong_peak_refined,Pt,Pt,Pt,image-supported strong peak
L10-0504,10,938.3431463332043,597.870828626368,strong_peak_refined,Pt,Pt,Pt,image-supported strong peak
L10-0505,10,926.2232382168507,616.3252269551049,strong_peak_refined,Pt,Pt,Pt,image-supported strong peak
L10-0506,10,914.0054666395324,635.6359529109552,strong_peak_refined,Pt,Pt,Pt,image-supported strong peak
L10-0507,10,901.9398959617288,652.5509546342338,strong_peak_refined,Pt,Pt,Pt,image-supported strong peak
L10-0508,10,890.3296555376623,669.9623240565415,strong_peak_refined,Pt,Pt,Pt,image-supported strong peak
L10-0509,10,878.0819615542385,689.1169076647228,strong_peak_refined,Pt,Pt,Pt,image-supported strong peak
L10-0510,10,867.4495878662946,705.2990710484539,strong_peak_refined,Ga,Mixed,Mixed,image-supported strong peak
L10-0511,10,855.0253647948714,725.472915317191,strong_peak_refined,Pt,Pt,Pt,image-supported strong peak
L10-0512,10,843.3301715103993,743.987213454086,strong_peak_refined,Ga,Mixed,Mixed,image-supported strong peak
L10-0513,10,831.026671606783,760.0967346026983,strong_peak_refined,Pt,Pt,Pt,image-supported strong peak
L10-0514,10,820.1887972222348,776.1570086261501,strong_peak_refined,Ga,Mixed,Mixed,image-supported strong peak
L10-0515,10,808.3985408319934,796.0144376419054,strong_peak_refined,Pt,Pt,Pt,image-supported strong peak
L10-0516,10,796.9490708789697,813.8940826858645,strong_peak_refined,Ga,Mixed,Mixed,image-supported strong peak
L10-0517,10,785.1098632201773,834.7366419919229,strong_peak_refined,Pt,Pt,Pt,image-supported strong peak
L10-0518,10,772.7585959454201,849.2998529405198,strong_peak_refined,Ga,Liquid,Liquid,image-supported strong peak
L10-0519,10,760.421466021158,864.3576009555537,weak_peak_refined,Ga,Liquid,Liquid,image-supported weak peak
L10-0520,10,749.5400784300093,893.7603086035763,weak_peak_refined,Ga,Liquid,Liquid,image-supported weak peak
L10-0521,10,736.7859649842328,907.7197062315544,strong_peak_refined,Ga,Liquid,Liquid,image-supported strong peak
L10-0522,10,724.2895132283924,922.6114987703332,strong_peak_refined,Ga,Liquid,Liquid,image-supported strong peak
L10-0523,10,712.4499226393509,944.9171801660874,strong_peak_refined,Ga,Liquid,Liquid,image-supported strong peak
L10-0524,10,700.392741116515,965.2962324550772,strong_peak_refined,Ga,Liquid,Liquid,image-supported strong peak
L10-0525,10,687.9864135755295,970.876250413513,weak_peak_refined,Ga,Liquid,Liquid,image-supported weak peak
L10-0526,10,676.3484346685643,991.4051606164836,strong_peak_refined,Ga,Liquid,Liquid,image-supported strong peak
L10-0527,10,664.6483044038587,1006.6618329745246,weak_peak_refined,Ga,Liquid,Liquid,image-supported weak peak
L10-0528,10,974.878695047855,578.5647791671042,lattice_completed,Pt,Pt,Pt,lattice continuity / liquid-front display
L10-0529,10,963.4951990649328,597.1891663349791,strong_peak_refined,Pt,Pt,Pt,image-supported strong peak
L10-0530,10,949.6868286326966,614.1554596242934,strong_peak_refined,Pt,Pt,Pt,image-supported strong peak
L10-0531,10,937.879197464982,634.6703342898155,strong_peak_refined,Pt,Pt,Pt,image-supported strong peak
L10-0532,10,924.9711289814996,650.4335468499925,strong_peak_refined,Pt,Pt,Pt,image-supported strong peak
L10-0533,10,914.1513366560908,669.9486068372147,strong_peak_refined,Pt,Pt,Pt,image-supported strong peak
L10-0534,10,902.0244893238918,687.9535551813814,strong_peak_refined,Pt,Pt,Pt,image-supported strong peak
L10-0535,10,890.3062087941696,705.7099911269775,strong_peak_refined,Ga,Mixed,Mixed,image-supported strong peak
L10-0536,10,878.308510238532,723.7827054400454,strong_peak_refined,Pt,Pt,Pt,image-supported strong peak
L10-0537,10,867.2850931297932,742.0946381965932,strong_peak_refined,Ga,Mixed,Mixed,image-supported strong peak
L10-0538,10,854.8644260031924,759.5473838238055,strong_peak_refined,Pt,Pt,Pt,image-supported strong peak
L10-0539,10,843.8483360960213,777.4304110785848,strong_peak_refined,Ga,Mixed,Mixed,image-supported strong peak
L10-0540,10,832.2898888220856,796.0751581328598,strong_peak_refined,Pt,Pt,Pt,image-supported strong peak
L10-0541,10,820.7489990480177,813.2590851110187,strong_peak_refined,Ga,Mixed,Mixed,image-supported strong peak
L10-0542,10,808.7059482753706,831.1693598864558,strong_peak_refined,Pt,Pt,Pt,image-supported strong peak
L10-0543,10,797.107629055373,849.6592581674925,strong_peak_refined,Ga,Liquid,Liquid,image-supported strong peak
L10-0544,10,784.8126019455109,862.3305925389622,weak_peak_refined,Ga,Liquid,Liquid,image-supported weak peak
L10-0545,10,772.9911969290092,890.6148056484014,strong_peak_refined,Ga,Liquid,Liquid,image-supported strong peak
L10-0546,10,760.3232048072339,900.2854961632435,strong_peak_refined,Ga,Liquid,Liquid,image-supported strong peak
L10-0547,10,748.8429217935784,918.6704714375282,strong_peak_refined,Ga,Liquid,Liquid,image-supported strong peak
L10-0548,10,736.2627062714798,934.0614959623396,weak_peak_refined,Ga,Liquid,Liquid,image-supported weak peak
L10-0549,10,723.5804272376868,955.8568141847784,strong_peak_refined,Ga,Liquid,Liquid,image-supported strong peak
L10-0550,10,712.1817653535469,970.6520716491168,weak_peak_refined,Ga,Liquid,Liquid,image-supported weak peak
L10-0551,10,699.9529279457654,987.5650146129724,weak_peak_refined,Ga,Liquid,Liquid,image-supported weak peak
L10-0552,10,688.1036365988763,1009.6620125569772,strong_peak_refined,Ga,Liquid,Liquid,image-supported strong peak
L10-0553,10,975.5752869419808,612.395097970759,strong_peak_refined,Pt,Pt,Pt,image-supported strong peak
L10-0554,10,960.7306773745174,631.8238739056437,strong_peak_refined,Pt,Pt,Pt,image-supported strong peak
L10-0555,10,947.7150660133094,649.6009721598132,strong_peak_refined,Pt,Pt,Pt,image-supported strong peak
L10-0556,10,936.5987598851684,666.7108675210828,strong_peak_refined,Pt,Pt,Pt,image-supported strong peak
L10-0557,10,925.2148294705798,686.4127277473197,strong_peak_refined,Pt,Pt,Pt,image-supported strong peak
L10-0558,10,913.8272851035484,704.8604681381294,strong_peak_refined,Pt,Pt,Pt,image-supported strong peak
L10-0559,10,901.42774714698,722.1402170577226,strong_peak_refined,Pt,Pt,Pt,image-supported strong peak
L10-0560,10,890.2445091011908,739.743755325536,strong_peak_refined,Ga,Mixed,Mixed,image-supported strong peak
L10-0561,10,878.119960268002,760.23440502709,strong_peak_refined,Pt,Pt,Pt,image-supported strong peak
L10-0562,10,867.0764518812623,780.3145324071514,strong_peak_refined,Ga,Mixed,Mixed,image-supported strong peak
L10-0563,10,854.5250314686805,790.9978630274609,strong_peak_refined,Pt,Pt,Pt,image-supported strong peak
L10-0564,10,843.4064156605563,810.4834217548994,strong_peak_refined,Ga,Mixed,Mixed,image-supported strong peak
L10-0565,10,831.842920084944,833.8855858650827,strong_peak_refined,Pt,Pt,Pt,image-supported strong peak
L10-0566,10,819.9912025604051,849.2554575837473,strong_peak_refined,Ga,Liquid,Liquid,image-supported strong peak
L10-0567,10,808.5713127410932,869.6697884070646,strong_peak_refined,Ga,Liquid,Liquid,image-supported strong peak
L10-0568,10,796.4650329514292,885.285012896586,strong_peak_refined,Ga,Liquid,Liquid,image-supported strong peak
L10-0569,10,783.6189928280529,909.0792247927006,strong_peak_refined,Ga,Liquid,Liquid,image-supported strong peak
L10-0570,10,772.5649547981303,925.6176414351416,strong_peak_refined,Ga,Liquid,Liquid,image-supported strong peak
L10-0571,10,760.0223702240905,944.4305938329732,strong_peak_refined,Ga,Liquid,Liquid,image-supported strong peak
L10-0572,10,747.2958866862472,961.6476667026636,strong_peak_refined,Ga,Liquid,Liquid,image-supported strong peak
L10-0573,10,734.7558102122572,983.0108917565702,weak_peak_refined,Ga,Liquid,Liquid,image-supported weak peak
L10-0574,10,723.2638481413738,1001.4958716981114,weak_peak_refined,Ga,Liquid,Liquid,image-supported weak peak
L10-0575,10,711.3106609452805,1006.8581060879678,weak_peak_refined,Ga,Liquid,Liquid,image-supported weak peak
L10-0576,10,983.8904612885434,630.0015910073448,strong_peak_refined,Pt,Pt,Pt,image-supported strong peak
L10-0577,10,973.0462158886744,648.4208992624265,strong_peak_refined,Pt,Pt,Pt,image-supported strong peak
L10-0578,10,960.4682555387914,665.4251937582578,strong_peak_refined,Pt,Pt,Pt,image-supported strong peak
L10-0579,10,947.6626300973966,683.5753142228829,strong_peak_refined,Pt,Pt,Pt,image-supported strong peak
L10-0580,10,936.9128089663244,702.7382517080738,strong_peak_refined,Pt,Pt,Pt,image-supported strong peak
L10-0581,10,924.5902365929792,721.6420799909744,strong_peak_refined,Pt,Pt,Pt,image-supported strong peak
L10-0582,10,913.7740590755196,738.7864289945759,strong_peak_refined,Pt,Pt,Pt,image-supported strong peak
L10-0583,10,902.0809628369152,757.4048964172284,strong_peak_refined,Pt,Pt,Pt,image-supported strong peak
L10-0584,10,890.3569782060923,778.3393316261665,strong_peak_refined,Ga,Mixed,Mixed,image-supported strong peak
L10-0585,10,878.8264159286268,791.357908947256,strong_peak_refined,Pt,Pt,Pt,image-supported strong peak
L10-0586,10,867.8861920533182,809.7029502778842,strong_peak_refined,Ga,Mixed,Mixed,image-supported strong peak
L10-0587,10,855.521180872152,826.0917282905657,strong_peak_refined,Pt,Pt,Pt,image-supported strong peak
L10-0588,10,844.2153237641397,844.9086675722159,strong_peak_refined,Ga,Liquid,Liquid,image-supported strong peak
L10-0589,10,831.7169793798312,868.7114920694879,strong_peak_refined,Ga,Liquid,Liquid,image-supported strong peak
L10-0590,10,820.8267857988368,884.8088488757766,strong_peak_refined,Ga,Liquid,Liquid,image-supported strong peak
L10-0591,10,807.4164886344785,906.8522241614564,strong_peak_refined,Ga,Liquid,Liquid,image-supported strong peak
L10-0592,10,795.5328171837959,926.0207924205416,weak_peak_refined,Ga,Liquid,Liquid,image-supported weak peak
L10-0593,10,783.27508364112,940.351558598065,strong_peak_refined,Ga,Liquid,Liquid,image-supported strong peak
L10-0594,10,770.4299727022161,957.2922891374224,strong_peak_refined,Ga,Liquid,Liquid,image-supported strong peak
L10-0595,10,757.9643478694042,980.9998461629872,weak_peak_refined,Ga,Liquid,Liquid,image-supported weak peak
L10-0596,10,745.864004673387,986.5567043911116,weak_peak_refined,Ga,Liquid,Liquid,image-supported weak peak
L10-0597,10,735.4916732048296,1009.5043789267544,strong_peak_refined,Ga,Liquid,Liquid,image-supported strong peak
L10-0598,10,991.437227783157,648.0806431522957,strong_peak_refined,Pt,Pt,Pt,image-supported strong peak
L10-0599,10,984.7681180955992,664.0343768414344,strong_peak_refined,Pt,Pt,Pt,image-supported strong peak
L10-0600,10,971.9186180076948,682.4044686466015,strong_peak_refined,Pt,Pt,Pt,image-supported strong peak
L10-0601,10,959.6088419632672,700.8617380363597,strong_peak_refined,Pt,Pt,Pt,image-supported strong peak
L10-0602,10,948.3050828968916,719.8243464851288,strong_peak_refined,Pt,Pt,Pt,image-supported strong peak
L10-0603,10,936.89022185807,739.1380681753022,strong_peak_refined,Pt,Pt,Pt,image-supported strong peak
L10-0604,10,925.455164588281,756.8202265907605,strong_peak_refined,Pt,Pt,Pt,image-supported strong peak
L10-0605,10,912.9835193050424,776.6863303783771,strong_peak_refined,Ga,Mixed,Mixed,image-supported strong peak
L10-0606,10,901.3974331609516,793.6603460034254,strong_peak_refined,Pt,Pt,Pt,image-supported strong peak
L10-0607,10,890.0365096607699,809.2856676941441,strong_peak_refined,Ga,Mixed,Mixed,image-supported strong peak
L10-0608,10,878.4692114857822,830.8856504423027,strong_peak_refined,Pt,Pt,Pt,image-supported strong peak
L10-0609,10,867.1233446367578,851.7712157270669,strong_peak_refined,Ga,Liquid,Liquid,image-supported strong peak
L10-0610,10,854.5884597402777,861.1674916759179,strong_peak_refined,Ga,Liquid,Liquid,image-supported strong peak
L10-0611,10,841.539763008366,882.2029181837376,lattice_completed,Ga,Liquid,Liquid,lattice continuity / liquid-front display
L10-0612,10,831.1960046889953,900.019939884385,strong_peak_refined,Ga,Liquid,Liquid,image-supported strong peak
L10-0613,10,819.022431413954,923.8495691192862,strong_peak_refined,Ga,Liquid,Liquid,image-supported strong peak
L10-0614,10,806.3976868350418,934.9627241799686,strong_peak_refined,Ga,Liquid,Liquid,image-supported strong peak
L10-0615,10,795.337755612185,956.5989127174088,strong_peak_refined,Ga,Liquid,Liquid,image-supported strong peak
L10-0616,10,782.4857286736183,970.1772633634026,strong_peak_refined,Ga,Liquid,Liquid,image-supported strong peak
L10-0617,10,771.1519370589176,990.6124538197356,strong_peak_refined,Ga,Liquid,Liquid,image-supported strong peak
L10-0618,10,758.7570899226971,1006.9581121555154,strong_peak_refined,Ga,Liquid,Liquid,image-supported strong peak
L10-0619,10,995.4010131444494,680.4912320946712,strong_peak_refined,Pt,Pt,Pt,image-supported strong peak
L10-0620,10,983.9009548195734,700.2194104369995,strong_peak_refined,Pt,Pt,Pt,image-supported strong peak
L10-0621,10,971.286703879053,716.9453144712197,strong_peak_refined,Pt,Pt,Pt,image-supported strong peak
L10-0622,10,960.5578301078284,737.3632672892425,strong_peak_refined,Pt,Pt,Pt,image-supported strong peak
L10-0623,10,948.4997537916151,753.761511912546,strong_peak_refined,Pt,Pt,Pt,image-supported strong peak
L10-0624,10,936.0997651404645,779.6184589569008,strong_peak_refined,Ga,Mixed,Mixed,image-supported strong peak
L10-0625,10,926.0177382656888,793.6561881035733,strong_peak_refined,Pt,Pt,Pt,image-supported strong peak
L10-0626,10,913.545045164719,813.1364754206572,strong_peak_refined,Ga,Mixed,Mixed,image-supported strong peak
L10-0627,10,902.1737607918172,828.8095168493497,strong_peak_refined,Pt,Pt,Pt,image-supported strong peak
L10-0628,10,889.5345410449328,844.260971833783,strong_peak_refined,Ga,Liquid,Liquid,image-supported strong peak
L10-0629,10,878.6065293245775,872.1941960178721,weak_peak_refined,Ga,Liquid,Liquid,image-supported weak peak
L10-0630,10,867.0144530726128,884.0661072118075,strong_peak_refined,Ga,Liquid,Liquid,image-supported strong peak
L10-0631,10,853.8893532553287,901.4755915528784,strong_peak_refined,Ga,Liquid,Liquid,image-supported strong peak
L10-0632,10,842.1927822285463,922.8160502110336,strong_peak_refined,Ga,Liquid,Liquid,image-supported strong peak
L10-0633,10,830.24272682796,930.8037229512684,weak_peak_refined,Ga,Liquid,Liquid,image-supported weak peak
L10-0634,10,818.5515963880608,954.077682191656,strong_peak_refined,Ga,Liquid,Liquid,image-supported strong peak
L10-0635,10,805.6788132019416,974.6712283892028,strong_peak_refined,Ga,Liquid,Liquid,image-supported strong peak
L10-0636,10,793.4598998072119,985.8372988437123,strong_peak_refined,Ga,Liquid,Liquid,image-supported strong peak
L10-0637,10,781.5969750652462,1001.9940845433488,weak_peak_refined,Ga,Liquid,Liquid,image-supported weak peak
L10-0638,10,1007.4240478787608,698.7258374423128,strong_peak_refined,Pt,Pt,Pt,image-supported strong peak
L10-0639,10,995.5997479647468,725.0420403255063,weak_peak_refined,Pt,Pt,Pt,image-supported weak peak
L10-0640,10,983.3378478255112,734.8992376992313,strong_peak_refined,Pt,Pt,Pt,image-supported strong peak
L10-0641,10,972.4995237373988,753.1694322475737,strong_peak_refined,Pt,Pt,Pt,image-supported strong peak
L10-0642,10,960.1798907983988,772.1150405830164,strong_peak_refined,Pt,Pt,Pt,image-supported strong peak
L10-0643,10,949.000245369518,792.1107703818642,strong_peak_refined,Pt,Pt,Pt,image-supported strong peak
L10-0644,10,937.5354864858084,810.5073983992662,strong_peak_refined,Ga,Mixed,Mixed,image-supported strong peak
L10-0645,10,925.7753170711384,827.686532684276,strong_peak_refined,Pt,Pt,Pt,image-supported strong peak
L10-0646,10,912.325372743624,844.0318711673754,lattice_completed,Ga,Liquid,Liquid,lattice continuity / liquid-front display
L10-0647,10,901.8975611272108,857.9797966791414,weak_peak_refined,Ga,Liquid,Liquid,image-supported weak peak
L10-0648,10,889.2317731272084,889.3326786205458,weak_peak_refined,Ga,Liquid,Liquid,image-supported weak peak
L10-0649,10,877.2354198819063,905.8659523701756,weak_peak_refined,Ga,Liquid,Liquid,image-supported weak peak
L10-0650,10,865.3799561694653,923.2135418555978,weak_peak_refined,Ga,Liquid,Liquid,image-supported weak peak
L10-0651,10,853.8431304980045,941.8781405959652,weak_peak_refined,Ga,Liquid,Liquid,image-supported weak peak
L10-0652,10,841.2964516534032,956.6498575969608,strong_peak_refined,Ga,Liquid,Liquid,image-supported strong peak
L10-0653,10,829.2401637930451,976.6329581955324,strong_peak_refined,Ga,Liquid,Liquid,image-supported strong peak
L10-0654,10,817.3099636700574,984.226791489036,weak_peak_refined,Ga,Liquid,Liquid,image-supported weak peak
L10-0655,10,805.7357689795963,1005.6082313853548,strong_peak_refined,Ga,Liquid,Liquid,image-supported strong peak
L10-0656,10,1006.823904212328,742.5929828500228,weak_peak_refined,Pt,Pt,Pt,image-supported weak peak
L10-0657,10,994.6527246358282,751.8018279456088,strong_peak_refined,Pt,Pt,Pt,image-supported strong peak
L10-0658,10,984.3668221183062,771.2002999741688,strong_peak_refined,Pt,Pt,Pt,image-supported strong peak
L10-0659,10,972.5217449022548,790.5963217511735,strong_peak_refined,Pt,Pt,Pt,image-supported strong peak
L10-0660,10,957.2466562140064,811.612713598556,weak_peak_refined,Pt,Pt,Pt,image-supported weak peak
L10-0661,10,947.9753203218028,826.9885418909791,strong_peak_refined,Pt,Pt,Pt,image-supported strong peak
L10-0662,10,936.1170595805702,843.688967091492,strong_peak_refined,Ga,Liquid,Liquid,image-supported strong peak
L10-0663,10,924.3521925787592,861.4619534472978,strong_peak_refined,Ga,Liquid,Liquid,image-supported strong peak
L10-0664,10,911.7905756148966,879.0805540903707,lattice_completed,Ga,Liquid,Liquid,lattice continuity / liquid-front display
L10-0665,10,900.4329748731639,899.9402181738507,strong_peak_refined,Ga,Liquid,Liquid,image-supported strong peak
L10-0666,10,888.9609521635025,920.5574763747755,strong_peak_refined,Ga,Liquid,Liquid,image-supported strong peak
L10-0667,10,876.7330009981648,937.1525076361494,strong_peak_refined,Ga,Liquid,Liquid,image-supported strong peak
L10-0668,10,863.8871062864215,951.259495998606,lattice_completed,Ga,Liquid,Liquid,lattice continuity / liquid-front display
L10-0669,10,851.9133439954356,974.9821339042412,strong_peak_refined,Ga,Liquid,Liquid,image-supported strong peak
L10-0670,10,840.9112600094975,981.4519322739668,weak_peak_refined,Ga,Liquid,Liquid,image-supported weak peak
L10-0671,10,1004.6041450873232,768.6935505791296,strong_peak_refined,Pt,Pt,Pt,image-supported strong peak
L10-0672,10,995.6915352086652,782.1473685101276,weak_peak_refined,Pt,Pt,Pt,image-supported weak peak
L10-0673,10,984.3716446775824,807.0158689750795,strong_peak_refined,Pt,Pt,Pt,image-supported strong peak
L10-0674,10,972.740486382384,821.0952300188791,strong_peak_refined,Pt,Pt,Pt,image-supported strong peak
L10-0675,10,959.1592478146443,841.9502951051307,lattice_completed,Ga,Liquid,Liquid,lattice continuity / liquid-front display
L10-0676,10,947.2762154999268,859.8930922924509,strong_peak_refined,Ga,Liquid,Liquid,image-supported strong peak
L10-0677,10,935.2075131504068,878.0397660592484,lattice_completed,Ga,Liquid,Liquid,lattice continuity / liquid-front display
L10-0678,10,924.7550758959968,896.3536966630692,strong_peak_refined,Ga,Liquid,Liquid,image-supported strong peak
L10-0679,10,912.6654308753964,919.1710204354174,strong_peak_refined,Ga,Liquid,Liquid,image-supported strong peak
L10-0680,10,899.4693433381599,933.2247585294124,strong_peak_refined,Ga,Liquid,Liquid,image-supported strong peak
L10-0681,10,887.1696080166668,954.2133683296676,strong_peak_refined,Ga,Liquid,Liquid,image-supported strong peak
L10-0682,10,876.0778487487472,965.6061011585904,strong_peak_refined,Ga,Liquid,Liquid,image-supported strong peak
L10-0683,10,995.530531952762,819.3012162667686,weak_peak_refined,Pt,Pt,Pt,image-supported weak peak
L10-0684,10,984.4581210424384,842.3955926861768,strong_peak_refined,Pt,Pt,Pt,image-supported strong peak
L10-0685,10,972.139608753383,860.2795445169369,strong_peak_refined,Ga,Liquid,Liquid,image-supported strong peak
L10-0686,10,958.624450685917,876.9989780281262,lattice_completed,Ga,Liquid,Liquid,lattice continuity / liquid-front display
L10-0687,10,946.6485833537982,895.043713505185,lattice_completed,Ga,Liquid,Liquid,lattice continuity / liquid-front display
L10-0688,10,935.0938814346532,914.3485729809696,strong_peak_refined,Ga,Liquid,Liquid,image-supported strong peak
L10-0689,10,924.3384840201046,938.6316929845,weak_peak_refined,Ga,Liquid,Liquid,image-supported weak peak
L11-0000,11,497.5971516273628,474.95834986004905,strong_peak_refined,Ga,Mixed,Mixed,image-supported strong peak
L11-0001,11,485.1942370547932,496.1632840972647,strong_peak_refined,Pt,Pt,Pt,image-supported strong peak
L11-0002,11,473.37197655793074,513.2775248854739,strong_peak_refined,Ga,Mixed,Mixed,image-supported strong peak
L11-0003,11,461.65775423681816,529.4165491445011,strong_peak_refined,Pt,Pt,Pt,image-supported strong peak
L11-0004,11,449.5123379614635,545.5326216302443,weak_peak_refined,Ga,Mixed,Mixed,image-supported weak peak
L11-0005,11,437.7507517931377,564.4796391872195,strong_peak_refined,Pt,Pt,Pt,image-supported strong peak
L11-0006,11,425.33301072992873,583.672509469057,strong_peak_refined,Ga,Mixed,Mixed,image-supported strong peak
L11-0007,11,413.01362993746113,602.9088295124441,strong_peak_refined,Pt,Pt,Pt,image-supported strong peak
L11-0008,11,401.3315877880796,619.8034735929525,strong_peak_refined,Ga,Mixed,Mixed,image-supported strong peak
L11-0009,11,544.8278112381162,436.3117874471205,weak_peak_refined,Ga,Mixed,Mixed,image-supported weak peak
L11-0010,11,533.3562761990312,456.15964283301616,strong_peak_refined,Pt,Pt,Pt,image-supported strong peak
L11-0011,11,520.910304444895,473.8830534336519,strong_peak_refined,Ga,Mixed,Mixed,image-supported strong peak
L11-0012,11,508.6882070162839,492.97328185086377,strong_peak_refined,Pt,Pt,Pt,image-supported strong peak
L11-0013,11,496.9700900136397,511.246695094294,strong_peak_refined,Ga,Mixed,Mixed,image-supported strong peak
L11-0014,11,484.7331934604944,528.9066975257625,strong_peak_refined,Pt,Pt,Pt,image-supported strong peak
L11-0015,11,473.35815951711015,546.5293168893036,strong_peak_refined,Ga,Mixed,Mixed,image-supported strong peak
L11-0016,11,460.74042390319033,564.5243910295484,strong_peak_refined,Pt,Pt,Pt,image-supported strong peak
L11-0017,11,448.5341612201605,581.5242011187452,strong_peak_refined,Ga,Mixed,Mixed,image-supported strong peak
L11-0018,11,436.1251385294024,602.5904343293648,strong_peak_refined,Pt,Pt,Pt,image-supported strong peak
L11-0019,11,424.9293798227875,620.6579094674806,strong_peak_refined,Ga,Mixed,Mixed,image-supported strong peak
L11-0020,11,411.9793927754291,637.9405254922801,strong_peak_refined,Pt,Pt,Pt,image-supported strong peak
L11-0021,11,400.9103657885161,651.3436363170603,weak_peak_refined,Ga,Mixed,Mixed,image-supported weak peak
L11-0022,11,388.37937065620537,671.9167460043326,strong_peak_refined,Pt,Pt,Pt,image-supported strong peak
L11-0023,11,580.5191753225196,416.0504506730591,weak_peak_refined,Pt,Pt,Pt,image-supported weak peak
L11-0024,11,568.0377622350679,435.5468176679503,strong_peak_refined,Pt,Pt,Pt,image-supported strong peak
L11-0025,11,556.1634211223517,456.6278075451548,strong_peak_refined,Pt,Pt,Pt,image-supported strong peak
L11-0026,11,544.694525513288,473.18652239780806,strong_peak_refined,Ga,Mixed,Mixed,image-supported strong peak
L11-0027,11,532.2258999167677,493.53663035520987,strong_peak_refined,Pt,Pt,Pt,image-supported strong peak
L11-0028,11,519.9166836919536,509.6415502316666,strong_peak_refined,Ga,Mixed,Mixed,image-supported strong peak
L11-0029,11,507.71474349350166,530.0015168300649,strong_peak_refined,Pt,Pt,Pt,image-supported strong peak
L11-0030,11,496.8938096460524,545.4924400580708,strong_peak_refined,Ga,Mixed,Mixed,image-supported strong peak
L11-0031,11,484.3254059662438,562.2182208874942,strong_peak_refined,Pt,Pt,Pt,image-supported strong peak
L11-0032,11,472.5041390415983,582.4010295145904,strong_peak_refined,Ga,Mixed,Mixed,image-supported strong peak
L11-0033,11,460.5026551694206,602.5745300266104,strong_peak_refined,Pt,Pt,Pt,image-supported strong peak
L11-0034,11,447.7140333130069,616.710562766915,strong_peak_refined,Ga,Mixed,Mixed,image-supported strong peak
L11-0035,11,435.69070922518216,639.6558666994594,strong_peak_refined,Pt,Pt,Pt,image-supported strong peak
L11-0036,11,423.5861355141985,652.2605560035912,strong_peak_refined,Ga,Mixed,Mixed,image-supported strong peak
L11-0037,11,410.9315524384498,668.5540940724914,weak_peak_refined,Pt,Pt,Pt,image-supported weak peak
L11-0038,11,399.5835874859518,690.3099564831778,strong_peak_refined,Ga,Mixed,Mixed,image-supported strong peak
L11-0039,11,388.5136474805233,710.307244512441,strong_peak_refined,Pt,Pt,Pt,image-supported strong peak
L11-0040,11,603.8481005160294,417.0603491364368,strong_peak_refined,Pt,Pt,Pt,image-supported strong peak
L11-0041,11,592.1650277707935,435.0830402796141,strong_peak_refined,Pt,Pt,Pt,image-supported strong peak
L11-0042,11,579.700367619231,453.2463174627273,strong_peak_refined,Pt,Pt,Pt,image-supported strong peak
L11-0043,11,567.6364463078833,470.9457531005128,strong_peak_refined,Pt,Pt,Pt,image-supported strong peak
L11-0044,11,555.3411008999125,488.0471030898093,weak_peak_refined,Pt,Pt,Pt,image-supported weak peak
L11-0045,11,544.208333977956,507.3804683582649,strong_peak_refined,Ga,Mixed,Mixed,image-supported strong peak
L11-0046,11,531.6157360593454,527.735226268567,strong_peak_refined,Pt,Pt,Pt,image-supported strong peak
L11-0047,11,519.6769870114687,546.5029328305095,strong_peak_refined,Ga,Mixed,Mixed,image-supported strong peak
L11-0048,11,507.4586716976025,561.6028431662934,strong_peak_refined,Pt,Pt,Pt,image-supported strong peak
L11-0049,11,495.8192129244127,579.6722558889877,strong_peak_refined,Ga,Mixed,Mixed,image-supported strong peak
L11-0050,11,483.1970659798206,599.5307722586477,strong_peak_refined,Pt,Pt,Pt,image-supported strong peak
L11-0051,11,471.4940549063234,618.3403699281224,strong_peak_refined,Ga,Mixed,Mixed,image-supported strong peak
L11-0052,11,458.55563107553326,633.1819124687611,strong_peak_refined,Pt,Pt,Pt,image-supported strong peak
L11-0053,11,447.1820560292039,653.8771311877817,strong_peak_refined,Ga,Mixed,Mixed,image-supported strong peak
L11-0054,11,435.3054765266367,669.1647837365117,strong_peak_refined,Pt,Pt,Pt,image-supported strong peak
L11-0055,11,422.73876377594496,686.7217185495592,weak_peak_refined,Ga,Mixed,Mixed,image-supported weak peak
L11-0056,11,411.5024619322438,709.3754776126859,strong_peak_refined,Pt,Pt,Pt,image-supported strong peak
L11-0057,11,399.5675912281397,724.4473456852783,strong_peak_refined,Ga,Mixed,Mixed,image-supported strong peak
L11-0058,11,387.9156015191881,744.0622954438242,strong_peak_refined,Pt,Pt,Pt,image-supported strong peak
L11-0059,11,639.2183281906554,395.795701353456,weak_peak_refined,Pt,Pt,Pt,image-supported weak peak
L11-0060,11,627.2688252029311,415.3016220318465,weak_peak_refined,Pt,Pt,Pt,image-supported weak peak
L11-0061,11,615.2311368234693,436.7032419368478,strong_peak_refined,Pt,Pt,Pt,image-supported strong peak
L11-0062,11,603.0337826619713,451.8154693375413,strong_peak_refined,Pt,Pt,Pt,image-supported strong peak
L11-0063,11,591.4598289677575,470.186814205528,strong_peak_refined,Ga,Mixed,Mixed,image-supported strong peak
L11-0064,11,579.5344157372615,492.2336636416522,strong_peak_refined,Pt,Pt,Pt,image-supported strong peak
L11-0065,11,567.2974761353164,505.4630569426501,weak_peak_refined,Ga,Mixed,Mixed,image-supported weak peak
L11-0066,11,555.1037748556641,527.3521639829345,strong_peak_refined,Pt,Pt,Pt,image-supported strong peak
L11-0067,11,543.5013274595474,543.2890237350401,strong_peak_refined,Ga,Mixed,Mixed,image-supported strong peak
L11-0068,11,530.9970934715415,565.7192378755691,strong_peak_refined,Pt,Pt,Pt,image-supported strong peak
L11-0069,11,519.1145356849067,578.397571882501,strong_peak_refined,Ga,Mixed,Mixed,image-supported strong peak
L11-0070,11,506.1779419627518,597.6882898837775,strong_peak_refined,Pt,Pt,Pt,image-supported strong peak
L11-0071,11,493.6207685453375,614.7237314434233,strong_peak_refined,Ga,Mixed,Mixed,image-supported strong peak
L11-0072,11,482.3817548879833,636.5551159106792,strong_peak_refined,Pt,Pt,Pt,image-supported strong peak
L11-0073,11,470.5562943997387,653.8391942396889,strong_peak_refined,Ga,Mixed,Mixed,image-supported strong peak
L11-0074,11,458.49776753969775,669.0401252018186,strong_peak_refined,Pt,Pt,Pt,image-supported strong peak
L11-0075,11,446.8504441352325,687.1158100170678,strong_peak_refined,Ga,Mixed,Mixed,image-supported strong peak
L11-0076,11,434.47247108480894,707.3866489919374,strong_peak_refined,Pt,Pt,Pt,image-supported strong peak
L11-0077,11,422.82154631846186,723.25801449972,strong_peak_refined,Ga,Mixed,Mixed,image-supported strong peak
L11-0078,11,411.5484119101629,742.770700487511,strong_peak_refined,Pt,Pt,Pt,image-supported strong peak
L11-0079,11,399.919249404948,761.47207863973,strong_peak_refined,Ga,Mixed,Mixed,image-supported strong peak
L11-0080,11,662.5862496326541,399.82531766046606,strong_peak_refined,Pt,Pt,Pt,image-supported strong peak
L11-0081,11,651.9466261193147,412.6247679626196,weak_peak_refined,Pt,Pt,Pt,image-supported weak peak
L11-0082,11,638.2874638936247,433.49533359335936,strong_peak_refined,Pt,Pt,Pt,image-supported strong peak
L11-0083,11,626.4752326832677,452.2304967970657,strong_peak_refined,Pt,Pt,Pt,image-supported strong peak
L11-0084,11,614.578697676971,470.8711118516852,strong_peak_refined,Ga,Mixed,Mixed,image-supported strong peak
L11-0085,11,602.522661996684,489.2164691943127,strong_peak_refined,Pt,Pt,Pt,image-supported strong peak
L11-0086,11,590.6012589122591,506.21031812542753,strong_peak_refined,Ga,Mixed,Mixed,image-supported strong peak
L11-0087,11,578.4406868905887,526.8009373704089,strong_peak_refined,Pt,Pt,Pt,image-supported strong peak
L11-0088,11,566.4691576897691,541.0783548713305,strong_peak_refined,Ga,Mixed,Mixed,image-supported strong peak
L11-0089,11,553.9264236516996,559.080493603813,strong_peak_refined,Pt,Pt,Pt,image-supported strong peak
L11-0090,11,542.024904486713,576.1730860469892,weak_peak_refined,Ga,Mixed,Mixed,image-supported weak peak
L11-0091,11,530.3727386171211,598.809631827761,strong_peak_refined,Pt,Pt,Pt,image-supported strong peak
L11-0092,11,517.4034318637723,614.1701827215085,strong_peak_refined,Ga,Mixed,Mixed,image-supported strong peak
L11-0093,11,505.8240168803427,634.2122846764023,strong_peak_refined,Pt,Pt,Pt,image-supported strong peak
L11-0094,11,493.9182601158792,654.2005879241999,strong_peak_refined,Ga,Mixed,Mixed,image-supported strong peak
L11-0095,11,481.9488762291104,668.7968554493373,strong_peak_refined,Pt,Pt,Pt,image-supported strong peak
L11-0096,11,469.5361335634397,684.8989426320968,strong_peak_refined,Ga,Mixed,Mixed,image-supported strong peak
L11-0097,11,457.8840729791618,703.9814267947289,strong_peak_refined,Pt,Pt,Pt,image-supported strong peak
L11-0098,11,446.6830294334566,720.6711867111957,weak_peak_refined,Ga,Mixed,Mixed,image-supported weak peak
L11-0099,11,435.47058262494943,743.823483480215,strong_peak_refined,Pt,Pt,Pt,image-supported strong peak
L11-0100,11,422.53825008310434,757.0755211751234,weak_peak_refined,Ga,Mixed,Mixed,image-supported weak peak
L11-0101,11,411.3176172016628,778.7503233316398,strong_peak_refined,Pt,Pt,Pt,image-supported strong peak
L11-0102,11,400.2476035059301,796.9981404707411,strong_peak_refined,Ga,Liquid,Liquid,image-supported strong peak
L11-0103,11,685.4704771962787,395.532242974726,strong_peak_refined,Pt,Pt,Pt,image-supported strong peak
L11-0104,11,674.2661464971114,414.71304586872856,strong_peak_refined,Pt,Pt,Pt,image-supported strong peak
L11-0105,11,661.5405607078034,431.6399826501776,strong_peak_refined,Pt,Pt,Pt,image-supported strong peak
L11-0106,11,649.7356787003532,450.9420494247197,strong_peak_refined,Pt,Pt,Pt,image-supported strong peak
L11-0107,11,638.4367874023096,469.258387664272,strong_peak_refined,Ga,Mixed,Mixed,image-supported strong peak
L11-0108,11,625.8499548779442,487.2384551739884,strong_peak_refined,Pt,Pt,Pt,image-supported strong peak
L11-0109,11,613.9523836818031,504.9311825706795,strong_peak_refined,Ga,Mixed,Mixed,image-supported strong peak
L11-0110,11,602.113999254984,523.2503931660331,strong_peak_refined,Pt,Pt,Pt,image-supported strong peak
L11-0111,11,590.2855471164617,540.4826450528382,strong_peak_refined,Ga,Mixed,Mixed,image-supported strong peak
L11-0112,11,577.9609850095325,559.5314646582002,strong_peak_refined,Pt,Pt,Pt,image-supported strong peak
L11-0113,11,566.0133730631721,577.0212455536824,strong_peak_refined,Ga,Mixed,Mixed,image-supported strong peak
L11-0114,11,553.3282246199859,595.7881760817066,strong_peak_refined,Pt,Pt,Pt,image-supported strong peak
L11-0115,11,540.8935418281737,614.1227528944248,strong_peak_refined,Ga,Mixed,Mixed,image-supported strong peak
L11-0116,11,529.5957672635761,634.5223637591881,strong_peak_refined,Pt,Pt,Pt,image-supported strong peak
L11-0117,11,517.3217973218545,649.8447027819116,strong_peak_refined,Ga,Mixed,Mixed,image-supported strong peak
L11-0118,11,505.566780012626,670.1988650115744,strong_peak_refined,Pt,Pt,Pt,image-supported strong peak
L11-0119,11,493.5852404342566,686.1740523707716,strong_peak_refined,Ga,Mixed,Mixed,image-supported strong peak
L11-0120,11,481.7573109390885,701.4286654136504,weak_peak_refined,Pt,Pt,Pt,image-supported weak peak
L11-0121,11,470.13969696756993,721.7658309007637,strong_peak_refined,Ga,Mixed,Mixed,image-supported strong peak
L11-0122,11,458.6744876482724,740.122372360247,strong_peak_refined,Pt,Pt,Pt,image-supported strong peak
L11-0123,11,447.6936968339364,760.6995327625458,strong_peak_refined,Ga,Mixed,Mixed,image-supported strong peak
L11-0124,11,435.7585445122605,778.9981855557892,strong_peak_refined,Pt,Pt,Pt,image-supported strong peak
L11-0125,11,422.2237512283773,795.8012685501408,lattice_completed,Ga,Liquid,Liquid,lattice continuity / liquid-front display
L11-0126,11,411.3986239091846,815.2218688260888,strong_peak_refined,Ga,Liquid,Liquid,image-supported strong peak
L11-0127,11,708.1506632250441,395.5191626485647,strong_peak_refined,Pt,Pt,Pt,image-supported strong peak
L11-0128,11,696.5152872999522,414.8633493656228,strong_peak_refined,Pt,Pt,Pt,image-supported strong peak
L11-0129,11,684.9247961991264,434.29379513486384,strong_peak_refined,Pt,Pt,Pt,image-supported strong peak
L11-0130,11,672.9731117969421,450.4381036059643,strong_peak_refined,Pt,Pt,Pt,image-supported strong peak
L11-0131,11,661.6837475388961,467.1174704495403,strong_peak_refined,Pt,Pt,Pt,image-supported strong peak
L11-0132,11,649.5427163536016,485.432971180409,strong_peak_refined,Pt,Pt,Pt,image-supported strong peak
L11-0133,11,637.4949863346578,502.24097076515625,weak_peak_refined,Ga,Mixed,Mixed,image-supported weak peak
L11-0134,11,625.7842464912063,522.8481403072968,strong_peak_refined,Pt,Pt,Pt,image-supported strong peak
L11-0135,11,613.3190361300465,540.2134882004036,strong_peak_refined,Ga,Mixed,Mixed,image-supported strong peak
L11-0136,11,600.5655787216683,558.2313654581005,strong_peak_refined,Pt,Pt,Pt,image-supported strong peak
L11-0137,11,588.4262331154221,575.9542264953539,strong_peak_refined,Ga,Mixed,Mixed,image-supported strong peak
L11-0138,11,576.5112248612713,594.1624986447838,strong_peak_refined,Pt,Pt,Pt,image-supported strong peak
L11-0139,11,564.7551770058092,612.0815645868491,strong_peak_refined,Ga,Mixed,Mixed,image-supported strong peak
L11-0140,11,553.1281442236586,633.9238179273374,strong_peak_refined,Pt,Pt,Pt,image-supported strong peak
L11-0141,11,540.8784527793179,650.5372882124485,strong_peak_refined,Ga,Mixed,Mixed,image-supported strong peak
L11-0142,11,529.1642736595086,668.7896462971976,strong_peak_refined,Pt,Pt,Pt,image-supported strong peak
L11-0143,11,517.1866187964189,685.4817506909658,strong_peak_refined,Ga,Mixed,Mixed,image-supported strong peak
L11-0144,11,505.8895379410831,706.5940992741539,strong_peak_refined,Pt,Pt,Pt,image-supported strong peak
L11-0145,11,493.3180141530544,718.528615608477,weak_peak_refined,Ga,Mixed,Mixed,image-supported weak peak
L11-0146,11,481.42509175020473,738.8634719060028,strong_peak_refined,Pt,Pt,Pt,image-supported strong peak
L11-0147,11,469.5924234281251,758.6710095649009,lattice_completed,Ga,Mixed,Mixed,lattice continuity / liquid-front display
L11-0148,11,458.63923438397984,778.572900073942,strong_peak_refined,Pt,Pt,Pt,image-supported strong peak
L11-0149,11,447.3590636643802,792.0074729059246,weak_peak_refined,Ga,Liquid,Liquid,image-supported weak peak
L11-0150,11,435.6597843653499,820.0491657958801,weak_peak_refined,Ga,Liquid,Liquid,image-supported weak peak
L11-0151,11,421.6889540996499,830.8499514731361,lattice_completed,Ga,Liquid,Liquid,lattice continuity / liquid-front display
L11-0152,11,411.3948456913346,849.50011664722,strong_peak_refined,Ga,Liquid,Liquid,image-supported strong peak
L11-0153,11,731.5573929348599,393.9374561159051,strong_peak_refined,Pt,Pt,Pt,image-supported strong peak
L11-0154,11,720.0679057978155,413.7509952747593,strong_peak_refined,Pt,Pt,Pt,image-supported strong peak
L11-0155,11,707.7191900368932,431.62476856787447,strong_peak_refined,Pt,Pt,Pt,image-supported strong peak
L11-0156,11,696.0513906926329,452.6960641204349,strong_peak_refined,Pt,Pt,Pt,image-supported strong peak
L11-0157,11,683.7809980939018,471.84206277289786,strong_peak_refined,Ga,Mixed,Mixed,image-supported strong peak
L11-0158,11,672.671885795177,487.62395064219,strong_peak_refined,Pt,Pt,Pt,image-supported strong peak
L11-0159,11,660.6668635098406,504.6654259912981,strong_peak_refined,Ga,Mixed,Mixed,image-supported strong peak
L11-0160,11,648.4673563637308,520.3395354133374,strong_peak_refined,Pt,Pt,Pt,image-supported strong peak
L11-0161,11,636.9671188524861,539.3459850598003,strong_peak_refined,Ga,Mixed,Mixed,image-supported strong peak
L11-0162,11,624.1976964118231,558.0239673593262,strong_peak_refined,Pt,Pt,Pt,image-supported strong peak
L11-0163,11,611.0779857254751,575.3168744630302,strong_peak_refined,Ga,Mixed,Mixed,image-supported strong peak
L11-0164,11,601.2623697194617,597.5024490245804,strong_peak_refined,Pt,Pt,Pt,image-supported strong peak
L11-0165,11,588.7084402279847,611.4920587829836,strong_peak_refined,Ga,Mixed,Mixed,image-supported strong peak
L11-0166,11,575.3980967092245,630.7956776874298,strong_peak_refined,Pt,Pt,Pt,image-supported strong peak
L11-0167,11,564.1163436346353,650.0675906764144,strong_peak_refined,Ga,Mixed,Mixed,image-supported strong peak
L11-0168,11,552.7229528919286,668.7857400905101,strong_peak_refined,Pt,Pt,Pt,image-supported strong peak
L11-0169,11,541.0047615008071,683.1729341623145,strong_peak_refined,Ga,Mixed,Mixed,image-supported strong peak
L11-0170,11,528.8857439821296,703.6836737611079,strong_peak_refined,Pt,Pt,Pt,image-supported strong peak
L11-0171,11,517.3516050641514,720.6014265570007,strong_peak_refined,Ga,Mixed,Mixed,image-supported strong peak
L11-0172,11,505.2268115256331,740.2801794697554,strong_peak_refined,Pt,Pt,Pt,image-supported strong peak
L11-0173,11,494.41877393146433,756.8018184880516,strong_peak_refined,Ga,Mixed,Mixed,image-supported strong peak
L11-0174,11,481.85795661280207,778.7203725014606,strong_peak_refined,Pt,Pt,Pt,image-supported strong peak
L11-0175,11,469.0576262993977,793.7196924878963,lattice_completed,Ga,Liquid,Liquid,lattice continuity / liquid-front display
L11-0176,11,459.0596037558604,815.9354692295198,strong_peak_refined,Ga,Liquid,Liquid,image-supported strong peak
L11-0177,11,446.7735925757687,831.1189933155514,strong_peak_refined,Ga,Liquid,Liquid,image-supported strong peak
L11-0178,11,434.7436369988917,845.2061841711885,strong_peak_refined,Ga,Liquid,Liquid,image-supported strong peak
L11-0179,11,422.8565353361064,866.4468341714736,strong_peak_refined,Ga,Liquid,Liquid,image-supported strong peak
L11-0180,11,755.1429103154388,394.7986809472257,strong_peak_refined,Pt,Pt,Pt,image-supported strong peak
L11-0181,11,743.3844818953704,413.678297317385,strong_peak_refined,Pt,Pt,Pt,image-supported strong peak
L11-0182,11,730.7746857085008,432.38037676870624,strong_peak_refined,Pt,Pt,Pt,image-supported strong peak
L11-0183,11,719.5229171529414,451.5071189298088,strong_peak_refined,Pt,Pt,Pt,image-supported strong peak
L11-0184,11,707.8933067556911,465.11763053110593,strong_peak_refined,Ga,Mixed,Mixed,image-supported strong peak
L11-0185,11,695.0439081078667,482.8040247388925,strong_peak_refined,Pt,Pt,Pt,image-supported strong peak
L11-0186,11,684.3740004580595,502.3358705446168,strong_peak_refined,Ga,Mixed,Mixed,image-supported strong peak
L11-0187,11,671.8663504371004,522.1252638030945,strong_peak_refined,Pt,Pt,Pt,image-supported strong peak
L11-0188,11,660.7395416114331,542.0113839689262,strong_peak_refined,Ga,Mixed,Mixed,image-supported strong peak
L11-0189,11,648.4193116970329,555.9986659371704,strong_peak_refined,Pt,Pt,Pt,image-supported strong peak
L11-0190,11,635.7115346335216,574.7198648058317,strong_peak_refined,Ga,Mixed,Mixed,image-supported strong peak
L11-0191,11,623.3125091034749,590.7592134900236,strong_peak_refined,Pt,Pt,Pt,image-supported strong peak
L11-0192,11,611.7344967795156,610.2226686357933,strong_peak_refined,Ga,Mixed,Mixed,image-supported strong peak
L11-0193,11,599.6586744091162,630.1608142872835,strong_peak_refined,Pt,Pt,Pt,image-supported strong peak
L11-0194,11,587.5034856326472,649.5430071371843,strong_peak_refined,Ga,Mixed,Mixed,image-supported strong peak
L11-0195,11,576.0307936015181,666.7849963056854,strong_peak_refined,Pt,Pt,Pt,image-supported strong peak
L11-0196,11,564.127061043931,681.8793461252206,strong_peak_refined,Ga,Mixed,Mixed,image-supported strong peak
L11-0197,11,552.1923237059933,703.872654397419,strong_peak_refined,Pt,Pt,Pt,image-supported strong peak
L11-0198,11,540.4918127726903,716.8636793910373,weak_peak_refined,Ga,Mixed,Mixed,image-supported weak peak
L11-0199,11,527.9069628104122,734.6611021738822,weak_peak_refined,Pt,Pt,Pt,image-supported weak peak
L11-0200,11,517.5172534984398,758.7907273835733,strong_peak_refined,Ga,Mixed,Mixed,image-supported strong peak
L11-0201,11,505.4254754790177,774.9089199438957,strong_peak_refined,Pt,Pt,Pt,image-supported strong peak
L11-0202,11,492.474563834908,792.678904456774,lattice_completed,Ga,Liquid,Liquid,lattice continuity / liquid-front display
L11-0203,11,482.05947834018906,810.107905850545,strong_peak_refined,Ga,Liquid,Liquid,image-supported strong peak
L11-0204,11,468.5228291706704,828.7683754108916,lattice_completed,Ga,Liquid,Liquid,lattice continuity / liquid-front display
L11-0205,11,457.8405707390401,855.2038667289102,weak_peak_refined,Ga,Liquid,Liquid,image-supported weak peak
L11-0206,11,444.5710945064328,864.8578463650092,lattice_completed,Ga,Liquid,Liquid,lattice continuity / liquid-front display
L11-0207,11,433.84125086361627,884.1830398829333,strong_peak_refined,Ga,Liquid,Liquid,image-supported strong peak
L11-0208,11,767.5440108623204,412.4190127008281,strong_peak_refined,Pt,Pt,Pt,image-supported strong peak
L11-0209,11,754.8973413230342,431.7061552850274,strong_peak_refined,Pt,Pt,Pt,image-supported strong peak
L11-0210,11,742.6281237903058,449.75428418795263,strong_peak_refined,Pt,Pt,Pt,image-supported strong peak
L11-0211,11,732.0259657258158,464.41947688781056,strong_peak_refined,Pt,Pt,Pt,image-supported strong peak
L11-0212,11,718.9379717378406,486.5644514591962,strong_peak_refined,Pt,Pt,Pt,image-supported strong peak
L11-0213,11,707.3525964591475,501.8297797439057,strong_peak_refined,Ga,Mixed,Mixed,image-supported strong peak
L11-0214,11,695.6941452724611,519.1863886604924,strong_peak_refined,Pt,Pt,Pt,image-supported strong peak
L11-0215,11,683.8217482970833,536.5959119353563,strong_peak_refined,Ga,Mixed,Mixed,image-supported strong peak
L11-0216,11,671.5825411935973,558.6316460534615,strong_peak_refined,Pt,Pt,Pt,image-supported strong peak
L11-0217,11,660.2791821856179,572.6899946834475,strong_peak_refined,Ga,Mixed,Mixed,image-supported strong peak
L11-0218,11,646.8684807340773,590.753522241715,strong_peak_refined,Pt,Pt,Pt,image-supported strong peak
L11-0219,11,635.1117407874102,608.3031199283669,strong_peak_refined,Ga,Mixed,Mixed,image-supported strong peak
L11-0220,11,622.7977178274931,627.6558411735878,strong_peak_refined,Pt,Pt,Pt,image-supported strong peak
L11-0221,11,611.6984400273686,647.280232609181,lattice_completed,Ga,Mixed,Mixed,lattice continuity / liquid-front display
L11-0222,11,598.8749232286522,663.4870812289976,strong_peak_refined,Pt,Pt,Pt,image-supported strong peak
L11-0223,11,587.6835018413827,681.8400946814476,strong_peak_refined,Ga,Mixed,Mixed,image-supported strong peak
L11-0224,11,576.1702664144856,703.9196138569501,strong_peak_refined,Pt,Pt,Pt,image-supported strong peak
L11-0225,11,562.83999416385,715.3938362669635,weak_peak_refined,Ga,Mixed,Mixed,image-supported weak peak
L11-0226,11,552.6197404003423,733.0212210472331,weak_peak_refined,Pt,Pt,Pt,image-supported weak peak
L11-0227,11,540.7262836962408,751.9685433777131,weak_peak_refined,Ga,Mixed,Mixed,image-supported weak peak
L11-0228,11,528.40776058875,777.9366680902135,strong_peak_refined,Pt,Pt,Pt,image-supported strong peak
L11-0229,11,516.5551803228481,793.1284212487856,strong_peak_refined,Ga,Liquid,Liquid,image-supported strong peak
L11-0230,11,505.2120756807412,809.3104902238271,strong_peak_refined,Ga,Liquid,Liquid,image-supported strong peak
L11-0231,11,491.9397667061805,827.7275873797694,lattice_completed,Ga,Liquid,Liquid,lattice continuity / liquid-front display
L11-0232,11,481.5499487998045,854.5743694948902,weak_peak_refined,Ga,Liquid,Liquid,image-supported weak peak
L11-0233,11,467.988032041943,863.817058333887,lattice_completed,Ga,Liquid,Liquid,lattice continuity / liquid-front display
L11-0234,11,457.6598721618863,888.2257347325833,weak_peak_refined,Ga,Liquid,Liquid,image-supported weak peak
L11-0235,11,444.03629737770535,899.9065292880045,lattice_completed,Ga,Liquid,Liquid,lattice continuity / liquid-front display
L11-0236,11,790.1850533550607,411.6202473684714,strong_peak_refined,Pt,Pt,Pt,image-supported strong peak
L11-0237,11,777.9669254701413,429.9606284439661,strong_peak_refined,Pt,Pt,Pt,image-supported strong peak
L11-0238,11,765.8716583071473,448.9976011947435,strong_peak_refined,Pt,Pt,Pt,image-supported strong peak
L11-0239,11,754.2992228235985,468.4450321564714,strong_peak_refined,Pt,Pt,Pt,image-supported strong peak
L11-0240,11,742.6816213605641,484.91376121020033,strong_peak_refined,Pt,Pt,Pt,image-supported strong peak
L11-0241,11,731.281561307026,501.80655432202633,strong_peak_refined,Ga,Mixed,Mixed,image-supported strong peak
L11-0242,11,719.2568420898644,519.0641054249761,strong_peak_refined,Pt,Pt,Pt,image-supported strong peak
L11-0243,11,707.6492024670704,539.6014710941092,strong_peak_refined,Ga,Mixed,Mixed,image-supported strong peak
L11-0244,11,694.5769658635726,556.5736091645404,strong_peak_refined,Pt,Pt,Pt,image-supported strong peak
L11-0245,11,682.9963687610779,573.0671642915855,strong_peak_refined,Ga,Mixed,Mixed,image-supported strong peak
L11-0246,11,670.6647906109866,592.738138295081,strong_peak_refined,Pt,Pt,Pt,image-supported strong peak
L11-0247,11,657.9883026824191,606.9078010477051,strong_peak_refined,Ga,Mixed,Mixed,image-supported strong peak
L11-0248,11,646.0307618411177,626.4641403701764,strong_peak_refined,Pt,Pt,Pt,image-supported strong peak
L11-0249,11,634.5163134571795,646.2547035495975,strong_peak_refined,Ga,Mixed,Mixed,image-supported strong peak
L11-0250,11,622.7026490212775,662.6434585649195,strong_peak_refined,Pt,Pt,Pt,image-supported strong peak
L11-0251,11,610.8203597516509,679.3807237923298,strong_peak_refined,Ga,Mixed,Mixed,image-supported strong peak
L11-0252,11,599.2461769122726,700.8404158793952,strong_peak_refined,Pt,Pt,Pt,image-supported strong peak
L11-0253,11,588.0171473786487,716.5662805378747,strong_peak_refined,Ga,Mixed,Mixed,image-supported strong peak
L11-0254,11,575.6619091762341,734.2555411356739,strong_peak_refined,Pt,Pt,Pt,image-supported strong peak
L11-0255,11,563.260173570166,754.5078574404117,lattice_completed,Ga,Mixed,Mixed,lattice continuity / liquid-front display
L11-0256,11,552.6354571878637,781.1219249241688,weak_peak_refined,Pt,Pt,Pt,image-supported weak peak
L11-0257,11,541.230432043519,792.1473930669105,strong_peak_refined,Ga,Liquid,Liquid,image-supported strong peak
L11-0258,11,529.2191967440136,815.1462500980795,weak_peak_refined,Ga,Liquid,Liquid,image-supported weak peak
L11-0259,11,515.3567042416907,826.6867993486471,lattice_completed,Ga,Liquid,Liquid,lattice continuity / liquid-front display
L11-0260,11,504.5413808280426,845.1715659620293,strong_peak_refined,Ga,Liquid,Liquid,image-supported strong peak
L11-0261,11,491.4049695774532,862.7762703027647,lattice_completed,Ga,Liquid,Liquid,lattice continuity / liquid-front display
L11-0262,11,480.8457741067512,884.0619746396229,strong_peak_refined,Ga,Liquid,Liquid,image-supported strong peak
L11-0263,11,467.4532349132156,898.8657412568823,lattice_completed,Ga,Liquid,Liquid,lattice continuity / liquid-front display
L11-0264,11,456.7654036594797,924.1207456358612,weak_peak_refined,Ga,Liquid,Liquid,image-supported weak peak
L11-0265,11,811.8248429893482,407.7395813842817,strong_peak_refined,Pt,Pt,Pt,image-supported strong peak
L11-0266,11,801.7770333210433,427.1837906486931,strong_peak_refined,Pt,Pt,Pt,image-supported strong peak
L11-0267,11,789.8064866056393,447.1335675549712,strong_peak_refined,Pt,Pt,Pt,image-supported strong peak
L11-0268,11,778.2982931692027,467.6807152533057,strong_peak_refined,Pt,Pt,Pt,image-supported strong peak
L11-0269,11,766.0144554397205,483.8454995254824,strong_peak_refined,Pt,Pt,Pt,image-supported strong peak
L11-0270,11,754.828340975326,500.0475376771661,strong_peak_refined,Pt,Pt,Pt,image-supported strong peak
L11-0271,11,741.8050636183863,520.3711795743078,strong_peak_refined,Pt,Pt,Pt,image-supported strong peak
L11-0272,11,730.3105284224356,539.4806965506158,strong_peak_refined,Ga,Mixed,Mixed,image-supported strong peak
L11-0273,11,718.8051465749786,555.3764560346643,strong_peak_refined,Pt,Pt,Pt,image-supported strong peak
L11-0274,11,706.9779598349312,571.4301463364266,strong_peak_refined,Ga,Mixed,Mixed,image-supported strong peak
L11-0275,11,694.0516321204407,589.3463898254894,strong_peak_refined,Pt,Pt,Pt,image-supported strong peak
L11-0276,11,681.5145999433437,606.4316385793812,strong_peak_refined,Ga,Mixed,Mixed,image-supported strong peak
L11-0277,11,669.4409841177518,624.758612641631,strong_peak_refined,Pt,Pt,Pt,image-supported strong peak
L11-0278,11,658.4350129053709,642.3553518643237,strong_peak_refined,Ga,Mixed,Mixed,image-supported strong peak
L11-0279,11,646.1530011579806,664.7116011010177,strong_peak_refined,Pt,Pt,Pt,image-supported strong peak
L11-0280,11,634.472337630424,681.3803488175764,strong_peak_refined,Ga,Mixed,Mixed,image-supported strong peak
L11-0281,11,623.0804770603104,700.0219987401463,strong_peak_refined,Pt,Pt,Pt,image-supported strong peak
L11-0282,11,610.7823455719326,715.91283459835,strong_peak_refined,Ga,Mixed,Mixed,image-supported strong peak
L11-0283,11,599.5132715272996,736.6802921795105,strong_peak_refined,Pt,Pt,Pt,image-supported strong peak
L11-0284,11,586.6771111056762,753.4670694092895,lattice_completed,Ga,Mixed,Mixed,lattice continuity / liquid-front display
L11-0285,11,576.2211751704835,774.0573525124338,strong_peak_refined,Pt,Pt,Pt,image-supported strong peak
L11-0286,11,564.4317128351914,787.4047670769085,strong_peak_refined,Ga,Mixed,Mixed,image-supported strong peak
L11-0287,11,552.1330662457004,812.3375347433372,strong_peak_refined,Ga,Liquid,Liquid,image-supported strong peak
L11-0288,11,538.773641777201,825.6460113175247,lattice_completed,Ga,Liquid,Liquid,lattice continuity / liquid-front display
L11-0289,11,527.737034817201,847.914697571629,strong_peak_refined,Ga,Liquid,Liquid,image-supported strong peak
L11-0290,11,514.8219071129633,861.7354822716425,lattice_completed,Ga,Liquid,Liquid,lattice continuity / liquid-front display
L11-0291,11,504.3773077046608,882.9547051214244,strong_peak_refined,Ga,Liquid,Liquid,image-supported strong peak
L11-0292,11,490.8701724487258,897.82495322576,lattice_completed,Ga,Liquid,Liquid,lattice continuity / liquid-front display
L11-0293,11,478.894305116607,915.8696887028188,lattice_completed,Ga,Liquid,Liquid,lattice continuity / liquid-front display
L11-0294,11,466.91843778448816,933.914424179878,lattice_completed,Ga,Liquid,Liquid,lattice continuity / liquid-front display
L11-0295,11,825.3220898652961,426.13850276078193,strong_peak_refined,Pt,Pt,Pt,image-supported strong peak
L11-0296,11,813.4706395957319,445.3997892896531,strong_peak_refined,Pt,Pt,Pt,image-supported strong peak
L11-0297,11,800.924320865258,463.4538763934091,strong_peak_refined,Pt,Pt,Pt,image-supported strong peak
L11-0298,11,788.473763986135,482.9048926613739,strong_peak_refined,Pt,Pt,Pt,image-supported strong peak
L11-0299,11,777.6479539613226,501.4872011344416,strong_peak_refined,Pt,Pt,Pt,image-supported strong peak
L11-0300,11,765.1565576451102,520.1836836029695,strong_peak_refined,Pt,Pt,Pt,image-supported strong peak
L11-0301,11,753.3080712376507,531.5229769354777,weak_peak_refined,Ga,Mixed,Mixed,image-supported weak peak
L11-0302,11,740.6894477139415,552.4533189262775,strong_peak_refined,Pt,Pt,Pt,image-supported strong peak
L11-0303,11,729.0594841552947,569.7880346933845,strong_peak_refined,Ga,Mixed,Mixed,image-supported strong peak
L11-0304,11,717.1785930152133,588.1334384188659,strong_peak_refined,Pt,Pt,Pt,image-supported strong peak
L11-0305,11,705.7274091287655,604.899571426986,strong_peak_refined,Ga,Mixed,Mixed,image-supported strong peak
L11-0306,11,693.9249186187792,623.2019276561008,strong_peak_refined,Pt,Pt,Pt,image-supported strong peak
L11-0307,11,680.9027334626059,641.6685018997376,strong_peak_refined,Ga,Mixed,Mixed,image-supported strong peak
L11-0308,11,669.1812378524994,660.8512172825074,strong_peak_refined,Pt,Pt,Pt,image-supported strong peak
L11-0309,11,658.0216650724708,678.2305164699966,strong_peak_refined,Ga,Mixed,Mixed,image-supported strong peak
L11-0310,11,646.5939802791111,700.0707029593085,strong_peak_refined,Pt,Pt,Pt,image-supported strong peak
L11-0311,11,634.045783305424,716.3368104240494,lattice_completed,Ga,Mixed,Mixed,lattice continuity / liquid-front display
L11-0312,11,623.0509561306175,733.2326804892128,strong_peak_refined,Pt,Pt,Pt,image-supported strong peak
L11-0313,11,610.8272935967927,752.972108300734,strong_peak_refined,Ga,Mixed,Mixed,image-supported strong peak
L11-0314,11,597.9994768083656,765.570174381384,weak_peak_refined,Pt,Pt,Pt,image-supported weak peak
L11-0315,11,586.1423139769488,788.5157523322848,lattice_completed,Ga,Liquid,Liquid,lattice continuity / liquid-front display
L11-0316,11,575.8824867130561,815.3779189051559,weak_peak_refined,Ga,Liquid,Liquid,image-supported weak peak
L11-0317,11,562.9066382681453,824.476747819059,strong_peak_refined,Ga,Liquid,Liquid,image-supported strong peak
L11-0318,11,551.0730932373914,844.262495854744,strong_peak_refined,Ga,Liquid,Liquid,image-supported strong peak
L11-0319,11,538.7677860321292,860.4831769958731,strong_peak_refined,Ga,Liquid,Liquid,image-supported strong peak
L11-0320,11,527.2281261220452,886.8750225354497,weak_peak_refined,Ga,Liquid,Liquid,image-supported weak peak
L11-0321,11,514.2871099842359,896.7841651946378,lattice_completed,Ga,Liquid,Liquid,lattice continuity / liquid-front display
L11-0322,11,502.960014066965,924.174911902789,weak_peak_refined,Ga,Liquid,Liquid,image-supported weak peak
L11-0323,11,490.3353753199984,932.8736361487554,lattice_completed,Ga,Liquid,Liquid,lattice continuity / liquid-front display
L11-0324,11,478.3595079878796,950.9183716258144,lattice_completed,Ga,Liquid,Liquid,lattice continuity / liquid-front display
L11-0325,11,850.3433917310791,425.1797868842628,strong_peak_refined,Pt,Pt,Pt,image-supported strong peak
L11-0326,11,837.4910374107878,443.7313700335764,strong_peak_refined,Pt,Pt,Pt,image-supported strong peak
L11-0327,11,826.0163958272256,462.9351077995059,strong_peak_refined,Pt,Pt,Pt,image-supported strong peak
L11-0328,11,812.1481617427917,481.5570909443626,strong_peak_refined,Pt,Pt,Pt,image-supported strong peak
L11-0329,11,800.5385737038007,496.01384773467794,strong_peak_refined,Pt,Pt,Pt,image-supported strong peak
L11-0330,11,788.0885252657947,516.112408653832,strong_peak_refined,Pt,Pt,Pt,image-supported strong peak
L11-0331,11,777.1447639021762,533.7609000948091,strong_peak_refined,Pt,Pt,Pt,image-supported strong peak
L11-0332,11,765.6746828910581,553.4279163289265,strong_peak_refined,Pt,Pt,Pt,image-supported strong peak
L11-0333,11,754.0489666657603,569.3459460336629,strong_peak_refined,Ga,Mixed,Mixed,image-supported strong peak
L11-0334,11,739.7237867080929,587.5594434246577,strong_peak_refined,Pt,Pt,Pt,image-supported strong peak
L11-0335,11,728.3229364783534,606.0997754649601,strong_peak_refined,Ga,Mixed,Mixed,image-supported strong peak
L11-0336,11,716.4109186517702,624.9535343708527,strong_peak_refined,Pt,Pt,Pt,image-supported strong peak
L11-0337,11,704.4425222007729,640.2991698763341,strong_peak_refined,Ga,Mixed,Mixed,image-supported strong peak
L11-0338,11,692.4231538073798,660.2442061583129,strong_peak_refined,Pt,Pt,Pt,image-supported strong peak
L11-0339,11,680.6715264369833,678.1204329995069,strong_peak_refined,Ga,Mixed,Mixed,image-supported strong peak
L11-0340,11,669.1011255489153,696.1618202242616,strong_peak_refined,Pt,Pt,Pt,image-supported strong peak
L11-0341,11,657.4627208409343,715.2960223929272,lattice_completed,Ga,Mixed,Mixed,lattice continuity / liquid-front display
L11-0342,11,644.9968702773945,729.5634182588944,weak_peak_refined,Pt,Pt,Pt,image-supported weak peak
L11-0343,11,633.5109861766966,751.3854933470448,lattice_completed,Ga,Mixed,Mixed,lattice continuity / liquid-front display
L11-0344,11,622.9330098154898,770.1954971288046,strong_peak_refined,Pt,Pt,Pt,image-supported strong peak
L11-0345,11,611.1060187558103,787.8312199782423,strong_peak_refined,Ga,Mixed,Mixed,image-supported strong peak
L11-0346,11,597.5833841803401,805.5196997782214,lattice_completed,Ga,Liquid,Liquid,lattice continuity / liquid-front display
L11-0347,11,585.6075168482214,823.5644352552802,lattice_completed,Ga,Liquid,Liquid,lattice continuity / liquid-front display
L11-0348,11,575.0159681108137,845.0769829598994,strong_peak_refined,Ga,Liquid,Liquid,image-supported strong peak
L11-0349,11,561.6557821839838,859.6539062093977,lattice_completed,Ga,Liquid,Liquid,lattice continuity / liquid-front display
L11-0350,11,551.2579772648534,880.9926346417367,strong_peak_refined,Ga,Liquid,Liquid,image-supported strong peak
L11-0351,11,537.7040475197462,895.7433771635156,lattice_completed,Ga,Liquid,Liquid,lattice continuity / liquid-front display
L11-0352,11,526.5175805833992,920.2233450716956,strong_peak_refined,Ga,Liquid,Liquid,image-supported strong peak
L11-0353,11,513.7523128555085,931.8328481176331,lattice_completed,Ga,Liquid,Liquid,lattice continuity / liquid-front display
L11-0354,11,502.77697402114507,958.9525456820768,weak_peak_refined,Ga,Liquid,Liquid,image-supported weak peak
L11-0355,11,861.5576919526771,443.1377370608035,strong_peak_refined,Pt,Pt,Pt,image-supported strong peak
L11-0356,11,848.3911936529867,460.5584121519248,strong_peak_refined,Pt,Pt,Pt,image-supported strong peak
L11-0357,11,835.7061149919864,480.5493933992384,strong_peak_refined,Pt,Pt,Pt,image-supported strong peak
L11-0358,11,823.8976189068494,498.71611226058286,strong_peak_refined,Pt,Pt,Pt,image-supported strong peak
L11-0359,11,811.6776106597853,516.9829407485217,strong_peak_refined,Pt,Pt,Pt,image-supported strong peak
L11-0360,11,799.9534345839031,533.5256825664293,strong_peak_refined,Pt,Pt,Pt,image-supported strong peak
L11-0361,11,787.364770811151,555.6661624540394,strong_peak_refined,Pt,Pt,Pt,image-supported strong peak
L11-0362,11,777.1141027837969,571.6080100344789,strong_peak_refined,Ga,Mixed,Mixed,image-supported strong peak
L11-0363,11,764.0745443380906,586.1355520631795,strong_peak_refined,Pt,Pt,Pt,image-supported strong peak
L11-0364,11,751.4428433555408,602.6663657552317,strong_peak_refined,Ga,Mixed,Mixed,image-supported strong peak
L11-0365,11,739.704966091124,622.0803211419814,strong_peak_refined,Pt,Pt,Pt,image-supported strong peak
L11-0366,11,727.5907751364482,641.6430707474768,strong_peak_refined,Ga,Mixed,Mixed,image-supported strong peak
L11-0367,11,715.5822293336136,662.599067694275,strong_peak_refined,Pt,Pt,Pt,image-supported strong peak
L11-0368,11,704.3928188871348,676.9124398478909,strong_peak_refined,Ga,Mixed,Mixed,image-supported strong peak
L11-0369,11,692.5009186647795,694.9874872886843,strong_peak_refined,Pt,Pt,Pt,image-supported strong peak
L11-0370,11,681.4621739761113,714.8408195804217,strong_peak_refined,Ga,Mixed,Mixed,image-supported strong peak
L11-0371,11,668.3201288340507,728.0825457278563,weak_peak_refined,Pt,Pt,Pt,image-supported weak peak
L11-0372,11,656.9279237122068,750.3447053159225,lattice_completed,Ga,Mixed,Mixed,lattice continuity / liquid-front display
L11-0373,11,646.6774467063078,769.8799145956549,strong_peak_refined,Pt,Pt,Pt,image-supported strong peak
L11-0374,11,632.9761890479692,786.4341762700403,lattice_completed,Ga,Mixed,Mixed,lattice continuity / liquid-front display
L11-0375,11,622.8331381518167,800.984387001558,weak_peak_refined,Ga,Liquid,Liquid,image-supported weak peak
L11-0376,11,609.0244543837316,822.5236472241579,lattice_completed,Ga,Liquid,Liquid,lattice continuity / liquid-front display
L11-0377,11,598.8028348369269,840.2519343267554,strong_peak_refined,Ga,Liquid,Liquid,image-supported strong peak
L11-0378,11,585.072719719494,858.6131181782755,lattice_completed,Ga,Liquid,Liquid,lattice continuity / liquid-front display
L11-0379,11,574.9031518275528,885.2521038955066,weak_peak_refined,Ga,Liquid,Liquid,image-supported weak peak
L11-0380,11,562.344009174548,896.992333318924,strong_peak_refined,Ga,Liquid,Liquid,image-supported strong peak
L11-0381,11,549.2274606393714,915.3443753522888,strong_peak_refined,Ga,Liquid,Liquid,image-supported strong peak
L11-0382,11,537.2968932223191,931.678997158207,strong_peak_refined,Ga,Liquid,Liquid,image-supported strong peak
L11-0383,11,525.1933830589,948.8367955635696,lattice_completed,Ga,Liquid,Liquid,lattice continuity / liquid-front display
L11-0384,11,514.0596095852932,966.7896618097864,strong_peak_refined,Pt,Pt,Pt,image-supported strong peak
L11-0385,11,889.8628735398764,442.94398170994384,weak_peak_refined,Pt,Pt,Pt,image-supported weak peak
L11-0386,11,871.912456732904,460.7338031486765,strong_peak_refined,Pt,Pt,Pt,image-supported strong peak
L11-0387,11,859.4346819763565,477.0857160403455,strong_peak_refined,Pt,Pt,Pt,image-supported strong peak
L11-0388,11,847.3747015585764,497.2978273161773,strong_peak_refined,Pt,Pt,Pt,image-supported strong peak
L11-0389,11,835.5575199322669,513.6257616689338,strong_peak_refined,Pt,Pt,Pt,image-supported strong peak
L11-0390,11,824.0923875617166,534.5396660133902,strong_peak_refined,Pt,Pt,Pt,image-supported strong peak
L11-0391,11,811.1099541604232,554.1886113564229,strong_peak_refined,Pt,Pt,Pt,image-supported strong peak
L11-0392,11,798.9298009311495,566.6047769800941,strong_peak_refined,Pt,Pt,Pt,image-supported strong peak
L11-0393,11,787.4634072438427,585.2822444575858,strong_peak_refined,Pt,Pt,Pt,image-supported strong peak
L11-0394,11,775.9999940867858,602.8366246096167,strong_peak_refined,Ga,Mixed,Mixed,image-supported strong peak
L11-0395,11,763.0468730255199,620.7678392092877,strong_peak_refined,Pt,Pt,Pt,image-supported strong peak
L11-0396,11,752.1705156033702,639.5486859485331,strong_peak_refined,Ga,Mixed,Mixed,image-supported strong peak
L11-0397,11,739.2402740034476,660.5412511320294,strong_peak_refined,Pt,Pt,Pt,image-supported strong peak
L11-0398,11,727.601337991696,677.1959361089108,strong_peak_refined,Ga,Mixed,Mixed,image-supported strong peak
L11-0399,11,715.8315146548081,691.0498866866516,weak_peak_refined,Pt,Pt,Pt,image-supported weak peak
L11-0400,11,704.3316256604237,713.1479157875453,strong_peak_refined,Ga,Mixed,Mixed,image-supported strong peak
L11-0401,11,693.1888766643772,731.6210365141267,strong_peak_refined,Pt,Pt,Pt,image-supported strong peak
L11-0402,11,681.3897452779976,750.6153380897008,strong_peak_refined,Ga,Mixed,Mixed,image-supported strong peak
L11-0403,11,669.0328370988616,769.9781094413545,strong_peak_refined,Pt,Pt,Pt,image-supported strong peak
L11-0404,11,656.3931265834794,785.3933882389179,lattice_completed,Ga,Mixed,Mixed,lattice continuity / liquid-front display
L11-0405,11,645.9544591601378,805.9953208040461,strong_peak_refined,Ga,Liquid,Liquid,image-supported strong peak
L11-0406,11,632.4413919192418,821.4828591930357,lattice_completed,Ga,Liquid,Liquid,lattice continuity / liquid-front display
L11-0407,11,621.108496336881,839.6720883773754,strong_peak_refined,Ga,Liquid,Liquid,image-supported strong peak
L11-0408,11,608.4896572550042,857.5723301471533,lattice_completed,Ga,Liquid,Liquid,lattice continuity / liquid-front display
L11-0409,11,597.9882221953819,881.6741673955851,strong_peak_refined,Ga,Liquid,Liquid,image-supported strong peak
L11-0410,11,584.5379225907666,893.6618011012711,lattice_completed,Ga,Liquid,Liquid,lattice continuity / liquid-front display
L11-0411,11,572.5620552586479,911.70653657833,lattice_completed,Ga,Liquid,Liquid,lattice continuity / liquid-front display
L11-0412,11,560.586187926529,929.7512720553888,lattice_completed,Ga,Liquid,Liquid,lattice continuity / liquid-front display
L11-0413,11,548.8655155608378,949.9664409697982,strong_peak_refined,Ga,Liquid,Liquid,image-supported strong peak
L11-0414,11,536.6344532622913,965.8407430095062,lattice_completed,Ga,Liquid,Liquid,lattice continuity / liquid-front display
L11-0415,11,524.7828414350514,988.2354609059372,strong_peak_refined,Ga,Liquid,Liquid,image-supported strong peak
L11-0416,11,894.2442216630412,460.55472500693423,strong_peak_refined,Pt,Pt,Pt,image-supported strong peak
L11-0417,11,882.5160997460616,477.5461825731976,strong_peak_refined,Pt,Pt,Pt,image-supported strong peak
L11-0418,11,871.255113387474,495.672361343474,strong_peak_refined,Pt,Pt,Pt,image-supported strong peak
L11-0419,11,859.4026696907114,515.4229561123017,strong_peak_refined,Pt,Pt,Pt,image-supported strong peak
L11-0420,11,847.3825271991227,535.4082877787248,strong_peak_refined,Pt,Pt,Pt,image-supported strong peak
L11-0421,11,835.0139040120641,553.4014179759222,strong_peak_refined,Pt,Pt,Pt,image-supported strong peak
L11-0422,11,823.629892606095,570.4891812169182,strong_peak_refined,Pt,Pt,Pt,image-supported strong peak
L11-0423,11,811.2180049514935,588.7291675913106,strong_peak_refined,Pt,Pt,Pt,image-supported strong peak
L11-0424,11,799.0275502521899,604.1384970606972,strong_peak_refined,Ga,Mixed,Mixed,image-supported strong peak
L11-0425,11,786.819346758275,623.6859062280089,strong_peak_refined,Pt,Pt,Pt,image-supported strong peak
L11-0426,11,775.092450910918,639.625740693806,strong_peak_refined,Ga,Mixed,Mixed,image-supported strong peak
L11-0427,11,762.4930940800886,658.2981273953667,strong_peak_refined,Pt,Pt,Pt,image-supported strong peak
L11-0428,11,751.3743763500289,673.6536914644671,strong_peak_refined,Ga,Mixed,Mixed,image-supported strong peak
L11-0429,11,739.0857505246379,694.5264215227747,strong_peak_refined,Pt,Pt,Pt,image-supported strong peak
L11-0430,11,728.4498645776316,710.3634553946445,strong_peak_refined,Ga,Mixed,Mixed,image-supported strong peak
L11-0431,11,716.1262266562316,732.2703449231392,strong_peak_refined,Pt,Pt,Pt,image-supported strong peak
L11-0432,11,704.1912151011236,746.6430402806612,strong_peak_refined,Ga,Mixed,Mixed,image-supported strong peak
L11-0433,11,691.9052450217133,766.3302559031115,strong_peak_refined,Pt,Pt,Pt,image-supported strong peak
L11-0434,11,679.8100641189897,784.3526002077956,lattice_completed,Ga,Mixed,Mixed,lattice continuity / liquid-front display
L11-0435,11,669.0537718124268,802.6246886618733,strong_peak_refined,Ga,Liquid,Liquid,image-supported strong peak
L11-0436,11,655.858329454752,820.4420711619134,lattice_completed,Ga,Liquid,Liquid,lattice continuity / liquid-front display
L11-0437,11,644.790898278078,836.1722964531821,strong_peak_refined,Ga,Liquid,Liquid,image-supported strong peak
L11-0438,11,631.9065947905144,856.531542116031,lattice_completed,Ga,Liquid,Liquid,lattice continuity / liquid-front display
L11-0439,11,620.5687562338466,879.2887361504577,strong_peak_refined,Ga,Liquid,Liquid,image-supported strong peak
L11-0440,11,607.9548601262768,892.6210130701486,lattice_completed,Ga,Liquid,Liquid,lattice continuity / liquid-front display
L11-0441,11,596.8156775005606,911.2291540856112,strong_peak_refined,Ga,Liquid,Liquid,image-supported strong peak
L11-0442,11,584.0031254620392,928.7104840242664,lattice_completed,Ga,Liquid,Liquid,lattice continuity / liquid-front display
L11-0443,11,572.2690180047509,954.1184383350284,weak_peak_refined,Ga,Liquid,Liquid,image-supported weak peak
L11-0444,11,560.0513907978016,964.799954978384,lattice_completed,Ga,Liquid,Liquid,lattice continuity / liquid-front display
L11-0445,11,548.7317427324531,985.9655910228988,strong_peak_refined,Ga,Liquid,Liquid,image-supported strong peak
L11-0446,11,905.4988946931396,478.1483666387079,strong_peak_refined,Pt,Pt,Pt,image-supported strong peak
L11-0447,11,894.1378580464373,494.9248913035493,strong_peak_refined,Pt,Pt,Pt,image-supported strong peak
L11-0448,11,883.4677586417106,512.5135933287111,strong_peak_refined,Pt,Pt,Pt,image-supported strong peak
L11-0449,11,870.5012514075398,529.107331481669,strong_peak_refined,Pt,Pt,Pt,image-supported strong peak
L11-0450,11,859.1396823611439,544.6334553683869,weak_peak_refined,Pt,Pt,Pt,image-supported weak peak
L11-0451,11,846.2378266351744,563.162766432562,strong_peak_refined,Pt,Pt,Pt,image-supported strong peak
L11-0452,11,835.2856027088044,587.6407666372663,strong_peak_refined,Pt,Pt,Pt,image-supported strong peak
L11-0453,11,822.3577872565568,601.8477162697272,strong_peak_refined,Ga,Mixed,Mixed,image-supported strong peak
L11-0454,11,810.008633637537,621.3588012663198,strong_peak_refined,Pt,Pt,Pt,image-supported strong peak
L11-0455,11,797.8931350495701,637.3165742381564,strong_peak_refined,Ga,Mixed,Mixed,image-supported strong peak
L11-0456,11,785.6732250543268,652.3709010390951,weak_peak_refined,Pt,Pt,Pt,image-supported weak peak
L11-0457,11,774.6246245770828,672.6354235576334,strong_peak_refined,Ga,Mixed,Mixed,image-supported strong peak
L11-0458,11,762.1485885993995,692.6526945624177,strong_peak_refined,Pt,Pt,Pt,image-supported strong peak
L11-0459,11,751.3157437315875,709.7973615501207,strong_peak_refined,Ga,Mixed,Mixed,image-supported strong peak
L11-0460,11,739.5135486075205,730.0592917955097,strong_peak_refined,Pt,Pt,Pt,image-supported strong peak
L11-0461,11,726.7025292393723,741.6920300139657,weak_peak_refined,Ga,Mixed,Mixed,image-supported weak peak
L11-0462,11,715.76071681489,763.751478011654,strong_peak_refined,Pt,Pt,Pt,image-supported strong peak
L11-0463,11,703.8942528012669,784.1037261576292,strong_peak_refined,Ga,Mixed,Mixed,image-supported strong peak
L11-0464,11,692.5061427384047,803.7993447327522,strong_peak_refined,Ga,Liquid,Liquid,image-supported strong peak
L11-0465,11,680.3544538958405,826.1468613516879,weak_peak_refined,Ga,Liquid,Liquid,image-supported weak peak
L11-0466,11,668.3259412658952,846.3430320332061,weak_peak_refined,Ga,Liquid,Liquid,image-supported weak peak
L11-0467,11,657.0863349292475,861.233998186762,strong_peak_refined,Ga,Liquid,Liquid,image-supported strong peak
L11-0468,11,644.6016001188303,875.3354655668016,strong_peak_refined,Ga,Liquid,Liquid,image-supported strong peak
L11-0469,11,631.371797661787,891.5802250390263,lattice_completed,Ga,Liquid,Liquid,lattice continuity / liquid-front display
L11-0470,11,620.4407503650607,918.2945640227028,weak_peak_refined,Ga,Liquid,Liquid,image-supported weak peak
L11-0471,11,609.2218319743863,935.5456359713792,weak_peak_refined,Ga,Liquid,Liquid,image-supported weak peak
L11-0472,11,595.9278019360135,944.8911157583256,strong_peak_refined,Ga,Liquid,Liquid,image-supported strong peak
L11-0473,11,583.4683283333118,963.7591669472616,lattice_completed,Ga,Liquid,Liquid,lattice continuity / liquid-front display
L11-0474,11,571.3846361659528,979.9037169028982,strong_peak_refined,Ga,Liquid,Liquid,image-supported strong peak
L11-0475,11,560.5785522326378,999.3415581322372,strong_peak_refined,Ga,Liquid,Liquid,image-supported strong peak
L11-0476,11,930.2178559758272,484.6577347219828,weak_peak_refined,Pt,Pt,Pt,image-supported weak peak
L11-0477,11,919.265266574806,492.7723336902071,strong_peak_refined,Pt,Pt,Pt,image-supported strong peak
L11-0478,11,906.3159816856996,512.1308456517726,strong_peak_refined,Pt,Pt,Pt,image-supported strong peak
L11-0479,11,894.8226747847095,530.1650912676467,strong_peak_refined,Pt,Pt,Pt,image-supported strong peak
L11-0480,11,881.557613936634,547.486206059277,strong_peak_refined,Pt,Pt,Pt,image-supported strong peak
L11-0481,11,870.4258014508963,568.2939643760992,strong_peak_refined,Pt,Pt,Pt,image-supported strong peak
L11-0482,11,857.7158059521523,585.3442824613512,strong_peak_refined,Pt,Pt,Pt,image-supported strong peak
L11-0483,11,845.1436503740517,601.0652152501418,strong_peak_refined,Pt,Pt,Pt,image-supported strong peak
L11-0484,11,833.6326562203164,618.7468750679841,strong_peak_refined,Pt,Pt,Pt,image-supported strong peak
L11-0485,11,821.7211897216723,636.9599370139225,strong_peak_refined,Ga,Mixed,Mixed,image-supported strong peak
L11-0486,11,809.9118327762218,651.1809163167242,weak_peak_refined,Pt,Pt,Pt,image-supported weak peak
L11-0487,11,797.7425387583944,669.4371422152365,weak_peak_refined,Ga,Mixed,Mixed,image-supported weak peak
L11-0488,11,786.5105378631722,691.588284530525,strong_peak_refined,Pt,Pt,Pt,image-supported strong peak
L11-0489,11,774.286248535326,709.1060093877876,strong_peak_refined,Ga,Mixed,Mixed,image-supported strong peak
L11-0490,11,762.8485148615018,725.4012838140657,strong_peak_refined,Pt,Pt,Pt,image-supported strong peak
L11-0491,11,751.8798260779066,746.3676648465665,strong_peak_refined,Ga,Mixed,Mixed,image-supported strong peak
L11-0492,11,739.3034022219683,759.689421213448,weak_peak_refined,Pt,Pt,Pt,image-supported weak peak
L11-0493,11,727.2540284582564,781.2456294829911,strong_peak_refined,Ga,Mixed,Mixed,image-supported strong peak
L11-0494,11,715.389633681499,796.1309688786176,weak_peak_refined,Ga,Liquid,Liquid,image-supported weak peak
L11-0495,11,702.6922045257725,818.3604950996687,lattice_completed,Ga,Liquid,Liquid,lattice continuity / liquid-front display
L11-0496,11,691.8699638913718,835.2824094757833,strong_peak_refined,Ga,Liquid,Liquid,image-supported strong peak
L11-0497,11,680.2584484649243,853.6984512349633,strong_peak_refined,Ga,Liquid,Liquid,image-supported strong peak
L11-0498,11,666.7646025294162,872.4947015308453,lattice_completed,Ga,Liquid,Liquid,lattice continuity / liquid-front display
L11-0499,11,656.2595898586043,894.3495765237565,strong_peak_refined,Ga,Liquid,Liquid,image-supported strong peak
L11-0500,11,644.1180751688421,910.9082597993514,strong_peak_refined,Ga,Liquid,Liquid,image-supported strong peak
L11-0501,11,630.8370005330596,926.6289079620216,lattice_completed,Ga,Liquid,Liquid,lattice continuity / liquid-front display
L11-0502,11,619.412715264183,944.9778160576252,strong_peak_refined,Ga,Liquid,Liquid,image-supported strong peak
L11-0503,11,607.2562985011297,966.3137421860756,strong_peak_refined,Ga,Liquid,Liquid,image-supported strong peak
L11-0504,11,595.6793862124443,985.202071579805,strong_peak_refined,Ga,Liquid,Liquid,image-supported strong peak
L11-0505,11,582.9335312045844,998.8078498702572,lattice_completed,Ga,Liquid,Liquid,lattice continuity / liquid-front display
L11-0506,11,570.9576638724657,1016.852585347316,lattice_completed,Ga,Liquid,Liquid,lattice continuity / liquid-front display
L11-0507,11,946.810467291244,494.74478706300806,weak_peak_refined,Pt,Pt,Pt,image-supported weak peak
L11-0508,11,930.5795901550337,510.106633809998,strong_peak_refined,Pt,Pt,Pt,image-supported strong peak
L11-0509,11,916.090759512728,529.2879998445354,strong_peak_refined,Pt,Pt,Pt,image-supported strong peak
L11-0510,11,904.5979473783264,548.235107811537,strong_peak_refined,Pt,Pt,Pt,image-supported strong peak
L11-0511,11,895.8995037178175,561.5125924945352,weak_peak_refined,Pt,Pt,Pt,image-supported weak peak
L11-0512,11,880.6263945588386,584.2401876141304,strong_peak_refined,Pt,Pt,Pt,image-supported strong peak
L11-0513,11,868.2932928648526,601.3316183853334,strong_peak_refined,Pt,Pt,Pt,image-supported strong peak
L11-0514,11,856.631354318196,615.9609858253629,strong_peak_refined,Pt,Pt,Pt,image-supported strong peak
L11-0515,11,844.7105991619096,637.5597384508453,strong_peak_refined,Ga,Mixed,Mixed,image-supported strong peak
L11-0516,11,832.8379241032383,655.8854921081023,strong_peak_refined,Pt,Pt,Pt,image-supported strong peak
L11-0517,11,821.709864531416,671.6301799481764,strong_peak_refined,Ga,Mixed,Mixed,image-supported strong peak
L11-0518,11,809.6188574881568,687.9632988132904,strong_peak_refined,Pt,Pt,Pt,image-supported strong peak
L11-0519,11,797.9643460539955,709.0512942061935,lattice_completed,Ga,Mixed,Mixed,lattice continuity / liquid-front display
L11-0520,11,785.7680677001379,723.515438398214,strong_peak_refined,Pt,Pt,Pt,image-supported strong peak
L11-0521,11,774.5293746706634,745.6272612048489,strong_peak_refined,Ga,Mixed,Mixed,image-supported strong peak
L11-0522,11,762.7536398679649,765.6977147254893,strong_peak_refined,Pt,Pt,Pt,image-supported strong peak
L11-0523,11,750.0608767255203,781.2302361144289,lattice_completed,Ga,Mixed,Mixed,lattice continuity / liquid-front display
L11-0524,11,739.2135367177847,800.8219911895791,strong_peak_refined,Ga,Liquid,Liquid,image-supported strong peak
L11-0525,11,727.6587368648449,818.6548293042123,strong_peak_refined,Ga,Liquid,Liquid,image-supported strong peak
L11-0526,11,714.9183111516511,836.8953723295373,strong_peak_refined,Ga,Liquid,Liquid,image-supported strong peak
L11-0527,11,703.5351433704614,856.2580324061605,strong_peak_refined,Ga,Liquid,Liquid,image-supported strong peak
L11-0528,11,690.9401751513695,876.1356332465026,strong_peak_refined,Ga,Liquid,Liquid,image-supported strong peak
L11-0529,11,678.2056727328074,889.4986489767819,lattice_completed,Ga,Liquid,Liquid,lattice continuity / liquid-front display
L11-0530,11,667.4183447032233,912.963905078208,strong_peak_refined,Ga,Liquid,Liquid,image-supported strong peak
L11-0531,11,654.8340258569926,928.4016598080837,strong_peak_refined,Ga,Liquid,Liquid,image-supported strong peak
L11-0532,11,642.7216595646287,952.0827715813588,weak_peak_refined,Ga,Liquid,Liquid,image-supported weak peak
L11-0533,11,631.1296340685335,970.4016100116426,weak_peak_refined,Ga,Liquid,Liquid,image-supported weak peak
L11-0534,11,619.1953529456916,981.0759966621908,strong_peak_refined,Ga,Liquid,Liquid,image-supported strong peak
L11-0535,11,606.5987291140195,997.9013122341702,strong_peak_refined,Ga,Liquid,Liquid,image-supported strong peak
L11-0536,11,594.3746014079759,1015.8117973161936,lattice_completed,Ga,Liquid,Liquid,lattice continuity / liquid-front display
L11-0537,11,953.1158242428126,509.518415927424,lattice_completed,Pt,Pt,Pt,lattice continuity / liquid-front display
L11-0538,11,940.394055906542,529.1936503515242,strong_peak_refined,Pt,Pt,Pt,image-supported strong peak
L11-0539,11,928.0111804842976,547.675265135572,strong_peak_refined,Pt,Pt,Pt,image-supported strong peak
L11-0540,11,915.9612230407952,565.4939332138975,strong_peak_refined,Pt,Pt,Pt,image-supported strong peak
L11-0541,11,903.808036806098,583.5345820074729,strong_peak_refined,Pt,Pt,Pt,image-supported strong peak
L11-0542,11,891.1287580030634,600.5093613412597,strong_peak_refined,Pt,Pt,Pt,image-supported strong peak
L11-0543,11,879.4567551208758,618.6574750033684,strong_peak_refined,Pt,Pt,Pt,image-supported strong peak
L11-0544,11,865.3868276287225,630.8023801247721,weak_peak_refined,Pt,Pt,Pt,image-supported weak peak
L11-0545,11,856.2004846183829,654.8185659430632,strong_peak_refined,Pt,Pt,Pt,image-supported strong peak
L11-0546,11,844.113275602293,668.5065868849804,strong_peak_refined,Ga,Mixed,Mixed,image-supported strong peak
L11-0547,11,832.2416220487318,690.9916928321048,strong_peak_refined,Pt,Pt,Pt,image-supported strong peak
L11-0548,11,822.2616916755604,708.9511992659326,strong_peak_refined,Ga,Mixed,Mixed,image-supported strong peak
L11-0549,11,810.2383924250332,731.6544157114756,strong_peak_refined,Pt,Pt,Pt,image-supported strong peak
L11-0550,11,798.6700264631095,748.0360546676011,strong_peak_refined,Ga,Mixed,Mixed,image-supported strong peak
L11-0551,11,786.6029384664711,760.2538406518865,strong_peak_refined,Pt,Pt,Pt,image-supported strong peak
L11-0552,11,774.191161495853,780.0147516150516,strong_peak_refined,Ga,Mixed,Mixed,image-supported strong peak
L11-0553,11,763.1359706403621,802.8129523619875,strong_peak_refined,Ga,Liquid,Liquid,image-supported strong peak
L11-0554,11,749.5260795967929,816.2789190374242,lattice_completed,Ga,Liquid,Liquid,lattice continuity / liquid-front display
L11-0555,11,738.4617551059282,836.9542929558984,strong_peak_refined,Ga,Liquid,Liquid,image-supported strong peak
L11-0556,11,725.5743449325553,852.3683899915418,lattice_completed,Ga,Liquid,Liquid,lattice continuity / liquid-front display
L11-0557,11,714.7203450593872,873.9068521407427,strong_peak_refined,Ga,Liquid,Liquid,image-supported strong peak
L11-0558,11,701.6226102683177,888.4578609456596,lattice_completed,Ga,Liquid,Liquid,lattice continuity / liquid-front display
L11-0559,11,690.6945505929882,910.8263961763404,strong_peak_refined,Ga,Liquid,Liquid,image-supported strong peak
L11-0560,11,677.67087560408,924.5473318997772,lattice_completed,Ga,Liquid,Liquid,lattice continuity / liquid-front display
L11-0561,11,666.0922125769167,936.5236424403332,weak_peak_refined,Ga,Liquid,Liquid,image-supported weak peak
L11-0562,11,653.7191409398424,960.6368028538948,lattice_completed,Ga,Liquid,Liquid,lattice continuity / liquid-front display
L11-0563,11,641.7432736077237,978.6815383309538,lattice_completed,Ga,Liquid,Liquid,lattice continuity / liquid-front display
L11-0564,11,629.7674062756048,996.7262738080126,lattice_completed,Ga,Liquid,Liquid,lattice continuity / liquid-front display
L11-0565,11,618.8424551978167,1023.3270273828804,weak_peak_refined,Ga,Liquid,Liquid,image-supported weak peak
L11-0566,11,606.8294608297874,1036.0752940776872,strong_peak_refined,Ga,Liquid,Liquid,image-supported strong peak
L11-0567,11,963.1482497585852,533.9267170361464,weak_peak_refined,Pt,Pt,Pt,image-supported weak peak
L11-0568,11,953.5499678942174,546.1108840885743,strong_peak_refined,Pt,Pt,Pt,image-supported strong peak
L11-0569,11,939.872749382612,563.3794621164328,strong_peak_refined,Pt,Pt,Pt,image-supported strong peak
L11-0570,11,928.0530597852674,581.091781133389,strong_peak_refined,Pt,Pt,Pt,image-supported strong peak
L11-0571,11,915.3856180208304,594.0388956251422,weak_peak_refined,Pt,Pt,Pt,image-supported weak peak
L11-0572,11,903.52268642478,621.2960025592041,strong_peak_refined,Pt,Pt,Pt,image-supported strong peak
L11-0573,11,891.5478314562113,637.2989866216649,strong_peak_refined,Pt,Pt,Pt,image-supported strong peak
L11-0574,11,879.0413120343147,657.5876727891894,strong_peak_refined,Pt,Pt,Pt,image-supported strong peak
L11-0575,11,868.2465624957881,671.1850842080199,strong_peak_refined,Pt,Pt,Pt,image-supported strong peak
L11-0576,11,856.4132045211891,687.568084208165,strong_peak_refined,Pt,Pt,Pt,image-supported strong peak
L11-0577,11,844.0857737568034,701.8009875515304,weak_peak_refined,Ga,Mixed,Mixed,image-supported weak peak
L11-0578,11,833.2831801035912,726.4766096207511,strong_peak_refined,Pt,Pt,Pt,image-supported strong peak
L11-0579,11,821.3605348118748,738.5153459254024,weak_peak_refined,Ga,Mixed,Mixed,image-supported weak peak
L11-0580,11,809.2784605605024,758.3938471750779,strong_peak_refined,Pt,Pt,Pt,image-supported strong peak
L11-0581,11,797.5847195938247,776.0158883433608,strong_peak_refined,Ga,Mixed,Mixed,image-supported strong peak
L11-0582,11,786.0360699683494,796.2984710801057,strong_peak_refined,Ga,Liquid,Liquid,image-supported strong peak
L11-0583,11,772.9430171323031,815.238131006302,lattice_completed,Ga,Liquid,Liquid,lattice continuity / liquid-front display
L11-0584,11,762.404764712137,835.1298290873935,strong_peak_refined,Ga,Liquid,Liquid,image-supported strong peak
L11-0585,11,748.9912824680655,851.3276019604195,lattice_completed,Ga,Liquid,Liquid,lattice continuity / liquid-front display
L11-0586,11,738.8906628853014,873.8681272474854,strong_peak_refined,Ga,Liquid,Liquid,image-supported strong peak
L11-0587,11,726.5671221936291,892.5552342089477,strong_peak_refined,Ga,Liquid,Liquid,image-supported strong peak
L11-0588,11,712.9397688434381,901.1106265278394,weak_peak_refined,Ga,Liquid,Liquid,image-supported weak peak
L11-0589,11,701.6477653058113,923.1356045136406,strong_peak_refined,Ga,Liquid,Liquid,image-supported strong peak
L11-0590,11,689.454919226241,946.5077615265818,strong_peak_refined,Ga,Liquid,Liquid,image-supported strong peak
L11-0591,11,677.1360784753526,959.5960148227724,lattice_completed,Ga,Liquid,Liquid,lattice continuity / liquid-front display
L11-0592,11,665.5418475752384,981.4926062854312,strong_peak_refined,Ga,Liquid,Liquid,image-supported strong peak
L11-0593,11,653.184343811115,995.6854857768903,lattice_completed,Ga,Liquid,Liquid,lattice continuity / liquid-front display
L11-0594,11,642.3774436046103,1022.5980962655776,weak_peak_refined,Ga,Liquid,Liquid,image-supported weak peak
L11-0595,11,631.0989227058183,1032.229093785066,strong_peak_refined,Ga,Liquid,Liquid,image-supported strong peak
L11-0596,11,975.9979646495954,543.5263108192971,lattice_completed,Pt,Pt,Pt,lattice continuity / liquid-front display
L11-0597,11,965.2686818066126,561.793037695045,strong_peak_refined,Pt,Pt,Pt,image-supported strong peak
L11-0598,11,951.0942714598024,580.4357673353616,strong_peak_refined,Pt,Pt,Pt,image-supported strong peak
L11-0599,11,937.9846159904312,597.069736341833,strong_peak_refined,Pt,Pt,Pt,image-supported strong peak
L11-0600,11,926.2518395335655,615.5393380750356,strong_peak_refined,Pt,Pt,Pt,image-supported strong peak
L11-0601,11,914.053431856383,636.621176643512,strong_peak_refined,Pt,Pt,Pt,image-supported strong peak
L11-0602,11,902.0003223078774,652.150616045656,strong_peak_refined,Pt,Pt,Pt,image-supported strong peak
L11-0603,11,890.8171592908932,670.3040852901236,strong_peak_refined,Pt,Pt,Pt,image-supported strong peak
L11-0604,11,878.5113077620614,689.0156955988956,strong_peak_refined,Pt,Pt,Pt,image-supported strong peak
L11-0605,11,868.0655944122364,705.1600104394836,strong_peak_refined,Ga,Mixed,Mixed,image-supported strong peak
L11-0606,11,856.1277596579682,726.0481957548294,strong_peak_refined,Pt,Pt,Pt,image-supported strong peak
L11-0607,11,844.3336919138562,745.221646803741,strong_peak_refined,Ga,Mixed,Mixed,image-supported strong peak
L11-0608,11,832.6508872632343,756.868627587804,strong_peak_refined,Pt,Pt,Pt,image-supported strong peak
L11-0609,11,820.627651883505,774.9353605998573,strong_peak_refined,Ga,Mixed,Mixed,image-supported strong peak
L11-0610,11,809.4672561957881,795.3456032174931,strong_peak_refined,Ga,Liquid,Liquid,image-supported strong peak
L11-0611,11,798.1913763001571,813.5629075956024,strong_peak_refined,Ga,Liquid,Liquid,image-supported strong peak
L11-0612,11,786.132558803339,834.8764060798741,strong_peak_refined,Ga,Liquid,Liquid,image-supported strong peak
L11-0613,11,772.4082200035757,850.2868139292973,lattice_completed,Ga,Liquid,Liquid,lattice continuity / liquid-front display
L11-0614,11,761.1024848143823,863.2673862285607,weak_peak_refined,Ga,Liquid,Liquid,image-supported weak peak
L11-0615,11,750.8732310040344,883.5220786704664,weak_peak_refined,Ga,Liquid,Liquid,image-supported weak peak
L11-0616,11,738.0793717207782,909.0244524205688,strong_peak_refined,Ga,Liquid,Liquid,image-supported strong peak
L11-0617,11,724.5047506751005,922.4657558375328,lattice_completed,Ga,Liquid,Liquid,lattice continuity / liquid-front display
L11-0618,11,712.5876814796985,934.5367936662358,weak_peak_refined,Ga,Liquid,Liquid,image-supported weak peak
L11-0619,11,701.0162807104401,961.987866434176,strong_peak_refined,Ga,Liquid,Liquid,image-supported strong peak
L11-0620,11,688.1900647015705,970.5137961002554,weak_peak_refined,Ga,Liquid,Liquid,image-supported weak peak
L11-0621,11,676.472809891138,991.0216777248106,strong_peak_refined,Ga,Liquid,Liquid,image-supported strong peak
L11-0622,11,666.0263596500166,1020.3523455938646,weak_peak_refined,Ga,Liquid,Liquid,image-supported weak peak
L11-0623,11,652.6495466823876,1030.7341686998857,lattice_completed,Ga,Liquid,Liquid,lattice continuity / liquid-front display
L11-0624,11,987.4390348529868,560.5302582652337,lattice_completed,Pt,Pt,Pt,lattice continuity / liquid-front display
L11-0625,11,975.463167520868,578.5749937422925,lattice_completed,Pt,Pt,Pt,lattice continuity / liquid-front display
L11-0626,11,965.4883180990532,604.2012005899903,weak_peak_refined,Pt,Pt,Pt,image-supported weak peak
L11-0627,11,949.506858109201,612.5804614246788,strong_peak_refined,Pt,Pt,Pt,image-supported strong peak
L11-0628,11,938.1243016962834,635.1282906583446,strong_peak_refined,Pt,Pt,Pt,image-supported strong peak
L11-0629,11,925.0468292795604,650.0218738751124,strong_peak_refined,Pt,Pt,Pt,image-supported strong peak
L11-0630,11,913.9735871684014,662.8482005241774,weak_peak_refined,Pt,Pt,Pt,image-supported weak peak
L11-0631,11,901.8028658459932,692.5499110034318,strong_peak_refined,Pt,Pt,Pt,image-supported strong peak
L11-0632,11,894.0086146735081,699.9542588342762,weak_peak_refined,Pt,Pt,Pt,image-supported weak peak
L11-0633,11,879.0744203204991,723.2721042721679,strong_peak_refined,Pt,Pt,Pt,image-supported strong peak
L11-0634,11,867.6803615317988,740.9776130358221,lattice_completed,Ga,Mixed,Mixed,lattice continuity / liquid-front display
L11-0635,11,856.1036678538204,762.7439808378409,strong_peak_refined,Pt,Pt,Pt,image-supported strong peak
L11-0636,11,843.7286268675612,777.0670839899396,lattice_completed,Ga,Mixed,Mixed,lattice continuity / liquid-front display
L11-0637,11,833.0518266289713,795.9955569910261,strong_peak_refined,Ga,Liquid,Liquid,image-supported strong peak
L11-0638,11,819.7768922033235,813.1565549440575,lattice_completed,Ga,Liquid,Liquid,lattice continuity / liquid-front display
L11-0639,11,809.6424084411625,833.0239247508666,strong_peak_refined,Ga,Liquid,Liquid,image-supported strong peak
L11-0640,11,795.8251575390859,849.246025898175,lattice_completed,Ga,Liquid,Liquid,lattice continuity / liquid-front display
L11-0641,11,785.3806871793159,863.3653792533962,weak_peak_refined,Ga,Liquid,Liquid,image-supported weak peak
L11-0642,11,773.4693810386037,883.0039810909634,strong_peak_refined,Ga,Liquid,Liquid,image-supported strong peak
L11-0643,11,760.6504111808933,900.2693466130285,strong_peak_refined,Ga,Liquid,Liquid,image-supported strong peak
L11-0644,11,747.9216882106107,921.4249678064105,lattice_completed,Ga,Liquid,Liquid,lattice continuity / liquid-front display
L11-0645,11,736.638694875241,933.6519395831136,weak_peak_refined,Ga,Liquid,Liquid,image-supported weak peak
L11-0646,11,723.9699535463731,957.514438760528,lattice_completed,Ga,Liquid,Liquid,lattice continuity / liquid-front display
L11-0647,11,712.4979575556373,970.5868754666584,weak_peak_refined,Ga,Liquid,Liquid,image-supported weak peak
L11-0648,11,700.7173492824526,1001.263082891342,weak_peak_refined,Ga,Liquid,Liquid,image-supported weak peak
L11-0649,11,688.7076677768077,1009.8409403757804,strong_peak_refined,Ga,Liquid,Liquid,image-supported strong peak
L11-0650,11,677.7864744368635,1032.5239997453175,strong_peak_refined,Ga,Liquid,Liquid,image-supported strong peak
L11-0651,11,993.7406433655487,583.381854993727,strong_peak_refined,Pt,Pt,Pt,image-supported strong peak
L11-0652,11,986.0777518720244,592.959183726962,strong_peak_refined,Pt,Pt,Pt,image-supported strong peak
L11-0653,11,975.9565422664598,612.2566928661984,strong_peak_refined,Pt,Pt,Pt,image-supported strong peak
L11-0654,11,964.5474738547216,627.4289814658173,weak_peak_refined,Pt,Pt,Pt,image-supported weak peak
L11-0655,11,947.464246524071,649.3711384775535,strong_peak_refined,Pt,Pt,Pt,image-supported strong peak
L11-0656,11,936.3122485402148,661.6366368514009,weak_peak_refined,Pt,Pt,Pt,image-supported weak peak
L11-0657,11,924.3568470444898,692.0787357965789,strong_peak_refined,Pt,Pt,Pt,image-supported strong peak
L11-0658,11,915.039931444482,704.5170108192239,strong_peak_refined,Pt,Pt,Pt,image-supported strong peak
L11-0659,11,902.1906375379958,721.876830556102,strong_peak_refined,Pt,Pt,Pt,image-supported strong peak
L11-0660,11,891.4316049001807,739.3766408089849,strong_peak_refined,Pt,Pt,Pt,image-supported strong peak
L11-0661,11,878.958596451521,761.5405342216852,strong_peak_refined,Pt,Pt,Pt,image-supported strong peak
L11-0662,11,868.8634909937331,777.0906366870337,strong_peak_refined,Ga,Mixed,Mixed,image-supported strong peak
L11-0663,11,854.5964770925746,790.1519440043058,weak_peak_refined,Ga,Liquid,Liquid,image-supported weak peak
L11-0664,11,845.0854558656239,807.190511810494,weak_peak_refined,Ga,Liquid,Liquid,image-supported weak peak
L11-0665,11,833.2421777553268,838.0168132610992,weak_peak_refined,Ga,Liquid,Liquid,image-supported weak peak
L11-0666,11,820.8085592066454,850.0152417354336,strong_peak_refined,Ga,Liquid,Liquid,image-supported strong peak
L11-0667,11,807.2662277424772,866.2499733441116,lattice_completed,Ga,Liquid,Liquid,lattice continuity / liquid-front display
L11-0668,11,797.453251068282,885.8804874676861,strong_peak_refined,Ga,Liquid,Liquid,image-supported strong peak
L11-0669,11,784.1450780502119,909.5328111481292,weak_peak_refined,Ga,Liquid,Liquid,image-supported weak peak
L11-0670,11,771.3386257461209,920.384179775288,lattice_completed,Ga,Liquid,Liquid,lattice continuity / liquid-front display
L11-0671,11,760.611078481679,932.682271372634,weak_peak_refined,Ga,Liquid,Liquid,image-supported weak peak
L11-0672,11,747.8016786211327,961.9284191464624,strong_peak_refined,Ga,Liquid,Liquid,image-supported strong peak
L11-0673,11,736.3391100038428,974.9660667315484,strong_peak_refined,Ga,Liquid,Liquid,image-supported strong peak
L11-0674,11,723.5596037464028,1001.964249818249,weak_peak_refined,Ga,Liquid,Liquid,image-supported weak peak
L11-0675,11,711.6876512125946,1005.699027281606,weak_peak_refined,Ga,Liquid,Liquid,image-supported weak peak
L11-0676,11,700.5904140415629,1029.4784332819993,strong_peak_refined,Ga,Liquid,Liquid,image-supported strong peak
L11-0677,11,688.8308185937062,1050.0523068571008,strong_peak_refined,Ga,Liquid,Liquid,image-supported strong peak
L11-0678,11,1010.3211752597696,594.5381531571068,lattice_completed,Pt,Pt,Pt,lattice continuity / liquid-front display
L11-0679,11,998.3453079276508,612.5828886341656,lattice_completed,Pt,Pt,Pt,lattice continuity / liquid-front display
L11-0680,11,983.7028770954876,629.9567017488779,strong_peak_refined,Pt,Pt,Pt,image-supported strong peak
L11-0681,11,973.3171247440662,648.5841751088581,strong_peak_refined,Pt,Pt,Pt,image-supported strong peak
L11-0682,11,959.276070111254,672.1962863757677,strong_peak_refined,Pt,Pt,Pt,image-supported strong peak
L11-0683,11,947.6999743547476,682.0246717609358,strong_peak_refined,Pt,Pt,Pt,image-supported strong peak
L11-0684,11,937.0065669950546,702.6115761861679,strong_peak_refined,Pt,Pt,Pt,image-supported strong peak
L11-0685,11,925.2065999808752,722.0782013260069,strong_peak_refined,Pt,Pt,Pt,image-supported strong peak
L11-0686,11,915.2530611585022,734.7085084958064,weak_peak_refined,Pt,Pt,Pt,image-supported weak peak
L11-0687,11,902.7339094518142,757.3127779944709,strong_peak_refined,Pt,Pt,Pt,image-supported strong peak
L11-0688,11,890.079727017546,779.5688155598111,strong_peak_refined,Ga,Mixed,Mixed,image-supported strong peak
L11-0689,11,879.1401627883331,791.8458610328797,strong_peak_refined,Ga,Liquid,Liquid,image-supported strong peak
L11-0690,11,868.9910593693286,809.1666745097717,strong_peak_refined,Ga,Liquid,Liquid,image-supported strong peak
L11-0691,11,855.9253913863824,825.926177096117,weak_peak_refined,Ga,Liquid,Liquid,image-supported weak peak
L11-0692,11,844.8367360368164,844.3939197796916,weak_peak_refined,Pt,Pt,Pt,image-supported weak peak
L11-0693,11,832.5815221060714,870.8197347135313,strong_peak_refined,Ga,Liquid,Liquid,image-supported strong peak
L11-0694,11,821.8631408111975,885.0478527890642,strong_peak_refined,Ga,Liquid,Liquid,image-supported strong peak
L11-0695,11,808.0696120845287,906.99595945852,strong_peak_refined,Ga,Liquid,Liquid,image-supported strong peak
L11-0696,11,796.2773816634959,926.1826898384176,weak_peak_refined,Ga,Liquid,Liquid,image-supported weak peak
L11-0697,11,784.0928713983528,940.9105360076128,strong_peak_refined,Ga,Liquid,Liquid,image-supported strong peak
L11-0698,11,770.8038286173935,955.4328626982837,lattice_completed,Ga,Liquid,Liquid,lattice continuity / liquid-front display
L11-0699,11,758.6121864134839,982.3779348542888,weak_peak_refined,Ga,Liquid,Liquid,image-supported weak peak
L11-0700,11,746.3281024817773,985.780341673592,weak_peak_refined,Ga,Liquid,Liquid,image-supported weak peak
L11-0701,11,735.7568344848714,1010.623315195726,strong_peak_refined,Ga,Liquid,Liquid,image-supported strong peak
L11-0702,11,722.9003592889183,1027.6118046065187,lattice_completed,Ga,Liquid,Liquid,lattice continuity / liquid-front display
L11-0703,11,712.4655807349645,1045.0891524316553,strong_peak_refined,Ga,Liquid,Liquid,image-supported strong peak
L11-0704,11,1024.6638849729716,612.6455262565407,strong_peak_refined,Pt,Pt,Pt,image-supported strong peak
L11-0705,11,1009.786378131042,629.5868360801021,lattice_completed,Pt,Pt,Pt,lattice continuity / liquid-front display
L11-0706,11,991.5305468174444,647.8321272604975,strong_peak_refined,Pt,Pt,Pt,image-supported strong peak
L11-0707,11,984.7632131142824,664.2803465248974,strong_peak_refined,Pt,Pt,Pt,image-supported strong peak
L11-0708,11,972.1278982625006,691.4997734817617,weak_peak_refined,Pt,Pt,Pt,image-supported weak peak
L11-0709,11,957.3903621985831,699.4677414159681,strong_peak_refined,Pt,Pt,Pt,image-supported strong peak
L11-0710,11,948.5711730334368,720.4298515443916,strong_peak_refined,Pt,Pt,Pt,image-supported strong peak
L11-0711,11,937.3459483296218,739.8822488524671,strong_peak_refined,Pt,Pt,Pt,image-supported strong peak
L11-0712,11,923.6759717116475,762.4290086002171,strong_peak_refined,Pt,Pt,Pt,image-supported strong peak
L11-0713,11,913.4258900799764,777.087572463846,strong_peak_refined,Pt,Pt,Pt,image-supported strong peak
L11-0714,11,900.6124689574245,796.798957468051,strong_peak_refined,Ga,Liquid,Liquid,image-supported strong peak
L11-0715,11,890.353224152225,809.075311504402,strong_peak_refined,Ga,Liquid,Liquid,image-supported strong peak
L11-0716,11,878.9564579099584,832.8690817979751,strong_peak_refined,Ga,Liquid,Liquid,image-supported strong peak
L11-0717,11,868.1710891568647,852.8158561616134,weak_peak_refined,Ga,Liquid,Liquid,image-supported weak peak
L11-0718,11,855.1716433721818,860.7354091779818,weak_peak_refined,Ga,Liquid,Liquid,image-supported weak peak
L11-0719,11,842.124235481379,882.2131327589259,lattice_completed,Ga,Liquid,Liquid,lattice continuity / liquid-front display
L11-0720,11,831.7393285520843,899.8959904326153,strong_peak_refined,Ga,Liquid,Liquid,image-supported strong peak
L11-0721,11,819.5888864591523,924.6762961944418,weak_peak_refined,Ga,Liquid,Liquid,image-supported weak peak
L11-0722,11,806.9324485983282,933.575985231919,strong_peak_refined,Ga,Liquid,Liquid,image-supported strong peak
L11-0723,11,794.2207661529037,954.3920746671612,lattice_completed,Ga,Liquid,Liquid,lattice continuity / liquid-front display
L11-0724,11,783.4297643338459,974.7608018849306,strong_peak_refined,Ga,Liquid,Liquid,image-supported strong peak
L11-0725,11,771.5467491877479,990.0756042799544,strong_peak_refined,Ga,Liquid,Liquid,image-supported strong peak
L11-0726,11,759.032451466334,1006.97123689806,strong_peak_refined,Ga,Liquid,Liquid,image-supported strong peak
L11-0727,11,746.3172968244285,1026.5710165753965,lattice_completed,Ga,Liquid,Liquid,lattice continuity / liquid-front display
L11-0728,11,736.0894489160571,1046.3482451058094,strong_peak_refined,Ga,Liquid,Liquid,image-supported strong peak
L11-0729,11,1026.918867857919,647.4556193289582,weak_peak_refined,Pt,Pt,Pt,image-supported weak peak
L11-0730,11,1008.5705740204664,661.7922437461831,strong_peak_refined,Pt,Pt,Pt,image-supported strong peak
L11-0731,11,995.968011428814,680.0039246703856,strong_peak_refined,Pt,Pt,Pt,image-supported strong peak
L11-0732,11,983.8762436032268,709.7406628208475,weak_peak_refined,Pt,Pt,Pt,image-supported weak peak
L11-0733,11,973.0216818764036,724.3741513502047,strong_peak_refined,Pt,Pt,Pt,image-supported strong peak
L11-0734,11,960.060333543772,738.844655416868,strong_peak_refined,Pt,Pt,Pt,image-supported strong peak
L11-0735,11,949.0504879721358,762.0004087521997,weak_peak_refined,Pt,Pt,Pt,image-supported weak peak
L11-0736,11,941.6030230114478,769.2891059840425,weak_peak_refined,Pt,Pt,Pt,image-supported weak peak
L11-0737,11,926.7687161090606,794.4096681918952,strong_peak_refined,Ga,Liquid,Liquid,image-supported strong peak
L11-0738,11,913.0799744974864,815.0755702147987,strong_peak_refined,Ga,Liquid,Liquid,image-supported strong peak
L11-0739,11,902.8541692297292,828.2904731141867,strong_peak_refined,Ga,Liquid,Liquid,image-supported strong peak
L11-0740,11,889.4929076811268,845.0828737736858,lattice_completed,Ga,Liquid,Liquid,lattice continuity / liquid-front display
L11-0741,11,877.5170403490079,863.1276092507446,lattice_completed,Ga,Liquid,Liquid,lattice continuity / liquid-front display
L11-0742,11,865.5411730168892,881.1723447278036,lattice_completed,Ga,Liquid,Liquid,lattice continuity / liquid-front display
L11-0743,11,855.0333028096188,895.4421542375144,weak_peak_refined,Ga,Liquid,Liquid,image-supported weak peak
L11-0744,11,841.5894383526515,917.2618156819212,lattice_completed,Ga,Liquid,Liquid,lattice continuity / liquid-front display
L11-0745,11,830.5212167824368,930.766188373352,weak_peak_refined,Ga,Liquid,Liquid,image-supported weak peak
L11-0746,11,819.1065202788593,954.0803567838148,strong_peak_refined,Ga,Liquid,Liquid,image-supported strong peak
L11-0747,11,806.1004368564143,965.3723157348256,weak_peak_refined,Ga,Liquid,Liquid,image-supported weak peak
L11-0748,11,794.442355143122,985.6366562411764,weak_peak_refined,Ga,Liquid,Liquid,image-supported weak peak
L11-0749,11,782.306534609938,1011.5393498269332,strong_peak_refined,Ga,Liquid,Liquid,image-supported strong peak
L11-0750,11,769.7342343599387,1025.5302285442742,lattice_completed,Ga,Liquid,Liquid,lattice continuity / liquid-front display
L11-0751,11,759.4210498199167,1048.3484070838233,strong_peak_refined,Ga,Liquid,Liquid,image-supported strong peak
L11-0752,11,1035.5398908477748,667.0406036348894,strong_peak_refined,Pt,Pt,Pt,image-supported strong peak
L11-0753,11,1021.015654190226,686.7933550164312,strong_peak_refined,Pt,Pt,Pt,image-supported strong peak
L11-0754,11,1007.4141177392248,698.9788513834544,strong_peak_refined,Pt,Pt,Pt,image-supported strong peak
L11-0755,11,995.1310242003784,724.8429275354945,strong_peak_refined,Pt,Pt,Pt,image-supported strong peak
L11-0756,11,983.5789504494796,734.5773013926989,strong_peak_refined,Pt,Pt,Pt,image-supported strong peak
L11-0757,11,978.4094759183748,755.5026870715753,weak_peak_refined,Pt,Pt,Pt,image-supported weak peak
L11-0758,11,960.8133145451122,771.8631438343282,lattice_completed,Pt,Pt,Pt,lattice continuity / liquid-front display
L11-0759,11,948.6536194351256,792.6153214015966,strong_peak_refined,Ga,Liquid,Liquid,image-supported strong peak
L11-0760,11,938.4190186618416,810.4189022280567,strong_peak_refined,Ga,Liquid,Liquid,image-supported strong peak
L11-0761,11,924.8857125487556,825.9973502655048,lattice_completed,Ga,Liquid,Liquid,lattice continuity / liquid-front display
L11-0762,11,912.909845216637,844.0420857425636,lattice_completed,Ga,Liquid,Liquid,lattice continuity / liquid-front display
L11-0763,11,900.933977884518,862.0868212196224,lattice_completed,Ga,Liquid,Liquid,lattice continuity / liquid-front display
L11-0764,11,889.6918436539007,889.4593174062652,weak_peak_refined,Ga,Liquid,Liquid,image-supported weak peak
L11-0765,11,876.9822432202805,898.1762921737402,lattice_completed,Ga,Liquid,Liquid,lattice continuity / liquid-front display
L11-0766,11,865.0063758881618,916.221027650799,lattice_completed,Ga,Liquid,Liquid,lattice continuity / liquid-front display
L11-0767,11,854.6549660138855,941.867891941311,weak_peak_refined,Ga,Liquid,Liquid,image-supported weak peak
L11-0768,11,841.9832918020758,956.3180856008926,strong_peak_refined,Ga,Liquid,Liquid,image-supported strong peak
L11-0769,11,829.9997523638816,974.848243995016,strong_peak_refined,Ga,Liquid,Liquid,image-supported strong peak
L11-0770,11,817.571606880376,983.7978375902892,weak_peak_refined,Ga,Liquid,Liquid,image-supported weak peak
L11-0771,11,806.3728101942229,1005.6881544435956,strong_peak_refined,Ga,Liquid,Liquid,image-supported strong peak
L11-0772,11,794.7530729932307,1027.8272087330515,strong_peak_refined,Ga,Liquid,Liquid,image-supported strong peak
L11-0773,11,781.1753045633302,1042.5341759902108,lattice_completed,Ga,Liquid,Liquid,lattice continuity / liquid-front display
L11-0774,11,1026.0747776169983,701.625215282327,strong_peak_refined,Pt,Pt,Pt,image-supported strong peak
L11-0775,11,1022.5846352689616,724.7817841340626,weak_peak_refined,Pt,Pt,Pt,image-supported weak peak
L11-0776,11,1007.0833651379504,742.9801903228015,weak_peak_refined,Pt,Pt,Pt,image-supported weak peak
L11-0777,11,991.2568411973442,752.2708174341861,strong_peak_refined,Pt,Pt,Pt,image-supported strong peak
L11-0778,11,984.0468860393536,772.50739284242,strong_peak_refined,Pt,Pt,Pt,image-supported strong peak
L11-0779,11,971.3077088812512,783.3405990947532,weak_peak_refined,Pt,Pt,Pt,image-supported weak peak
L11-0780,11,960.2785174163848,806.9118267573238,lattice_completed,Ga,Liquid,Liquid,lattice continuity / liquid-front display
L11-0781,11,948.302650084266,824.9565622343825,lattice_completed,Ga,Liquid,Liquid,lattice continuity / liquid-front display
L11-0782,11,936.3267827521472,843.0012977114413,lattice_completed,Ga,Liquid,Liquid,lattice continuity / liquid-front display
L11-0783,11,924.3509154200284,861.0460331885001,lattice_completed,Ga,Liquid,Liquid,lattice continuity / liquid-front display
L11-0784,11,912.3750480879096,879.0907686655589,lattice_completed,Ga,Liquid,Liquid,lattice continuity / liquid-front display
L11-0785,11,901.5634748672908,900.0595967521697,strong_peak_refined,Ga,Liquid,Liquid,image-supported strong peak
L11-0786,11,888.423313423672,915.1802396196769,lattice_completed,Ga,Liquid,Liquid,lattice continuity / liquid-front display
L11-0787,11,876.447446091553,933.2249750967356,lattice_completed,Ga,Liquid,Liquid,lattice continuity / liquid-front display
L11-0788,11,864.4715787594344,951.2697105737944,lattice_completed,Ga,Liquid,Liquid,lattice continuity / liquid-front display
L11-0789,11,853.6432562787369,964.3686969156252,weak_peak_refined,Ga,Liquid,Liquid,image-supported weak peak
L11-0790,11,840.5198440951967,987.359181527912,lattice_completed,Ga,Liquid,Liquid,lattice continuity / liquid-front display
L11-0791,11,830.2789157533049,1008.8550393132488,strong_peak_refined,Ga,Liquid,Liquid,image-supported strong peak
L11-0792,11,816.5681094309591,1023.4486524820296,lattice_completed,Ga,Liquid,Liquid,lattice continuity / liquid-front display
L11-0793,11,1043.574791612489,715.6473613409073,lattice_completed,Pt,Pt,Pt,lattice continuity / liquid-front display
L11-0794,11,1026.1567526096278,737.5556616022161,strong_peak_refined,Pt,Pt,Pt,image-supported strong peak
L11-0795,11,1022.2462082724564,747.882892232551,weak_peak_refined,Pt,Pt,Pt,image-supported weak peak
L11-0796,11,1004.3701508535648,769.1213674407193,strong_peak_refined,Pt,Pt,Pt,image-supported strong peak
L11-0797,11,994.2536906054733,795.8702198352374,weak_peak_refined,Pt,Pt,Pt,image-supported weak peak
L11-0798,11,983.695454951895,805.8710387262015,lattice_completed,Pt,Pt,Pt,lattice continuity / liquid-front display
L11-0799,11,972.8365891465384,829.193305460154,strong_peak_refined,Pt,Pt,Pt,image-supported strong peak
L11-0800,11,959.7437202876574,841.9605096803191,lattice_completed,Ga,Liquid,Liquid,lattice continuity / liquid-front display
L11-0801,11,947.7678529555384,860.0052451573779,lattice_completed,Ga,Liquid,Liquid,lattice continuity / liquid-front display
L11-0802,11,935.7919856234198,878.0499806344367,lattice_completed,Ga,Liquid,Liquid,lattice continuity / liquid-front display
L11-0803,11,925.4253383803476,896.1167285419693,strong_peak_refined,Ga,Liquid,Liquid,image-supported strong peak
L11-0804,11,911.8402509591822,914.1394515885544,lattice_completed,Ga,Liquid,Liquid,lattice continuity / liquid-front display
L11-0805,11,900.1822804362544,931.8142487476008,strong_peak_refined,Ga,Liquid,Liquid,image-supported strong peak
L11-0806,11,888.1316983057749,959.6420029411944,weak_peak_refined,Ga,Liquid,Liquid,image-supported weak peak
L11-0807,11,876.5089046477916,965.3122082871992,strong_peak_refined,Ga,Liquid,Liquid,image-supported strong peak
L11-0808,11,864.3836735356497,989.1199246789866,strong_peak_refined,Ga,Liquid,Liquid,image-supported strong peak
L11-0809,11,851.9609142985882,1004.3631289738488,lattice_completed,Ga,Liquid,Liquid,lattice continuity / liquid-front display
L11-0810,11,839.9850469664693,1022.4078644509073,lattice_completed,Ga,Liquid,Liquid,lattice continuity / liquid-front display
L11-0811,11,1024.4474207304615,776.3390797299846,weak_peak_refined,Pt,Pt,Pt,image-supported weak peak
L11-0812,11,1021.0465973702152,793.7570987222505,weak_peak_refined,Pt,Pt,Pt,image-supported weak peak
L11-0813,11,1007.1123924874051,804.830250695079,lattice_completed,Pt,Pt,Pt,lattice continuity / liquid-front display
L11-0814,11,995.1365251552864,822.874986172138,lattice_completed,Pt,Pt,Pt,lattice continuity / liquid-front display
L11-0815,11,984.6007681146324,842.2185811369288,strong_peak_refined,Pt,Pt,Pt,image-supported strong peak
L11-0816,11,971.1847904910488,858.9644571262556,lattice_completed,Ga,Liquid,Liquid,lattice continuity / liquid-front display
L11-0817,11,959.20892315893,877.0091926033144,lattice_completed,Ga,Liquid,Liquid,lattice continuity / liquid-front display
L11-0818,11,947.2330558268112,895.0539280803732,lattice_completed,Ga,Liquid,Liquid,lattice continuity / liquid-front display
L11-0819,11,935.475883319151,914.0481774018456,strong_peak_refined,Ga,Liquid,Liquid,image-supported strong peak
L11-0820,11,924.7385936917956,939.3931200225102,weak_peak_refined,Ga,Liquid,Liquid,image-supported weak peak
L11-0821,11,911.3775597061468,957.2750337563252,weak_peak_refined,Ga,Liquid,Liquid,image-supported weak peak
L11-0822,11,899.7316967648485,976.0891363423916,weak_peak_refined,Ga,Liquid,Liquid,image-supported weak peak
L11-0823,11,888.1545699219481,979.8220858071454,weak_peak_refined,Ga,Liquid,Liquid,image-supported weak peak
L11-0824,11,875.78473774337,1012.4875670556728,weak_peak_refined,Ga,Liquid,Liquid,image-supported weak peak
L11-0825,11,1032.700041598414,805.893232110857,strong_peak_refined,Pt,Pt,Pt,image-supported strong peak
L11-0826,11,1016.3515428758824,820.6293684348478,strong_peak_refined,Pt,Pt,Pt,image-supported strong peak
L11-0827,11,1008.0767296203248,837.4222275838725,strong_peak_refined,Pt,Pt,Pt,image-supported strong peak
L11-0828,11,995.036719090429,854.9609459901957,strong_peak_refined,Pt,Pt,Pt,image-supported strong peak
L11-0829,11,982.6258606944402,875.9684045721922,lattice_completed,Ga,Liquid,Liquid,lattice continuity / liquid-front display
L11-0830,11,971.8858301366936,896.20270328414,strong_peak_refined,Ga,Liquid,Liquid,image-supported strong peak
L11-0831,11,958.6741260302026,912.0578755263098,lattice_completed,Ga,Liquid,Liquid,lattice continuity / liquid-front display
L11-0832,11,948.1783931562172,932.9822957559652,strong_peak_refined,Ga,Liquid,Liquid,image-supported strong peak
L11-0833,11,934.6850361087784,948.8554726299144,strong_peak_refined,Ga,Liquid,Liquid,image-supported strong peak
L11-0834,11,922.9013339280252,973.8777228312348,weak_peak_refined,Ga,Liquid,Liquid,image-supported weak peak
L11-0835,11,910.6226340898952,989.3772932048608,strong_peak_refined,Ga,Liquid,Liquid,image-supported strong peak
L11-0836,11,998.6337037567794,893.822516044314,weak_peak_refined,Ga,Liquid,Liquid,image-supported weak peak
L11-0837,11,984.124545861558,913.7024582001864,strong_peak_refined,Ga,Liquid,Liquid,image-supported strong peak
L12-0000,12,497.9585180635657,474.6145398144988,strong_peak_refined,Ga,Mixed,Mixed,image-supported strong peak
L12-0001,12,486.2298252782933,495.6233509973919,strong_peak_refined,Pt,Pt,Pt,image-supported strong peak
L12-0002,12,473.8519260811459,513.1921395642223,strong_peak_refined,Ga,Mixed,Mixed,image-supported strong peak
L12-0003,12,462.5532334651598,529.7465305411763,strong_peak_refined,Pt,Pt,Pt,image-supported strong peak
L12-0004,12,449.90287122639904,545.0938552204962,weak_peak_refined,Ga,Mixed,Mixed,image-supported weak peak
L12-0005,12,438.39781214662736,563.3286280023714,weak_peak_refined,Pt,Pt,Pt,image-supported weak peak
L12-0006,12,426.8104815415921,584.6345509969691,strong_peak_refined,Ga,Mixed,Mixed,image-supported strong peak
L12-0007,12,414.0284462916367,604.0033482410506,strong_peak_refined,Pt,Pt,Pt,image-supported strong peak
L12-0008,12,402.4244812997232,619.1241560699281,strong_peak_refined,Ga,Mixed,Mixed,image-supported strong peak
L12-0009,12,544.9095552095777,436.1653181553975,weak_peak_refined,Ga,Mixed,Mixed,image-supported weak peak
L12-0010,12,533.4867790335936,456.2328610781988,strong_peak_refined,Pt,Pt,Pt,image-supported strong peak
L12-0011,12,521.2289141188444,473.6945377844706,strong_peak_refined,Ga,Mixed,Mixed,image-supported strong peak
L12-0012,12,509.32000219510326,493.1191558133808,strong_peak_refined,Pt,Pt,Pt,image-supported strong peak
L12-0013,12,497.6640906211346,511.4706910287612,strong_peak_refined,Ga,Mixed,Mixed,image-supported strong peak
L12-0014,12,485.137012194719,528.7669989361257,strong_peak_refined,Pt,Pt,Pt,image-supported strong peak
L12-0015,12,474.5747731467923,546.472955659102,strong_peak_refined,Ga,Mixed,Mixed,image-supported strong peak
L12-0016,12,461.96082197692846,563.2293309344294,weak_peak_refined,Pt,Pt,Pt,image-supported weak peak
L12-0017,12,449.5102313737641,585.1945661894476,lattice_completed,Ga,Mixed,Mixed,lattice continuity / liquid-front display
L12-0018,12,437.3602225778041,603.172634677296,strong_peak_refined,Pt,Pt,Pt,image-supported strong peak
L12-0019,12,425.82326248252434,620.0828245476729,strong_peak_refined,Ga,Mixed,Mixed,image-supported strong peak
L12-0020,12,413.2549114111257,641.7345357787949,strong_peak_refined,Pt,Pt,Pt,image-supported strong peak
L12-0021,12,402.0182493375456,651.0177607994555,weak_peak_refined,Ga,Mixed,Mixed,image-supported weak peak
L12-0022,12,389.3121329131218,670.9149488587643,weak_peak_refined,Pt,Pt,Pt,image-supported weak peak
L12-0023,12,580.5600122780362,416.1365937496896,weak_peak_refined,Pt,Pt,Pt,image-supported weak peak
L12-0024,12,568.1576544976418,435.2191440358912,weak_peak_refined,Pt,Pt,Pt,image-supported weak peak
L12-0025,12,556.7930491013101,456.8200561696677,strong_peak_refined,Pt,Pt,Pt,image-supported strong peak
L12-0026,12,545.2072875522686,473.5358121360632,strong_peak_refined,Ga,Mixed,Mixed,image-supported strong peak
L12-0027,12,532.93682689952,493.65604939511246,strong_peak_refined,Pt,Pt,Pt,image-supported strong peak
L12-0028,12,520.5745376476947,510.5629938860975,strong_peak_refined,Ga,Mixed,Mixed,image-supported strong peak
L12-0029,12,508.576599615047,529.6675668828896,strong_peak_refined,Pt,Pt,Pt,image-supported strong peak
L12-0030,12,497.5354164306889,545.2273052086275,strong_peak_refined,Ga,Mixed,Mixed,image-supported strong peak
L12-0031,12,484.9365101070504,561.9206042269303,weak_peak_refined,Pt,Pt,Pt,image-supported weak peak
L12-0032,12,474.0321161920468,585.2803897858112,strong_peak_refined,Ga,Mixed,Mixed,image-supported strong peak
L12-0033,12,461.2969976611109,602.6106048877067,strong_peak_refined,Pt,Pt,Pt,image-supported strong peak
L12-0034,12,448.8315891334692,619.7426974091577,strong_peak_refined,Ga,Mixed,Mixed,image-supported strong peak
L12-0035,12,436.5573413107061,640.0910590162804,strong_peak_refined,Pt,Pt,Pt,image-supported strong peak
L12-0036,12,424.54558168027233,655.9815546874535,strong_peak_refined,Ga,Mixed,Mixed,image-supported strong peak
L12-0037,12,411.658391664309,667.8199059551124,weak_peak_refined,Pt,Pt,Pt,image-supported weak peak
L12-0038,12,400.8392575350606,690.9140841257505,strong_peak_refined,Ga,Mixed,Mixed,image-supported strong peak
L12-0039,12,389.18463182629097,710.6186925990158,strong_peak_refined,Pt,Pt,Pt,image-supported strong peak
L12-0040,12,603.9848938829595,417.2136146607487,strong_peak_refined,Pt,Pt,Pt,image-supported strong peak
L12-0041,12,592.3209874592505,435.1436659307308,strong_peak_refined,Pt,Pt,Pt,image-supported strong peak
L12-0042,12,580.0036666677013,453.22119430678754,strong_peak_refined,Pt,Pt,Pt,image-supported strong peak
L12-0043,12,568.0581184385267,470.639220239024,weak_peak_refined,Pt,Pt,Pt,image-supported weak peak
L12-0044,12,555.6160101204745,487.6627754466067,weak_peak_refined,Pt,Pt,Pt,image-supported weak peak
L12-0045,12,544.5880152783286,507.3831629675444,strong_peak_refined,Ga,Mixed,Mixed,image-supported strong peak
L12-0046,12,532.3900847649159,528.5270062133718,strong_peak_refined,Pt,Pt,Pt,image-supported strong peak
L12-0047,12,520.2343686427785,546.8926946115284,strong_peak_refined,Ga,Mixed,Mixed,image-supported strong peak
L12-0048,12,508.7634894578477,567.0623196412723,strong_peak_refined,Pt,Pt,Pt,image-supported strong peak
L12-0049,12,497.3025833034398,578.9462753350217,weak_peak_refined,Ga,Mixed,Mixed,image-supported weak peak
L12-0050,12,484.3127473688008,601.326636709677,strong_peak_refined,Pt,Pt,Pt,image-supported strong peak
L12-0051,12,472.255825272822,619.2024610813208,strong_peak_refined,Ga,Mixed,Mixed,image-supported strong peak
L12-0052,12,460.2310931158977,632.4350317589065,weak_peak_refined,Pt,Pt,Pt,image-supported weak peak
L12-0053,12,448.2374279789073,655.0883730228483,strong_peak_refined,Ga,Mixed,Mixed,image-supported strong peak
L12-0054,12,435.9578975057751,668.0052955970597,weak_peak_refined,Pt,Pt,Pt,image-supported weak peak
L12-0055,12,423.8256537379336,686.3735932031781,weak_peak_refined,Ga,Mixed,Mixed,image-supported weak peak
L12-0056,12,412.2195797039074,710.1827211024302,strong_peak_refined,Pt,Pt,Pt,image-supported strong peak
L12-0057,12,400.5371677878341,727.4708739436738,lattice_completed,Ga,Mixed,Mixed,lattice continuity / liquid-front display
L12-0058,12,389.0032144196879,746.78223208822,strong_peak_refined,Pt,Pt,Pt,image-supported strong peak
L12-0059,12,639.15435484867,395.89977268501735,weak_peak_refined,Pt,Pt,Pt,image-supported weak peak
L12-0060,12,627.3577658043882,416.04473138815655,strong_peak_refined,Pt,Pt,Pt,image-supported strong peak
L12-0061,12,615.4376455847905,437.0967390657781,strong_peak_refined,Pt,Pt,Pt,image-supported strong peak
L12-0062,12,603.1996796001138,451.74171913375466,strong_peak_refined,Pt,Pt,Pt,image-supported strong peak
L12-0063,12,591.8744650621112,470.3617953719525,strong_peak_refined,Ga,Mixed,Mixed,image-supported strong peak
L12-0064,12,580.0164868471197,492.4416691569809,strong_peak_refined,Pt,Pt,Pt,image-supported strong peak
L12-0065,12,567.3912479441127,504.5218556645013,weak_peak_refined,Ga,Mixed,Mixed,image-supported weak peak
L12-0066,12,555.7163874513968,526.1410454812592,strong_peak_refined,Pt,Pt,Pt,image-supported strong peak
L12-0067,12,543.48969267586,540.496116788173,weak_peak_refined,Ga,Mixed,Mixed,image-supported weak peak
L12-0068,12,531.8160771410058,558.11984526594,weak_peak_refined,Pt,Pt,Pt,image-supported weak peak
L12-0069,12,520.1030928404175,577.9407440147114,weak_peak_refined,Ga,Mixed,Mixed,image-supported weak peak
L12-0070,12,506.9494608023868,597.936526211122,strong_peak_refined,Pt,Pt,Pt,image-supported strong peak
L12-0071,12,495.8093093160571,618.1616730501985,lattice_completed,Ga,Mixed,Mixed,lattice continuity / liquid-front display
L12-0072,12,483.1276332298892,637.6656788769504,strong_peak_refined,Pt,Pt,Pt,image-supported strong peak
L12-0073,12,471.2141132623664,653.4284958569676,strong_peak_refined,Ga,Mixed,Mixed,image-supported strong peak
L12-0074,12,459.1647792831013,668.8132069413986,strong_peak_refined,Pt,Pt,Pt,image-supported strong peak
L12-0075,12,447.86141675583394,686.8771552680868,strong_peak_refined,Ga,Mixed,Mixed,image-supported strong peak
L12-0076,12,435.3909376038149,707.773833821014,strong_peak_refined,Pt,Pt,Pt,image-supported strong peak
L12-0077,12,423.6600278700528,722.9693998759057,strong_peak_refined,Ga,Mixed,Mixed,image-supported strong peak
L12-0078,12,412.4886302743992,742.460739633971,strong_peak_refined,Pt,Pt,Pt,image-supported strong peak
L12-0079,12,400.5916992392117,761.0221849418957,strong_peak_refined,Ga,Liquid,Liquid,image-supported strong peak
L12-0080,12,663.6175325726433,397.5646535776255,strong_peak_refined,Pt,Pt,Pt,image-supported strong peak
L12-0081,12,652.1292965655034,412.9364306085491,weak_peak_refined,Pt,Pt,Pt,image-supported weak peak
L12-0082,12,638.4912633317408,433.6764039145764,strong_peak_refined,Pt,Pt,Pt,image-supported strong peak
L12-0083,12,626.7437360146938,452.2136824118088,strong_peak_refined,Pt,Pt,Pt,image-supported strong peak
L12-0084,12,615.0262551168466,471.2144662607964,strong_peak_refined,Ga,Mixed,Mixed,image-supported strong peak
L12-0085,12,603.0951703457105,489.108673231728,strong_peak_refined,Pt,Pt,Pt,image-supported strong peak
L12-0086,12,590.6587042282501,506.36490101810926,strong_peak_refined,Ga,Mixed,Mixed,image-supported strong peak
L12-0087,12,579.5437646815308,527.4850536550078,strong_peak_refined,Pt,Pt,Pt,image-supported strong peak
L12-0088,12,566.7323772101859,541.0769134357463,strong_peak_refined,Pt,Pt,Pt,image-supported strong peak
L12-0089,12,556.4340230096586,568.8877434653897,weak_peak_refined,Pt,Pt,Pt,image-supported weak peak
L12-0090,12,542.7543790581336,576.095417928776,weak_peak_refined,Ga,Mixed,Mixed,image-supported weak peak
L12-0091,12,531.4505452113052,598.93474043367,strong_peak_refined,Pt,Pt,Pt,image-supported strong peak
L12-0092,12,519.2262468515673,617.1208850190762,lattice_completed,Ga,Mixed,Mixed,lattice continuity / liquid-front display
L12-0093,12,506.99463750207593,636.7441102869265,strong_peak_refined,Pt,Pt,Pt,image-supported strong peak
L12-0094,12,494.5688592501182,654.2793179074861,strong_peak_refined,Ga,Mixed,Mixed,image-supported strong peak
L12-0095,12,482.9379716759952,668.7314427964621,strong_peak_refined,Pt,Pt,Pt,image-supported strong peak
L12-0096,12,471.3227775230921,689.2998269273116,lattice_completed,Ga,Mixed,Mixed,lattice continuity / liquid-front display
L12-0097,12,459.49523355777234,710.0944658496861,strong_peak_refined,Pt,Pt,Pt,image-supported strong peak
L12-0098,12,447.5835329751886,720.3559357272773,weak_peak_refined,Ga,Mixed,Mixed,image-supported weak peak
L12-0099,12,435.8922836151976,744.0378895693855,strong_peak_refined,Pt,Pt,Pt,image-supported strong peak
L12-0100,12,423.4193081946169,761.4787688355469,lattice_completed,Ga,Liquid,Liquid,lattice continuity / liquid-front display
L12-0101,12,411.95670486237645,787.3096265739491,weak_peak_refined,Ga,Liquid,Liquid,image-supported weak peak
L12-0102,12,399.4675735303793,797.5682397896646,lattice_completed,Ga,Liquid,Liquid,lattice continuity / liquid-front display
L12-0103,12,685.5804107009716,395.482507963493,strong_peak_refined,Pt,Pt,Pt,image-supported strong peak
L12-0104,12,674.5096123806264,414.889447174519,strong_peak_refined,Pt,Pt,Pt,image-supported strong peak
L12-0105,12,661.8618762463033,432.0838779255116,strong_peak_refined,Pt,Pt,Pt,image-supported strong peak
L12-0106,12,650.1842432470911,450.3211421253784,strong_peak_refined,Pt,Pt,Pt,image-supported strong peak
L12-0107,12,639.018245313532,470.4384640686726,strong_peak_refined,Ga,Mixed,Mixed,image-supported strong peak
L12-0108,12,626.4748832493971,487.822152467627,strong_peak_refined,Pt,Pt,Pt,image-supported strong peak
L12-0109,12,614.0889178242123,504.2454153060469,strong_peak_refined,Ga,Mixed,Mixed,image-supported strong peak
L12-0110,12,602.5194936014103,522.4112668397504,strong_peak_refined,Pt,Pt,Pt,image-supported strong peak
L12-0111,12,592.1277795324324,544.8253571808611,strong_peak_refined,Ga,Mixed,Mixed,image-supported strong peak
L12-0112,12,579.1606094847558,558.9558782024102,strong_peak_refined,Pt,Pt,Pt,image-supported strong peak
L12-0113,12,566.5949190513152,579.9906260338363,lattice_completed,Ga,Mixed,Mixed,lattice continuity / liquid-front display
L12-0114,12,554.1815894799391,597.6512296547944,strong_peak_refined,Pt,Pt,Pt,image-supported strong peak
L12-0115,12,542.6431843870776,616.080096987954,lattice_completed,Ga,Mixed,Mixed,lattice continuity / liquid-front display
L12-0116,12,530.4799922198551,634.8126389688739,strong_peak_refined,Pt,Pt,Pt,image-supported strong peak
L12-0117,12,518.3486915986546,650.9494783252184,strong_peak_refined,Ga,Mixed,Mixed,image-supported strong peak
L12-0118,12,506.3936397719746,670.3836950350226,strong_peak_refined,Pt,Pt,Pt,image-supported strong peak
L12-0119,12,494.5226329042122,696.548338099759,weak_peak_refined,Ga,Mixed,Mixed,image-supported weak peak
L12-0120,12,482.9568394282712,710.1882267970042,strong_peak_refined,Pt,Pt,Pt,image-supported strong peak
L12-0121,12,471.5474475127648,720.9923008226366,strong_peak_refined,Ga,Mixed,Mixed,image-supported strong peak
L12-0122,12,459.40439453385454,742.73485941016,strong_peak_refined,Pt,Pt,Pt,image-supported strong peak
L12-0123,12,448.16645417142433,760.9543411320781,strong_peak_refined,Ga,Liquid,Liquid,image-supported strong peak
L12-0124,12,436.1648591445436,779.0124685774534,strong_peak_refined,Ga,Liquid,Liquid,image-supported strong peak
L12-0125,12,422.8845110658895,796.5274517585424,lattice_completed,Ga,Liquid,Liquid,lattice continuity / liquid-front display
L12-0126,12,412.0160500924949,821.1862206348924,weak_peak_refined,Ga,Liquid,Liquid,image-supported weak peak
L12-0127,12,708.0179396805446,395.4809252044366,strong_peak_refined,Pt,Pt,Pt,image-supported strong peak
L12-0128,12,697.7825259140484,418.2913857114523,strong_peak_refined,Pt,Pt,Pt,image-supported strong peak
L12-0129,12,685.4157338413751,434.0511195581453,strong_peak_refined,Pt,Pt,Pt,image-supported strong peak
L12-0130,12,673.0524611110509,450.22190439287,strong_peak_refined,Pt,Pt,Pt,image-supported strong peak
L12-0131,12,661.8558434336995,466.2577172489232,weak_peak_refined,Pt,Pt,Pt,image-supported weak peak
L12-0132,12,649.8500294610925,486.8472237407036,strong_peak_refined,Pt,Pt,Pt,image-supported strong peak
L12-0133,12,637.4010614046048,501.23809020485663,weak_peak_refined,Ga,Mixed,Mixed,image-supported weak peak
L12-0134,12,626.3677780606154,524.7650148731352,strong_peak_refined,Pt,Pt,Pt,image-supported strong peak
L12-0135,12,614.5850081340718,544.7407175735597,strong_peak_refined,Ga,Mixed,Mixed,image-supported strong peak
L12-0136,12,601.5379563358172,558.2096278011811,strong_peak_refined,Pt,Pt,Pt,image-supported strong peak
L12-0137,12,590.6079642999546,574.8537383011092,weak_peak_refined,Ga,Mixed,Mixed,image-supported weak peak
L12-0138,12,578.0332055702361,598.9390548965079,strong_peak_refined,Pt,Pt,Pt,image-supported strong peak
L12-0139,12,565.6160906828096,611.856320738331,strong_peak_refined,Ga,Mixed,Mixed,image-supported strong peak
L12-0140,12,553.6935065762847,634.1558674370799,strong_peak_refined,Pt,Pt,Pt,image-supported strong peak
L12-0141,12,541.2776248142909,651.1272797679453,strong_peak_refined,Ga,Mixed,Mixed,image-supported strong peak
L12-0142,12,529.6834659532495,669.0513963592668,strong_peak_refined,Pt,Pt,Pt,image-supported strong peak
L12-0143,12,517.9980198555245,685.6526908431799,strong_peak_refined,Ga,Mixed,Mixed,image-supported strong peak
L12-0144,12,506.34850643471015,706.9807826844581,strong_peak_refined,Pt,Pt,Pt,image-supported strong peak
L12-0145,12,494.5849082693895,718.291631296413,weak_peak_refined,Ga,Mixed,Mixed,image-supported weak peak
L12-0146,12,482.3699291257293,738.8271691960888,strong_peak_refined,Pt,Pt,Pt,image-supported strong peak
L12-0147,12,470.2531832656373,759.3971927733024,lattice_completed,Ga,Liquid,Liquid,lattice continuity / liquid-front display
L12-0148,12,458.8930536288389,777.9719464219477,strong_peak_refined,Ga,Liquid,Liquid,image-supported strong peak
L12-0149,12,436.11001521629646,796.1286191025903,weak_peak_refined,Pt,Pt,Pt,image-supported weak peak
L12-0150,12,435.87253974016977,820.3549590692936,weak_peak_refined,Ga,Liquid,Liquid,image-supported weak peak
L12-0151,12,422.3497139371621,831.5761346815377,lattice_completed,Ga,Liquid,Liquid,lattice continuity / liquid-front display
L12-0152,12,411.7149362513578,849.2007147474005,strong_peak_refined,Ga,Liquid,Liquid,image-supported strong peak
L12-0153,12,731.9095087834445,393.370155443122,strong_peak_refined,Pt,Pt,Pt,image-supported strong peak
L12-0154,12,720.4689426349772,413.36368021155226,strong_peak_refined,Pt,Pt,Pt,image-supported strong peak
L12-0155,12,707.8972817565798,431.5567594022095,strong_peak_refined,Pt,Pt,Pt,image-supported strong peak
L12-0156,12,696.4541159930684,452.8616112546118,strong_peak_refined,Pt,Pt,Pt,image-supported strong peak
L12-0157,12,684.603759339549,472.4671665096554,strong_peak_refined,Ga,Mixed,Mixed,image-supported strong peak
L12-0158,12,673.2458827995514,487.8616904120868,strong_peak_refined,Pt,Pt,Pt,image-supported strong peak
L12-0159,12,661.235126722272,503.81893141709617,strong_peak_refined,Ga,Mixed,Mixed,image-supported strong peak
L12-0160,12,648.6816005980708,520.2735060300819,strong_peak_refined,Pt,Pt,Pt,image-supported strong peak
L12-0161,12,637.5300204939192,542.4493166912115,strong_peak_refined,Ga,Mixed,Mixed,image-supported strong peak
L12-0162,12,625.2486701946987,554.5088075640135,weak_peak_refined,Pt,Pt,Pt,image-supported weak peak
L12-0163,12,613.4287941223356,577.9090499715917,lattice_completed,Ga,Mixed,Mixed,lattice continuity / liquid-front display
L12-0164,12,602.0355427828838,597.8068990091341,strong_peak_refined,Pt,Pt,Pt,image-supported strong peak
L12-0165,12,589.8657920381976,612.3980208183585,strong_peak_refined,Ga,Mixed,Mixed,image-supported strong peak
L12-0166,12,576.4380361838221,630.0896064327961,strong_peak_refined,Pt,Pt,Pt,image-supported strong peak
L12-0167,12,565.1510414922816,650.803113073343,strong_peak_refined,Ga,Mixed,Mixed,image-supported strong peak
L12-0168,12,553.1678506373311,670.7697461130291,strong_peak_refined,Pt,Pt,Pt,image-supported strong peak
L12-0169,12,541.5549492843691,694.645289933479,weak_peak_refined,Ga,Mixed,Mixed,image-supported weak peak
L12-0170,12,529.6560585450477,704.2028807903437,strong_peak_refined,Pt,Pt,Pt,image-supported strong peak
L12-0171,12,517.6218554653851,722.2669337880625,lattice_completed,Ga,Mixed,Mixed,lattice continuity / liquid-front display
L12-0172,12,505.6828804886975,740.9533857948223,strong_peak_refined,Pt,Pt,Pt,image-supported strong peak
L12-0173,12,494.7174708823229,757.1123868998243,strong_peak_refined,Ga,Liquid,Liquid,image-supported strong peak
L12-0174,12,482.8624962858582,784.5822147338056,weak_peak_refined,Ga,Liquid,Liquid,image-supported weak peak
L12-0175,12,469.71838613690994,794.4458756962978,lattice_completed,Ga,Liquid,Liquid,lattice continuity / liquid-front display
L12-0176,12,459.6742971303989,816.9736571451353,strong_peak_refined,Ga,Liquid,Liquid,image-supported strong peak
L12-0177,12,445.7666514726723,830.5353466504155,lattice_completed,Ga,Liquid,Liquid,lattice continuity / liquid-front display
L12-0178,12,435.36318576256735,848.7534874551534,strong_peak_refined,Ga,Liquid,Liquid,image-supported strong peak
L12-0179,12,421.8149168084348,866.6248176045331,lattice_completed,Ga,Liquid,Liquid,lattice continuity / liquid-front display
L12-0180,12,754.9177575902335,395.0812157180828,strong_peak_refined,Pt,Pt,Pt,image-supported strong peak
L12-0181,12,743.5997989526387,413.7468232607657,strong_peak_refined,Pt,Pt,Pt,image-supported strong peak
L12-0182,12,730.6377139795537,432.0491701025763,strong_peak_refined,Pt,Pt,Pt,image-supported strong peak
L12-0183,12,720.5146734183515,451.4789767722687,strong_peak_refined,Pt,Pt,Pt,image-supported strong peak
L12-0184,12,708.0380941056793,464.2303903446405,weak_peak_refined,Ga,Mixed,Mixed,image-supported weak peak
L12-0185,12,694.9989711741201,482.6123462467965,strong_peak_refined,Pt,Pt,Pt,image-supported strong peak
L12-0186,12,684.785634069848,502.2022254303752,strong_peak_refined,Ga,Mixed,Mixed,image-supported strong peak
L12-0187,12,672.7516344993451,523.3865746866633,strong_peak_refined,Pt,Pt,Pt,image-supported strong peak
L12-0188,12,661.6899803210572,542.4793779125296,strong_peak_refined,Ga,Mixed,Mixed,image-supported strong peak
L12-0189,12,649.7299076583134,562.945226958338,strong_peak_refined,Pt,Pt,Pt,image-supported strong peak
L12-0190,12,636.8457316578457,576.8682619404694,lattice_completed,Ga,Mixed,Mixed,lattice continuity / liquid-front display
L12-0191,12,625.4325719606431,597.8665163728666,strong_peak_refined,Pt,Pt,Pt,image-supported strong peak
L12-0192,12,612.8939969936082,612.9577328945871,lattice_completed,Ga,Mixed,Mixed,lattice continuity / liquid-front display
L12-0193,12,601.1783264232587,637.4293713382393,weak_peak_refined,Pt,Pt,Pt,image-supported weak peak
L12-0194,12,588.1307939226815,650.0191256451241,strong_peak_refined,Ga,Mixed,Mixed,image-supported strong peak
L12-0195,12,576.6328227445181,667.9918094278959,strong_peak_refined,Pt,Pt,Pt,image-supported strong peak
L12-0196,12,565.2120232064393,682.883056582937,strong_peak_refined,Ga,Mixed,Mixed,image-supported strong peak
L12-0197,12,552.9222811858579,704.9721273019543,strong_peak_refined,Pt,Pt,Pt,image-supported strong peak
L12-0198,12,541.0387930008953,721.2261457569401,lattice_completed,Ga,Mixed,Mixed,lattice continuity / liquid-front display
L12-0199,12,530.1241899714523,743.8965297120704,strong_peak_refined,Pt,Pt,Pt,image-supported strong peak
L12-0200,12,517.8420402828319,759.9212705989972,strong_peak_refined,Ga,Liquid,Liquid,image-supported strong peak
L12-0201,12,506.04296635805446,782.1879421103971,weak_peak_refined,Ga,Liquid,Liquid,image-supported weak peak
L12-0202,12,493.13532367242016,793.4050876651755,lattice_completed,Ga,Liquid,Liquid,lattice continuity / liquid-front display
L12-0203,12,482.2959003861716,817.6058943021737,weak_peak_refined,Ga,Liquid,Liquid,image-supported weak peak
L12-0204,12,469.1835890081826,829.4945586192931,lattice_completed,Ga,Liquid,Liquid,lattice continuity / liquid-front display
L12-0205,12,457.9958056102547,855.3498229648719,weak_peak_refined,Ga,Liquid,Liquid,image-supported weak peak
L12-0206,12,445.231854343945,865.5840295734108,lattice_completed,Ga,Liquid,Liquid,lattice continuity / liquid-front display
L12-0207,12,433.25598701182616,883.6287650504696,lattice_completed,Ga,Liquid,Liquid,lattice continuity / liquid-front display
L12-0208,12,767.7363055970771,412.4307995741249,strong_peak_refined,Pt,Pt,Pt,image-supported strong peak
L12-0209,12,755.146045992916,431.80139702924976,strong_peak_refined,Pt,Pt,Pt,image-supported strong peak
L12-0210,12,742.8021037876503,449.5504704715499,strong_peak_refined,Pt,Pt,Pt,image-supported strong peak
L12-0211,12,732.389104220512,464.9372139194515,strong_peak_refined,Pt,Pt,Pt,image-supported strong peak
L12-0212,12,719.3705741825393,486.7309431455066,strong_peak_refined,Pt,Pt,Pt,image-supported strong peak
L12-0213,12,708.610088978792,501.78370244089416,strong_peak_refined,Ga,Mixed,Mixed,image-supported strong peak
L12-0214,12,696.5701861853314,519.9293634929759,strong_peak_refined,Pt,Pt,Pt,image-supported strong peak
L12-0215,12,684.7790048797791,536.0915123688914,strong_peak_refined,Ga,Mixed,Mixed,image-supported strong peak
L12-0216,12,672.4440778200301,559.5193093467458,strong_peak_refined,Pt,Pt,Pt,image-supported strong peak
L12-0217,12,660.2626691933559,575.8274739093472,lattice_completed,Ga,Mixed,Mixed,lattice continuity / liquid-front display
L12-0218,12,647.889422289795,590.5020792080235,strong_peak_refined,Pt,Pt,Pt,image-supported strong peak
L12-0219,12,635.8411357431403,607.7067896285853,strong_peak_refined,Ga,Mixed,Mixed,image-supported strong peak
L12-0220,12,624.0544379722603,633.1341235850953,strong_peak_refined,Pt,Pt,Pt,image-supported strong peak
L12-0221,12,612.3591998648808,648.0064158175825,lattice_completed,Ga,Mixed,Mixed,lattice continuity / liquid-front display
L12-0222,12,599.9352296877674,667.8171362003118,strong_peak_refined,Pt,Pt,Pt,image-supported strong peak
L12-0223,12,588.3882348654979,681.8361792412805,strong_peak_refined,Ga,Mixed,Mixed,image-supported strong peak
L12-0224,12,576.7410899049105,704.2391972619868,strong_peak_refined,Pt,Pt,Pt,image-supported strong peak
L12-0225,12,564.4557305364056,720.1853577258179,lattice_completed,Ga,Mixed,Mixed,lattice continuity / liquid-front display
L12-0226,12,553.5182369725145,732.9049069361818,weak_peak_refined,Pt,Pt,Pt,image-supported weak peak
L12-0227,12,540.5039958721679,756.2748286799356,lattice_completed,Ga,Liquid,Liquid,lattice continuity / liquid-front display
L12-0228,12,529.0352436430948,779.3404587142772,strong_peak_refined,Ga,Liquid,Liquid,image-supported strong peak
L12-0229,12,516.5522612079304,792.3642996340532,lattice_completed,Ga,Liquid,Liquid,lattice continuity / liquid-front display
L12-0230,12,505.2747174476057,818.7560234640407,weak_peak_refined,Ga,Liquid,Liquid,image-supported weak peak
L12-0231,12,492.6005265436928,828.4537705881709,lattice_completed,Ga,Liquid,Liquid,lattice continuity / liquid-front display
L12-0232,12,480.624659211574,846.4985060652297,lattice_completed,Ga,Liquid,Liquid,lattice continuity / liquid-front display
L12-0233,12,468.6487918794552,864.5432415422886,lattice_completed,Ga,Liquid,Liquid,lattice continuity / liquid-front display
L12-0234,12,458.0002790700138,889.9597637307961,weak_peak_refined,Ga,Liquid,Liquid,image-supported weak peak
L12-0235,12,444.6970572152176,900.6327124964062,lattice_completed,Ga,Liquid,Liquid,lattice continuity / liquid-front display
L12-0236,12,790.0647446214273,411.5152176444992,strong_peak_refined,Pt,Pt,Pt,image-supported strong peak
L12-0237,12,778.1119243513526,429.6757558112933,strong_peak_refined,Pt,Pt,Pt,image-supported strong peak
L12-0238,12,766.5096955578994,448.8813743340714,strong_peak_refined,Pt,Pt,Pt,image-supported strong peak
L12-0239,12,755.1764710846684,469.02253506720007,strong_peak_refined,Pt,Pt,Pt,image-supported strong peak
L12-0240,12,743.1303810808035,485.1399665506982,strong_peak_refined,Pt,Pt,Pt,image-supported strong peak
L12-0241,12,731.8112446805444,501.9379652630241,strong_peak_refined,Ga,Mixed,Mixed,image-supported strong peak
L12-0242,12,719.5850053631608,519.2820593111394,strong_peak_refined,Pt,Pt,Pt,image-supported strong peak
L12-0243,12,707.7633886875282,539.8134778464525,strong_peak_refined,Ga,Mixed,Mixed,image-supported strong peak
L12-0244,12,694.9901059323452,557.4263659839727,strong_peak_refined,Pt,Pt,Pt,image-supported strong peak
L12-0245,12,684.2023506310338,574.0116093169344,strong_peak_refined,Ga,Mixed,Mixed,image-supported strong peak
L12-0246,12,671.8935929932389,593.1679638988702,strong_peak_refined,Pt,Pt,Pt,image-supported strong peak
L12-0247,12,660.2026697383217,606.0013443967744,weak_peak_refined,Ga,Mixed,Mixed,image-supported weak peak
L12-0248,12,647.7317451924969,632.8949296830668,strong_peak_refined,Pt,Pt,Pt,image-supported strong peak
L12-0249,12,635.7316315735424,650.8273515035711,strong_peak_refined,Ga,Mixed,Mixed,image-supported strong peak
L12-0250,12,623.8697516666464,662.5721342121408,strong_peak_refined,Pt,Pt,Pt,image-supported strong peak
L12-0251,12,611.5540584988994,678.5075787693635,weak_peak_refined,Ga,Mixed,Mixed,image-supported weak peak
L12-0252,12,600.7211721811532,708.0030779706324,weak_peak_refined,Pt,Pt,Pt,image-supported weak peak
L12-0253,12,588.4617773145735,716.4760457135054,strong_peak_refined,Ga,Mixed,Mixed,image-supported strong peak
L12-0254,12,576.5001739383456,737.9398184883022,strong_peak_refined,Pt,Pt,Pt,image-supported strong peak
L12-0255,12,563.9209334076781,755.2340406488132,lattice_completed,Ga,Liquid,Liquid,lattice continuity / liquid-front display
L12-0256,12,552.881002528865,781.377268193026,weak_peak_refined,Ga,Liquid,Liquid,image-supported weak peak
L12-0257,12,541.6104907045508,793.6349805429505,strong_peak_refined,Ga,Liquid,Liquid,image-supported strong peak
L12-0258,12,529.5747654149467,815.3282391109758,weak_peak_refined,Ga,Liquid,Liquid,image-supported weak peak
L12-0259,12,516.017464079203,827.4129825570486,lattice_completed,Ga,Liquid,Liquid,lattice continuity / liquid-front display
L12-0260,12,504.0415967470842,845.4577180341074,lattice_completed,Ga,Liquid,Liquid,lattice continuity / liquid-front display
L12-0261,12,492.0657294149654,863.5024535111663,lattice_completed,Ga,Liquid,Liquid,lattice continuity / liquid-front display
L12-0262,12,480.0898620828466,881.5471889882251,lattice_completed,Ga,Liquid,Liquid,lattice continuity / liquid-front display
L12-0263,12,468.1139947507278,899.5919244652839,lattice_completed,Ga,Liquid,Liquid,lattice continuity / liquid-front display
L12-0264,12,457.1156832430403,924.1842901920988,weak_peak_refined,Ga,Liquid,Liquid,image-supported weak peak
L12-0265,12,811.8728563992278,408.1869818147732,strong_peak_refined,Pt,Pt,Pt,image-supported strong peak
L12-0266,12,803.2316763726016,430.4733459004103,strong_peak_refined,Pt,Pt,Pt,image-supported strong peak
L12-0267,12,790.8362148124501,450.14890646330383,strong_peak_refined,Pt,Pt,Pt,image-supported strong peak
L12-0268,12,779.0469324509623,468.0003537936079,strong_peak_refined,Pt,Pt,Pt,image-supported strong peak
L12-0269,12,766.6912614638521,484.8518683915594,strong_peak_refined,Pt,Pt,Pt,image-supported strong peak
L12-0270,12,755.2873660177795,500.21350789697607,strong_peak_refined,Pt,Pt,Pt,image-supported strong peak
L12-0271,12,742.5302720178317,521.4729695000108,strong_peak_refined,Pt,Pt,Pt,image-supported strong peak
L12-0272,12,732.1367131992687,537.0643366876627,strong_peak_refined,Ga,Mixed,Mixed,image-supported strong peak
L12-0273,12,719.7654904039528,555.3432467637548,strong_peak_refined,Pt,Pt,Pt,image-supported strong peak
L12-0274,12,708.3020407140338,571.7104512870973,strong_peak_refined,Ga,Mixed,Mixed,image-supported strong peak
L12-0275,12,694.9270025154756,591.7266113620699,strong_peak_refined,Pt,Pt,Pt,image-supported strong peak
L12-0276,12,683.6925801085104,611.80616093161,strong_peak_refined,Ga,Mixed,Mixed,image-supported strong peak
L12-0277,12,671.0110061044195,630.0305191986513,strong_peak_refined,Pt,Pt,Pt,image-supported strong peak
L12-0278,12,659.3410277092654,642.1112220805809,strong_peak_refined,Ga,Mixed,Mixed,image-supported strong peak
L12-0279,12,647.0120112354929,666.0589341678073,strong_peak_refined,Pt,Pt,Pt,image-supported strong peak
L12-0280,12,635.3289406901552,689.6340176517298,weak_peak_refined,Ga,Mixed,Mixed,image-supported weak peak
L12-0281,12,623.5203379554066,699.9745347365724,strong_peak_refined,Pt,Pt,Pt,image-supported strong peak
L12-0282,12,611.289605607426,718.1037816635733,lattice_completed,Ga,Mixed,Mixed,lattice continuity / liquid-front display
L12-0283,12,600.1456212336749,744.4363500094161,weak_peak_refined,Pt,Pt,Pt,image-supported weak peak
L12-0284,12,587.3378709431884,754.193252617691,lattice_completed,Ga,Mixed,Mixed,lattice continuity / liquid-front display
L12-0285,12,576.475022584138,774.2345126706756,strong_peak_refined,Ga,Liquid,Liquid,image-supported strong peak
L12-0286,12,563.3861362789509,790.2827235718087,lattice_completed,Ga,Liquid,Liquid,lattice continuity / liquid-front display
L12-0287,12,552.638447517383,815.706844477366,weak_peak_refined,Ga,Liquid,Liquid,image-supported weak peak
L12-0288,12,539.4344016147132,826.3721945259263,lattice_completed,Ga,Liquid,Liquid,lattice continuity / liquid-front display
L12-0289,12,528.0508907861328,852.5833381503965,weak_peak_refined,Ga,Liquid,Liquid,image-supported weak peak
L12-0290,12,515.4826669504756,862.461665480044,lattice_completed,Ga,Liquid,Liquid,lattice continuity / liquid-front display
L12-0291,12,504.7314447038906,882.7658081618989,strong_peak_refined,Ga,Liquid,Liquid,image-supported strong peak
L12-0292,12,491.530932286238,898.5511364341617,lattice_completed,Ga,Liquid,Liquid,lattice continuity / liquid-front display
L12-0293,12,479.5550649541192,916.5958719112205,lattice_completed,Ga,Liquid,Liquid,lattice continuity / liquid-front display
L12-0294,12,467.5791976220004,934.6406073882794,lattice_completed,Ga,Liquid,Liquid,lattice continuity / liquid-front display
L12-0295,12,825.4166731475377,425.3140705273312,strong_peak_refined,Pt,Pt,Pt,image-supported strong peak
L12-0296,12,813.0272602386849,444.62792885319874,strong_peak_refined,Pt,Pt,Pt,image-supported strong peak
L12-0297,12,803.1012613859077,458.1971514399736,weak_peak_refined,Pt,Pt,Pt,image-supported weak peak
L12-0298,12,790.3928184604806,482.4814324306861,lattice_completed,Pt,Pt,Pt,lattice continuity / liquid-front display
L12-0299,12,778.4169511283618,501.36154567433226,strong_peak_refined,Pt,Pt,Pt,image-supported strong peak
L12-0300,12,765.1918477572276,513.4504206104596,weak_peak_refined,Pt,Pt,Pt,image-supported weak peak
L12-0301,12,752.8146060038014,531.2315704887117,weak_peak_refined,Ga,Mixed,Mixed,image-supported weak peak
L12-0302,12,742.4893491320054,554.6603743389214,lattice_completed,Pt,Pt,Pt,lattice continuity / liquid-front display
L12-0303,12,730.7721881448826,578.6734937819773,weak_peak_refined,Ga,Mixed,Mixed,image-supported weak peak
L12-0304,12,719.0192325428719,594.5141622209846,strong_peak_refined,Pt,Pt,Pt,image-supported strong peak
L12-0305,12,706.5617471356491,608.794580770098,lattice_completed,Ga,Mixed,Mixed,lattice continuity / liquid-front display
L12-0306,12,695.0879367267304,630.627404036905,strong_peak_refined,Pt,Pt,Pt,image-supported strong peak
L12-0307,12,682.6100124714114,644.8840517242156,lattice_completed,Ga,Mixed,Mixed,lattice continuity / liquid-front display
L12-0308,12,670.6341451392926,662.9287872012745,lattice_completed,Pt,Pt,Pt,lattice continuity / liquid-front display
L12-0309,12,658.6582778071738,680.9735226783333,lattice_completed,Ga,Mixed,Mixed,lattice continuity / liquid-front display
L12-0310,12,647.2311893983323,700.5561021780145,strong_peak_refined,Pt,Pt,Pt,image-supported strong peak
L12-0311,12,634.7065431429362,717.062993632451,lattice_completed,Ga,Mixed,Mixed,lattice continuity / liquid-front display
L12-0312,12,623.6746865158182,733.2113993842697,strong_peak_refined,Pt,Pt,Pt,image-supported strong peak
L12-0313,12,610.7548084786986,753.1524645865687,lattice_completed,Ga,Mixed,Mixed,lattice continuity / liquid-front display
L12-0314,12,598.7789411465798,771.1972000636275,lattice_completed,Ga,Liquid,Liquid,lattice continuity / liquid-front display
L12-0315,12,586.803073814461,789.2419355406863,lattice_completed,Ga,Liquid,Liquid,lattice continuity / liquid-front display
L12-0316,12,574.8272064823421,807.2866710177452,lattice_completed,Ga,Liquid,Liquid,lattice continuity / liquid-front display
L12-0317,12,563.692343575983,824.414583909412,strong_peak_refined,Ga,Liquid,Liquid,image-supported strong peak
L12-0318,12,551.4109760198329,844.2475879927484,strong_peak_refined,Ga,Liquid,Liquid,image-supported strong peak
L12-0319,12,538.8996044859858,861.4208774489217,lattice_completed,Ga,Liquid,Liquid,lattice continuity / liquid-front display
L12-0320,12,527.731529073117,887.1243613429828,weak_peak_refined,Ga,Liquid,Liquid,image-supported weak peak
L12-0321,12,514.9478698217482,897.5103484030394,lattice_completed,Ga,Liquid,Liquid,lattice continuity / liquid-front display
L12-0322,12,502.9720024896294,915.5550838800982,lattice_completed,Ga,Liquid,Liquid,lattice continuity / liquid-front display
L12-0323,12,490.9961351575106,933.599819357157,lattice_completed,Ga,Liquid,Liquid,lattice continuity / liquid-front display
L12-0324,12,479.0202678253918,951.644554834216,lattice_completed,Ga,Liquid,Liquid,lattice continuity / liquid-front display
L12-0325,12,850.495285464421,424.5610334056836,strong_peak_refined,Pt,Pt,Pt,image-supported strong peak
L12-0326,12,838.4637315173591,442.5493544109764,strong_peak_refined,Pt,Pt,Pt,image-supported strong peak
L12-0327,12,826.9585221371759,463.8823089896013,strong_peak_refined,Pt,Pt,Pt,image-supported strong peak
L12-0328,12,811.5616126892971,482.1540073201367,strong_peak_refined,Pt,Pt,Pt,image-supported strong peak
L12-0329,12,800.4712252256684,495.9008246100423,strong_peak_refined,Pt,Pt,Pt,image-supported strong peak
L12-0330,12,787.7944829722942,515.9926314023362,strong_peak_refined,Pt,Pt,Pt,image-supported strong peak
L12-0331,12,777.8821539996344,535.5748508307404,lattice_completed,Pt,Pt,Pt,lattice continuity / liquid-front display
L12-0332,12,766.516590882369,553.1280783842226,strong_peak_refined,Pt,Pt,Pt,image-supported strong peak
L12-0333,12,755.1694528837195,569.6053826857479,strong_peak_refined,Ga,Mixed,Mixed,image-supported strong peak
L12-0334,12,742.7688329832579,590.6016025845296,strong_peak_refined,Pt,Pt,Pt,image-supported strong peak
L12-0335,12,728.8037968373059,605.8411071306905,strong_peak_refined,Ga,Mixed,Mixed,image-supported strong peak
L12-0336,12,717.3989185440577,624.8888777500268,strong_peak_refined,Pt,Pt,Pt,image-supported strong peak
L12-0337,12,705.711875762778,647.0370067098359,strong_peak_refined,Ga,Mixed,Mixed,image-supported strong peak
L12-0338,12,693.458028304264,660.2905361703839,strong_peak_refined,Pt,Pt,Pt,image-supported strong peak
L12-0339,12,682.075215342684,679.9327346472111,lattice_completed,Ga,Mixed,Mixed,lattice continuity / liquid-front display
L12-0340,12,670.428158978104,706.5024268657285,weak_peak_refined,Pt,Pt,Pt,image-supported weak peak
L12-0341,12,658.1234806784464,716.0222056013288,lattice_completed,Ga,Mixed,Mixed,lattice continuity / liquid-front display
L12-0342,12,647.0114830631511,742.2246830080614,weak_peak_refined,Pt,Pt,Pt,image-supported weak peak
L12-0343,12,634.1717460142088,752.1116765554464,lattice_completed,Ga,Mixed,Mixed,lattice continuity / liquid-front display
L12-0344,12,622.19587868209,770.1564120325053,lattice_completed,Ga,Liquid,Liquid,lattice continuity / liquid-front display
L12-0345,12,610.2200113499712,788.2011475095641,lattice_completed,Ga,Liquid,Liquid,lattice continuity / liquid-front display
L12-0346,12,598.2441440178524,806.245882986623,lattice_completed,Ga,Liquid,Liquid,lattice continuity / liquid-front display
L12-0347,12,586.2682766857337,824.2906184636818,lattice_completed,Ga,Liquid,Liquid,lattice continuity / liquid-front display
L12-0348,12,575.6936747615482,844.0736067716987,strong_peak_refined,Ga,Liquid,Liquid,image-supported strong peak
L12-0349,12,562.316542021496,860.3800894177994,lattice_completed,Ga,Liquid,Liquid,lattice continuity / liquid-front display
L12-0350,12,551.8786999775607,881.8774618633716,strong_peak_refined,Ga,Liquid,Liquid,image-supported strong peak
L12-0351,12,538.3648073572584,896.469560371917,lattice_completed,Ga,Liquid,Liquid,lattice continuity / liquid-front display
L12-0352,12,526.9763875128352,922.2618612521436,weak_peak_refined,Ga,Liquid,Liquid,image-supported weak peak
L12-0353,12,514.4130726930208,932.5590313260348,lattice_completed,Ga,Liquid,Liquid,lattice continuity / liquid-front display
L12-0354,12,502.437205360902,950.6037668030935,lattice_completed,Ga,Liquid,Liquid,lattice continuity / liquid-front display
L12-0355,12,861.6825073284921,442.9834690586703,strong_peak_refined,Pt,Pt,Pt,image-supported strong peak
L12-0356,12,849.0916296884632,460.2864121032309,strong_peak_refined,Pt,Pt,Pt,image-supported strong peak
L12-0357,12,835.9143004033194,480.79013484800055,strong_peak_refined,Pt,Pt,Pt,image-supported strong peak
L12-0358,12,824.5428231365165,498.794715877474,strong_peak_refined,Pt,Pt,Pt,image-supported strong peak
L12-0359,12,811.8199897655988,518.1767644565086,strong_peak_refined,Pt,Pt,Pt,image-supported strong peak
L12-0360,12,800.9769243719683,533.5095876883834,strong_peak_refined,Ga,Mixed,Mixed,image-supported strong peak
L12-0361,12,788.2147101603896,556.7638141521103,strong_peak_refined,Pt,Pt,Pt,image-supported strong peak
L12-0362,12,777.9805790146346,571.7683613253512,strong_peak_refined,Ga,Mixed,Mixed,image-supported strong peak
L12-0363,12,765.0864816796163,585.9051273512581,strong_peak_refined,Pt,Pt,Pt,image-supported strong peak
L12-0364,12,753.1248581244247,614.4702906231596,weak_peak_refined,Ga,Mixed,Mixed,image-supported weak peak
L12-0365,12,741.9223510860604,627.3888435558152,strong_peak_refined,Pt,Pt,Pt,image-supported strong peak
L12-0366,12,728.3971007370292,641.8999251802586,strong_peak_refined,Ga,Mixed,Mixed,image-supported strong peak
L12-0367,12,716.5708666078457,664.4894067318285,strong_peak_refined,Pt,Pt,Pt,image-supported strong peak
L12-0368,12,705.5264307769246,678.10536279503,strong_peak_refined,Ga,Mixed,Mixed,image-supported strong peak
L12-0369,12,693.5162855460754,696.9366820931476,lattice_completed,Pt,Pt,Pt,lattice continuity / liquid-front display
L12-0370,12,682.3425881327167,714.0467344563157,strong_peak_refined,Ga,Mixed,Mixed,image-supported strong peak
L12-0371,12,669.5645508818378,733.0261530472653,lattice_completed,Pt,Pt,Pt,lattice continuity / liquid-front display
L12-0372,12,657.588683549719,751.0708885243241,lattice_completed,Ga,Mixed,Mixed,lattice continuity / liquid-front display
L12-0373,12,647.0884896157448,770.0650473731879,strong_peak_refined,Ga,Liquid,Liquid,image-supported strong peak
L12-0374,12,633.6369488854814,787.1603594784418,lattice_completed,Ga,Liquid,Liquid,lattice continuity / liquid-front display
L12-0375,12,621.6610815533626,805.2050949555006,lattice_completed,Ga,Liquid,Liquid,lattice continuity / liquid-front display
L12-0376,12,609.6852142212439,823.2498304325595,lattice_completed,Ga,Liquid,Liquid,lattice continuity / liquid-front display
L12-0377,12,599.246313702136,840.1221710580398,strong_peak_refined,Ga,Liquid,Liquid,image-supported strong peak
L12-0378,12,585.7334795570063,859.3393013866771,lattice_completed,Ga,Liquid,Liquid,lattice continuity / liquid-front display
L12-0379,12,573.7576122248875,877.3840368637359,lattice_completed,Ga,Liquid,Liquid,lattice continuity / liquid-front display
L12-0380,12,562.6375503760975,896.4484064587003,strong_peak_refined,Ga,Liquid,Liquid,image-supported strong peak
L12-0381,12,549.3869162676555,915.24634166226,strong_peak_refined,Ga,Liquid,Liquid,image-supported strong peak
L12-0382,12,537.830010228531,931.5182432949124,lattice_completed,Ga,Liquid,Liquid,lattice continuity / liquid-front display
L12-0383,12,525.8541428964122,949.5629787719712,lattice_completed,Ga,Liquid,Liquid,lattice continuity / liquid-front display
L12-0384,12,514.7169869804421,967.0208309724244,strong_peak_refined,Pt,Pt,Pt,image-supported strong peak
L12-0385,12,890.0861022336358,442.9302107673906,weak_peak_refined,Pt,Pt,Pt,image-supported weak peak
L12-0386,12,871.739005972574,461.8983140778535,strong_peak_refined,Pt,Pt,Pt,image-supported strong peak
L12-0387,12,859.4416909475927,476.4682484398672,strong_peak_refined,Pt,Pt,Pt,image-supported strong peak
L12-0388,12,846.9577597873541,497.9699710608837,strong_peak_refined,Pt,Pt,Pt,image-supported strong peak
L12-0389,12,835.8455761491556,513.4170179645754,strong_peak_refined,Pt,Pt,Pt,image-supported strong peak
L12-0390,12,824.4103448374527,534.5004718648871,strong_peak_refined,Pt,Pt,Pt,image-supported strong peak
L12-0391,12,812.3765345879818,545.8983693841891,weak_peak_refined,Pt,Pt,Pt,image-supported weak peak
L12-0392,12,799.3064447185743,566.543817984356,strong_peak_refined,Pt,Pt,Pt,image-supported strong peak
L12-0393,12,789.0841343667581,589.4416708039618,strong_peak_refined,Pt,Pt,Pt,image-supported strong peak
L12-0394,12,766.8190529076909,605.9363412615494,weak_peak_refined,Pt,Pt,Pt,image-supported weak peak
L12-0395,12,763.8163342171564,621.0292622644903,strong_peak_refined,Pt,Pt,Pt,image-supported strong peak
L12-0396,12,752.9379705860172,639.5999456117144,strong_peak_refined,Ga,Mixed,Mixed,image-supported strong peak
L12-0397,12,740.0854238407688,661.912171870447,strong_peak_refined,Pt,Pt,Pt,image-supported strong peak
L12-0398,12,728.6214422466414,678.7055367506855,strong_peak_refined,Ga,Mixed,Mixed,image-supported strong peak
L12-0399,12,716.8101298131996,699.9783826291199,strong_peak_refined,Pt,Pt,Pt,image-supported strong peak
L12-0400,12,704.9573557494668,713.9406295390842,lattice_completed,Ga,Mixed,Mixed,lattice continuity / liquid-front display
L12-0401,12,694.0388698737016,739.3946406101065,weak_peak_refined,Pt,Pt,Pt,image-supported weak peak
L12-0402,12,681.0056210852292,750.0301004932019,lattice_completed,Ga,Mixed,Mixed,lattice continuity / liquid-front display
L12-0403,12,669.2742754279762,770.1922080253788,strong_peak_refined,Ga,Liquid,Liquid,image-supported strong peak
L12-0404,12,657.0538864209916,786.1195714473195,lattice_completed,Ga,Liquid,Liquid,lattice continuity / liquid-front display
L12-0405,12,646.3510393187817,806.2642215120773,strong_peak_refined,Ga,Liquid,Liquid,image-supported strong peak
L12-0406,12,633.102151756754,822.2090424014372,lattice_completed,Ga,Liquid,Liquid,lattice continuity / liquid-front display
L12-0407,12,621.1262844246352,840.2537778784961,lattice_completed,Ga,Liquid,Liquid,lattice continuity / liquid-front display
L12-0408,12,609.1504170925165,858.2985133555549,lattice_completed,Ga,Liquid,Liquid,lattice continuity / liquid-front display
L12-0409,12,598.2302647978156,881.8119070370858,weak_peak_refined,Ga,Liquid,Liquid,image-supported weak peak
L12-0410,12,585.1986824282789,894.3879843096726,lattice_completed,Ga,Liquid,Liquid,lattice continuity / liquid-front display
L12-0411,12,574.2670493655206,912.9794463548176,strong_peak_refined,Ga,Liquid,Liquid,image-supported strong peak
L12-0412,12,561.2469477640412,930.4774552637904,lattice_completed,Ga,Liquid,Liquid,lattice continuity / liquid-front display
L12-0413,12,549.1365558801043,950.0898677878116,strong_peak_refined,Ga,Liquid,Liquid,image-supported strong peak
L12-0414,12,537.2952130998036,966.5669262179078,lattice_completed,Ga,Liquid,Liquid,lattice continuity / liquid-front display
L12-0415,12,525.1048781289234,989.388728257057,strong_peak_refined,Ga,Liquid,Liquid,image-supported strong peak
L12-0416,12,894.3235907112231,460.5283912754901,strong_peak_refined,Pt,Pt,Pt,image-supported strong peak
L12-0417,12,882.4274767802629,477.3060092187738,strong_peak_refined,Pt,Pt,Pt,image-supported strong peak
L12-0418,12,873.0490890857849,494.2556033479594,strong_peak_refined,Pt,Pt,Pt,image-supported strong peak
L12-0419,12,860.1359484048205,515.3126830341699,strong_peak_refined,Pt,Pt,Pt,image-supported strong peak
L12-0420,12,847.2284635984136,527.6745966934883,weak_peak_refined,Pt,Pt,Pt,image-supported weak peak
L12-0421,12,836.1570992740462,550.4972222144323,lattice_completed,Pt,Pt,Pt,lattice continuity / liquid-front display
L12-0422,12,823.7109923036203,563.1994644903816,weak_peak_refined,Pt,Pt,Pt,image-supported weak peak
L12-0423,12,812.0446786086967,589.5618211785672,strong_peak_refined,Pt,Pt,Pt,image-supported strong peak
L12-0424,12,800.0813574981107,604.3891400923637,strong_peak_refined,Ga,Mixed,Mixed,image-supported strong peak
L12-0425,12,787.6042658463597,623.7774904878727,strong_peak_refined,Pt,Pt,Pt,image-supported strong peak
L12-0426,12,776.2777626134523,640.7208995997265,lattice_completed,Ga,Mixed,Mixed,lattice continuity / liquid-front display
L12-0427,12,763.3630194708794,658.7848428013597,strong_peak_refined,Pt,Pt,Pt,image-supported strong peak
L12-0428,12,752.2907327645615,680.1911499995489,strong_peak_refined,Ga,Mixed,Mixed,image-supported strong peak
L12-0429,12,740.1770114301042,688.5958557577837,weak_peak_refined,Pt,Pt,Pt,image-supported weak peak
L12-0430,12,728.374293284977,712.8998415079619,lattice_completed,Ga,Mixed,Mixed,lattice continuity / liquid-front display
L12-0431,12,716.870827763056,733.2789998789565,strong_peak_refined,Pt,Pt,Pt,image-supported strong peak
L12-0432,12,704.4225586207394,748.9893124620795,lattice_completed,Ga,Mixed,Mixed,lattice continuity / liquid-front display
L12-0433,12,692.6625578458984,766.4309889619709,strong_peak_refined,Ga,Liquid,Liquid,image-supported strong peak
L12-0434,12,680.4708239565018,785.0787834161972,lattice_completed,Ga,Liquid,Liquid,lattice continuity / liquid-front display
L12-0435,12,668.494956624383,803.123518893256,lattice_completed,Ga,Liquid,Liquid,lattice continuity / liquid-front display
L12-0436,12,656.5190892922642,821.1682543703149,lattice_completed,Ga,Liquid,Liquid,lattice continuity / liquid-front display
L12-0437,12,646.0524151944295,847.2302151843206,weak_peak_refined,Ga,Liquid,Liquid,image-supported weak peak
L12-0438,12,632.5673546280267,857.2577253244326,lattice_completed,Ga,Liquid,Liquid,lattice continuity / liquid-front display
L12-0439,12,622.0113980497302,869.3455203641654,weak_peak_refined,Ga,Liquid,Liquid,image-supported weak peak
L12-0440,12,608.6156199637891,893.3471962785502,lattice_completed,Ga,Liquid,Liquid,lattice continuity / liquid-front display
L12-0441,12,597.4662666671782,911.53435166477,strong_peak_refined,Ga,Liquid,Liquid,image-supported strong peak
L12-0442,12,584.6638852995515,929.436667232668,lattice_completed,Ga,Liquid,Liquid,lattice continuity / liquid-front display
L12-0443,12,572.7233101462956,955.420570308957,weak_peak_refined,Ga,Liquid,Liquid,image-supported weak peak
L12-0444,12,560.7121506353138,965.5261381867856,lattice_completed,Ga,Liquid,Liquid,lattice continuity / liquid-front display
L12-0445,12,548.8996371316515,986.7447935292544,strong_peak_refined,Ga,Liquid,Liquid,image-supported strong peak
L12-0446,12,905.3012604233188,478.1323517247713,strong_peak_refined,Pt,Pt,Pt,image-supported strong peak
L12-0447,12,894.0482650802669,494.7100009144524,strong_peak_refined,Pt,Pt,Pt,image-supported strong peak
L12-0448,12,884.675536065646,511.7989588161799,strong_peak_refined,Pt,Pt,Pt,image-supported strong peak
L12-0449,12,870.3627501934143,528.5331180888032,strong_peak_refined,Pt,Pt,Pt,image-supported strong peak
L12-0450,12,859.2175611762958,544.4232225918046,weak_peak_refined,Pt,Pt,Pt,image-supported weak peak
L12-0451,12,846.3065865614246,562.688995542364,weak_peak_refined,Pt,Pt,Pt,image-supported weak peak
L12-0452,12,835.7317193392532,588.0005186936047,strong_peak_refined,Pt,Pt,Pt,image-supported strong peak
L12-0453,12,823.6102187905957,601.7674904450587,strong_peak_refined,Ga,Mixed,Mixed,image-supported strong peak
L12-0454,12,810.2438247495219,622.4375540972088,strong_peak_refined,Pt,Pt,Pt,image-supported strong peak
L12-0455,12,799.8960562220467,645.46853439264,strong_peak_refined,Ga,Mixed,Mixed,image-supported strong peak
L12-0456,12,786.0262551166412,651.9981338035246,weak_peak_refined,Pt,Pt,Pt,image-supported weak peak
L12-0457,12,775.4183291132605,672.2478112700567,strong_peak_refined,Ga,Mixed,Mixed,image-supported strong peak
L12-0458,12,763.1124989953072,695.0739249164722,strong_peak_refined,Pt,Pt,Pt,image-supported strong peak
L12-0459,12,752.1174725992298,709.9729830017457,strong_peak_refined,Ga,Mixed,Mixed,image-supported strong peak
L12-0460,12,740.123568672642,730.5920355257078,strong_peak_refined,Pt,Pt,Pt,image-supported strong peak
L12-0461,12,727.8394961562497,747.9485244309573,lattice_completed,Ga,Mixed,Mixed,lattice continuity / liquid-front display
L12-0462,12,715.8636288241308,765.9932599080161,lattice_completed,Ga,Liquid,Liquid,lattice continuity / liquid-front display
L12-0463,12,703.887761492012,784.037995385075,lattice_completed,Ga,Liquid,Liquid,lattice continuity / liquid-front display
L12-0464,12,693.3392125144758,805.2913588213688,strong_peak_refined,Ga,Liquid,Liquid,image-supported strong peak
L12-0465,12,681.0112428622034,828.0751037465102,weak_peak_refined,Ga,Liquid,Liquid,image-supported weak peak
L12-0466,12,667.9601594956556,838.1722018162515,lattice_completed,Ga,Liquid,Liquid,lattice continuity / liquid-front display
L12-0467,12,655.9842921635369,856.2169372933103,lattice_completed,Ga,Liquid,Liquid,lattice continuity / liquid-front display
L12-0468,12,645.1980920877444,882.2550418703989,weak_peak_refined,Ga,Liquid,Liquid,image-supported weak peak
L12-0469,12,632.0325574992993,892.306408247428,lattice_completed,Ga,Liquid,Liquid,lattice continuity / liquid-front display
L12-0470,12,620.7218532596021,918.6030744852336,weak_peak_refined,Ga,Liquid,Liquid,image-supported weak peak
L12-0471,12,609.23743692067,936.601450776476,weak_peak_refined,Ga,Liquid,Liquid,image-supported weak peak
L12-0472,12,596.5190805907159,944.9935057828328,strong_peak_refined,Ga,Liquid,Liquid,image-supported strong peak
L12-0473,12,584.129088170824,964.4853501556634,lattice_completed,Ga,Liquid,Liquid,lattice continuity / liquid-front display
L12-0474,12,572.0592149739879,980.953585655035,strong_peak_refined,Ga,Liquid,Liquid,image-supported strong peak
L12-0475,12,560.1773535065864,1000.5748211097808,lattice_completed,Ga,Liquid,Liquid,lattice continuity / liquid-front display
L12-0476,12,930.7944279725166,484.4882509753934,weak_peak_refined,Pt,Pt,Pt,image-supported weak peak
L12-0477,12,919.42538427076,492.8560278424335,strong_peak_refined,Pt,Pt,Pt,image-supported strong peak
L12-0478,12,906.9427090093044,512.3261751980701,lattice_completed,Pt,Pt,Pt,lattice continuity / liquid-front display
L12-0479,12,896.6900441927512,528.5936770402998,strong_peak_refined,Pt,Pt,Pt,image-supported strong peak
L12-0480,12,881.4602390998058,545.6154188790837,strong_peak_refined,Pt,Pt,Pt,image-supported strong peak
L12-0481,12,871.0151070129479,566.4603816292466,lattice_completed,Pt,Pt,Pt,lattice continuity / liquid-front display
L12-0482,12,858.3555296358073,585.5779541977429,strong_peak_refined,Pt,Pt,Pt,image-supported strong peak
L12-0483,12,847.0633723487102,602.5498525833643,lattice_completed,Pt,Pt,Pt,lattice continuity / liquid-front display
L12-0484,12,834.3244594790766,618.7159802770069,strong_peak_refined,Pt,Pt,Pt,image-supported strong peak
L12-0485,12,821.7516112998102,637.2332784169088,strong_peak_refined,Ga,Mixed,Mixed,image-supported strong peak
L12-0486,12,812.5524787566254,663.9064630735893,weak_peak_refined,Pt,Pt,Pt,image-supported weak peak
L12-0487,12,797.9803088649326,668.9198154762333,weak_peak_refined,Ga,Mixed,Mixed,image-supported weak peak
L12-0488,12,787.8295528940512,699.2551638113398,weak_peak_refined,Pt,Pt,Pt,image-supported weak peak
L12-0489,12,775.2081683559975,710.8182654457173,lattice_completed,Ga,Mixed,Mixed,lattice continuity / liquid-front display
L12-0490,12,763.8768191283458,732.7983160006551,strong_peak_refined,Pt,Pt,Pt,image-supported strong peak
L12-0491,12,752.5628625490822,746.5081366174803,strong_peak_refined,Ga,Mixed,Mixed,image-supported strong peak
L12-0492,12,739.7894054762304,759.8672134723134,weak_peak_refined,Ga,Liquid,Liquid,image-supported weak peak
L12-0493,12,727.996147461496,781.2836624815495,strong_peak_refined,Ga,Liquid,Liquid,image-supported strong peak
L12-0494,12,715.3288316954034,801.0419428310115,lattice_completed,Ga,Liquid,Liquid,lattice continuity / liquid-front display
L12-0495,12,703.3529643632846,819.0866783080703,lattice_completed,Ga,Liquid,Liquid,lattice continuity / liquid-front display
L12-0496,12,691.3770970311658,837.1314137851292,lattice_completed,Ga,Liquid,Liquid,lattice continuity / liquid-front display
L12-0497,12,679.4012296990471,855.176149262188,lattice_completed,Ga,Liquid,Liquid,lattice continuity / liquid-front display
L12-0498,12,667.4253623669283,873.2208847392469,lattice_completed,Ga,Liquid,Liquid,lattice continuity / liquid-front display
L12-0499,12,655.4494950348095,891.2656202163057,lattice_completed,Ga,Liquid,Liquid,lattice continuity / liquid-front display
L12-0500,12,644.515311864539,910.7835382791786,strong_peak_refined,Ga,Liquid,Liquid,image-supported strong peak
L12-0501,12,631.4977603705719,927.3550911704232,lattice_completed,Ga,Liquid,Liquid,lattice continuity / liquid-front display
L12-0502,12,619.3531859355463,953.9550793322836,weak_peak_refined,Ga,Liquid,Liquid,image-supported weak peak
L12-0503,12,607.5460257063343,963.444562124541,lattice_completed,Ga,Liquid,Liquid,lattice continuity / liquid-front display
L12-0504,12,596.1506216043762,985.054554275962,strong_peak_refined,Ga,Liquid,Liquid,image-supported strong peak
L12-0505,12,583.5942910420966,999.5340330786588,lattice_completed,Ga,Liquid,Liquid,lattice continuity / liquid-front display
L12-0506,12,571.6184237099778,1017.5787685557176,lattice_completed,Ga,Liquid,Liquid,lattice continuity / liquid-front display
L12-0507,12,946.8603827290616,495.0472837527783,weak_peak_refined,Pt,Pt,Pt,image-supported weak peak
L12-0508,12,923.6454214813164,517.0251616192978,weak_peak_refined,Pt,Pt,Pt,image-supported weak peak
L12-0509,12,915.4622742000294,528.4486086904913,strong_peak_refined,Pt,Pt,Pt,image-supported strong peak
L12-0510,12,904.6228893756036,547.9815059613558,strong_peak_refined,Pt,Pt,Pt,image-supported strong peak
L12-0511,12,896.6948912550466,561.525438406743,weak_peak_refined,Pt,Pt,Pt,image-supported weak peak
L12-0512,12,881.2408797012297,578.5367125312532,weak_peak_refined,Pt,Pt,Pt,image-supported weak peak
L12-0513,12,870.4803098842204,601.5090645522421,lattice_completed,Pt,Pt,Pt,lattice continuity / liquid-front display
L12-0514,12,856.4197974684776,615.4469795178287,strong_peak_refined,Pt,Pt,Pt,image-supported strong peak
L12-0515,12,844.7337156612858,638.072758607102,strong_peak_refined,Ga,Mixed,Mixed,image-supported strong peak
L12-0516,12,833.7078899737215,655.9650434059196,strong_peak_refined,Pt,Pt,Pt,image-supported strong peak
L12-0517,12,822.635440482699,671.6437629121391,strong_peak_refined,Ga,Mixed,Mixed,image-supported strong peak
L12-0518,12,810.4630253091368,687.7823888694403,strong_peak_refined,Pt,Pt,Pt,image-supported strong peak
L12-0519,12,798.6251058915077,709.7774774145951,lattice_completed,Ga,Mixed,Mixed,lattice continuity / liquid-front display
L12-0520,12,786.5864194184776,723.1476932725242,weak_peak_refined,Pt,Pt,Pt,image-supported weak peak
L12-0521,12,774.6733712272701,745.8669483687127,lattice_completed,Ga,Mixed,Mixed,lattice continuity / liquid-front display
L12-0522,12,763.5042993481107,766.9266935315135,strong_peak_refined,Ga,Liquid,Liquid,image-supported strong peak
L12-0523,12,750.7216365630325,781.9564193228304,lattice_completed,Ga,Liquid,Liquid,lattice continuity / liquid-front display
L12-0524,12,739.7348569335377,801.1438346189393,strong_peak_refined,Ga,Liquid,Liquid,image-supported strong peak
L12-0525,12,726.7699018987948,818.0458902769481,lattice_completed,Ga,Liquid,Liquid,lattice continuity / liquid-front display
L12-0526,12,714.794034566676,836.0906257540069,lattice_completed,Ga,Liquid,Liquid,lattice continuity / liquid-front display
L12-0527,12,702.8181672345572,854.1353612310658,lattice_completed,Ga,Liquid,Liquid,lattice continuity / liquid-front display
L12-0528,12,691.2571393710409,876.2388413145371,strong_peak_refined,Ga,Liquid,Liquid,image-supported strong peak
L12-0529,12,678.8664325703197,890.2248321851835,lattice_completed,Ga,Liquid,Liquid,lattice continuity / liquid-front display
L12-0530,12,667.6089706174072,911.987511938563,strong_peak_refined,Ga,Liquid,Liquid,image-supported strong peak
L12-0531,12,654.9146979060821,926.314303139301,lattice_completed,Ga,Liquid,Liquid,lattice continuity / liquid-front display
L12-0532,12,643.0095504543349,952.4397574936928,weak_peak_refined,Ga,Liquid,Liquid,image-supported weak peak
L12-0533,12,631.496338203996,970.7263225213708,weak_peak_refined,Ga,Liquid,Liquid,image-supported weak peak
L12-0534,12,619.7390179360945,981.0539590653752,strong_peak_refined,Ga,Liquid,Liquid,image-supported strong peak
L12-0535,12,607.0112285776069,998.4932450475364,lattice_completed,Ga,Liquid,Liquid,lattice continuity / liquid-front display
L12-0536,12,595.035361245488,1016.5379805245952,lattice_completed,Ga,Liquid,Liquid,lattice continuity / liquid-front display
L12-0537,12,953.7765840803248,510.2445991358255,lattice_completed,Pt,Pt,Pt,lattice continuity / liquid-front display
L12-0538,12,939.6128526025434,529.5474045177673,strong_peak_refined,Pt,Pt,Pt,image-supported strong peak
L12-0539,12,927.6148034801616,547.7996703445577,strong_peak_refined,Pt,Pt,Pt,image-supported strong peak
L12-0540,12,917.8489820839684,564.378805567002,lattice_completed,Pt,Pt,Pt,lattice continuity / liquid-front display
L12-0541,12,904.397367365577,583.9411457099208,strong_peak_refined,Pt,Pt,Pt,image-supported strong peak
L12-0542,12,891.0849219836276,600.1732461014368,strong_peak_refined,Pt,Pt,Pt,image-supported strong peak
L12-0543,12,881.921380087612,618.5130119981786,lattice_completed,Pt,Pt,Pt,lattice continuity / liquid-front display
L12-0544,12,869.945512755493,636.5577474752374,lattice_completed,Pt,Pt,Pt,lattice continuity / liquid-front display
L12-0545,12,856.2293639170122,654.8726293223766,strong_peak_refined,Pt,Pt,Pt,image-supported strong peak
L12-0546,12,844.2349402759072,668.2095938643312,strong_peak_refined,Ga,Mixed,Mixed,image-supported strong peak
L12-0547,12,834.0929218808204,698.745708307272,weak_peak_refined,Pt,Pt,Pt,image-supported weak peak
L12-0548,12,822.8397861890326,709.6043874625367,strong_peak_refined,Ga,Mixed,Mixed,image-supported strong peak
L12-0549,12,810.5346524107199,732.7183067479934,weak_peak_refined,Pt,Pt,Pt,image-supported weak peak
L12-0550,12,798.0903087627803,744.8261603375904,lattice_completed,Ga,Mixed,Mixed,lattice continuity / liquid-front display
L12-0551,12,787.3598016125779,759.7036764245455,strong_peak_refined,Ga,Liquid,Liquid,image-supported strong peak
L12-0552,12,774.1385740985427,780.9156312917081,lattice_completed,Ga,Liquid,Liquid,lattice continuity / liquid-front display
L12-0553,12,763.7522068402076,804.8333988904913,weak_peak_refined,Ga,Liquid,Liquid,image-supported weak peak
L12-0554,12,750.186839434305,817.0051022458258,lattice_completed,Ga,Liquid,Liquid,lattice continuity / liquid-front display
L12-0555,12,739.1982272255267,828.8266963254968,weak_peak_refined,Ga,Liquid,Liquid,image-supported weak peak
L12-0556,12,726.2351047700674,853.0945731999434,lattice_completed,Ga,Liquid,Liquid,lattice continuity / liquid-front display
L12-0557,12,715.0783401210327,874.1951828338622,strong_peak_refined,Ga,Liquid,Liquid,image-supported strong peak
L12-0558,12,702.2833701058299,889.1840441540611,lattice_completed,Ga,Liquid,Liquid,lattice continuity / liquid-front display
L12-0559,12,690.9847085725335,909.9114927685588,strong_peak_refined,Ga,Liquid,Liquid,image-supported strong peak
L12-0560,12,678.3316354415923,925.2735151081788,lattice_completed,Ga,Liquid,Liquid,lattice continuity / liquid-front display
L12-0561,12,666.3557681094735,943.3182505852376,lattice_completed,Ga,Liquid,Liquid,lattice continuity / liquid-front display
L12-0562,12,654.3799007773547,961.3629860622964,lattice_completed,Ga,Liquid,Liquid,lattice continuity / liquid-front display
L12-0563,12,642.7496994287885,987.7905209889813,weak_peak_refined,Ga,Liquid,Liquid,image-supported weak peak
L12-0564,12,630.4281661131171,997.4524570164142,lattice_completed,Ga,Liquid,Liquid,lattice continuity / liquid-front display
L12-0565,12,618.9048535092037,1023.5769508521184,weak_peak_refined,Ga,Liquid,Liquid,image-supported weak peak
L12-0566,12,607.1449593058163,1036.896023487974,strong_peak_refined,Ga,Liquid,Liquid,image-supported strong peak
L12-0567,12,962.8288798532124,533.8898992531451,weak_peak_refined,Pt,Pt,Pt,image-supported weak peak
L12-0568,12,954.1698387586484,546.6696090483417,strong_peak_refined,Pt,Pt,Pt,image-supported strong peak
L12-0569,12,940.8109914373364,561.8882226032039,strong_peak_refined,Pt,Pt,Pt,image-supported strong peak
L12-0570,12,927.0741214553806,587.7856432579881,strong_peak_refined,Pt,Pt,Pt,image-supported strong peak
L12-0571,12,915.4841395253216,593.812420445702,weak_peak_refined,Pt,Pt,Pt,image-supported weak peak
L12-0572,12,905.3383176231222,617.4722239670563,lattice_completed,Pt,Pt,Pt,lattice continuity / liquid-front display
L12-0573,12,893.3624502910033,635.5169594441152,lattice_completed,Pt,Pt,Pt,lattice continuity / liquid-front display
L12-0574,12,878.6175681948704,657.9954666073281,strong_peak_refined,Pt,Pt,Pt,image-supported strong peak
L12-0575,12,868.5043356670836,671.3416857388565,strong_peak_refined,Ga,Mixed,Mixed,image-supported strong peak
L12-0576,12,857.4348482946469,689.6511658752917,lattice_completed,Pt,Pt,Pt,lattice continuity / liquid-front display
L12-0577,12,845.4589809625281,707.6959013523505,lattice_completed,Ga,Mixed,Mixed,lattice continuity / liquid-front display
L12-0578,12,834.0386325429365,726.8404345361985,strong_peak_refined,Pt,Pt,Pt,image-supported strong peak
L12-0579,12,821.5072462982905,743.7853723064682,lattice_completed,Ga,Mixed,Mixed,lattice continuity / liquid-front display
L12-0580,12,809.6853895230348,758.1692749243288,strong_peak_refined,Ga,Liquid,Liquid,image-supported strong peak
L12-0581,12,797.5555116340529,779.8748432605857,lattice_completed,Ga,Liquid,Liquid,lattice continuity / liquid-front display
L12-0582,12,786.2805737011709,798.9188082820286,strong_peak_refined,Ga,Liquid,Liquid,image-supported strong peak
L12-0583,12,773.6037769698153,815.9643142147034,lattice_completed,Ga,Liquid,Liquid,lattice continuity / liquid-front display
L12-0584,12,762.8906394624148,836.0476765058386,strong_peak_refined,Ga,Liquid,Liquid,image-supported strong peak
L12-0585,12,749.6520423055777,852.0537851688212,lattice_completed,Ga,Liquid,Liquid,lattice continuity / liquid-front display
L12-0586,12,739.0715609273649,874.1088935554695,strong_peak_refined,Ga,Liquid,Liquid,image-supported strong peak
L12-0587,12,725.7003076413401,888.1432561229389,lattice_completed,Ga,Liquid,Liquid,lattice continuity / liquid-front display
L12-0588,12,714.2938137511778,910.0160502580708,strong_peak_refined,Ga,Liquid,Liquid,image-supported strong peak
L12-0589,12,701.7485729771025,924.2327270770566,lattice_completed,Ga,Liquid,Liquid,lattice continuity / liquid-front display
L12-0590,12,689.941607918418,946.5577262393534,strong_peak_refined,Ga,Liquid,Liquid,image-supported strong peak
L12-0591,12,677.7968383128649,960.322198031174,lattice_completed,Ga,Liquid,Liquid,lattice continuity / liquid-front display
L12-0592,12,666.157610028623,981.7910244935684,strong_peak_refined,Ga,Liquid,Liquid,image-supported strong peak
L12-0593,12,653.8451036486273,996.4116689852918,lattice_completed,Ga,Liquid,Liquid,lattice continuity / liquid-front display
L12-0594,12,641.8692363165085,1014.4564044623507,lattice_completed,Ga,Liquid,Liquid,lattice continuity / liquid-front display
L12-0595,12,629.8933689843897,1032.5011399394095,lattice_completed,Ga,Liquid,Liquid,lattice continuity / liquid-front display
L12-0596,12,976.6587244871076,544.2524940276987,lattice_completed,Pt,Pt,Pt,lattice continuity / liquid-front display
L12-0597,12,965.4697479782972,561.6500294256986,strong_peak_refined,Pt,Pt,Pt,image-supported strong peak
L12-0598,12,944.8971814525228,576.677729501541,weak_peak_refined,Pt,Pt,Pt,image-supported weak peak
L12-0599,12,937.7239553352556,595.5653909376041,strong_peak_refined,Pt,Pt,Pt,image-supported strong peak
L12-0600,12,926.6162187586024,614.0553634446268,strong_peak_refined,Pt,Pt,Pt,image-supported strong peak
L12-0601,12,913.2718854269972,637.6830843444183,strong_peak_refined,Pt,Pt,Pt,image-supported strong peak
L12-0602,12,902.1448322920452,651.6011683150109,strong_peak_refined,Pt,Pt,Pt,image-supported strong peak
L12-0603,12,892.8276531622759,670.5656423671105,lattice_completed,Pt,Pt,Pt,lattice continuity / liquid-front display
L12-0604,12,880.2821521032635,696.7220262835492,weak_peak_refined,Pt,Pt,Pt,image-supported weak peak
L12-0605,12,868.4541528900012,705.2394469021831,strong_peak_refined,Ga,Mixed,Mixed,image-supported strong peak
L12-0606,12,856.9000511659195,724.699848798287,lattice_completed,Pt,Pt,Pt,lattice continuity / liquid-front display
L12-0607,12,844.9241838338007,742.7445842753459,lattice_completed,Ga,Mixed,Mixed,lattice continuity / liquid-front display
L12-0608,12,833.1762719511526,756.4171025002681,weak_peak_refined,Ga,Liquid,Liquid,image-supported weak peak
L12-0609,12,821.156033728057,773.6953785456805,weak_peak_refined,Ga,Liquid,Liquid,image-supported weak peak
L12-0610,12,810.2286279078857,803.0431075458413,weak_peak_refined,Ga,Liquid,Liquid,image-supported weak peak
L12-0611,12,797.0207145053255,814.9235261835812,lattice_completed,Ga,Liquid,Liquid,lattice continuity / liquid-front display
L12-0612,12,786.8466317654538,835.8370753107362,strong_peak_refined,Ga,Liquid,Liquid,image-supported strong peak
L12-0613,12,773.0689798410879,851.0129971376989,lattice_completed,Ga,Liquid,Liquid,lattice continuity / liquid-front display
L12-0614,12,761.9418128919214,862.941481053146,weak_peak_refined,Ga,Liquid,Liquid,image-supported weak peak
L12-0615,12,751.0050092969135,883.6138517969828,weak_peak_refined,Ga,Liquid,Liquid,image-supported weak peak
L12-0616,12,738.3698944667045,909.1690356567656,strong_peak_refined,Ga,Liquid,Liquid,image-supported strong peak
L12-0617,12,725.1655105126127,923.1919390459342,lattice_completed,Ga,Liquid,Liquid,lattice continuity / liquid-front display
L12-0618,12,713.1896431804939,941.2366745229932,lattice_completed,Ga,Liquid,Liquid,lattice continuity / liquid-front display
L12-0619,12,701.2137758483751,959.281410000052,lattice_completed,Ga,Liquid,Liquid,lattice continuity / liquid-front display
L12-0620,12,689.583966312193,978.40169463497,strong_peak_refined,Ga,Liquid,Liquid,image-supported strong peak
L12-0621,12,677.2620411841375,995.3708809541696,lattice_completed,Ga,Liquid,Liquid,lattice continuity / liquid-front display
L12-0622,12,666.2550158693138,1021.6619205658086,weak_peak_refined,Ga,Liquid,Liquid,image-supported weak peak
L12-0623,12,653.3103065198999,1031.4603519082873,lattice_completed,Ga,Liquid,Liquid,lattice continuity / liquid-front display
L12-0624,12,988.0997946904988,561.2564414736353,lattice_completed,Pt,Pt,Pt,lattice continuity / liquid-front display
L12-0625,12,976.12392735838,579.3011769506941,lattice_completed,Pt,Pt,Pt,lattice continuity / liquid-front display
L12-0626,12,965.9207526942218,604.2977329954153,weak_peak_refined,Pt,Pt,Pt,image-supported weak peak
L12-0627,12,949.2472814115446,611.2917433486159,strong_peak_refined,Pt,Pt,Pt,image-supported strong peak
L12-0628,12,937.5967533498996,638.1916030065624,strong_peak_refined,Pt,Pt,Pt,image-supported strong peak
L12-0629,12,918.6526588318058,654.8430236743858,weak_peak_refined,Pt,Pt,Pt,image-supported weak peak
L12-0630,12,914.0790724108886,662.581945972298,weak_peak_refined,Pt,Pt,Pt,image-supported weak peak
L12-0631,12,901.7456652375018,692.9241250974222,strong_peak_refined,Pt,Pt,Pt,image-supported strong peak
L12-0632,12,892.2928560335486,705.6143252901059,lattice_completed,Ga,Mixed,Mixed,lattice continuity / liquid-front display
L12-0633,12,879.9975993714198,723.2422616296967,strong_peak_refined,Pt,Pt,Pt,image-supported strong peak
L12-0634,12,868.3411213693109,741.7037962442236,lattice_completed,Ga,Mixed,Mixed,lattice continuity / liquid-front display
L12-0635,12,856.3652540371921,759.7485317212825,lattice_completed,Ga,Liquid,Liquid,lattice continuity / liquid-front display
L12-0636,12,844.3893867050733,777.7932671983413,lattice_completed,Ga,Liquid,Liquid,lattice continuity / liquid-front display
L12-0637,12,833.5664650788699,801.1817421009334,weak_peak_refined,Ga,Liquid,Liquid,image-supported weak peak
L12-0638,12,820.4376520408357,813.882738152459,lattice_completed,Ga,Liquid,Liquid,lattice continuity / liquid-front display
L12-0639,12,808.4617847087169,831.9274736295177,lattice_completed,Ga,Liquid,Liquid,lattice continuity / liquid-front display
L12-0640,12,796.4859173765981,849.9722091065767,lattice_completed,Ga,Liquid,Liquid,lattice continuity / liquid-front display
L12-0641,12,784.5100500444793,868.0169445836354,lattice_completed,Ga,Liquid,Liquid,lattice continuity / liquid-front display
L12-0642,12,772.5341827123606,886.0616800606942,lattice_completed,Ga,Liquid,Liquid,lattice continuity / liquid-front display
L12-0643,12,761.1130575918343,900.9118102745484,strong_peak_refined,Ga,Liquid,Liquid,image-supported strong peak
L12-0644,12,748.582448048123,922.151151014812,lattice_completed,Pt,Pt,Pt,lattice continuity / liquid-front display
L12-0645,12,737.1527151620496,945.2934306730828,strong_peak_refined,Ga,Liquid,Liquid,image-supported strong peak
L12-0646,12,724.6307133838853,958.2406219689296,lattice_completed,Ga,Liquid,Liquid,lattice continuity / liquid-front display
L12-0647,12,712.8441948221777,970.6016788046194,weak_peak_refined,Ga,Liquid,Liquid,image-supported weak peak
L12-0648,12,700.9052008215092,1002.0957151598876,weak_peak_refined,Ga,Liquid,Liquid,image-supported weak peak
L12-0649,12,688.7031113875289,1012.374828400106,lattice_completed,Ga,Liquid,Liquid,lattice continuity / liquid-front display
L12-0650,12,676.7272440554101,1030.419563877165,lattice_completed,Ga,Liquid,Liquid,lattice continuity / liquid-front display
L12-0651,12,993.6593220701898,583.4387135171033,weak_peak_refined,Pt,Pt,Pt,image-supported weak peak
L12-0652,12,986.384670554086,593.0252093338966,strong_peak_refined,Pt,Pt,Pt,image-supported strong peak
L12-0653,12,978.285982869691,616.3988637068237,strong_peak_refined,Pt,Pt,Pt,image-supported strong peak
L12-0654,12,964.5709653673144,628.0155870355317,weak_peak_refined,Pt,Pt,Pt,image-supported weak peak
L12-0655,12,943.1433906638044,647.8749332860011,weak_peak_refined,Pt,Pt,Pt,image-supported weak peak
L12-0656,12,939.6615282332964,668.4840663048659,lattice_completed,Pt,Pt,Pt,lattice continuity / liquid-front display
L12-0657,12,921.1468694939452,680.9848980883667,weak_peak_refined,Pt,Pt,Pt,image-supported weak peak
L12-0658,12,916.417211280772,704.3781475730481,strong_peak_refined,Pt,Pt,Pt,image-supported strong peak
L12-0659,12,903.5119124648544,721.908015620498,strong_peak_refined,Pt,Pt,Pt,image-supported strong peak
L12-0660,12,892.8680804377323,738.524911063559,strong_peak_refined,Ga,Mixed,Mixed,image-supported strong peak
L12-0661,12,879.7821915727023,758.7077436901601,lattice_completed,Ga,Liquid,Liquid,lattice continuity / liquid-front display
L12-0662,12,867.8063242405835,776.752479167219,lattice_completed,Ga,Liquid,Liquid,lattice continuity / liquid-front display
L12-0663,12,855.8304569084647,794.7972146442778,lattice_completed,Ga,Liquid,Liquid,lattice continuity / liquid-front display
L12-0664,12,848.1810027091582,817.6829174172692,weak_peak_refined,Ga,Liquid,Liquid,image-supported weak peak
L12-0665,12,831.8787222442271,830.8866855983955,lattice_completed,Ga,Liquid,Liquid,lattice continuity / liquid-front display
L12-0666,12,821.4564807172178,850.9637708576176,strong_peak_refined,Ga,Liquid,Liquid,image-supported strong peak
L12-0667,12,807.9269875799895,866.9761565525132,lattice_completed,Ga,Liquid,Liquid,lattice continuity / liquid-front display
L12-0668,12,797.6621498654721,886.6348759066768,strong_peak_refined,Ga,Liquid,Liquid,image-supported strong peak
L12-0669,12,784.4910057688693,910.319783142206,weak_peak_refined,Ga,Liquid,Liquid,image-supported weak peak
L12-0670,12,771.9993855836332,921.1103629836896,lattice_completed,Ga,Liquid,Liquid,lattice continuity / liquid-front display
L12-0671,12,760.0235182515144,939.1550984607484,lattice_completed,Ga,Liquid,Liquid,lattice continuity / liquid-front display
L12-0672,12,748.2098358884454,962.5813251931622,strong_peak_refined,Ga,Liquid,Liquid,image-supported strong peak
L12-0673,12,736.5853131825343,975.3628652603792,strong_peak_refined,Ga,Liquid,Liquid,image-supported strong peak
L12-0674,12,723.720397443561,1002.011196465336,weak_peak_refined,Ga,Liquid,Liquid,image-supported weak peak
L12-0675,12,712.1695066811735,1013.339364550306,strong_peak_refined,Ga,Liquid,Liquid,image-supported strong peak
L12-0676,12,700.7120163958868,1029.8791891612243,strong_peak_refined,Ga,Liquid,Liquid,image-supported strong peak
L12-0677,12,688.1683142588015,1047.4235113231014,lattice_completed,Ga,Liquid,Liquid,lattice continuity / liquid-front display
L12-0678,12,1003.9080464222932,589.9017877044316,weak_peak_refined,Pt,Pt,Pt,image-supported weak peak
L12-0679,12,999.0060677651628,613.3090718425672,lattice_completed,Pt,Pt,Pt,lattice continuity / liquid-front display
L12-0680,12,987.646045851952,634.3566289791938,strong_peak_refined,Pt,Pt,Pt,image-supported strong peak
L12-0681,12,975.0543331009254,649.3985427966849,lattice_completed,Pt,Pt,Pt,lattice continuity / liquid-front display
L12-0682,12,958.7238804093116,672.4028544334246,strong_peak_refined,Pt,Pt,Pt,image-supported strong peak
L12-0683,12,946.6107735935582,690.9422128477747,strong_peak_refined,Pt,Pt,Pt,image-supported strong peak
L12-0684,12,939.1267311045688,703.5327492278614,lattice_completed,Pt,Pt,Pt,lattice continuity / liquid-front display
L12-0685,12,927.1508637724502,721.5774847049202,lattice_completed,Pt,Pt,Pt,lattice continuity / liquid-front display
L12-0686,12,916.7143325388124,734.8374188768091,weak_peak_refined,Pt,Pt,Pt,image-supported weak peak
L12-0687,12,903.1110413018212,757.1778543612811,strong_peak_refined,Ga,Liquid,Liquid,image-supported strong peak
L12-0688,12,891.2232617760938,775.7116911360966,lattice_completed,Ga,Liquid,Liquid,lattice continuity / liquid-front display
L12-0689,12,879.0160795794203,791.6437125536426,strong_peak_refined,Ga,Liquid,Liquid,image-supported strong peak
L12-0690,12,869.681836816647,808.7948087568276,weak_peak_refined,Ga,Liquid,Liquid,image-supported weak peak
L12-0691,12,856.19311503163,825.7604831338343,weak_peak_refined,Ga,Liquid,Liquid,image-supported weak peak
L12-0692,12,845.0940816920955,844.2940799745787,weak_peak_refined,Ga,Liquid,Liquid,image-supported weak peak
L12-0693,12,833.2689808510258,871.6669209647195,weak_peak_refined,Ga,Liquid,Liquid,image-supported weak peak
L12-0694,12,819.3680577833809,883.9801039984497,lattice_completed,Ga,Liquid,Liquid,lattice continuity / liquid-front display
L12-0695,12,808.5093186857118,907.71888501568,weak_peak_refined,Ga,Liquid,Liquid,image-supported weak peak
L12-0696,12,796.9374497345652,925.7826010463358,weak_peak_refined,Ga,Liquid,Liquid,image-supported weak peak
L12-0697,12,784.7190430256026,942.170454987026,strong_peak_refined,Ga,Liquid,Liquid,image-supported strong peak
L12-0698,12,771.4645884549058,956.159045906685,lattice_completed,Ga,Liquid,Liquid,lattice continuity / liquid-front display
L12-0699,12,759.0095767014016,982.8887010993076,weak_peak_refined,Ga,Liquid,Liquid,image-supported weak peak
L12-0700,12,747.5128537906681,992.2485168608029,lattice_completed,Ga,Liquid,Liquid,lattice continuity / liquid-front display
L12-0701,12,735.5946272069308,1010.8118894122152,strong_peak_refined,Ga,Liquid,Liquid,image-supported strong peak
L12-0702,12,723.5611191264305,1028.3379878149203,lattice_completed,Ga,Liquid,Liquid,lattice continuity / liquid-front display
L12-0703,12,712.5306555958891,1044.895055103737,strong_peak_refined,Ga,Liquid,Liquid,image-supported strong peak
L12-0704,12,1024.2811936136395,612.5511675324044,strong_peak_refined,Pt,Pt,Pt,image-supported strong peak
L12-0705,12,1010.4471379685544,630.3130192885037,lattice_completed,Pt,Pt,Pt,lattice continuity / liquid-front display
L12-0706,12,991.7318515379512,647.6734150017073,strong_peak_refined,Pt,Pt,Pt,image-supported strong peak
L12-0707,12,984.6682830763788,664.407293269782,strong_peak_refined,Pt,Pt,Pt,image-supported strong peak
L12-0708,12,972.5660551955336,691.6948948605751,weak_peak_refined,Pt,Pt,Pt,image-supported weak peak
L12-0709,12,962.5436686400792,702.491961196739,lattice_completed,Pt,Pt,Pt,lattice continuity / liquid-front display
L12-0710,12,950.5678013079604,720.5366966737979,lattice_completed,Pt,Pt,Pt,lattice continuity / liquid-front display
L12-0711,12,938.5919339758416,738.5814321508567,lattice_completed,Pt,Pt,Pt,lattice continuity / liquid-front display
L12-0712,12,926.6160666437228,756.6261676279155,lattice_completed,Ga,Liquid,Liquid,lattice continuity / liquid-front display
L12-0713,12,913.4783227120456,776.8614510163229,strong_peak_refined,Pt,Pt,Pt,image-supported strong peak
L12-0714,12,902.6643319794852,792.7156385820332,lattice_completed,Ga,Liquid,Liquid,lattice continuity / liquid-front display
L12-0715,12,890.4346163164129,809.1268394875948,strong_peak_refined,Ga,Liquid,Liquid,image-supported strong peak
L12-0716,12,878.7125973152475,828.8051095361509,lattice_completed,Ga,Liquid,Liquid,lattice continuity / liquid-front display
L12-0717,12,868.581007482607,853.4361911645143,weak_peak_refined,Ga,Liquid,Liquid,image-supported weak peak
L12-0718,12,854.7608626510099,864.8945804902686,lattice_completed,Ga,Liquid,Liquid,lattice continuity / liquid-front display
L12-0719,12,832.7239075818986,883.4419220319503,weak_peak_refined,Pt,Pt,Pt,image-supported weak peak
L12-0720,12,830.8091279867723,900.9840514443864,lattice_completed,Ga,Liquid,Liquid,lattice continuity / liquid-front display
L12-0721,12,818.8332606546536,919.0287869214452,lattice_completed,Ga,Liquid,Liquid,lattice continuity / liquid-front display
L12-0722,12,806.8573933225348,937.073522398504,lattice_completed,Ga,Liquid,Liquid,lattice continuity / liquid-front display
L12-0723,12,794.881525990416,955.1182578755628,lattice_completed,Ga,Liquid,Liquid,lattice continuity / liquid-front display
L12-0724,12,783.6970431323178,975.1394287629709,strong_peak_refined,Ga,Liquid,Liquid,image-supported strong peak
L12-0725,12,771.5803314555158,989.558331142318,strong_peak_refined,Ga,Liquid,Liquid,image-supported strong peak
L12-0726,12,759.3150323892297,1007.0082216137412,strong_peak_refined,Ga,Liquid,Liquid,image-supported strong peak
L12-0727,12,746.9780566619407,1027.297199783798,lattice_completed,Ga,Liquid,Liquid,lattice continuity / liquid-front display
L12-0728,12,736.2972018598673,1046.479555165078,strong_peak_refined,Ga,Liquid,Liquid,image-supported strong peak
L12-0729,12,1016.6021031929014,652.0526451612202,strong_peak_refined,Pt,Pt,Pt,image-supported strong peak
L12-0730,12,1003.6616948301144,670.4551180426379,weak_peak_refined,Pt,Pt,Pt,image-supported weak peak
L12-0731,12,996.8402825318574,677.8666008839521,weak_peak_refined,Pt,Pt,Pt,image-supported weak peak
L12-0732,12,983.8109639943574,709.8902223362062,weak_peak_refined,Pt,Pt,Pt,image-supported weak peak
L12-0733,12,964.7581821188364,717.7725837561815,weak_peak_refined,Pt,Pt,Pt,image-supported weak peak
L12-0734,12,952.6222223416696,736.2294009930926,weak_peak_refined,Pt,Pt,Pt,image-supported weak peak
L12-0735,12,948.7777615405222,762.3348652261969,weak_peak_refined,Pt,Pt,Pt,image-supported weak peak
L12-0736,12,942.1298657550656,769.8306195220792,weak_peak_refined,Pt,Pt,Pt,image-supported weak peak
L12-0737,12,930.219315074202,795.6501146726961,weak_peak_refined,Ga,Liquid,Liquid,image-supported weak peak
L12-0738,12,912.5452906476308,818.2170922434367,weak_peak_refined,Ga,Liquid,Liquid,image-supported weak peak
L12-0739,12,903.2397933054056,827.6110417476832,strong_peak_refined,Ga,Liquid,Liquid,image-supported strong peak
L12-0740,12,890.1536675186389,845.8090569820874,lattice_completed,Ga,Liquid,Liquid,lattice continuity / liquid-front display
L12-0741,12,878.1778001865201,863.8537924591462,lattice_completed,Ga,Liquid,Liquid,lattice continuity / liquid-front display
L12-0742,12,866.2019328544013,881.8985279362051,lattice_completed,Ga,Liquid,Liquid,lattice continuity / liquid-front display
L12-0743,12,854.2260655222825,899.943263413264,lattice_completed,Ga,Liquid,Liquid,lattice continuity / liquid-front display
L12-0744,12,842.2501981901638,917.9879988903228,lattice_completed,Ga,Liquid,Liquid,lattice continuity / liquid-front display
L12-0745,12,831.0629477868258,931.5726643330696,weak_peak_refined,Ga,Liquid,Liquid,image-supported weak peak
L12-0746,12,819.4914559293126,954.155032040203,strong_peak_refined,Ga,Liquid,Liquid,image-supported strong peak
L12-0747,12,806.5843071553428,974.7976904920064,strong_peak_refined,Ga,Liquid,Liquid,image-supported strong peak
L12-0748,12,796.0207224334072,986.7732936742004,weak_peak_refined,Ga,Liquid,Liquid,image-supported weak peak
L12-0749,12,782.5244757111276,1011.640996469414,strong_peak_refined,Ga,Liquid,Liquid,image-supported strong peak
L12-0750,12,770.394994197451,1026.2564117526758,lattice_completed,Ga,Liquid,Liquid,lattice continuity / liquid-front display
L12-0751,12,759.4668038777779,1046.4118044078243,strong_peak_refined,Ga,Liquid,Liquid,image-supported strong peak
L12-0752,12,1035.3579982940405,667.3105326933324,strong_peak_refined,Pt,Pt,Pt,image-supported strong peak
L12-0753,12,1020.653775297737,687.262189620305,strong_peak_refined,Pt,Pt,Pt,image-supported strong peak
L12-0754,12,1002.5255833572136,700.7543084536959,strong_peak_refined,Pt,Pt,Pt,image-supported strong peak
L12-0755,12,994.6104683544074,724.5245867984889,strong_peak_refined,Pt,Pt,Pt,image-supported strong peak
L12-0756,12,990.1436327283571,733.6577685275702,weak_peak_refined,Pt,Pt,Pt,image-supported weak peak
L12-0757,12,978.6316430216808,755.6733190691214,weak_peak_refined,Pt,Pt,Pt,image-supported weak peak
L12-0758,12,961.4740743826244,772.5893270427298,lattice_completed,Pt,Pt,Pt,lattice continuity / liquid-front display
L12-0759,12,941.469929711822,792.0196731553676,weak_peak_refined,Ga,Liquid,Liquid,image-supported weak peak
L12-0760,12,937.5223397183868,808.6787979968475,lattice_completed,Ga,Liquid,Liquid,lattice continuity / liquid-front display
L12-0761,12,930.492517835967,825.9644100422001,weak_peak_refined,Ga,Liquid,Liquid,image-supported weak peak
L12-0762,12,913.5706050541492,844.7682689509652,lattice_completed,Ga,Liquid,Liquid,lattice continuity / liquid-front display
L12-0763,12,901.5947377220303,862.813004428024,lattice_completed,Ga,Liquid,Liquid,lattice continuity / liquid-front display
L12-0764,12,889.7109906765389,889.2366804359693,weak_peak_refined,Ga,Liquid,Liquid,image-supported weak peak
L12-0765,12,877.6430030577927,898.9024753821417,lattice_completed,Ga,Liquid,Liquid,lattice continuity / liquid-front display
L12-0766,12,865.667135725674,916.9472108592006,lattice_completed,Ga,Liquid,Liquid,lattice continuity / liquid-front display
L12-0767,12,855.4426127273455,940.1459898414442,weak_peak_refined,Ga,Liquid,Liquid,image-supported weak peak
L12-0768,12,841.7154010614364,953.0366818133182,lattice_completed,Ga,Liquid,Liquid,lattice continuity / liquid-front display
L12-0769,12,830.4925360452036,974.1643336424156,strong_peak_refined,Ga,Liquid,Liquid,image-supported strong peak
L12-0770,12,818.3609257738707,987.517908669936,strong_peak_refined,Ga,Liquid,Liquid,image-supported strong peak
L12-0771,12,806.9915791031896,1005.7701316530496,strong_peak_refined,Ga,Liquid,Liquid,image-supported strong peak
L12-0772,12,794.7954992166507,1027.8618593703932,strong_peak_refined,Ga,Liquid,Liquid,image-supported strong peak
L12-0773,12,782.672557426719,1045.0994524501182,strong_peak_refined,Ga,Liquid,Liquid,image-supported strong peak
L12-0774,12,1035.2417825171244,705.7688203284855,weak_peak_refined,Pt,Pt,Pt,image-supported weak peak
L12-0775,12,1022.4018711025882,724.9981097906339,weak_peak_refined,Pt,Pt,Pt,image-supported weak peak
L12-0776,12,1007.3633059580508,743.4136780245684,weak_peak_refined,Pt,Pt,Pt,image-supported weak peak
L12-0777,12,1001.3216548386848,752.0285620582194,weak_peak_refined,Pt,Pt,Pt,image-supported weak peak
L12-0778,12,984.8910119181344,771.5485390116075,lattice_completed,Pt,Pt,Pt,lattice continuity / liquid-front display
L12-0779,12,968.2913963369132,783.3856633642897,weak_peak_refined,Ga,Liquid,Liquid,image-supported weak peak
L12-0780,12,960.939277253897,807.6380099657252,lattice_completed,Pt,Pt,Pt,lattice continuity / liquid-front display
L12-0781,12,948.9634099217782,825.682745442784,lattice_completed,Ga,Liquid,Liquid,lattice continuity / liquid-front display
L12-0782,12,936.9875425896594,843.727480919843,lattice_completed,Ga,Liquid,Liquid,lattice continuity / liquid-front display
L12-0783,12,925.0116752575406,861.7722163969017,lattice_completed,Ga,Liquid,Liquid,lattice continuity / liquid-front display
L12-0784,12,913.0358079254218,879.8169518739605,lattice_completed,Ga,Liquid,Liquid,lattice continuity / liquid-front display
L12-0785,12,901.0599405933028,897.8616873510193,lattice_completed,Ga,Liquid,Liquid,lattice continuity / liquid-front display
L12-0786,12,889.0840732611841,915.9064228280782,lattice_completed,Ga,Liquid,Liquid,lattice continuity / liquid-front display
L12-0787,12,878.2536985821346,939.2163452962636,strong_peak_refined,Ga,Liquid,Liquid,image-supported strong peak
L12-0788,12,865.1323385969466,951.995893782196,lattice_completed,Ga,Liquid,Liquid,lattice continuity / liquid-front display
L12-0789,12,853.9786158029485,964.8111448395474,weak_peak_refined,Ga,Liquid,Liquid,image-supported weak peak
L12-0790,12,841.180603932709,988.0853647363136,lattice_completed,Ga,Liquid,Liquid,lattice continuity / liquid-front display
L12-0791,12,830.7187580019904,1008.790102451226,strong_peak_refined,Ga,Liquid,Liquid,image-supported strong peak
L12-0792,12,817.2288692684714,1024.174835690431,lattice_completed,Ga,Liquid,Liquid,lattice continuity / liquid-front display
L12-0793,12,1044.2355514500014,716.3735445493088,lattice_completed,Pt,Pt,Pt,lattice continuity / liquid-front display
L12-0794,12,1030.5104003100223,737.6278087198385,strong_peak_refined,Pt,Pt,Pt,image-supported strong peak
L12-0795,12,1022.5350837878868,748.2042636804973,weak_peak_refined,Pt,Pt,Pt,image-supported weak peak
L12-0796,12,1004.183293643322,769.6309612698079,strong_peak_refined,Pt,Pt,Pt,image-supported strong peak
L12-0797,12,993.831708339745,796.4606779682135,weak_peak_refined,Pt,Pt,Pt,image-supported weak peak
L12-0798,12,984.3562147894072,806.597221934603,lattice_completed,Pt,Pt,Pt,lattice continuity / liquid-front display
L12-0799,12,972.3803474572884,824.6419574116618,lattice_completed,Pt,Pt,Pt,lattice continuity / liquid-front display
L12-0800,12,960.4044801251696,842.6866928887206,lattice_completed,Pt,Pt,Pt,lattice continuity / liquid-front display
L12-0801,12,948.4286127930508,860.7314283657795,lattice_completed,Ga,Liquid,Liquid,lattice continuity / liquid-front display
L12-0802,12,936.452745460932,878.7761638428383,lattice_completed,Ga,Liquid,Liquid,lattice continuity / liquid-front display
L12-0803,12,925.7611050864474,895.7884568332391,strong_peak_refined,Ga,Liquid,Liquid,image-supported strong peak
L12-0804,12,912.5010107966943,914.865634796956,lattice_completed,Ga,Liquid,Liquid,lattice continuity / liquid-front display
L12-0805,12,900.4771582742902,930.5921817668296,strong_peak_refined,Ga,Liquid,Liquid,image-supported strong peak
L12-0806,12,888.5492761324568,950.9551057510736,lattice_completed,Ga,Liquid,Liquid,lattice continuity / liquid-front display
L12-0807,12,876.573408800338,968.9998412281324,lattice_completed,Ga,Liquid,Liquid,lattice continuity / liquid-front display
L12-0808,12,864.5975414682192,987.0445767051912,lattice_completed,Ga,Liquid,Liquid,lattice continuity / liquid-front display
L12-0809,12,852.6216741361004,1005.0893121822502,lattice_completed,Ga,Liquid,Liquid,lattice continuity / liquid-front display
L12-0810,12,840.6458068039816,1023.1340476593087,lattice_completed,Ga,Liquid,Liquid,lattice continuity / liquid-front display
L12-0811,12,1031.724886989155,769.466962949363,lattice_completed,Pt,Pt,Pt,lattice continuity / liquid-front display
L12-0812,12,1020.9441084997594,794.086734053583,weak_peak_refined,Pt,Pt,Pt,image-supported weak peak
L12-0813,12,1007.7731523249174,805.5564339034806,lattice_completed,Pt,Pt,Pt,lattice continuity / liquid-front display
L12-0814,12,991.8476435758912,825.0131485444828,strong_peak_refined,Pt,Pt,Pt,image-supported strong peak
L12-0815,12,983.8214176606798,841.6459048575983,lattice_completed,Pt,Pt,Pt,lattice continuity / liquid-front display
L12-0816,12,971.845550328561,859.6906403346572,lattice_completed,Ga,Liquid,Liquid,lattice continuity / liquid-front display
L12-0817,12,959.8696829964422,877.735375811716,lattice_completed,Ga,Liquid,Liquid,lattice continuity / liquid-front display
L12-0818,12,947.8938156643234,895.7801112887748,lattice_completed,Ga,Liquid,Liquid,lattice continuity / liquid-front display
L12-0819,12,935.9179483322048,913.8248467658336,lattice_completed,Ga,Liquid,Liquid,lattice continuity / liquid-front display
L12-0820,12,923.9420810000858,931.8695822428924,lattice_completed,Ga,Liquid,Liquid,lattice continuity / liquid-front display
L12-0821,12,911.966213667967,949.9143177199512,lattice_completed,Ga,Liquid,Liquid,lattice continuity / liquid-front display
L12-0822,12,900.0324818909521,976.1272665189766,weak_peak_refined,Ga,Liquid,Liquid,image-supported weak peak
L12-0823,12,888.0144790037294,986.003788674069,lattice_completed,Ga,Liquid,Liquid,lattice continuity / liquid-front display
L12-0824,12,876.0386116716106,1004.0485241511278,lattice_completed,Ga,Liquid,Liquid,lattice continuity / liquid-front display
L12-0825,12,1032.4795449210878,805.8951169820061,strong_peak_refined,Pt,Pt,Pt,image-supported strong peak
L12-0826,12,1015.3197221051754,820.9665408685838,strong_peak_refined,Pt,Pt,Pt,image-supported strong peak
L12-0827,12,1007.23835519619,840.6051168264761,lattice_completed,Pt,Pt,Pt,lattice continuity / liquid-front display
L12-0828,12,995.2624878640712,858.6498523035349,lattice_completed,Ga,Liquid,Liquid,lattice continuity / liquid-front display
L12-0829,12,983.2866205319524,876.6945877805938,lattice_completed,Ga,Liquid,Liquid,lattice continuity / liquid-front display
L12-0830,12,972.1823932153052,896.3945546263286,strong_peak_refined,Ga,Liquid,Liquid,image-supported strong peak
L12-0831,12,959.3348858677148,912.7840587347114,lattice_completed,Ga,Liquid,Liquid,lattice continuity / liquid-front display
L12-0832,12,947.359018535596,930.8287942117702,lattice_completed,Ga,Liquid,Liquid,lattice continuity / liquid-front display
L12-0833,12,935.3831512034772,948.8735296888292,lattice_completed,Ga,Liquid,Liquid,lattice continuity / liquid-front display
L12-0834,12,923.2278583795702,974.3735239278916,weak_peak_refined,Ga,Liquid,Liquid,image-supported weak peak
L12-0835,12,911.4479485466752,993.1931829752788,weak_peak_refined,Ga,Liquid,Liquid,image-supported weak peak
L12-0836,12,998.760881964764,894.0731339472168,weak_peak_refined,Ga,Liquid,Liquid,image-supported weak peak
L12-0837,12,984.0753243560382,914.049546849438,strong_peak_refined,Ga,Liquid,Liquid,image-supported strong peak
L13-0000,13,613.6610250360927,615.8390725369638,lattice_completed,Ga,Liquid,Liquid,lattice continuity / liquid-front display
L13-0001,13,601.2655249160808,638.3929143124151,weak_peak_refined,Ga,Liquid,Liquid,image-supported weak peak
L13-0002,13,589.7092903718551,651.9285434910814,lattice_completed,Ga,Liquid,Liquid,lattice continuity / liquid-front display
L13-0003,13,576.8816562912803,669.0499224574761,strong_peak_refined,Ga,Liquid,Liquid,image-supported strong peak
L13-0004,13,649.0311710778857,599.9491834294856,weak_peak_refined,Ga,Liquid,Liquid,image-supported weak peak
L13-0005,13,637.0779625716029,614.7982845058414,lattice_completed,Ga,Liquid,Liquid,lattice continuity / liquid-front display
L13-0006,13,624.4055912592153,633.3079271049189,strong_peak_refined,Ga,Liquid,Liquid,image-supported strong peak
L13-0007,13,613.1262279073653,650.8877554599592,lattice_completed,Ga,Liquid,Liquid,lattice continuity / liquid-front display
L13-0008,13,600.3648517992615,668.4057726261694,strong_peak_refined,Ga,Liquid,Liquid,image-supported strong peak
L13-0009,13,589.1744932431277,686.9772264140768,lattice_completed,Ga,Liquid,Liquid,lattice continuity / liquid-front display
L13-0010,13,577.0468186829988,706.0179941521667,strong_peak_refined,Ga,Liquid,Liquid,image-supported strong peak
L13-0011,13,672.0403270138428,598.9605342822277,weak_peak_refined,Ga,Liquid,Liquid,image-supported weak peak
L13-0012,13,660.3264210969666,612.9180578118201,strong_peak_refined,Ga,Liquid,Liquid,image-supported strong peak
L13-0013,13,648.1107816645208,633.0160968267962,strong_peak_refined,Ga,Liquid,Liquid,image-supported strong peak
L13-0014,13,635.9884598509481,651.2701436070296,strong_peak_refined,Ga,Liquid,Liquid,image-supported strong peak
L13-0015,13,624.5672981107566,667.8917029058957,lattice_completed,Ga,Liquid,Liquid,lattice continuity / liquid-front display
L13-0016,13,612.5914307786379,685.9364383829545,lattice_completed,Ga,Liquid,Liquid,lattice continuity / liquid-front display
L13-0017,13,600.7587010950682,708.1683196550711,weak_peak_refined,Ga,Liquid,Liquid,image-supported weak peak
L13-0018,13,588.6396961144003,722.0259093370721,lattice_completed,Ga,Liquid,Liquid,lattice continuity / liquid-front display
L13-0019,13,576.9828344362861,738.1329330217942,strong_peak_refined,Ga,Liquid,Liquid,image-supported strong peak
L13-0020,13,707.8635723068608,576.6272374894793,lattice_completed,Ga,Liquid,Liquid,lattice continuity / liquid-front display
L13-0021,13,695.197039300647,591.8400726771064,strong_peak_refined,Ga,Liquid,Liquid,image-supported strong peak
L13-0022,13,683.8511068435172,611.9844524392008,strong_peak_refined,Ga,Liquid,Liquid,image-supported strong peak
L13-0023,13,671.6655137201125,630.8609726720913,strong_peak_refined,Ga,Liquid,Liquid,image-supported strong peak
L13-0024,13,659.9601029783857,648.8061793977147,lattice_completed,Ga,Liquid,Liquid,lattice continuity / liquid-front display
L13-0025,13,647.4561587342096,666.9476134050528,strong_peak_refined,Ga,Liquid,Liquid,image-supported strong peak
L13-0026,13,634.9580906743769,689.6211155164935,weak_peak_refined,Ga,Liquid,Liquid,image-supported weak peak
L13-0027,13,623.7960908787902,700.1045928840288,strong_peak_refined,Ga,Liquid,Liquid,image-supported strong peak
L13-0028,13,612.0566336499105,720.9851213059499,lattice_completed,Ga,Liquid,Liquid,lattice continuity / liquid-front display
L13-0029,13,600.3604091871824,744.1746269374239,weak_peak_refined,Ga,Liquid,Liquid,image-supported weak peak
L13-0030,13,588.1048989856729,757.0745922600677,lattice_completed,Ga,Liquid,Liquid,lattice continuity / liquid-front display
L13-0031,13,576.6780640620664,774.216398064784,strong_peak_refined,Ga,Liquid,Liquid,image-supported strong peak
L13-0032,13,719.5938148719223,595.5050120362728,strong_peak_refined,Ga,Liquid,Liquid,image-supported strong peak
L13-0033,13,707.3287751781336,611.6759204124746,lattice_completed,Ga,Liquid,Liquid,lattice continuity / liquid-front display
L13-0034,13,695.035449412171,631.8011004293214,strong_peak_refined,Ga,Liquid,Liquid,image-supported strong peak
L13-0035,13,683.377040513896,647.7653913665922,lattice_completed,Ga,Liquid,Liquid,lattice continuity / liquid-front display
L13-0036,13,671.401173181777,665.8101268436512,lattice_completed,Ga,Liquid,Liquid,lattice continuity / liquid-front display
L13-0037,13,659.4253058496583,683.85486232071,lattice_completed,Ga,Liquid,Liquid,lattice continuity / liquid-front display
L13-0038,13,647.8219457541908,701.3212343753371,strong_peak_refined,Ga,Liquid,Liquid,image-supported strong peak
L13-0039,13,635.4735711854207,719.9443332748276,lattice_completed,Ga,Liquid,Liquid,lattice continuity / liquid-front display
L13-0040,13,623.8645064039187,733.1385809120835,strong_peak_refined,Ga,Liquid,Liquid,image-supported strong peak
L13-0041,13,611.8404546591748,761.3608099497156,weak_peak_refined,Ga,Liquid,Liquid,image-supported weak peak
L13-0042,13,599.5459691890642,774.0785397060042,lattice_completed,Ga,Liquid,Liquid,lattice continuity / liquid-front display
L13-0043,13,587.5701018569455,792.123275183063,lattice_completed,Ga,Liquid,Liquid,lattice continuity / liquid-front display
L13-0044,13,742.7228906507074,596.1738298539046,weak_peak_refined,Ga,Liquid,Liquid,image-supported weak peak
L13-0045,13,730.0525721669047,615.5070830206563,weak_peak_refined,Ga,Liquid,Liquid,image-supported weak peak
L13-0046,13,718.1069868631432,622.9778618907268,strong_peak_refined,Ga,Liquid,Liquid,image-supported strong peak
L13-0047,13,706.0237322278459,647.1441277081212,strong_peak_refined,Ga,Liquid,Liquid,image-supported strong peak
L13-0048,13,693.9185369747636,668.885120544956,weak_peak_refined,Ga,Liquid,Liquid,image-supported weak peak
L13-0049,13,682.8422433851686,682.8140742895878,lattice_completed,Ga,Liquid,Liquid,lattice continuity / liquid-front display
L13-0050,13,670.8663760530496,700.8588097666466,lattice_completed,Ga,Liquid,Liquid,lattice continuity / liquid-front display
L13-0051,13,658.8905087209309,718.9035452437054,lattice_completed,Ga,Liquid,Liquid,lattice continuity / liquid-front display
L13-0052,13,647.3447487441991,742.1603843734819,weak_peak_refined,Ga,Liquid,Liquid,image-supported weak peak
L13-0053,13,634.9387740566933,754.993016197823,lattice_completed,Ga,Liquid,Liquid,lattice continuity / liquid-front display
L13-0054,13,622.9629067245744,773.037751674882,lattice_completed,Ga,Liquid,Liquid,lattice continuity / liquid-front display
L13-0055,13,610.9870393924557,791.0824871519408,lattice_completed,Ga,Liquid,Liquid,lattice continuity / liquid-front display
L13-0056,13,599.0111720603368,809.1272226289996,lattice_completed,Ga,Liquid,Liquid,lattice continuity / liquid-front display
L13-0057,13,766.1385175812727,591.5496088731711,lattice_completed,Ga,Liquid,Liquid,lattice continuity / liquid-front display
L13-0058,13,753.3505949223148,614.6285467524009,weak_peak_refined,Ga,Liquid,Liquid,image-supported weak peak
L13-0059,13,742.6457604788438,627.9772276962436,strong_peak_refined,Ga,Liquid,Liquid,image-supported strong peak
L13-0060,13,728.8956657304817,642.1816543324633,strong_peak_refined,Ga,Liquid,Liquid,image-supported strong peak
L13-0061,13,716.9649138648258,664.8749791031319,strong_peak_refined,Ga,Liquid,Liquid,image-supported strong peak
L13-0062,13,706.2591809206788,681.7732862584653,lattice_completed,Ga,Liquid,Liquid,lattice continuity / liquid-front display
L13-0063,13,694.2833135885598,699.8180217355243,lattice_completed,Ga,Liquid,Liquid,lattice continuity / liquid-front display
L13-0064,13,683.0313780814345,714.4679717861311,strong_peak_refined,Ga,Liquid,Liquid,image-supported strong peak
L13-0065,13,671.0754961718308,740.3288566173006,weak_peak_refined,Ga,Liquid,Liquid,image-supported weak peak
L13-0066,13,658.3557115922035,753.9522281667007,lattice_completed,Ga,Liquid,Liquid,lattice continuity / liquid-front display
L13-0067,13,647.5094245581008,770.185230660119,strong_peak_refined,Ga,Liquid,Liquid,image-supported strong peak
L13-0068,13,634.4039769279659,790.0416991208185,lattice_completed,Ga,Liquid,Liquid,lattice continuity / liquid-front display
L13-0069,13,624.5366717523207,801.1571683461107,weak_peak_refined,Ga,Liquid,Liquid,image-supported weak peak
L13-0070,13,610.4522422637283,826.1311700749361,lattice_completed,Ga,Liquid,Liquid,lattice continuity / liquid-front display
L13-0071,13,766.8918249564679,605.7105908025162,weak_peak_refined,Ga,Liquid,Liquid,image-supported weak peak
L13-0072,13,765.6037204525453,626.5982917961667,lattice_completed,Ga,Liquid,Liquid,lattice continuity / liquid-front display
L13-0073,13,753.6278531204266,644.6430272732255,lattice_completed,Ga,Liquid,Liquid,lattice continuity / liquid-front display
L13-0074,13,740.8471821156264,663.0273621170509,strong_peak_refined,Ga,Liquid,Liquid,image-supported strong peak
L13-0075,13,729.676118456189,680.7324982273431,lattice_completed,Ga,Liquid,Liquid,lattice continuity / liquid-front display
L13-0076,13,716.9765836239037,700.1565963904155,strong_peak_refined,Ga,Liquid,Liquid,image-supported strong peak
L13-0077,13,705.7243837919514,716.8219691814609,lattice_completed,Ga,Liquid,Liquid,lattice continuity / liquid-front display
L13-0078,13,693.7485164598324,734.8667046585197,lattice_completed,Ga,Liquid,Liquid,lattice continuity / liquid-front display
L13-0079,13,681.7726491277137,752.9114401355785,lattice_completed,Ga,Liquid,Liquid,lattice continuity / liquid-front display
L13-0080,13,669.7007461288587,770.2325207705666,strong_peak_refined,Ga,Liquid,Liquid,image-supported strong peak
L13-0081,13,657.8209144634761,789.000911089696,lattice_completed,Ga,Liquid,Liquid,lattice continuity / liquid-front display
L13-0082,13,646.7929791054232,806.2961421260087,strong_peak_refined,Ga,Liquid,Liquid,image-supported strong peak
L13-0083,13,633.8691797992385,825.0903820438139,lattice_completed,Ga,Liquid,Liquid,lattice continuity / liquid-front display
L13-0084,13,800.9965253201742,607.5127682879854,lattice_completed,Ga,Liquid,Liquid,lattice continuity / liquid-front display
L13-0085,13,789.0206579880555,625.5575037650444,lattice_completed,Ga,Liquid,Liquid,lattice continuity / liquid-front display
L13-0086,13,777.6006752476767,645.1217967752594,strong_peak_refined,Ga,Liquid,Liquid,image-supported strong peak
L13-0087,13,764.3213790237875,667.1854396340825,weak_peak_refined,Ga,Liquid,Liquid,image-supported weak peak
L13-0088,13,752.8082587984152,681.0519255783333,strong_peak_refined,Ga,Liquid,Liquid,image-supported strong peak
L13-0089,13,741.1171886595803,697.7364456732796,lattice_completed,Ga,Liquid,Liquid,lattice continuity / liquid-front display
L13-0090,13,729.1413213274616,715.7811811503386,lattice_completed,Ga,Liquid,Liquid,lattice continuity / liquid-front display
L13-0091,13,717.4431721799807,733.729218097118,strong_peak_refined,Ga,Liquid,Liquid,image-supported strong peak
L13-0092,13,705.189586663224,751.8706521044562,lattice_completed,Ga,Liquid,Liquid,lattice continuity / liquid-front display
L13-0093,13,693.213719331105,769.915387581515,lattice_completed,Ga,Liquid,Liquid,lattice continuity / liquid-front display
L13-0094,13,681.2378519989863,787.9601230585738,lattice_completed,Ga,Liquid,Liquid,lattice continuity / liquid-front display
L13-0095,13,669.2619846668674,806.0048585356326,lattice_completed,Ga,Liquid,Liquid,lattice continuity / liquid-front display
L13-0096,13,657.2861173347487,824.0495940126916,lattice_completed,Ga,Liquid,Liquid,lattice continuity / liquid-front display
L13-0097,13,645.3102500026298,842.0943294897504,lattice_completed,Ga,Liquid,Liquid,lattice continuity / liquid-front display
L13-0098,13,812.4375955235657,624.516715733922,lattice_completed,Ga,Liquid,Liquid,lattice continuity / liquid-front display
L13-0099,13,800.0810212618668,645.8737128919713,weak_peak_refined,Ga,Liquid,Liquid,image-supported weak peak
L13-0100,13,786.7970223842763,652.0342540337398,weak_peak_refined,Ga,Liquid,Liquid,image-supported weak peak
L13-0101,13,776.4186238006922,680.3546303601527,strong_peak_refined,Ga,Liquid,Liquid,image-supported strong peak
L13-0102,13,763.8322543925792,697.4213522092787,strong_peak_refined,Ga,Liquid,Liquid,image-supported strong peak
L13-0103,13,751.8618676399526,719.3495571833895,weak_peak_refined,Ga,Liquid,Liquid,image-supported weak peak
L13-0104,13,740.643122329959,731.7288519341876,strong_peak_refined,Ga,Liquid,Liquid,image-supported strong peak
L13-0105,13,728.6065241987342,750.829864073334,lattice_completed,Ga,Liquid,Liquid,lattice continuity / liquid-front display
L13-0106,13,716.6306568666153,768.8745995503928,lattice_completed,Ga,Liquid,Liquid,lattice continuity / liquid-front display
L13-0107,13,704.6547895344966,786.9193350274516,lattice_completed,Ga,Liquid,Liquid,lattice continuity / liquid-front display
L13-0108,13,693.7839095289929,806.3266344171615,strong_peak_refined,Ga,Liquid,Liquid,image-supported strong peak
L13-0109,13,681.1932742864683,828.1008574168096,weak_peak_refined,Ga,Liquid,Liquid,image-supported weak peak
L13-0110,13,669.3416839734799,839.7591810802709,strong_peak_refined,Ga,Liquid,Liquid,image-supported strong peak
L13-0111,13,656.7513202060213,859.098276935687,lattice_completed,Ga,Liquid,Liquid,lattice continuity / liquid-front display
L13-0112,13,813.3008909698132,640.484840509794,weak_peak_refined,Ga,Liquid,Liquid,image-supported weak peak
L13-0113,13,813.4959209600871,664.0728719961537,weak_peak_refined,Ga,Liquid,Liquid,image-supported weak peak
L13-0114,13,800.7540413315886,678.6175567692901,strong_peak_refined,Ga,Liquid,Liquid,image-supported strong peak
L13-0115,13,788.0144286050848,699.3859012183078,weak_peak_refined,Ga,Liquid,Liquid,image-supported weak peak
L13-0116,13,776.9223734820363,713.3010766794819,strong_peak_refined,Ga,Liquid,Liquid,image-supported strong peak
L13-0117,13,764.2713792886923,733.1626121943611,strong_peak_refined,Ga,Liquid,Liquid,image-supported strong peak
L13-0118,13,752.0234617342444,749.7890760422117,lattice_completed,Ga,Liquid,Liquid,lattice continuity / liquid-front display
L13-0119,13,741.4837756106925,768.1201756474551,strong_peak_refined,Ga,Liquid,Liquid,image-supported strong peak
L13-0120,13,728.0717270700068,785.8785469963293,lattice_completed,Ga,Liquid,Liquid,lattice continuity / liquid-front display
L13-0121,13,716.3725537996046,809.2081541335463,weak_peak_refined,Ga,Liquid,Liquid,image-supported weak peak
L13-0122,13,704.1199924057692,821.9680179504469,lattice_completed,Ga,Liquid,Liquid,lattice continuity / liquid-front display
L13-0123,13,692.1441250736502,840.0127534275059,lattice_completed,Ga,Liquid,Liquid,lattice continuity / liquid-front display
L13-0124,13,680.1682577415315,858.0574889045647,lattice_completed,Ga,Liquid,Liquid,lattice continuity / liquid-front display
L13-0125,13,835.3197359303485,658.524610625795,lattice_completed,Ga,Liquid,Liquid,lattice continuity / liquid-front display
L13-0126,13,823.753025299055,668.2948552058277,weak_peak_refined,Ga,Liquid,Liquid,image-supported weak peak
L13-0127,13,811.3152438707893,687.3667089401551,weak_peak_refined,Ga,Liquid,Liquid,image-supported weak peak
L13-0128,13,799.3921339339922,712.6588170569717,lattice_completed,Ga,Liquid,Liquid,lattice continuity / liquid-front display
L13-0129,13,787.7855962374708,733.7914346993261,weak_peak_refined,Ga,Liquid,Liquid,image-supported weak peak
L13-0130,13,775.4403992697546,748.7482880110892,lattice_completed,Ga,Liquid,Liquid,lattice continuity / liquid-front display
L13-0131,13,763.7954407260032,767.3132709574946,strong_peak_refined,Ga,Liquid,Liquid,image-supported strong peak
L13-0132,13,751.488664605517,784.8377589652071,lattice_completed,Ga,Liquid,Liquid,lattice continuity / liquid-front display
L13-0133,13,739.5127972733981,802.8824944422659,lattice_completed,Ga,Liquid,Liquid,lattice continuity / liquid-front display
L13-0134,13,727.5369299412794,820.9272299193246,lattice_completed,Ga,Liquid,Liquid,lattice continuity / liquid-front display
L13-0135,13,715.5610626091604,838.9719653963834,lattice_completed,Ga,Liquid,Liquid,lattice continuity / liquid-front display
L13-0136,13,703.5851952770417,857.0167008734425,lattice_completed,Ga,Liquid,Liquid,lattice continuity / liquid-front display
L13-0137,13,844.4386953512313,668.2291089840346,strong_peak_refined,Ga,Liquid,Liquid,image-supported strong peak
L13-0138,13,834.2935035906241,698.7158020606676,weak_peak_refined,Ga,Liquid,Liquid,image-supported weak peak
L13-0139,13,823.6076580279204,710.512033856266,strong_peak_refined,Ga,Liquid,Liquid,image-supported strong peak
L13-0140,13,810.8848088626912,732.9540939959094,weak_peak_refined,Ga,Liquid,Liquid,image-supported weak peak
L13-0141,13,798.8573368052648,747.707499979967,lattice_completed,Ga,Liquid,Liquid,lattice continuity / liquid-front display
L13-0142,13,788.1828995149394,767.6096155942445,weak_peak_refined,Ga,Liquid,Liquid,image-supported weak peak
L13-0143,13,774.9056021410272,783.7969709340848,lattice_completed,Ga,Liquid,Liquid,lattice continuity / liquid-front display
L13-0144,13,763.9325325155419,805.1595328232751,weak_peak_refined,Ga,Liquid,Liquid,image-supported weak peak
L13-0145,13,750.9538674767896,819.8864418882024,lattice_completed,Ga,Liquid,Liquid,lattice continuity / liquid-front display
L13-0146,13,738.9780001446707,837.9311773652612,lattice_completed,Ga,Liquid,Liquid,lattice continuity / liquid-front display
L13-0147,13,727.002132812552,855.97591284232,lattice_completed,Ga,Liquid,Liquid,lattice continuity / liquid-front display
L13-0148,13,715.5789592205633,875.0549936211683,strong_peak_refined,Ga,Liquid,Liquid,image-supported strong peak
L13-0149,13,858.2018763371314,692.5325055176684,lattice_completed,Ga,Liquid,Liquid,lattice continuity / liquid-front display
L13-0150,13,846.2260090050127,710.5772409947272,lattice_completed,Pt,Liquid,Liquid,lattice continuity / liquid-front display
L13-0151,13,835.4504349351591,728.2801248819196,strong_peak_refined,Ga,Liquid,Liquid,image-supported strong peak
L13-0152,13,822.274274340775,746.6667119488447,lattice_completed,Ga,Liquid,Liquid,lattice continuity / liquid-front display
L13-0153,13,809.8597195557568,757.8700923515051,weak_peak_refined,Ga,Liquid,Liquid,image-supported weak peak
L13-0154,13,798.3225396765374,782.7561829029623,lattice_completed,Ga,Liquid,Liquid,lattice continuity / liquid-front display
L13-0155,13,786.3466723444185,800.8009183800214,lattice_completed,Ga,Liquid,Liquid,lattice continuity / liquid-front display
L13-0156,13,774.3708050122998,818.8456538570802,lattice_completed,Ga,Liquid,Liquid,lattice continuity / liquid-front display
L13-0157,13,763.3246956175298,836.5091474149169,strong_peak_refined,Ga,Liquid,Liquid,image-supported strong peak
L13-0158,13,750.4190703480622,854.9351248111977,lattice_completed,Ga,Liquid,Liquid,lattice continuity / liquid-front display
L13-0159,13,857.667079208404,727.5811884406637,lattice_completed,Ga,Liquid,Liquid,lattice continuity / liquid-front display
L13-0160,13,845.6912118762853,745.6259239177225,lattice_completed,Ga,Liquid,Liquid,lattice continuity / liquid-front display
L13-0161,13,833.4612746028599,756.6485215638975,weak_peak_refined,Ga,Liquid,Liquid,image-supported weak peak
L13-0162,13,822.368780360332,785.4735306924372,weak_peak_refined,Ga,Liquid,Liquid,image-supported weak peak
L13-0163,13,810.1811553561033,803.0321680707715,weak_peak_refined,Ga,Liquid,Liquid,image-supported weak peak
L13-0164,13,800.6275470775304,814.6885014806361,weak_peak_refined,Ga,Liquid,Liquid,image-supported weak peak
L13-0165,13,787.0452211008,836.1396565872298,strong_peak_refined,Ga,Liquid,Liquid,image-supported strong peak
L13-0166,13,773.8360078835724,853.8943367800755,lattice_completed,Ga,Liquid,Liquid,lattice continuity / liquid-front display
L13-0167,13,857.1322820796765,762.629871363659,lattice_completed,Ga,Liquid,Liquid,lattice continuity / liquid-front display
L13-0168,13,845.1564147475578,780.6746068407178,lattice_completed,Ga,Liquid,Liquid,lattice continuity / liquid-front display
L13-0169,13,834.2742147415572,801.6299828762496,weak_peak_refined,Ga,Liquid,Liquid,image-supported weak peak
L13-0170,13,821.2046800833202,816.7640777948357,lattice_completed,Ga,Liquid,Liquid,lattice continuity / liquid-front display
L13-0171,13,811.0538061686203,835.8707872881138,weak_peak_refined,Ga,Liquid,Liquid,image-supported weak peak
L14-0000,14,648.3858011440682,632.912778075341,strong_peak_refined,Ga,Liquid,Liquid,image-supported strong peak
L14-0001,14,636.3352791283737,651.3887569708626,strong_peak_refined,Ga,Liquid,Liquid,image-supported strong peak
L14-0002,14,624.9288886759934,667.7590662886225,lattice_completed,Ga,Liquid,Liquid,lattice continuity / liquid-front display
L14-0003,14,612.9530213438745,685.8038017656816,lattice_completed,Ga,Liquid,Liquid,lattice continuity / liquid-front display
L14-0004,14,601.0029855513237,709.0627966033185,weak_peak_refined,Ga,Liquid,Liquid,image-supported weak peak
L14-0005,14,684.27342820786,612.5840718263239,lattice_completed,Ga,Liquid,Liquid,lattice continuity / liquid-front display
L14-0006,14,671.7947157835628,630.313236157284,strong_peak_refined,Ga,Liquid,Liquid,image-supported strong peak
L14-0007,14,658.692702152054,654.5209446195905,weak_peak_refined,Ga,Liquid,Liquid,image-supported weak peak
L14-0008,14,647.803552380576,666.8779678842163,strong_peak_refined,Ga,Liquid,Liquid,image-supported strong peak
L14-0009,14,636.3699588793847,684.7630137345593,lattice_completed,Ga,Liquid,Liquid,lattice continuity / liquid-front display
L14-0010,14,624.2690254329866,700.3820097706354,strong_peak_refined,Ga,Liquid,Liquid,image-supported strong peak
L14-0011,14,613.1665276167024,713.9720040153713,weak_peak_refined,Ga,Liquid,Liquid,image-supported weak peak
L14-0012,14,600.6427917363881,743.9710015466098,weak_peak_refined,Ga,Liquid,Liquid,image-supported weak peak
L14-0013,14,707.6903657433702,611.5432837952017,lattice_completed,Ga,Liquid,Liquid,lattice continuity / liquid-front display
L14-0014,14,694.8618270840024,632.911009559126,weak_peak_refined,Ga,Liquid,Liquid,image-supported weak peak
L14-0015,14,683.7386310791326,647.6327547493192,lattice_completed,Ga,Liquid,Liquid,lattice continuity / liquid-front display
L14-0016,14,672.6797424197019,662.6189977253623,strong_peak_refined,Ga,Liquid,Liquid,image-supported strong peak
L14-0017,14,659.786896414895,683.7222257034368,lattice_completed,Ga,Liquid,Liquid,lattice continuity / liquid-front display
L14-0018,14,648.1185911712678,701.4291199075429,strong_peak_refined,Ga,Liquid,Liquid,image-supported strong peak
L14-0019,14,635.8351617506573,719.8116966575546,lattice_completed,Ga,Liquid,Liquid,lattice continuity / liquid-front display
L14-0020,14,623.9510908423438,733.6246738573764,strong_peak_refined,Ga,Liquid,Liquid,image-supported strong peak
L14-0021,14,611.8834270864197,755.9011676116722,lattice_completed,Ga,Liquid,Liquid,lattice continuity / liquid-front display
L14-0022,14,731.1073032788804,610.5024957640792,lattice_completed,Ga,Liquid,Liquid,lattice continuity / liquid-front display
L14-0023,14,718.4748534199404,622.1647178280612,strong_peak_refined,Ga,Liquid,Liquid,image-supported strong peak
L14-0024,14,707.1555686146428,646.591966718197,lattice_completed,Ga,Liquid,Liquid,lattice continuity / liquid-front display
L14-0025,14,693.9546481046314,669.9016932333842,weak_peak_refined,Ga,Liquid,Liquid,image-supported weak peak
L14-0026,14,683.2038339504052,682.6814376723146,lattice_completed,Ga,Liquid,Liquid,lattice continuity / liquid-front display
L14-0027,14,671.2279666182865,700.7261731493734,lattice_completed,Ga,Liquid,Liquid,lattice continuity / liquid-front display
L14-0028,14,659.2520992861675,718.7709086264324,lattice_completed,Ga,Liquid,Liquid,lattice continuity / liquid-front display
L14-0029,14,647.2762319540489,736.8156441034912,lattice_completed,Ga,Liquid,Liquid,lattice continuity / liquid-front display
L14-0030,14,635.3003646219299,754.86037958055,lattice_completed,Ga,Liquid,Liquid,lattice continuity / liquid-front display
L14-0031,14,623.3244972898112,772.9051150576088,lattice_completed,Ga,Liquid,Liquid,lattice continuity / liquid-front display
L14-0032,14,743.2533548988984,628.721777925499,strong_peak_refined,Ga,Liquid,Liquid,image-supported strong peak
L14-0033,14,729.8763679864422,649.9397652462737,weak_peak_refined,Ga,Liquid,Liquid,image-supported weak peak
L14-0034,14,717.0483702501374,664.9671523108907,strong_peak_refined,Ga,Liquid,Liquid,image-supported strong peak
L14-0035,14,706.6207714859154,681.6406496411923,lattice_completed,Ga,Liquid,Liquid,lattice continuity / liquid-front display
L14-0036,14,695.5216990487605,695.4058952089586,strong_peak_refined,Ga,Liquid,Liquid,image-supported strong peak
L14-0037,14,683.6757538323455,713.9530692405431,strong_peak_refined,Ga,Liquid,Liquid,image-supported strong peak
L14-0038,14,671.408587339681,740.4608313634304,weak_peak_refined,Ga,Liquid,Liquid,image-supported weak peak
L14-0039,14,658.7173021574401,753.8195915494277,lattice_completed,Ga,Liquid,Liquid,lattice continuity / liquid-front display
L14-0040,14,647.9106518052444,770.0353230380252,strong_peak_refined,Ga,Liquid,Liquid,image-supported strong peak
L14-0041,14,634.7655674932025,789.9090625035453,lattice_completed,Ga,Liquid,Liquid,lattice continuity / liquid-front display
L14-0042,14,767.4883078140924,628.5820220475069,weak_peak_refined,Ga,Liquid,Liquid,image-supported weak peak
L14-0043,14,753.9894436856632,644.5103906559525,lattice_completed,Ga,Liquid,Liquid,lattice continuity / liquid-front display
L14-0044,14,740.8288274123074,663.4965330536929,strong_peak_refined,Ga,Liquid,Liquid,image-supported strong peak
L14-0045,14,722.3533342494436,685.1547403329799,weak_peak_refined,Ga,Liquid,Liquid,image-supported weak peak
L14-0046,14,716.4999893158758,699.83763313348,strong_peak_refined,Ga,Liquid,Liquid,image-supported strong peak
L14-0047,14,706.085974357188,716.6893325641877,lattice_completed,Ga,Liquid,Liquid,lattice continuity / liquid-front display
L14-0048,14,694.1101070250693,734.7340680412465,lattice_completed,Ga,Liquid,Liquid,lattice continuity / liquid-front display
L14-0049,14,684.3497337533532,747.4022492482345,weak_peak_refined,Ga,Liquid,Liquid,image-supported weak peak
L14-0050,14,670.1583723608317,770.8235389953643,lattice_completed,Ga,Liquid,Liquid,lattice continuity / liquid-front display
L14-0051,14,658.1825050287127,788.8682744724231,lattice_completed,Ga,Liquid,Liquid,lattice continuity / liquid-front display
L14-0052,14,647.3879686206086,805.4064612940805,strong_peak_refined,Ga,Liquid,Liquid,image-supported strong peak
L14-0053,14,777.5622325216349,645.4738658520286,strong_peak_refined,Ga,Liquid,Liquid,image-supported strong peak
L14-0054,14,765.2825166828239,661.3912789246571,strong_peak_refined,Ga,Liquid,Liquid,image-supported strong peak
L14-0055,14,753.4546465569358,679.5590735789478,lattice_completed,Ga,Liquid,Liquid,lattice continuity / liquid-front display
L14-0056,14,741.4787792248171,697.6038090560066,lattice_completed,Ga,Liquid,Liquid,lattice continuity / liquid-front display
L14-0057,14,729.5029118926982,715.6485445330654,lattice_completed,Ga,Liquid,Liquid,lattice continuity / liquid-front display
L14-0058,14,717.7725306613941,733.7841827936918,strong_peak_refined,Ga,Liquid,Liquid,image-supported strong peak
L14-0059,14,705.5511772284606,751.738015487183,lattice_completed,Ga,Liquid,Liquid,lattice continuity / liquid-front display
L14-0060,14,693.5753098963419,769.782750964242,lattice_completed,Ga,Liquid,Liquid,lattice continuity / liquid-front display
L14-0061,14,681.599442564223,787.8274864413008,lattice_completed,Ga,Liquid,Liquid,lattice continuity / liquid-front display
L14-0062,14,669.6235752321043,805.8722219183596,lattice_completed,Ga,Liquid,Liquid,lattice continuity / liquid-front display
L14-0063,14,648.2629894531623,826.7196906920318,weak_peak_refined,Ga,Liquid,Liquid,image-supported weak peak
L14-0064,14,800.8233187566836,642.4288145937078,lattice_completed,Ga,Liquid,Liquid,lattice continuity / liquid-front display
L14-0065,14,787.4388391560504,652.0859905713057,weak_peak_refined,Ga,Liquid,Liquid,image-supported weak peak
L14-0066,14,776.871584092446,678.5182855478256,lattice_completed,Ga,Liquid,Liquid,lattice continuity / liquid-front display
L14-0067,14,764.5483313018078,697.6604361324847,strong_peak_refined,Ga,Liquid,Liquid,image-supported strong peak
L14-0068,14,751.3339484767444,719.356610060027,weak_peak_refined,Ga,Liquid,Liquid,image-supported weak peak
L14-0069,14,740.8521856722845,731.8287355979113,strong_peak_refined,Ga,Liquid,Liquid,image-supported strong peak
L14-0070,14,728.9681147639708,750.6972274560608,lattice_completed,Ga,Liquid,Liquid,lattice continuity / liquid-front display
L14-0071,14,716.9922474318521,768.7419629331196,lattice_completed,Ga,Liquid,Liquid,lattice continuity / liquid-front display
L14-0072,14,705.0163800997332,786.7866984101786,lattice_completed,Ga,Liquid,Liquid,lattice continuity / liquid-front display
L14-0073,14,694.1155483131449,806.2742488755285,strong_peak_refined,Ga,Liquid,Liquid,image-supported strong peak
L14-0074,14,681.0646454354955,822.8761693642962,lattice_completed,Ga,Liquid,Liquid,lattice continuity / liquid-front display
L14-0075,14,813.721255730107,663.8731428275137,weak_peak_refined,Ga,Liquid,Liquid,image-supported weak peak
L14-0076,14,801.2797570711973,678.6249372989217,strong_peak_refined,Ga,Liquid,Liquid,image-supported strong peak
L14-0077,14,788.0649193981434,699.1280089198667,weak_peak_refined,Ga,Liquid,Liquid,image-supported weak peak
L14-0078,14,777.5066528908109,713.4760656872534,strong_peak_refined,Ga,Liquid,Liquid,image-supported strong peak
L14-0079,14,764.3609196315999,731.6117039478797,lattice_completed,Ga,Liquid,Liquid,lattice continuity / liquid-front display
L14-0080,14,743.4029209225864,752.7807870643056,weak_peak_refined,Pt,Liquid,Liquid,image-supported weak peak
L14-0081,14,740.4091849673623,767.7011749019973,lattice_completed,Ga,Liquid,Liquid,lattice continuity / liquid-front display
L14-0082,14,728.4333176352434,785.7459103790563,lattice_completed,Ga,Liquid,Liquid,lattice continuity / liquid-front display
L14-0083,14,716.1751380535791,809.2115318117807,weak_peak_refined,Ga,Liquid,Liquid,image-supported weak peak
L14-0084,14,704.4815829710058,821.8353813331739,lattice_completed,Ga,Liquid,Liquid,lattice continuity / liquid-front display
L14-0085,14,692.5057156388871,839.8801168102327,lattice_completed,Ga,Liquid,Liquid,lattice continuity / liquid-front display
L14-0086,14,817.8804685717507,668.9882118868355,weak_peak_refined,Ga,Liquid,Liquid,image-supported weak peak
L14-0087,14,811.7295918313478,694.4814449626397,lattice_completed,Ga,Liquid,Liquid,lattice continuity / liquid-front display
L14-0088,14,799.7537244992288,712.5261804396987,lattice_completed,Ga,Liquid,Liquid,lattice continuity / liquid-front display
L14-0089,14,787.6886230637795,733.4910974064146,weak_peak_refined,Ga,Liquid,Liquid,image-supported weak peak
L14-0090,14,775.8019898349912,748.6156513938163,lattice_completed,Ga,Liquid,Liquid,lattice continuity / liquid-front display
L14-0091,14,763.7006873552046,767.4776184237041,strong_peak_refined,Ga,Liquid,Liquid,image-supported strong peak
L14-0092,14,751.8502551707536,784.7051223479339,lattice_completed,Ga,Liquid,Liquid,lattice continuity / liquid-front display
L14-0093,14,739.8743878386349,802.7498578249929,lattice_completed,Ga,Liquid,Liquid,lattice continuity / liquid-front display
L14-0094,14,717.4962846532645,822.3611100127213,weak_peak_refined,Pt,Liquid,Liquid,image-supported weak peak
L14-0095,14,715.9226531743973,838.8393287791105,lattice_completed,Ga,Liquid,Liquid,lattice continuity / liquid-front display
L14-0096,14,823.170662034739,711.4853924085762,lattice_completed,Ga,Liquid,Liquid,lattice continuity / liquid-front display
L14-0097,14,811.0565262105198,732.6526693945399,weak_peak_refined,Ga,Liquid,Liquid,image-supported weak peak
L14-0098,14,799.2189273705014,747.574863362694,lattice_completed,Ga,Liquid,Liquid,lattice continuity / liquid-front display
L14-0099,14,787.2430600383827,765.6195988397528,lattice_completed,Ga,Liquid,Liquid,lattice continuity / liquid-front display
L14-0100,14,775.2671927062638,783.6643343168116,lattice_completed,Ga,Liquid,Liquid,lattice continuity / liquid-front display
L14-0101,14,763.848276263145,806.2987592402658,weak_peak_refined,Ga,Liquid,Liquid,image-supported weak peak
L14-0102,14,751.3154580420262,819.7538052709294,lattice_completed,Ga,Liquid,Liquid,lattice continuity / liquid-front display
L14-0103,14,739.3395907099075,837.7985407479882,lattice_completed,Ga,Liquid,Liquid,lattice continuity / liquid-front display
L14-0104,14,838.0410437541237,729.5418726729633,weak_peak_refined,Ga,Liquid,Liquid,image-supported weak peak
L14-0105,14,812.8058888514654,740.2812825310847,weak_peak_refined,Ga,Liquid,Liquid,image-supported weak peak
L14-0106,14,809.618670741356,757.5097748691045,weak_peak_refined,Ga,Liquid,Liquid,image-supported weak peak
L14-0107,14,798.684130241774,782.6235462856894,lattice_completed,Ga,Liquid,Liquid,lattice continuity / liquid-front display
L14-0108,14,786.7082629096553,800.6682817627482,lattice_completed,Ga,Liquid,Liquid,lattice continuity / liquid-front display
L14-0109,14,774.7323955775364,818.713017239807,lattice_completed,Ga,Liquid,Liquid,lattice continuity / liquid-front display
L15-0000,15,649.1083856689721,631.6334475496581,strong_peak_refined,Ga,Liquid,Liquid,image-supported strong peak
L15-0001,15,636.6985872632284,650.9761754151278,strong_peak_refined,Ga,Liquid,Liquid,image-supported strong peak
L15-0002,15,624.7239256338232,665.1169515755221,strong_peak_refined,Ga,Liquid,Liquid,image-supported strong peak
L15-0003,15,612.6637633727205,685.5238837460024,lattice_completed,Ga,Liquid,Liquid,lattice continuity / liquid-front display
L15-0004,15,600.6878960406018,703.5686192230612,lattice_completed,Ga,Liquid,Liquid,lattice continuity / liquid-front display
L15-0005,15,675.6090545342464,616.4551654560403,weak_peak_refined,Ga,Liquid,Liquid,image-supported weak peak
L15-0006,15,671.7209756001473,629.5166531912754,strong_peak_refined,Ga,Liquid,Liquid,image-supported strong peak
L15-0007,15,653.8287339647711,650.2388893294118,weak_peak_refined,Ga,Liquid,Liquid,image-supported weak peak
L15-0008,15,647.1944101771903,665.0591512435175,strong_peak_refined,Ga,Liquid,Liquid,image-supported strong peak
L15-0009,15,636.0807009082307,684.4830957148802,lattice_completed,Ga,Liquid,Liquid,lattice continuity / liquid-front display
L15-0010,15,624.7177246086477,700.4912168876349,strong_peak_refined,Ga,Liquid,Liquid,image-supported strong peak
L15-0011,15,613.3196424150254,713.8949391058321,weak_peak_refined,Ga,Liquid,Liquid,image-supported weak peak
L15-0012,15,600.8817268398809,744.0341369500462,weak_peak_refined,Ga,Liquid,Liquid,image-supported weak peak
L15-0013,15,707.4011077722162,611.2633657755225,lattice_completed,Ga,Liquid,Liquid,lattice continuity / liquid-front display
L15-0014,15,686.9365155892021,631.1522854876654,weak_peak_refined,Ga,Liquid,Liquid,image-supported weak peak
L15-0015,15,683.4493731079785,647.3528367296401,lattice_completed,Ga,Liquid,Liquid,lattice continuity / liquid-front display
L15-0016,15,674.9254231453461,661.872980341726,weak_peak_refined,Ga,Liquid,Liquid,image-supported weak peak
L15-0017,15,659.4976384437409,683.4423076837578,lattice_completed,Ga,Liquid,Liquid,lattice continuity / liquid-front display
L15-0018,15,648.1932224931819,701.2672565294391,strong_peak_refined,Ga,Liquid,Liquid,image-supported strong peak
L15-0019,15,635.5459037795033,719.5317786378755,lattice_completed,Ga,Liquid,Liquid,lattice continuity / liquid-front display
L15-0020,15,623.964382429782,733.528626342194,strong_peak_refined,Ga,Liquid,Liquid,image-supported strong peak
L15-0021,15,611.5941691152657,755.6212495919932,lattice_completed,Ga,Liquid,Liquid,lattice continuity / liquid-front display
L15-0022,15,730.8180453077264,610.2225777444002,lattice_completed,Ga,Liquid,Liquid,lattice continuity / liquid-front display
L15-0023,15,717.6687074744633,629.0889307037407,strong_peak_refined,Ga,Liquid,Liquid,image-supported strong peak
L15-0024,15,698.407453155936,648.8791307285921,weak_peak_refined,Pt,Liquid,Liquid,image-supported weak peak
L15-0025,15,694.8904433113701,664.3567841755766,lattice_completed,Ga,Liquid,Liquid,lattice continuity / liquid-front display
L15-0026,15,677.2649398596686,682.8958766702481,strong_peak_refined,Ga,Liquid,Liquid,image-supported strong peak
L15-0027,15,670.9387086471324,700.4462551296944,lattice_completed,Ga,Liquid,Liquid,lattice continuity / liquid-front display
L15-0028,15,658.9628413150135,718.4909906067533,lattice_completed,Ga,Liquid,Liquid,lattice continuity / liquid-front display
L15-0029,15,646.9869739828948,736.535726083812,lattice_completed,Ga,Liquid,Liquid,lattice continuity / liquid-front display
L15-0030,15,626.3691544789854,756.8171321988204,weak_peak_refined,Ga,Liquid,Liquid,image-supported weak peak
L15-0031,15,623.0352393186572,772.6251970379298,lattice_completed,Ga,Liquid,Liquid,lattice continuity / liquid-front display
L15-0032,15,743.628222484785,629.1025216217533,weak_peak_refined,Ga,Liquid,Liquid,image-supported weak peak
L15-0033,15,730.283248178999,645.2712606673956,lattice_completed,Ga,Liquid,Liquid,lattice continuity / liquid-front display
L15-0034,15,718.3073808468803,663.3159961444544,lattice_completed,Ga,Liquid,Liquid,lattice continuity / liquid-front display
L15-0035,15,706.3315135147614,681.3607316215132,lattice_completed,Ga,Liquid,Liquid,lattice continuity / liquid-front display
L15-0036,15,695.9325497810264,695.5051822551329,strong_peak_refined,Ga,Liquid,Liquid,image-supported strong peak
L15-0037,15,684.0026846162003,713.3237291899638,strong_peak_refined,Ga,Liquid,Liquid,image-supported strong peak
L15-0038,15,670.403911518405,735.4949380526898,lattice_completed,Ga,Liquid,Liquid,lattice continuity / liquid-front display
L15-0039,15,658.4280441862861,753.5396735297486,lattice_completed,Ga,Liquid,Liquid,lattice continuity / liquid-front display
L15-0040,15,637.3416450353567,771.6053291729328,weak_peak_refined,Ga,Liquid,Liquid,image-supported weak peak
L15-0041,15,625.4309352052618,790.7810311226448,weak_peak_refined,Ga,Liquid,Liquid,image-supported weak peak
L15-0042,15,767.7345503875925,628.232471108611,weak_peak_refined,Ga,Liquid,Liquid,image-supported weak peak
L15-0043,15,753.7001857145092,644.2304726362734,lattice_completed,Pt,Liquid,Liquid,lattice continuity / liquid-front display
L15-0044,15,740.5947751189991,662.9161627392834,strong_peak_refined,Ga,Liquid,Liquid,image-supported strong peak
L15-0045,15,722.735354460604,684.3882917731462,weak_peak_refined,Ga,Liquid,Liquid,image-supported weak peak
L15-0046,15,713.3111113864798,699.6052717552744,strong_peak_refined,Ga,Liquid,Liquid,image-supported strong peak
L15-0047,15,705.796716386034,716.4094145445086,lattice_completed,Ga,Liquid,Liquid,lattice continuity / liquid-front display
L15-0048,15,693.8208490539153,734.4541500215674,lattice_completed,Ga,Liquid,Liquid,lattice continuity / liquid-front display
L15-0049,15,684.1060419147507,747.740357358609,weak_peak_refined,Pt,Liquid,Liquid,image-supported weak peak
L15-0050,15,672.622060398081,764.91472523593,weak_peak_refined,Ga,Liquid,Liquid,image-supported weak peak
L15-0051,15,657.8932470575587,788.5883564527439,lattice_completed,Ga,Liquid,Liquid,lattice continuity / liquid-front display
L15-0052,15,648.4781194459121,804.0790343622659,weak_peak_refined,Ga,Liquid,Liquid,image-supported weak peak
L15-0053,15,777.2231869508842,645.874663241534,strong_peak_refined,Ga,Liquid,Liquid,image-supported strong peak
L15-0054,15,765.1412559179007,661.2344200822099,lattice_completed,Ga,Liquid,Liquid,lattice continuity / liquid-front display
L15-0055,15,745.2060488027219,683.3564486323712,weak_peak_refined,Ga,Liquid,Liquid,image-supported weak peak
L15-0056,15,734.1726948115266,700.0823024389557,weak_peak_refined,Ga,Liquid,Liquid,image-supported weak peak
L15-0057,15,729.2136539215442,715.3686265133864,lattice_completed,Pt,Liquid,Liquid,lattice continuity / liquid-front display
L15-0058,15,709.751835813333,735.6945977732279,weak_peak_refined,Ga,Liquid,Liquid,image-supported weak peak
L15-0059,15,707.0497008556737,748.1130521258967,strong_peak_refined,Ga,Liquid,Liquid,image-supported strong peak
L15-0060,15,693.2860519251878,769.5028329445629,lattice_completed,Ga,Liquid,Liquid,lattice continuity / liquid-front display
L15-0061,15,681.3101845930689,787.5475684216217,lattice_completed,Ga,Liquid,Liquid,lattice continuity / liquid-front display
L15-0062,15,669.3343172609502,805.5923038986805,lattice_completed,Ga,Liquid,Liquid,lattice continuity / liquid-front display
L15-0063,15,649.0899172059833,826.9743954262415,weak_peak_refined,Ga,Liquid,Liquid,image-supported weak peak
L15-0064,15,797.2240926898428,648.2207360430332,weak_peak_refined,Ga,Liquid,Liquid,image-supported weak peak
L15-0065,15,788.5581934534109,660.1936320510875,lattice_completed,Ga,Liquid,Liquid,lattice continuity / liquid-front display
L15-0066,15,776.582326121292,678.2383675281465,lattice_completed,Ga,Liquid,Liquid,lattice continuity / liquid-front display
L15-0067,15,757.2438670549935,700.9603075731029,weak_peak_refined,Ga,Liquid,Liquid,image-supported weak peak
L15-0068,15,752.6305914570544,714.327838482264,lattice_completed,Ga,Liquid,Liquid,lattice continuity / liquid-front display
L15-0069,15,740.5716348986654,731.7995567058857,strong_peak_refined,Ga,Liquid,Liquid,image-supported strong peak
L15-0070,15,728.6788567928168,750.4173094363817,lattice_completed,Ga,Liquid,Liquid,lattice continuity / liquid-front display
L15-0071,15,708.6655227028724,770.7516413339864,weak_peak_refined,Ga,Liquid,Liquid,image-supported weak peak
L15-0072,15,704.7271221285791,786.5067803904994,lattice_completed,Ga,Liquid,Liquid,lattice continuity / liquid-front display
L15-0073,15,695.732756673479,799.7182105546477,weak_peak_refined,Ga,Liquid,Liquid,image-supported weak peak
L15-0074,15,682.3819250516383,818.9959005175725,strong_peak_refined,Ga,Liquid,Liquid,image-supported strong peak
L15-0075,15,811.9751309889211,659.1528440199653,lattice_completed,Ga,Liquid,Liquid,lattice continuity / liquid-front display
L15-0076,15,794.01930446638,678.0153574028105,strong_peak_refined,Ga,Liquid,Liquid,image-supported strong peak
L15-0077,15,788.3407502970738,698.0672859669417,strong_peak_refined,Ga,Liquid,Liquid,image-supported strong peak
L15-0078,15,769.7229918067931,718.1152946909526,weak_peak_refined,Ga,Liquid,Liquid,image-supported weak peak
L15-0079,15,754.3210602830372,725.9668107350051,weak_peak_refined,Ga,Liquid,Liquid,image-supported weak peak
L15-0080,15,744.1225069468196,753.1017119897921,weak_peak_refined,Ga,Liquid,Liquid,image-supported weak peak
L15-0081,15,740.1199269962083,767.4212568823183,lattice_completed,Ga,Liquid,Liquid,lattice continuity / liquid-front display
L15-0082,15,728.1440596640894,785.4659923593772,lattice_completed,Ga,Liquid,Liquid,lattice continuity / liquid-front display
L15-0083,15,716.1681923319707,803.510727836436,lattice_completed,Ga,Liquid,Liquid,lattice continuity / liquid-front display
L15-0084,15,704.1923249998517,821.5554633134948,lattice_completed,Ga,Liquid,Liquid,lattice continuity / liquid-front display
L15-0085,15,692.216457667733,839.6001987905537,lattice_completed,Ga,Liquid,Liquid,lattice continuity / liquid-front display
L15-0086,15,817.9791248429403,669.8378323302728,strong_peak_refined,Ga,Liquid,Liquid,image-supported strong peak
L15-0087,15,811.4403338601937,694.2015269429606,lattice_completed,Ga,Liquid,Liquid,lattice continuity / liquid-front display
L15-0088,15,798.1331981874202,715.3860825478737,strong_peak_refined,Ga,Liquid,Liquid,image-supported strong peak
L15-0089,15,781.2278312704533,734.6827513546958,weak_peak_refined,Ga,Liquid,Liquid,image-supported weak peak
L15-0090,15,770.9396510850218,750.5965038143833,strong_peak_refined,Ga,Liquid,Liquid,image-supported strong peak
L15-0091,15,763.2994755461921,767.4898499901274,strong_peak_refined,Ga,Liquid,Liquid,image-supported strong peak
L15-0092,15,751.5609971995996,784.4252043282548,lattice_completed,Ga,Liquid,Liquid,lattice continuity / liquid-front display
L15-0093,15,739.5851298674809,802.4699398053137,lattice_completed,Ga,Liquid,Liquid,lattice continuity / liquid-front display
L15-0094,15,718.6967690424971,822.980791152372,weak_peak_refined,Pt,Liquid,Liquid,image-supported weak peak
L15-0095,15,715.6333952032433,838.5594107594313,lattice_completed,Ga,Liquid,Liquid,lattice continuity / liquid-front display
L15-0096,15,822.881404063585,711.2054743888972,lattice_completed,Ga,Liquid,Liquid,lattice continuity / liquid-front display
L15-0097,15,805.3090393280347,729.4699964973337,strong_peak_refined,Ga,Liquid,Liquid,image-supported strong peak
L15-0098,15,798.9296693993474,747.2949453430149,lattice_completed,Ga,Liquid,Liquid,lattice continuity / liquid-front display
L15-0099,15,786.9538020672287,765.3396808200737,lattice_completed,Ga,Liquid,Liquid,lattice continuity / liquid-front display
L15-0100,15,774.9779347351098,783.3844162971326,lattice_completed,Ga,Liquid,Liquid,lattice continuity / liquid-front display
L15-0101,15,755.8264364921893,806.4056670343066,weak_peak_refined,Ga,Liquid,Liquid,image-supported weak peak
L15-0102,15,743.3049528315296,821.616082095654,weak_peak_refined,Ga,Liquid,Liquid,image-supported weak peak
L15-0103,15,739.4598462349733,834.5852178638155,strong_peak_refined,Ga,Liquid,Liquid,image-supported strong peak
L15-0104,15,838.1997372049897,729.5720904409908,weak_peak_refined,Ga,Liquid,Liquid,image-supported weak peak
L15-0105,15,813.9027329355295,741.5122357410258,weak_peak_refined,Ga,Liquid,Liquid,image-supported weak peak
L15-0106,15,810.3707396027389,764.2988927889514,lattice_completed,Ga,Liquid,Liquid,lattice continuity / liquid-front display
L15-0107,15,798.39487227062,782.3436282660102,lattice_completed,Ga,Liquid,Liquid,lattice continuity / liquid-front display
L15-0108,15,786.4190049385013,800.3883637430691,lattice_completed,Ga,Liquid,Liquid,lattice continuity / liquid-front display
L15-0109,15,774.4431376063824,818.4330992201279,lattice_completed,Ga,Liquid,Liquid,lattice continuity / liquid-front display
L16-0000,16,645.0547500220263,659.7802943408891,strong_peak_refined,Ga,Liquid,Liquid,image-supported strong peak
L16-0001,16,634.581817924813,681.8261193187719,strong_peak_refined,Ga,Liquid,Liquid,image-supported strong peak
L16-0002,16,682.0750366160948,646.852534191545,lattice_completed,Ga,Liquid,Liquid,lattice continuity / liquid-front display
L16-0003,16,671.8828837916466,665.4451739056705,strong_peak_refined,Ga,Liquid,Liquid,image-supported strong peak
L16-0004,16,649.5930209951057,678.0756568859757,weak_peak_refined,Ga,Liquid,Liquid,image-supported weak peak
L16-0005,16,644.9404930815664,704.4987406402106,strong_peak_refined,Ga,Liquid,Liquid,image-supported strong peak
L16-0006,16,633.8085518740543,721.483720074289,strong_peak_refined,Ga,Liquid,Liquid,image-supported strong peak
L16-0007,16,705.4919741516051,645.8117461604228,lattice_completed,Ga,Liquid,Liquid,lattice continuity / liquid-front display
L16-0008,16,695.5603506000722,660.1974108096695,strong_peak_refined,Ga,Liquid,Liquid,image-supported strong peak
L16-0009,16,681.5402394873674,681.9012171145405,lattice_completed,Ga,Liquid,Liquid,lattice continuity / liquid-front display
L16-0010,16,671.3999276263731,699.9508116621632,strong_peak_refined,Ga,Liquid,Liquid,image-supported strong peak
L16-0011,16,657.5885048231298,717.9906880686582,lattice_completed,Ga,Liquid,Liquid,lattice continuity / liquid-front display
L16-0012,16,645.6126374910109,736.035423545717,lattice_completed,Ga,Liquid,Liquid,lattice continuity / liquid-front display
L16-0013,16,633.6367701588922,754.0801590227758,lattice_completed,Ga,Liquid,Liquid,lattice continuity / liquid-front display
L16-0014,16,732.5529875709842,639.1323632141266,weak_peak_refined,Ga,Liquid,Liquid,image-supported weak peak
L16-0015,16,716.9330443549964,662.8156936063593,lattice_completed,Ga,Liquid,Liquid,lattice continuity / liquid-front display
L16-0016,16,706.1435075445532,672.5422108113132,weak_peak_refined,Ga,Liquid,Liquid,image-supported weak peak
L16-0017,16,693.2087495949853,699.3921051773663,strong_peak_refined,Ga,Liquid,Liquid,image-supported strong peak
L16-0018,16,681.129988850174,716.9450409669719,strong_peak_refined,Ga,Liquid,Liquid,image-supported strong peak
L16-0019,16,668.1219419530092,735.4870587876736,strong_peak_refined,Ga,Liquid,Liquid,image-supported strong peak
L16-0020,16,657.0537076944024,753.0393709916535,lattice_completed,Ga,Liquid,Liquid,lattice continuity / liquid-front display
L16-0021,16,645.0778403622835,771.0841064687123,lattice_completed,Ga,Liquid,Liquid,lattice continuity / liquid-front display
L16-0022,16,754.6571941306802,637.5793289382251,weak_peak_refined,Ga,Liquid,Liquid,image-supported weak peak
L16-0023,16,742.9275277054602,656.7047474499938,weak_peak_refined,Ga,Liquid,Liquid,image-supported weak peak
L16-0024,16,728.3741145583879,679.8196410522959,lattice_completed,Ga,Liquid,Liquid,lattice continuity / liquid-front display
L16-0025,16,716.398247226269,697.8643765293548,lattice_completed,Ga,Liquid,Liquid,lattice continuity / liquid-front display
L16-0026,16,704.4223798941503,715.9091120064136,lattice_completed,Ga,Liquid,Liquid,lattice continuity / liquid-front display
L16-0027,16,691.3783517353755,736.0385039266788,strong_peak_refined,Ga,Liquid,Liquid,image-supported strong peak
L16-0028,16,680.9670688968332,751.7050502315084,strong_peak_refined,Ga,Liquid,Liquid,image-supported strong peak
L16-0029,16,669.8570987683324,768.68760181172,strong_peak_refined,Ga,Liquid,Liquid,image-supported strong peak
L16-0030,16,656.518910565675,788.0880539146489,lattice_completed,Ga,Liquid,Liquid,lattice continuity / liquid-front display
L16-0031,16,764.4092798671738,654.9571559218689,strong_peak_refined,Ga,Liquid,Liquid,image-supported strong peak
L16-0032,16,751.7910520938981,678.7788530211736,lattice_completed,Ga,Liquid,Liquid,lattice continuity / liquid-front display
L16-0033,16,739.8151847617792,696.8235884982324,lattice_completed,Ga,Liquid,Liquid,lattice continuity / liquid-front display
L16-0034,16,727.8393174296605,714.8683239752913,lattice_completed,Ga,Liquid,Liquid,lattice continuity / liquid-front display
L16-0035,16,715.8634500975415,732.9130594523501,lattice_completed,Ga,Liquid,Liquid,lattice continuity / liquid-front display
L16-0036,16,703.7213491819222,752.0157975661641,strong_peak_refined,Ga,Liquid,Liquid,image-supported strong peak
L16-0037,16,693.3414456511393,766.7372462745386,strong_peak_refined,Ga,Liquid,Liquid,image-supported strong peak
L16-0038,16,679.3395981726521,790.5884661847665,strong_peak_refined,Ga,Liquid,Liquid,image-supported strong peak
L16-0039,16,775.2079896294083,677.7380649900514,lattice_completed,Ga,Liquid,Liquid,lattice continuity / liquid-front display
L16-0040,16,767.2469079327577,692.4076128423587,weak_peak_refined,Ga,Liquid,Liquid,image-supported weak peak
L16-0041,16,751.2562549651707,713.827535944169,lattice_completed,Ga,Liquid,Liquid,lattice continuity / liquid-front display
L16-0042,16,736.8221016325987,735.4364481151097,strong_peak_refined,Ga,Liquid,Liquid,image-supported strong peak
L16-0043,16,718.4577949930109,746.1913058500941,weak_peak_refined,Pt,Liquid,Liquid,image-supported weak peak
L16-0044,16,715.3286529688141,767.9617423753455,lattice_completed,Ga,Liquid,Liquid,lattice continuity / liquid-front display
L16-0045,16,703.3527856366954,786.0064778524044,lattice_completed,Ga,Liquid,Liquid,lattice continuity / liquid-front display
L16-0046,16,692.9078961427357,803.5920068599983,strong_peak_refined,Ga,Liquid,Liquid,image-supported strong peak
L16-0047,16,786.6490598327996,694.7420124359879,lattice_completed,Ga,Liquid,Liquid,lattice continuity / liquid-front display
L16-0048,16,772.2843327147314,717.2749419454159,weak_peak_refined,Ga,Liquid,Liquid,image-supported weak peak
L16-0049,16,762.697325168562,730.8314833901055,lattice_completed,Ga,Liquid,Liquid,lattice continuity / liquid-front display
L16-0050,16,750.7214578364433,748.8762188671644,lattice_completed,Ga,Liquid,Liquid,lattice continuity / liquid-front display
L16-0051,16,740.756432813408,765.5031142034759,strong_peak_refined,Ga,Liquid,Liquid,image-supported strong peak
L16-0052,16,731.1682183395179,782.5560036910208,weak_peak_refined,Ga,Liquid,Liquid,image-supported weak peak
L16-0053,16,714.4170138658872,794.3714594858519,weak_peak_refined,Ga,Liquid,Liquid,image-supported weak peak
L16-0054,16,798.0901300361911,711.7459598819245,lattice_completed,Ga,Liquid,Liquid,lattice continuity / liquid-front display
L16-0055,16,787.2656463111468,734.8211730164343,weak_peak_refined,Ga,Liquid,Liquid,image-supported weak peak
L16-0056,16,774.1383953719535,747.8354308360421,lattice_completed,Ga,Liquid,Liquid,lattice continuity / liquid-front display
L16-0057,16,762.1625280398346,765.880166313101,lattice_completed,Ga,Liquid,Liquid,lattice continuity / liquid-front display
L16-0058,16,750.1866607077159,783.9249017901598,lattice_completed,Ga,Liquid,Liquid,lattice continuity / liquid-front display
L16-0059,16,738.210793375597,801.9696372672187,lattice_completed,Ga,Liquid,Liquid,lattice continuity / liquid-front display
L16-0060,16,791.7023686210945,747.8689377549572,strong_peak_refined,Ga,Liquid,Liquid,image-supported strong peak
L16-0061,16,784.523046128346,760.3580106725605,strong_peak_refined,Ga,Liquid,Liquid,image-supported strong peak
L16-0062,16,773.6035982432261,782.8841137590375,lattice_completed,Ga,Liquid,Liquid,lattice continuity / liquid-front display
