atom_id,x_px,y_px,x_nm,y_nm,manual_atom_class,integrated_intensity,peak_height,local_background,local_normalized_intensity,overlay_to_peak_shift_px,nearest_neighbor_distance_px,local_pt_fraction,local_alternation_metric,smoothed_order_metric,spatial_region,lattice_i,lattice_j,parity_i_plus_j,lattice_fit_residual_px,expected_column_from_110,pt_probability_from_intensity,intensity_confidence,audited_column_label,display_label
0,497.06166115593135,409.2436867814429,5.660778750234663,4.660665158549289,LM-like,4757.0,157.0,9.0,0.9148076923076924,0.0711466983250789,21.10644639379874,0.7275299995959874,0.6666666666666666,0.3824737672043715,Pt-rich,,,,,,,,,Pt-rich region
1,677.4297384386339,856.7594322585977,7.71489770346108,9.757191043288152,LM-like,4763.0,154.0,0.0,0.9353888452474468,0.228415871293676,20.611226448631808,0.5349616912087278,0.6666666666666666,0.6235528934209058,ordered-intermetallic,2.0,5.0,1.0,0.6752012318928823,Pt+Ga mixed projected column,0.08451099212078425,0.9154890078792157,Pt+Ga mixed projected column,Pt+Ga mixed projected column
2,366.14882659878606,571.1779854667816,4.169880035031608,6.504851320081776,Pt-like,5374.0,160.0,9.0,1.0343566547974208,0.2711391045608876,18.737955569692147,0.4692183476438793,0.6666666666666666,0.6269342165977606,ordered-intermetallic,-20.0,10.0,0.0,1.2167779053982817,Pt-rich projected column,0.756643762302156,0.756643762302156,uncertain intensity,uncertain intensity
3,515.2144254883151,654.2179234009773,5.867511215482147,7.450550320454359,LM-like,4283.0,165.0,0.0,0.8245259408990279,0.3705429798666254,19.902230092507143,0.5279161519588442,0.6666666666666666,0.6282949302860149,ordered-intermetallic,-11.0,6.0,1.0,1.671715693361992,Pt+Ga mixed projected column,0.001792720748732567,0.9982072792512674,Pt+Ga mixed projected column,Pt+Ga mixed projected column
4,281.6190817686795,699.0706511042118,3.2072143927363443,7.961354890016366,LM-like,4782.0,160.0,0.0,0.8934977578475336,0.3822710528513952,19.15858603407141,0.5272433155185302,0.6666666666666666,0.6282169680834536,ordered-intermetallic,-20.0,17.0,1.0,0.514989252868249,Pt+Ga mixed projected column,0.020407621699130046,0.97959237830087,Pt+Ga mixed projected column,Pt+Ga mixed projected column
5,790.4860409138722,411.65503239228354,9.002437589646677,4.688126729336251,Pt-like,4436.0,200.0,0.0,0.8325044571643051,0.394669301783015,19.874270004517392,1.0,0.0,0.0332292700086347,Pt-rich,,,,,,,,,Pt-rich region
6,646.3561572430511,528.3669305080107,7.361016722746164,6.017298307801245,Pt-like,6008.0,215.0,0.0,1.1312370551685182,0.4095284217419354,15.10265354128333,0.4723976471649447,0.6666666666666666,0.6249814840687558,ordered-intermetallic,-9.0,-3.0,0.0,3.722902908725104,Pt-rich projected column,0.98982032607371,0.98982032607371,Pt-rich projected column,Pt-rich projected column
7,577.2962473483032,495.0706019480522,6.574529047321381,5.638103604402232,Pt-like,5422.0,172.0,0.0,1.019125041116489,0.4139429086901188,20.36191931681379,0.4788099452347285,0.6666666666666666,0.582229209002512,Pt-rich,,,,,,,,,Pt-rich region
8,384.841621934601,887.6583832179383,4.382762634694172,10.10908325036044,Pt-like,5225.0,153.0,0.0,1.0202089231670408,0.431364577144676,19.934877919987887,0.4662670984908078,0.6666666666666666,0.6197254359845683,ordered-intermetallic,-10.0,18.0,0.0,1.1794872273188592,Pt-rich projected column,0.6528542368261848,0.6528542368261848,uncertain intensity,uncertain intensity
9,729.5575918186406,470.018320463282,8.30855492502724,5.352796098802044,LM-like,5562.0,184.0,0.0,0.9528867568956656,0.4320079649930455,19.44185692640285,0.6962752102797573,0.8,0.4116248942766567,Pt-rich,,,,,,,,,Pt-rich region
10,420.86554526297,833.1763062008079,4.793020507335332,9.488614990688186,LM-like,4259.0,129.0,0.0,0.7985375457016968,0.4330560924093168,20.36119786102979,0.5301973171250647,0.6666666666666666,0.6258013447008767,ordered-intermetallic,-10.0,15.0,1.0,0.9753663307919914,Pt+Ga mixed projected column,0.0007126864010103472,0.9992873135989897,Pt+Ga mixed projected column,Pt+Ga mixed projected column
11,924.076836024328,721.4688261520081,10.523834215629844,8.216436147057484,Pt-like,6074.0,168.0,0.0,1.0049636002647253,0.4403687698522338,19.54196666080289,0.7119735347072583,0.5,0.3339932775014703,Pt-rich,,,,,,,,,Pt-rich region
12,303.6214033656557,835.2838937525029,3.457787479106246,9.512617217693885,LM-like,5043.0,165.0,0.0,0.9331112961421038,0.447435223043245,17.929202970668932,0.5310324084350033,0.6666666666666666,0.6259404756097564,ordered-intermetallic,-15.0,20.0,1.0,2.514870580398973,Pt+Ga mixed projected column,0.0784560222746625,0.9215439777253375,Pt+Ga mixed projected column,Pt+Ga mixed projected column
13,202.26342489266528,578.4113678613381,2.303473768062149,6.587228579386395,Pt-like,5505.0,187.0,9.0,1.0487711945132403,0.4616636973096356,19.097465541682432,0.4746399703482188,0.6666666666666666,0.6272905693192083,ordered-intermetallic,-27.0,17.0,0.0,1.2782555681973078,Pt-rich projected column,0.8384316234058186,0.8384316234058186,Pt-rich projected column,Pt-rich projected column
14,877.3495120870347,724.5628760816077,9.991680836943525,8.251672685021228,Pt-like,6260.0,199.0,0.0,1.0479618314221144,0.4717983727591345,20.10347260293578,0.4702962275228893,0.6666666666666666,0.5652695330602759,Pt-rich,,,,,,,,,Pt-rich region
15,601.3002373960554,459.60344266406014,6.847898102716167,5.234186430144394,Pt-like,5386.0,182.0,0.0,1.053857065988358,0.4832055937265674,16.613075701722245,0.624586383681127,0.5,0.5169081315225926,Pt-rich,,,,,,,,,Pt-rich region
16,149.46781943905276,967.0948386780548,1.7022118627231504,11.013744048412866,Pt-like,4991.0,157.0,0.0,1.2102327837051403,0.498548784478138,19.98182060205145,0.4711732062035057,0.6666666666666666,0.5900003974867067,liquid-metal,,,,,,,,,amorphous liquid-metal
17,103.84263145254585,898.3403386504532,1.1826101416230834,10.230734528358251,Pt-like,5070.0,142.0,0.0,1.0312213973355029,0.50166655191312,20.1743248520455,0.4701630375440484,0.6666666666666666,0.6255369858569326,liquid-metal,,,,,,,,,amorphous liquid-metal
18,203.6188186095487,473.8161871337288,2.3189096476528066,5.396048042422668,Pt-like,5273.0,183.0,0.0,1.0258754863813229,0.5058650262767367,19.20559039651571,0.5579517752427904,0.5,0.5619479102980824,Pt-rich,,,,,,,,,Pt-rich region
19,835.6989614844367,480.8894847579408,9.517344209897177,5.476602178889578,Pt-like,5508.0,186.0,9.0,0.9540140296180826,0.509868248028956,20.60521007806601,1.0,0.0,0.0087839972572309,Pt-rich,,,,,,,,,Pt-rich region
20,754.6291559638147,431.9481679900446,8.594082030895951,4.919234778386527,Pt-like,5702.0,199.0,0.0,1.0319895027374326,0.5352219199858378,20.47583245948299,0.9462619265829288,0.0,0.1089740248071987,Pt-rich,,,,,,,,,Pt-rich region
21,624.7171817026368,458.18966793785455,7.114581597109713,5.218085679366086,Pt-like,5523.0,195.0,0.0,1.0294501397949674,0.5489975076856558,16.28901254566085,0.623715685593844,0.5,0.4976939530048183,Pt-rich,,,,,,,,,Pt-rich region
22,301.55887930270376,978.1166754470672,3.434298456918829,11.139266059556286,LM-like,3302.0,94.0,9.0,0.7687114422069607,0.581250842895635,19.213558961204704,0.5893886432075307,0.6666666666666666,0.5701889818422896,liquid-metal,,,,,,,,,amorphous liquid-metal
23,808.0604955476732,658.3541595206773,9.202583984173724,7.497655779116973,Pt-like,6095.0,179.0,0.0,1.1115163672836692,0.5865697245938616,18.987410216062504,0.468999554523027,0.6666666666666666,0.6189407009442425,ordered-intermetallic,2.0,-6.0,0.0,1.120608382692003,Pt-rich projected column,0.9796941526063019,0.9796941526063019,Pt-rich projected column,Pt-rich projected column
24,623.2693500021098,561.7943075212837,7.09809298902596,6.397985454407504,Pt-like,5746.0,188.0,0.0,1.1750511247443762,0.5996841786790589,17.99819861695367,0.4738006308495711,0.6666666666666666,0.6375071417701066,ordered-intermetallic,-9.0,-1.0,0.0,0.9800125829412988,Pt-rich projected column,0.9978370508515112,0.9978370508515112,Pt-rich projected column,Pt-rich projected column
25,439.6820301979493,391.4386314508642,5.007311744012761,4.457892571688132,Pt-like,4152.0,169.0,0.0,0.8414226365386563,0.5996875312041435,22.52666079387234,0.5970236517800892,0.5,0.3820384347779691,Pt-rich,,,,,,,,,Pt-rich region
26,706.810032636192,470.7243071372274,8.049494712376248,5.360836216707185,LM-like,6353.0,199.0,0.0,1.1291211232560203,0.6029185104160708,18.77390584330164,0.6266921534496854,0.6666666666666666,0.482837583314645,Pt-rich,,,,,,,,,Pt-rich region
27,421.609826330345,724.989747315244,4.801496740325422,8.256534101214212,LM-like,4811.0,155.0,0.0,0.9300212642567176,0.6078164477223491,20.78266718195879,0.5316271341441625,0.6666666666666666,0.6265228280992858,ordered-intermetallic,-13.0,12.0,1.0,2.397027009428029,Pt+Ga mixed projected column,0.07087534087952455,0.9291246591204755,Pt+Ga mixed projected column,Pt+Ga mixed projected column
28,302.4191988000927,908.5817106107024,3.444096191706715,10.347368228553528,LM-like,4274.0,119.0,0.0,0.8555700130117105,0.6264628965141962,19.878342076676077,0.5318516453560862,0.6666666666666666,0.6213034444457199,ordered-intermetallic,-13.0,22.0,1.0,0.8693976716303424,Pt+Ga mixed projected column,0.005383399964338704,0.9946166000356613,Pt+Ga mixed projected column,Pt+Ga mixed projected column
29,436.4921340255883,538.2461976094746,4.970983662651661,6.12980818262403,Pt-like,4802.0,169.0,0.0,0.9304398372408448,0.6266443733490344,18.17771734031609,0.4762395707729724,0.6,0.6281584305137053,ordered-intermetallic,-18.0,6.0,0.0,4.15237270879536,Pt-rich projected column,0.07186113140528307,0.928138868594717,uncertain intensity,uncertain intensity
30,720.0860072749911,414.2131606428744,8.20068793647082,4.717259931860147,Pt-like,4554.0,160.0,9.0,0.8225784601490178,0.6355534651766449,22.49913838976217,0.8032114261919068,0.0,0.2159726315593932,Pt-rich,,,,,,,,,Pt-rich region
31,214.3983997837624,560.9774555333242,2.4416727348430616,6.388682748653102,LM-like,5450.0,188.0,0.0,1.0450623202301057,0.6468579178314622,18.696928756216085,0.5307836426541332,0.6666666666666666,0.6251039854774693,ordered-intermetallic,-27.0,16.0,1.0,0.9072838423980908,Pt+Ga mixed projected column,0.819772242958002,0.819772242958002,uncertain intensity,uncertain intensity
32,875.006670277304,935.3567739362912,9.96499942059602,10.652295607497232,Pt-like,5088.0,161.0,0.0,1.149311045854981,0.6602819213476162,19.71978976059845,0.4695254669709658,0.6666666666666666,0.5909117983506313,liquid-metal,,,,,,,,,amorphous liquid-metal
33,556.2425010814948,386.7878044548531,6.3347587958744604,4.404926703089833,Pt-like,4572.0,153.0,0.0,0.8659910976418221,0.683361640359306,19.72349413939911,0.5940203116687703,0.5,0.390516021289324,Pt-rich,,,,,,,,,Pt-rich region
34,126.56320996775248,933.2297390104268,1.441363085378229,10.628071904382937,Pt-like,5037.0,173.0,0.0,1.0331248077120296,0.6855061578517471,20.280475633889782,0.4715874959980093,0.6666666666666666,0.6166340516584192,liquid-metal,,,,,,,,,amorphous liquid-metal
35,351.45337006618365,628.1719884777972,4.002521064172143,7.1539266086189786,LM-like,3744.0,154.0,9.0,0.6924357314592196,0.6873423925442375,19.80335271142894,0.5235850636827065,0.6666666666666666,0.6287896546353698,ordered-intermetallic,-19.0,12.0,1.0,3.255817567446077,Pt+Ga mixed projected column,1.643280157265637e-05,0.9999835671984273,Pt+Ga mixed projected column,Pt+Ga mixed projected column
36,819.0813915668638,710.0386207931282,9.328095281602891,8.086263436782676,LM-like,5149.0,153.0,9.0,0.9065140845070424,0.6908662889793102,19.20108632372289,0.5289237930261876,0.6666666666666666,0.6255323360540386,ordered-intermetallic,4.0,-5.0,1.0,0.8240711621568437,Pt+Ga mixed projected column,0.032025387533430115,0.9679746124665699,Pt+Ga mixed projected column,Pt+Ga mixed projected column
37,408.5499791950375,886.6163434011347,4.652764880835519,10.097215996631512,Pt-like,5344.0,157.0,0.0,1.055709205847491,0.695826796717598,20.736069586973432,0.4672925020780404,0.6666666666666666,0.6228910397007008,ordered-intermetallic,-9.0,17.0,0.0,1.357526794576492,Pt-rich projected column,0.8691148850197534,0.8691148850197534,Pt-rich projected column,Pt-rich projected column
38,859.1303109599164,478.7852949399339,9.784191757325518,5.452638646919453,Pt-like,5861.0,173.0,0.0,1.1689270043877145,0.7117999071471939,20.57024534422558,1.0,0.0,0.0021652887963072,Pt-rich,,,,,,,,,Pt-rich region
39,834.7042507802888,517.3779843023962,9.506015963008094,5.89215087031119,Pt-like,5686.0,169.0,0.0,0.947745645470456,0.7170914522601116,21.173290122845167,1.0,0.0,0.0490764002003149,Pt-rich,,,,,,,,,Pt-rich region
40,488.4827990445541,935.5008909922255,5.563078516769979,10.653936882275662,LM-like,3633.0,144.0,0.0,0.8047402813157604,0.7240220732977369,19.8470468108914,0.528804180094595,0.6666666666666666,0.6041343147544533,liquid-metal,,,,,,,,,amorphous liquid-metal
41,360.1834812890327,924.845852663963,4.1019437957152745,10.532592149287607,Pt-like,5456.0,129.0,0.0,1.1649407494395216,0.7261234706994437,21.10232225632792,0.5349946192542948,0.6,0.6084092662718946,liquid-metal,,,,,,,,,amorphous liquid-metal
42,82.62309684647464,517.8795561308133,0.940951812335372,5.897863013028891,Pt-like,2414.0,131.0,0.0,1.012796307950493,0.7313069131022191,19.1545404815599,0.3892713209399541,1.0,0.6554338286185006,liquid-metal,,,,,,,,,amorphous liquid-metal
43,225.71110109533868,578.4248218980335,2.570507252161092,6.587381800467363,Pt-like,5236.0,202.0,18.0,0.9559105431309904,0.7364580184842889,18.942771414898683,0.4740178328599904,0.6666666666666666,0.6275382088796666,ordered-intermetallic,-26.0,16.0,0.0,0.614461844256143,Pt-rich projected column,0.16066169705103991,0.8393383029489601,uncertain intensity,uncertain intensity
44,820.3079404302129,607.3041768123029,9.342063813647036,6.916273870394874,LM-like,5584.0,194.0,0.0,1.0196293252990047,0.7434967871340628,19.527825324107408,0.5265661326774471,0.6666666666666666,0.518798929771465,Pt-rich,,,,,,,,,Pt-rich region
45,785.79191380884,590.028725560816,8.948978598451758,6.7195326710883085,Pt-like,6159.0,173.0,0.0,1.144370122630992,0.74415636381906,18.91487537260527,0.4680808968345031,0.6666666666666666,0.5725031249538786,Pt-rich,,,,,,,,,Pt-rich region
46,881.4213878557773,514.4138543316283,10.038053328782246,5.858393923713386,Pt-like,5364.0,157.0,0.0,0.9298777845193724,0.7466838184818441,20.93062614769837,1.0,0.0,0.0036865645763374,Pt-rich,,,,,,,,,Pt-rich region
47,807.1726073910075,796.5196354840699,9.19247228415214,9.07115108457018,Pt-like,5549.0,184.0,0.0,1.0982681840672934,0.7580187652049394,18.75609512245621,0.4681385730478076,0.6666666666666666,0.6252632073903267,ordered-intermetallic,6.0,-2.0,0.0,1.3690440198674736,Pt-rich projected column,0.967877258494151,0.967877258494151,Pt-rich projected column,Pt-rich projected column
48,172.79050079448157,931.7360941640512,1.9678218450104152,10.611061554022989,Pt-like,4852.0,152.0,0.0,1.0699007717750826,0.7695336069655473,20.366932658212374,0.4708245964688843,0.6666666666666666,0.6164023441097408,liquid-metal,,,,,,,,,amorphous liquid-metal
49,445.096347868009,794.1692316925843,5.0689726138984375,9.044383548714828,LM-like,4731.0,151.0,0.0,0.8615916955017301,0.7922072674228544,19.285694746025385,0.5313218705723021,0.6666666666666666,0.6261738205615168,ordered-intermetallic,-10.0,13.0,1.0,2.484646835035172,Pt+Ga mixed projected column,0.006659366375682555,0.9933406336243175,Pt+Ga mixed projected column,Pt+Ga mixed projected column
50,410.0180203742078,676.4126626414443,4.669483644242439,7.703314752068853,Pt-like,5200.0,167.0,9.0,1.006484080131617,0.8174469255372249,18.480443372633932,0.4752595299593646,0.6666666666666666,0.6282537337068284,ordered-intermetallic,-15.0,11.0,0.0,1.355120775362408,Pt-rich projected column,0.5359080592006458,0.5359080592006458,uncertain intensity,uncertain intensity
51,179.50066928082637,475.5007218436622,2.0442404911189493,5.415232338929961,Pt-like,4072.0,159.0,0.0,0.7850395218816272,0.8205081402592884,20.386588413769115,0.5586127103348529,0.5,0.5653277715943985,Pt-rich,,,,,,,,,Pt-rich region
52,413.5527543572541,501.8126375785249,4.709738905475881,5.714885168970198,Pt-like,5761.0,200.0,0.0,1.1005826726525934,0.8386985225813411,17.658686653426173,0.4665676907685725,0.6666666666666666,0.5778105460243566,Pt-rich,,,,,,,,,Pt-rich region
53,581.8091763648678,932.8358018872638,6.625924466994016,10.623585557778483,LM-like,4231.0,132.0,0.0,0.9131818917606432,0.8431684940008571,20.35357129697607,0.5319845358291709,0.6666666666666666,0.6082029541407699,liquid-metal,,,,,,,,,amorphous liquid-metal
54,762.0482419079741,592.6111020849555,8.678574172094681,6.748942024686327,Pt-like,5659.0,206.0,0.0,1.134522854851644,0.8504636685827219,18.657988253458424,0.4670347256440852,0.6666666666666666,0.6101441431712289,Pt-rich,,,,,,,,,Pt-rich region
55,172.64604052936286,967.095100383505,1.9661766615996985,11.013747028841186,Pt-like,4530.0,164.0,0.0,1.0342465753424657,0.85674725456727,19.666501501209478,0.4685546517061022,0.6666666666666666,0.5883265290583788,liquid-metal,,,,,,,,,amorphous liquid-metal
56,767.758230204219,412.50669491234106,8.743602282161154,4.697825874276743,Pt-like,4163.0,157.0,0.0,0.7812705264145632,0.8684695206582101,20.44987164348841,0.9762466766070496,0.0,0.0442312524192139,Pt-rich,,,,,,,,,Pt-rich region
57,811.7592240390178,482.60953733129537,9.244706894232808,5.496190970014383,Pt-like,5493.0,184.0,0.0,0.9263069139966272,0.8693571367972425,20.26691004641477,1.0,0.0,0.0278733641017418,Pt-rich,,,,,,,,,Pt-rich region
58,659.1925901157668,474.52345906259984,7.50720423249234,5.4041027974329,LM-like,5485.0,186.0,0.0,0.990072202166065,0.8704385424033404,18.053230443632977,0.5853611598278198,0.6666666666666666,0.5490940448621695,Pt-rich,,,,,,,,,Pt-rich region
59,764.151384746458,520.5938180161527,8.702525780555312,5.928774340946176,Pt-like,6458.0,183.0,0.0,1.1022358764294249,0.8806671368955898,19.468962367971564,0.636545017063201,0.6,0.4690534404735189,Pt-rich,,,,,,,,,Pt-rich region
60,494.6311984395925,518.1262166202769,5.633099464598565,5.900672102054246,LM-like,4870.0,148.0,0.0,0.97938662644545,0.8940311495961294,18.9646640948308,0.5295291096751686,0.8,0.6263742764367606,ordered-intermetallic,-16.0,3.0,1.0,4.196130397957734,Pt+Ga mixed projected column,0.3059629272242828,0.6940370727757172,uncertain intensity,uncertain intensity
61,184.3122005928547,948.5308070124546,2.0990365382409064,10.802327871741888,LM-like,4049.0,131.0,0.0,0.8928335170893054,0.9043483849059456,20.366932658212374,0.5268908375012163,0.6666666666666666,0.6043312364107811,liquid-metal,,,,,,,,,amorphous liquid-metal
62,444.37705276196,830.7596026763648,5.0607809331278855,9.461092401388155,LM-like,5020.0,164.0,0.0,0.9776998734053948,0.9198539600459712,20.757575061420297,0.5306188859175586,0.6666666666666666,0.6257358437049996,ordered-intermetallic,-9.0,14.0,1.0,1.100441153948176,Pt+Ga mixed projected column,0.29338457328859685,0.7066154267114031,uncertain intensity,uncertain intensity
63,611.3714046061943,512.3753904048164,6.9625934288466,5.835178910000235,LM-like,5317.0,170.0,0.0,1.022696672437007,0.9219651905300748,20.48993411227608,0.5298912044898918,0.6666666666666666,0.626095978462904,ordered-intermetallic,-11.0,-2.0,1.0,3.7241939068530905,Pt+Ga mixed projected column,0.6726101786737846,0.6726101786737846,uncertain intensity,uncertain intensity
64,869.8247716511103,533.5083391756743,9.905985451261085,6.075851157893323,Pt-like,5857.0,161.0,0.0,0.976248020668389,0.924291381810504,19.676921233402908,1.0,0.0,0.0182362939920509,Pt-rich,,,,,,,,,Pt-rich region
65,758.3203863663535,906.8485631083896,8.636119549091017,10.327630306040458,Pt-like,5553.0,164.0,0.0,1.1565135895032803,0.9243088375372842,20.34974693103778,0.4713462416657786,0.6666666666666666,0.6039975404134954,liquid-metal,,,,,,,,,amorphous liquid-metal
66,148.5907990013983,1001.3180362353414,1.6922239295451005,11.403494384511704,Pt-like,3972.0,141.0,9.0,0.9348081901623913,0.9333779430666522,20.330587002158065,0.5275505205129539,0.5,0.5636423585365798,liquid-metal,,,,,,,,,amorphous liquid-metal
67,277.8273483534376,980.323002848672,3.164032297594183,11.164392783757906,LM-like,3639.0,123.0,0.0,0.8058015943312666,0.933885317069546,20.84450316623659,0.5899224821139712,0.6666666666666666,0.5650967283604691,liquid-metal,,,,,,,,,amorphous liquid-metal
68,889.0619024947963,706.1736031967979,10.125067207118454,8.042246745920401,LM-like,6112.0,173.0,0.0,1.0120880940553072,0.9470962048449582,20.20515362822359,0.5874612385154753,0.6666666666666666,0.468459636733789,Pt-rich,,,,,,,,,Pt-rich region
69,190.9104594224118,563.0548264165017,2.174180703019263,6.412340853614365,LM-like,5194.0,176.0,0.0,0.9482428115015974,0.9745834338913456,19.097465541682432,0.5329870600058784,0.6666666666666666,0.6237854593665011,ordered-intermetallic,-28.0,17.0,1.0,0.8369196452157229,Pt+Ga mixed projected column,0.12721671490802006,0.8727832850919799,Pt+Ga mixed projected column,Pt+Ga mixed projected column
70,374.8583265535416,692.9673333143686,4.269068035478868,7.891847353324987,LM-like,5074.0,157.0,0.0,0.9470835277648156,0.9787958144945562,19.136408706349588,0.532210073567197,0.6666666666666666,0.6278342189122059,ordered-intermetallic,-16.0,13.0,1.0,1.5615713167044891,Pt+Ga mixed projected column,0.12271236334135956,0.8772876366586404,Pt+Ga mixed projected column,Pt+Ga mixed projected column
71,493.2102890438654,619.6615369120378,5.616917460750922,7.057005467555076,LM-like,4600.0,165.0,0.0,0.8355281082553809,0.979844962225022,18.2881399987083,0.5373640095531376,0.6666666666666666,0.628336082688679,ordered-intermetallic,-13.0,6.0,1.0,0.6686673125872671,Pt+Ga mixed projected column,0.00264812723515917,0.9973518727648408,Pt+Ga mixed projected column,Pt+Ga mixed projected column
72,232.8137961582069,875.0078183770129,2.651396180886311,9.965012495711129,LM-like,4749.0,128.0,0.0,0.9539975893933308,0.98464243584592,19.44334412834081,0.5363171408917831,0.6666666666666666,0.619505668042529,ordered-intermetallic,-17.0,24.0,1.0,1.0508938298015953,Pt+Ga mixed projected column,0.15170480544948528,0.8482951945505147,Pt+Ga mixed projected column,Pt+Ga mixed projected column
73,448.3835493615896,552.5239029592391,5.106408855348496,6.292409600842652,LM-like,4767.0,176.0,0.0,0.957902140058274,0.9921740841594054,17.708840648720482,0.5288056239614395,0.6666666666666666,0.632456922232433,ordered-intermetallic,-17.0,6.0,1.0,1.5282589128097026,Pt+Ga mixed projected column,0.17043618337519928,0.8295638166248007,Pt+Ga mixed projected column,Pt+Ga mixed projected column
74,527.3752688650682,669.9726893789656,6.006004785096764,7.629973219930685,Pt-like,5582.0,162.0,9.0,1.0169429768628166,0.9969424751936584,19.902230092507143,0.4723842274178015,0.6666666666666666,0.6284903218941584,ordered-intermetallic,-10.0,6.0,0.0,0.5646200789697365,Pt-rich projected column,0.6261065506153166,0.6261065506153166,uncertain intensity,uncertain intensity
75,590.8983208669653,405.3428401383383,6.729436043275384,4.616240429162882,LM-like,4258.0,167.0,9.0,0.8767631009986616,1.000629911532271,21.574541600584077,0.7177803297747571,0.6666666666666666,0.3998534024880572,Pt-rich,,,,,,,,,Pt-rich region
76,751.2724082339475,574.9096523756126,8.555853763250159,6.547349348779743,LM-like,4931.0,164.0,0.0,0.921337817638266,1.0014773418805043,20.723414612044053,0.5272186677093701,0.6666666666666666,0.6082348084756843,Pt-rich,,,,,,,,,Pt-rich region
77,799.4579894171832,501.0833588504625,9.10461448117686,5.706579789880583,Pt-like,5961.0,191.0,0.0,1.0099110546378651,1.0056126501590463,20.127565672839168,0.9036464778313698,0.0,0.0855931578399719,Pt-rich,,,,,,,,,Pt-rich region
78,551.3967770966143,602.8581847883266,6.27957334604652,6.865640761587992,Pt-like,5191.0,161.0,0.0,0.953877251010658,1.0084943926998415,16.698168946716525,0.4746112484566258,0.6,0.6206619757666065,ordered-intermetallic,-11.0,3.0,0.0,3.998868442442464,Pt-rich projected column,0.15115529640790729,0.8488447035920927,uncertain intensity,uncertain intensity
79,388.07484165446334,607.0194108662482,4.419584105580647,6.913030817988724,Pt-like,5909.0,192.0,0.0,1.1064507068626532,1.0100853776841991,18.427970832839453,0.468239884718997,0.6666666666666666,0.6282818071121634,ordered-intermetallic,-18.0,10.0,0.0,0.8514859633062215,Pt-rich projected column,0.9757861119993119,0.9757861119993119,Pt-rich projected column,Pt-rich projected column
80,363.39472079314817,677.644543713688,4.1385149452675,7.717344009888409,Pt-like,6050.0,197.0,0.0,1.129258049463369,1.0132134175688408,18.45965215745076,0.4748510585550468,0.6666666666666666,0.6285074796982194,ordered-intermetallic,-17.0,13.0,0.0,0.6482801243298313,Pt-rich projected column,0.9890867463201161,0.9890867463201161,Pt-rich projected column,Pt-rich projected column
81,748.6475201034307,746.8048262054565,8.525960266905223,8.504974777023381,LM-like,4949.0,145.0,0.0,0.9265187681362912,1.0186934859608396,19.76542317254646,0.5322431720586175,0.6666666666666666,0.6261916591447911,ordered-intermetallic,2.0,-1.0,1.0,1.1274703467602232,Pt+Ga mixed projected column,0.06310413416170972,0.9368958658382903,Pt+Ga mixed projected column,Pt+Ga mixed projected column
82,634.5439336213356,512.1322156438334,7.226493403616446,5.832409518137736,LM-like,4941.0,161.0,0.0,0.9149152856217015,1.027486686654605,20.07721578333394,0.5255464443942656,0.6666666666666666,0.6127629647350711,ordered-intermetallic,-10.0,-3.0,1.0,4.557572752514711,Pt+Ga mixed projected column,0.04269133549794574,0.9573086645020543,Pt+Ga mixed projected column,Pt+Ga mixed projected column
83,887.2158325719665,881.5802418751288,10.104043269431727,10.039862435232022,LM-like,4025.0,146.0,0.0,0.8397663258919257,1.0293415124425211,20.658559846027032,0.5302707274930334,0.6666666666666666,0.6251823566379076,liquid-metal,,,,,,,,,amorphous liquid-metal
84,584.045700458458,859.374865494364,6.651395085737657,9.786976862715974,LM-like,4664.0,117.0,0.0,0.9280668590190032,1.0304782687479563,19.29359012043853,0.5303337517413651,0.6666666666666666,0.624763336035518,ordered-intermetallic,-2.0,9.0,1.0,1.0577805055038698,Pt+Ga mixed projected column,0.06643586983281424,0.9335641301671858,Pt+Ga mixed projected column,Pt+Ga mixed projected column
85,945.90081414115,895.1905552561097,10.77237624013842,10.194863270725794,Pt-like,4745.0,166.0,0.0,0.9663951120162932,1.0381705202874114,19.51365816054577,0.4338577290628795,0.75,0.624801048447819,liquid-metal,,,,,,,,,amorphous liquid-metal
86,140.020081995482,844.2102306563935,1.5946164564832308,9.614274662256136,LM-like,4862.0,181.0,0.0,0.958596214511041,1.0529070435304684,20.51969930466417,0.5299951084184655,0.6666666666666666,0.6256569267505481,ordered-intermetallic,-22.0,27.0,1.0,1.2006689447563603,Pt+Ga mixed projected column,0.173951880622096,0.826048119377904,Pt+Ga mixed projected column,Pt+Ga mixed projected column
87,588.6930249745621,478.0382933078645,6.70432106639975,5.444131430822008,LM-like,5930.0,185.0,0.0,1.2243844525886542,1.0545719815954313,18.53555765909134,0.5936150715176274,0.8,0.5518730012618167,Pt-rich,,,,,,,,,Pt-rich region
88,909.6399534372596,951.2177336408248,10.359420009998978,10.832927892523909,LM-like,4501.0,150.0,0.0,0.9766735380275576,1.0562149230871225,20.20508783316635,0.5293547915541545,0.6666666666666666,0.577263404149102,liquid-metal,,,,,,,,,amorphous liquid-metal
89,495.02421673824335,549.5994170053142,5.637575347184806,6.259104139494378,LM-like,4091.0,156.0,9.0,0.8059495665878644,1.0589338053105324,19.748951270249044,0.5246488614444752,0.6666666666666666,0.6322778381708039,ordered-intermetallic,-15.0,4.0,1.0,0.6839654465906971,Pt+Ga mixed projected column,0.000927248909483048,0.999072751090517,Pt+Ga mixed projected column,Pt+Ga mixed projected column
90,137.96733684830937,950.0000574936564,1.5712388013212149,10.819060407265583,LM-like,4117.0,102.0,0.0,0.847206502726618,1.0638624099567395,20.280475633889782,0.5306458712976714,0.6666666666666666,0.6059231195115484,liquid-metal,,,,,,,,,amorphous liquid-metal
91,959.5609046177456,807.2035640879272,10.927943961286676,9.192824833998156,LM-like,4007.0,138.5,4.5,0.7453497023809523,1.069740241932769,19.951919738549407,0.5429530798227206,0.6666666666666666,0.5765040324994554,Pt-rich,,,,,,,,,Pt-rich region
92,819.5125354860407,675.3250527504689,9.33300535720658,7.690928524281618,LM-like,4798.0,146.0,0.0,0.8740322433737134,1.0752388861722524,19.667853369760667,0.5261213639408382,0.6666666666666666,0.6174296242065755,Pt-rich,,,,,,,,,Pt-rich region
93,854.0929186779665,725.5551732312864,9.726823496172678,8.262973445183976,Pt-like,6234.0,187.0,0.0,1.0927256792287467,1.0817090245767746,21.094651103458684,0.4718488765074518,0.6666666666666666,0.60981824768526,Pt-rich,,,,,,,,,Pt-rich region
94,234.39503732714903,701.5949112905464,2.669404120559888,7.990102386634062,LM-like,4414.0,150.0,0.0,0.7966071106298502,1.09841518507778,19.285436050032708,0.5299786230159399,0.6666666666666666,0.6278099399651218,ordered-intermetallic,-22.0,19.0,1.0,1.0810928429158464,Pt+Ga mixed projected column,0.0006654665405353328,0.9993345334594647,Pt+Ga mixed projected column,Pt+Ga mixed projected column
95,238.4079626760125,491.239458275783,2.715105256487967,5.59447268618045,LM-like,5261.0,173.0,0.0,1.0054467271858576,1.1027362165310777,19.46715212038345,0.5881023517842779,0.6666666666666666,0.5679410020774449,Pt-rich,,,,,,,,,Pt-rich region
96,236.67785638337656,562.9794709039837,2.6954019687424893,6.41148266856951,LM-like,4818.0,161.0,0.0,0.8976245924545878,1.1059603495373038,18.942771414898683,0.5298720440755329,0.6666666666666666,0.6240147591491845,ordered-intermetallic,-26.0,15.0,1.0,2.5450898802767217,Pt+Ga mixed projected column,0.023555100269950266,0.9764448997300498,Pt+Ga mixed projected column,Pt+Ga mixed projected column
97,268.0980215003882,857.6801465198355,3.0532300148839258,9.767676582874795,Pt-like,5389.0,157.0,0.0,1.0793110354496296,1.1090008104549742,18.48694699606043,0.4736706631972411,0.6666666666666666,0.6237734116908553,ordered-intermetallic,-16.0,22.0,0.0,0.9671934168787832,Pt-rich projected column,0.9388815437338388,0.9388815437338388,Pt-rich projected column,Pt-rich projected column
98,837.3922422232589,444.7345517492225,9.536628110414096,5.0648523046064655,Pt-like,5590.0,165.0,0.0,1.1095122314295638,1.1102462776127655,19.84824004991927,1.0,0.0,0.0024505081936762,Pt-rich,,,,,,,,,Pt-rich region
99,846.4978369728542,534.9626236033515,9.640327030075069,6.09241325275666,Pt-like,6008.0,197.0,0.0,1.0163241140150554,1.1159759124013728,20.42983901022929,0.9521592276528648,0.0,0.0631719006970544,Pt-rich,,,,,,,,,Pt-rich region
100,445.03133557163017,759.8820047630369,5.068232222404574,8.65390401513767,LM-like,5361.0,145.0,0.0,0.9807006311168024,1.1180894218670443,19.754656174540653,0.5292341519098148,0.6666666666666666,0.6264669956946749,ordered-intermetallic,-11.0,12.0,1.0,1.5635960335102903,Pt+Ga mixed projected column,0.31596737204591774,0.6840326279540823,uncertain intensity,uncertain intensity
101,269.8345484734765,714.3863689168062,3.0730064244456843,8.135777696507827,Pt-like,5488.0,183.0,14.0,1.0484286942401375,1.122091223861856,19.32476227798853,0.4689961701022712,0.6666666666666666,0.627753423054083,ordered-intermetallic,-20.0,18.0,0.0,2.237953556469198,Pt-rich projected column,0.8367760687848862,0.8367760687848862,Pt-rich projected column,Pt-rich projected column
102,827.7518460048487,938.1752399634672,9.426838612809092,10.684393662611344,Pt-like,4964.0,141.0,0.0,1.1558970776574689,1.1254906148685326,19.441131648747568,0.467500267624473,0.6666666666666666,0.5904447757952241,liquid-metal,,,,,,,,,amorphous liquid-metal
103,738.9513834664396,593.6750103361775,8.415535970437842,6.761058326729642,Pt-like,4685.0,187.0,9.0,0.9101505585235552,1.126444888963396,17.106830801546206,0.4690730728601699,0.6666666666666666,0.6265935320129972,ordered-intermetallic,-3.0,-5.0,0.0,3.114440208566088,Pt-rich projected column,0.036282931458805685,0.9637170685411943,uncertain intensity,uncertain intensity
104,770.2698466401685,923.3204360839136,8.77220578563052,10.515219967048653,LM-like,3974.0,135.0,0.0,0.8276580235343122,1.128628907926731,20.122844550004928,0.5300992271623409,0.6666666666666666,0.5956924168739524,liquid-metal,,,,,,,,,amorphous liquid-metal
105,899.5967974502047,864.2009612787299,10.245043689233055,9.841938777097386,Pt-like,5032.0,161.0,0.0,1.0075082590849935,1.1303639120705098,19.647678040417787,0.4698869541398851,0.6666666666666666,0.6302312718392391,liquid-metal,,,,,,,,,amorphous liquid-metal
106,359.5047126137475,994.1238826175664,4.094213649551025,11.32156388150184,Pt-like,4631.0,148.0,0.0,1.0693915252280335,1.135975732076093,21.696648270508955,0.5643218095524504,0.5,0.5472684422934984,liquid-metal,,,,,,,,,amorphous liquid-metal
107,516.0064604863343,621.0837077485421,5.876531293344927,7.073201837300762,LM-like,4643.0,151.0,0.0,0.8634926538962246,1.142919843488616,16.957841917174864,0.5363617294278057,0.6666666666666666,0.6271810628800316,ordered-intermetallic,-12.0,5.0,1.0,3.1732776745825637,Pt+Ga mixed projected column,0.007121454183026057,0.992878545816974,Pt+Ga mixed projected column,Pt+Ga mixed projected column
108,811.1621257958769,518.066186858119,9.237906850474223,5.899988454071389,Pt-like,6470.0,168.0,0.0,1.094384303112314,1.1476416061847738,20.625306191877566,0.9453180778312146,0.0,0.1008355227147134,Pt-rich,,,,,,,,,Pt-rich region
109,485.5109078821106,427.3875034254724,5.5292331819653455,4.867295723191562,Pt-like,5222.0,182.0,0.0,1.061489988820002,1.1483295651949077,20.495328340330644,0.654310586974476,0.5,0.3937834964308646,Pt-rich,,,,,,,,,Pt-rich region
110,360.1612700525903,957.9879032598826,4.101690843405541,10.910029860569326,Pt-like,4828.0,156.0,0.0,1.0651958080529509,1.153560329941926,19.060907148638755,0.5299399657886527,0.6,0.5745592348358965,liquid-metal,,,,,,,,,amorphous liquid-metal
111,912.4857992287432,740.2993029709147,10.391829879119465,8.43088673008045,LM-like,6143.0,171.0,0.0,1.041451216410952,1.1559922281902304,20.403512454393272,0.5946737946408467,0.8,0.4747242741238606,Pt-rich,,,,,,,,,Pt-rich region
112,79.87876462120241,898.7399067524241,0.9096980288343914,10.23528500327448,Pt-like,5396.0,143.0,0.0,1.1026309067688378,1.167627978487674,19.93067180251249,0.4703911494134353,0.6666666666666666,0.6269404784068857,liquid-metal,,,,,,,,,amorphous liquid-metal
113,752.049343168882,505.3432086729128,8.564701874286856,5.755093021212968,LM-like,5699.0,185.0,0.0,0.9603167916420928,1.1680268367705589,18.91354316052701,0.6445172381572282,0.8,0.4617435933201832,Pt-rich,,,,,,,,,Pt-rich region
114,237.69309253226965,527.3628186949732,2.706963969329618,6.005862996534462,LM-like,5307.0,185.0,0.0,1.0706072221101472,1.1799982218775886,20.287898189260048,0.5280143603280864,0.6666666666666666,0.6062606246599247,liquid-metal,,,,,,,,,amorphous liquid-metal
115,414.4801286270789,467.456584910999,4.720300292463423,5.323621814580725,Pt-like,4991.0,200.0,0.0,0.924002591872628,1.182017973577534,19.588423107426877,0.6208391761452718,0.5,0.5114435764718752,Pt-rich,,,,,,,,,Pt-rich region
116,947.8716866976968,791.034417985825,10.794821490616147,9.00868277312916,Pt-like,5640.0,168.0,0.0,1.0491071428571428,1.182178604159889,19.951919738549407,0.4682797808071031,0.8,0.5420435953183895,Pt-rich,,,,,,,,,Pt-rich region
117,738.0922933809849,628.1319953143143,8.405752236788038,7.153471147118544,Pt-like,5364.0,199.0,0.0,1.123586091328027,1.1918063159187415,18.3187614063916,0.4739795177396218,0.6666666666666666,0.6311665583206799,ordered-intermetallic,-2.0,-4.0,0.0,2.664862389365096,Pt-rich projected column,0.9866821674786239,0.9866821674786239,Pt-rich projected column,Pt-rich projected column
118,682.7472826760666,473.3679059539496,7.775456470662498,5.390942799401664,LM-like,5495.0,174.0,0.0,0.9766284546343196,1.1957970673365137,18.33500245592748,0.5832032760643449,0.6666666666666666,0.5286413330701972,Pt-rich,,,,,,,,,Pt-rich region
119,459.625816742953,502.00571176863554,5.234441236982762,5.717083991285432,Pt-like,5206.0,160.0,0.0,0.9882308276385724,1.2036195272907626,17.95659178998632,0.4707460309741811,0.6666666666666666,0.6005375587399555,Pt-rich,,,,,,,,,Pt-rich region
120,354.3859127956372,556.5922102802704,4.035918279979214,6.338741453471884,LM-like,4316.0,164.0,9.0,0.8954356846473029,1.2215464163047525,18.737955569692147,0.5273320344304399,0.6666666666666666,0.6231163066156828,ordered-intermetallic,-21.0,10.0,1.0,1.348537618031152,Pt+Ga mixed projected column,0.021830786287043595,0.9781692137129564,Pt+Ga mixed projected column,Pt+Ga mixed projected column
121,617.5258588892356,913.3375356731322,7.032683332670024,10.40152986594602,Pt-like,4953.0,160.0,0.0,1.056865464632455,1.2248509786431443,20.781268086304795,0.4709677257308903,0.6666666666666666,0.6214830825419899,ordered-intermetallic,1.0,9.0,0.0,2.0577771866373133,Pt-rich projected column,0.8737184720213357,0.8737184720213357,Pt-rich projected column,Pt-rich projected column
122,257.3508576753516,836.5773777870436,2.930836112154476,9.527348039860833,LM-like,4372.0,137.0,0.0,0.8551171091878148,1.2285484365181567,18.279598683150173,0.5268261224565975,0.6666666666666666,0.6218718220948065,ordered-intermetallic,-17.0,22.0,1.0,3.4301968407726484,Pt+Ga mixed projected column,0.005297905727072291,0.9947020942729277,Pt+Ga mixed projected column,Pt+Ga mixed projected column
123,317.29382140237885,645.2947488809065,3.613495592475158,7.348928890649484,Pt-like,5847.0,204.0,0.0,1.0550342836521112,1.2314211295628803,18.89364974500824,0.4726460573910372,0.6666666666666666,0.6286531523081389,ordered-intermetallic,-20.0,14.0,0.0,0.9421368850297652,Pt-rich projected column,0.8663623464623128,0.8663623464623128,Pt-rich projected column,Pt-rich projected column
124,340.12956777300377,644.4183505394476,3.8735601235032906,7.338948042203973,Pt-like,6156.0,200.0,0.0,1.193138870045547,1.2322594442406123,17.840645113761777,0.4696882390229252,0.6666666666666666,0.6288435262387326,ordered-intermetallic,-19.0,13.0,0.0,1.4159471047490777,Pt-rich projected column,0.9988614808033242,0.9988614808033242,Pt-rich projected column,Pt-rich projected column
125,834.1161262780827,552.6606176525997,9.499318116554118,6.293966573933719,Pt-like,6086.0,185.0,0.0,1.070065934065934,1.233686924846812,20.845658718239918,0.8697502047329615,0.1666666666666666,0.1820453553556027,Pt-rich,,,,,,,,,Pt-rich region
126,739.8314839183518,557.5666028553316,8.425558980308832,6.349838307673967,Pt-like,6086.0,210.0,0.0,1.0875625446747677,1.2430527121279755,20.72261505868995,0.4697218531230726,0.6666666666666666,0.6060347906500012,Pt-rich,,,,,,,,,Pt-rich region
127,773.7084851662428,641.0229285186415,8.81136666529457,7.300279333016546,LM-like,4521.0,134.0,0.0,0.9102990033222592,1.2585063527435327,18.732158778397945,0.5278575587161908,0.6666666666666666,0.6275127945947099,ordered-intermetallic,0.0,-5.0,1.0,0.7417243488608881,Pt+Ga mixed projected column,0.036467837424904705,0.9635321625750953,Pt+Ga mixed projected column,Pt+Ga mixed projected column
128,863.2952340603276,919.4913281518864,9.831623917207535,10.47161223282194,LM-like,3951.0,126.0,0.0,0.8924779760560199,1.259333753423702,19.71978976059845,0.5318351470106464,0.6666666666666666,0.605313748948618,liquid-metal,,,,,,,,,amorphous liquid-metal
129,766.0300066440412,448.9564106587037,8.723920435884057,5.112932877036256,Pt-like,6286.0,201.0,0.0,1.1082022125258937,1.2690222509099744,20.47583245948299,0.9427956497181824,0.0,0.0855085168389766,Pt-rich,,,,,,,,,Pt-rich region
130,913.6101289616722,670.1199002065781,10.404634290237434,7.631649728078217,Pt-like,5756.0,182.0,0.0,0.953611663353214,1.2721427374074294,20.051827015660653,0.8332608492256981,0.0,0.1783385853653118,Pt-rich,,,,,,,,,Pt-rich region
131,635.5762688485426,476.670102989546,7.238250136782512,5.428549817341291,LM-like,5344.0,173.0,0.0,0.9767866934746848,1.29424270844996,20.25848090891345,0.5856192920894634,0.6666666666666666,0.5512373610024907,Pt-rich,,,,,,,,,Pt-rich region
132,434.4699373528912,639.7236847256572,4.947953908300907,7.285482915933008,Pt-like,5354.0,172.5,4.5,1.005540426331111,1.310233801938555,18.935142428140047,0.4688669547187817,0.6666666666666666,0.6280790748381824,ordered-intermetallic,-15.0,9.0,0.0,0.5765933541999597,Pt-rich projected column,0.527558551066295,0.527558551066295,uncertain intensity,uncertain intensity
133,723.252768226071,890.4245281043443,8.23675254273568,10.14058544700265,LM-like,4385.0,145.0,0.0,0.9299119923656028,1.3140816328070042,19.85241111343077,0.5324445028211633,0.6666666666666666,0.6177362779389607,liquid-metal,,,,,,,,,amorphous liquid-metal
134,867.4393658834257,603.811605591698,9.878819295961572,6.876498779104783,Pt-like,5897.0,186.0,0.0,1.0129691660225029,1.31542483182727,19.4537138710708,0.7473685926332861,0.25,0.2703811873566905,Pt-rich,,,,,,,,,Pt-rich region
135,474.3815576992857,410.1771562968984,5.402486756034314,4.671295961143869,LM-like,5200.0,210.0,0.0,1.0919781604367913,1.3226259864400869,20.495328340330644,0.7258360109144112,0.6666666666666666,0.3810799597391242,Pt-rich,,,,,,,,,Pt-rich region
136,154.32510005681675,650.8633974037992,1.7575289250792017,7.41234735497564,Pt-like,6190.0,228.0,0.0,1.16991116991117,1.330951235882805,18.870751335417005,0.4702778197113294,0.6666666666666666,0.62811145676937,ordered-intermetallic,-27.0,21.0,0.0,1.0230675822441848,Pt-rich projected column,0.9974047213300788,0.9974047213300788,Pt-rich projected column,Pt-rich projected column
137,267.09135659547354,928.920572589544,3.041765627771277,10.578997031760832,Pt-like,5266.0,140.0,0.0,1.144533797000652,1.338289911526497,19.05547605129725,0.4673978038775082,0.6666666666666666,0.6142899584114754,liquid-metal,,,,,,,,,amorphous liquid-metal
138,893.6916585164421,532.0538499213519,10.177793109263382,6.0592867303650255,Pt-like,6046.0,191.0,0.0,1.0607948065619792,1.3447057178315869,19.949667891046555,1.0,0.0,0.004321093415697,Pt-rich,,,,,,,,,Pt-rich region
139,527.9209398159385,635.056606999935,6.012219149962731,7.232331976160217,Pt-like,6261.0,178.0,0.0,1.1644039427189885,1.34692209675517,18.362917284166496,0.4750309887071723,0.6666666666666666,0.6271165424583713,ordered-intermetallic,-11.0,5.0,0.0,0.5327751643555154,Pt-rich projected column,0.9968454712064652,0.9968454712064652,Pt-rich projected column,Pt-rich projected column
140,412.5707873156003,538.9252029265655,4.698555789582578,6.137541023779684,Pt-like,5555.0,185.0,0.0,1.1078978859194255,1.347270413571056,17.896281585034327,0.472898502115155,0.6,0.6199577337102379,ordered-intermetallic,-19.0,7.0,0.0,3.810617200681415,Pt-rich projected column,0.9769719375778523,0.9769719375778523,Pt-rich projected column,Pt-rich projected column
141,294.911861819816,610.9923159385505,3.3585990049995926,6.958276183639512,Pt-like,6384.0,182.0,0.0,1.1971309361961464,1.351054132122716,18.827362644414944,0.4733383717699119,0.6666666666666666,0.6282913279784264,ordered-intermetallic,-22.0,14.0,0.0,0.5629004472369502,Pt-rich projected column,0.9990119124036949,0.9990119124036949,Pt-rich projected column,Pt-rich projected column
142,335.0526411570314,414.1410846167043,3.815741626221962,4.7164390951929285,LM-like,4340.0,198.0,0.0,0.9314304109883036,1.353666599018984,20.43126863686138,0.7271610592603757,0.6666666666666666,0.4169415738434361,Pt-rich,,,,,,,,,Pt-rich region
143,624.0374829538108,493.5980132220407,7.106840858817873,5.621333051331098,Pt-like,5457.0,208.0,0.0,1.0043250207048864,1.3538497200963244,20.48652544390729,0.4721011277730239,0.6666666666666666,0.5789511534615168,Pt-rich,,,,,,,,,Pt-rich region
144,750.3654798026323,641.7314774560648,8.545525223366328,7.30834863121818,LM-like,4472.0,144.0,9.0,0.9215868109222052,1.3566863285433244,18.3187614063916,0.5271047444142278,0.6666666666666666,0.6301517230285548,ordered-intermetallic,-1.0,-4.0,1.0,1.0228046477029078,Pt+Ga mixed projected column,0.053502040290625184,0.9464979597093748,Pt+Ga mixed projected column,Pt+Ga mixed projected column
145,207.9793898505288,981.4080543354168,2.36856994324354,11.176749875199622,LM-like,3836.0,131.0,0.0,0.8524444444444444,1.361187324037343,19.92820693887347,0.5849865574977177,0.6666666666666666,0.5736847061167145,liquid-metal,,,,,,,,,amorphous liquid-metal
146,821.7668611644281,571.0682749262032,9.358678709012969,6.503601883351253,LM-like,5665.0,156.0,0.0,1.005056329282356,1.363605669140127,18.67260180837345,0.7148332414129833,0.8333333333333334,0.3477905824761804,Pt-rich,,,,,,,,,Pt-rich region
147,740.7809558153882,520.5335201027926,8.436372025769208,5.928087639127656,Pt-like,6284.0,204.0,0.0,1.0877618140903582,1.370037924889527,17.73550585335374,0.5151460265584921,0.6666666666666666,0.552062166952399,Pt-rich,,,,,,,,,Pt-rich region
148,825.5049371070813,462.9825992287618,9.401249726889755,5.2726699004460365,Pt-like,5918.0,174.0,0.0,1.0664984681924672,1.378886776450286,20.60521007806601,1.0,0.0,0.0067341703374712,Pt-rich,,,,,,,,,Pt-rich region
149,572.8025654585019,738.3966332356891,6.523352823242973,8.409218206338682,Pt-like,5726.0,170.0,0.0,1.1292771915984616,1.3856394955389986,19.088870340973425,0.4674189917872224,0.6666666666666666,0.6257500286527262,ordered-intermetallic,-6.0,6.0,0.0,0.9161700929656328,Pt-rich projected column,0.9890940864862879,0.9890940864862879,Pt-rich projected column,Pt-rich projected column
150,830.5989876342538,797.4472406927613,9.459263239558949,9.0817151016013,Pt-like,5581.0,161.0,0.0,1.132852938191414,1.4077023290912745,20.064904721345364,0.470439964196319,0.6666666666666666,0.6259026954609184,ordered-intermetallic,7.0,-3.0,0.0,0.7681502846632492,Pt-rich projected column,0.9903829378900343,0.9903829378900343,Pt-rich projected column,Pt-rich projected column
151,971.8272871379831,752.7980930533068,11.067639461742962,8.573229000328192,Pt-like,4923.0,153.0,0.0,1.08663502924622,1.4144140046984397,19.68723625923092,0.7912590329649747,0.1666666666666666,0.1844084126860903,Pt-rich,,,,,,,,,Pt-rich region
152,214.04532740541043,528.2232938999853,2.437651775729012,6.015662504596115,LM-like,4829.0,174.0,0.0,0.9138045226606112,1.4159650737488934,20.55419536259477,0.5304732632604287,0.6666666666666666,0.6134351803037099,liquid-metal,,,,,,,,,amorphous liquid-metal
153,1007.3695173679588,698.6325910393831,11.472411580264245,7.956366049998929,Pt-like,3432.0,173.0,0.0,0.7916041979010495,1.418063462734949,21.42245075055025,1.0,0.0,0.0452636948349976,outside,,,,,,,,,outside
154,763.256549198828,555.932476607665,8.692334960283238,6.331228087130143,Pt-like,6571.0,221.0,0.0,1.1413930866770887,1.4325522977749787,19.94845335941975,0.5136316991732559,0.6666666666666666,0.5611289725745923,Pt-rich,,,,,,,,,Pt-rich region
155,316.40992421505626,712.9405431146529,3.6034293435438847,8.119311932565507,Pt-like,5757.0,173.0,9.0,1.0772829341317365,1.433806607535902,21.15609709286305,0.4719753178571414,0.6666666666666666,0.6269459617187582,ordered-intermetallic,-18.0,16.0,0.0,1.6171126192497545,Pt-rich projected column,0.9346127114325313,0.9346127114325313,Pt-rich projected column,Pt-rich projected column
156,761.6184505765618,626.7147198215533,8.673679500415043,7.137330527916507,Pt-like,4828.0,183.0,0.0,0.9223421530232114,1.4431242670080997,18.732158778397945,0.4756461479988991,0.6666666666666666,0.6270611432511128,ordered-intermetallic,-1.0,-5.0,0.0,2.277918495643038,Pt-rich projected column,0.05487771296150861,0.9451222870384914,uncertain intensity,uncertain intensity
157,279.2692436863026,908.2705732851476,3.180453299450096,10.3438248461152,LM-like,4156.0,126.0,0.0,0.8562892757803647,1.454614068566079,19.66550597525877,0.5324215179385402,0.6666666666666666,0.6205051980104106,ordered-intermetallic,-14.0,23.0,1.0,0.926109486416104,Pt+Ga mixed projected column,0.005522003034493901,0.9944779969655061,Pt+Ga mixed projected column,Pt+Ga mixed projected column
158,291.6746047057271,854.4515142316925,3.321731554313768,9.730907355880827,Pt-like,5741.0,167.0,0.0,1.1057395993836672,1.4549675739004824,20.979553181194596,0.4706539702719357,0.6666666666666666,0.6254241294625303,ordered-intermetallic,-15.0,21.0,0.0,1.4556180561351166,Pt-rich projected column,0.9751818077992667,0.9751818077992667,Pt-rich projected column,Pt-rich projected column
159,54.79120844272719,1006.6233812082078,0.6239887979511031,11.463914220584408,Pt-like,3931.0,122.0,0.0,0.9447248257630376,1.4558714490660325,21.896811474930253,0.4025795664154847,0.75,0.5734156715160488,liquid-metal,,,,,,,,,amorphous liquid-metal
160,389.7781196746773,536.734317988068,4.438981859976242,6.1125901658213095,Pt-like,6266.0,210.0,0.0,1.1702306471192454,1.4655381542340384,18.63985789322355,0.4755136045502345,0.6666666666666666,0.6201935439622686,ordered-intermetallic,-20.0,8.0,0.0,0.600247827490564,Pt-rich projected column,0.9974339437677245,0.9974339437677245,Pt-rich projected column,Pt-rich projected column
161,327.06740026976706,834.7448757151315,3.724801838540468,9.50647861942652,LM-like,5138.0,156.0,0.0,0.9548411076008176,1.468350780184087,18.74955045868124,0.5345915893328956,0.6666666666666666,0.6257429596977483,ordered-intermetallic,-14.0,19.0,1.0,2.037730158462001,Pt+Ga mixed projected column,0.15560276485454766,0.8443972351454523,Pt+Ga mixed projected column,Pt+Ga mixed projected column
162,503.58110203106014,670.4593701187254,5.735025298004041,7.635515775724214,Pt-like,5756.0,179.0,9.0,1.1080951005871595,1.4789241330539151,19.38871859176211,0.4686114732659325,0.6666666666666666,0.6283952033463447,ordered-intermetallic,-11.0,7.0,0.0,1.1612945536333463,Pt-rich projected column,0.9771290820018786,0.9771290820018786,Pt-rich projected column,Pt-rich projected column
163,924.2082475269964,756.9992289100129,10.525330793418824,8.621073568604057,Pt-like,6185.0,182.0,0.0,1.108820365722481,1.479940887819779,20.403512454393272,0.5839079442130454,0.6,0.5089411867698475,Pt-rich,,,,,,,,,Pt-rich region
164,910.1492297974308,915.8874346552718,10.365219895652904,10.430569349578237,LM-like,4194.0,138.0,0.0,0.905440414507772,1.4812783893415629,19.205950212220635,0.5318085926226047,0.6666666666666666,0.6099082474359423,liquid-metal,,,,,,,,,amorphous liquid-metal
165,281.3190059671828,767.0148905294237,3.203796984287215,8.735136770205349,LM-like,5353.0,149.0,0.0,0.9976703009971112,1.487111543314877,21.43922859502496,0.5302738154681254,0.6666666666666666,0.6261038780414367,ordered-intermetallic,-18.0,19.0,1.0,1.7720286539307115,Pt+Ga mixed projected column,0.4577687179591915,0.5422312820408085,uncertain intensity,uncertain intensity
166,451.1819261242956,410.8087847854506,5.138278124196626,4.6784892520481085,LM-like,4384.0,179.0,0.0,0.8884385449386969,1.4956149551200455,22.39395998845345,0.7263978396834213,0.6666666666666666,0.3807621893266117,Pt-rich,,,,,,,,,Pt-rich region
167,445.1879474068468,725.2337342105188,5.070015793776319,8.25931274205506,LM-like,5073.0,165.0,0.0,0.9541094602219296,1.4997389639444312,20.97065302494005,0.5322657636700999,0.6666666666666666,0.6268356981966928,ordered-intermetallic,-12.0,11.0,1.0,1.1091423011949324,Pt+Ga mixed projected column,0.15221711888575568,0.8477828811142443,Pt+Ga mixed projected column,Pt+Ga mixed projected column
168,713.6338953703444,696.9116564480433,8.127208163601146,7.936767214026456,Pt-like,5770.0,147.0,9.0,1.0911497730711044,1.5055750461151858,19.29048289677969,0.4711843539977063,0.6666666666666666,0.6276287710179945,ordered-intermetallic,-1.0,-1.0,0.0,1.087101542575356,Pt-rich projected column,0.9590102428645798,0.9590102428645798,Pt-rich projected column,Pt-rich projected column
169,830.6683534456663,760.7133782165783,9.460053210988898,8.663372098369782,Pt-like,5426.0,219.0,0.0,0.9630812921547746,1.5057105139332545,19.98908372784582,0.4687091424802357,0.6666666666666666,0.6257992998244721,ordered-intermetallic,6.0,-4.0,0.0,1.031198587535071,Pt-rich projected column,0.19805558716289834,0.8019444128371016,uncertain intensity,uncertain intensity
170,304.280317692075,765.8894830674288,3.465291514337097,8.72232008538721,LM-like,5312.0,173.0,0.0,0.9552238805970148,1.5078053075424724,21.7029593981195,0.5264332834307961,0.6666666666666666,0.626185661932973,ordered-intermetallic,-17.0,18.0,1.0,1.7536624281843007,Pt+Ga mixed projected column,0.1573983636869313,0.8426016363130687,Pt+Ga mixed projected column,Pt+Ga mixed projected column
171,258.0127784414133,765.7371834691453,2.938374386174941,8.720585623856566,LM-like,4910.0,147.0,0.0,0.8821415738411786,1.5208755105316571,18.62861561909011,0.5346012967944486,0.6666666666666666,0.6263344354149984,ordered-intermetallic,-19.0,20.0,1.0,4.045929887950823,Pt+Ga mixed projected column,0.01372408164297493,0.9862759183570251,Pt+Ga mixed projected column,Pt+Ga mixed projected column
172,853.590992731558,796.6308641934313,9.721107320587915,9.072417810941522,Pt-like,5227.0,156.0,0.0,1.031984205330701,1.5304366110687873,20.26751419088321,0.4701408830375521,0.6666666666666666,0.6259251505244775,ordered-intermetallic,8.0,-4.0,0.0,0.88086966108579,Pt-rich projected column,0.7407860885976113,0.7407860885976113,uncertain intensity,uncertain intensity
173,649.1535344047286,420.7526253100428,7.392874607654025,4.791734520263786,Pt-like,6100.0,182.0,0.0,1.3202034411860188,1.5381573270619306,19.384918234177498,0.564128810936959,0.5,0.3919148602734688,Pt-rich,,,,,,,,,Pt-rich region
174,271.6640508955528,611.5538582970819,3.0938416834159863,6.964671299776891,Pt-like,5875.0,176.0,0.0,1.1025616965374871,1.538687816976252,20.33471806956796,0.4739804625767982,0.6666666666666666,0.6286409311966233,ordered-intermetallic,-23.0,15.0,0.0,0.2730400527970643,Pt-rich projected column,0.972296883918318,0.972296883918318,Pt-rich projected column,Pt-rich projected column
175,172.0750933141632,1001.2145597799296,1.9596744384031,11.402315944560044,Pt-like,4711.0,141.0,0.0,1.162779217573738,1.5501495376611527,20.986834075269133,0.5604258978817902,0.5,0.5636000909787249,liquid-metal,,,,,,,,,amorphous liquid-metal
176,912.2945254681512,810.9531901015482,10.389651560966906,9.23552738967278,LM-like,4588.0,148.0,0.0,0.8620009394081729,1.5528742783344551,20.491192804316004,0.5289153160178447,0.6666666666666666,0.619205135850323,Pt-rich,,,,,,,,,Pt-rich region
177,777.7050208861034,430.3745041055782,8.856881148195804,4.901313132495586,Pt-like,5408.0,188.0,0.0,1.002270305332901,1.5564149576656012,20.44987164348841,1.0,0.0,0.0527301537730579,Pt-rich,,,,,,,,,Pt-rich region
178,197.6529719352289,860.6727259155614,2.2509676985541542,9.80175752529212,Pt-like,5421.0,141.0,0.0,1.0606534924672275,1.56062871031379,18.494501661512192,0.4691759468923394,0.6666666666666666,0.6208163089798828,ordered-intermetallic,-19.0,25.0,0.0,0.7717376063944034,Pt-rich projected column,0.8878391589689938,0.8878391589689938,Pt-rich projected column,Pt-rich projected column
179,246.13831778779956,751.3836994297357,2.8031422816063545,8.557121201247169,Pt-like,5713.0,185.0,0.0,1.0630815035355414,1.5735411579353975,18.62861561909011,0.4712383071204311,0.6666666666666666,0.626881216878109,ordered-intermetallic,-20.0,20.0,0.0,1.3616118134579955,Pt-rich projected column,0.8961480251492566,0.8961480251492566,Pt-rich projected column,Pt-rich projected column
180,924.1465777169508,792.2489607456392,10.524628467776925,9.022514573855892,Pt-like,5768.0,169.0,0.0,1.071521456436931,1.574039911804972,19.915123485659628,0.4692343767892539,0.6666666666666666,0.5895725569835165,Pt-rich,,,,,,,,,Pt-rich region
181,462.99994376720014,391.7871154855061,5.272867428443662,4.461861276523483,Pt-like,5102.0,185.0,0.0,1.0892399658411611,1.5752559935093595,21.627175884606835,0.5948573719850477,0.5,0.3798629316618269,Pt-rich,,,,,,,,,Pt-rich region
182,796.133655138445,676.4344965101508,9.066755353599016,7.703563406732183,LM-like,5178.0,168.0,0.0,0.969299887682516,1.5769256225512,19.470133932350315,0.5232609808192149,0.6666666666666666,0.6275575207553299,ordered-intermetallic,2.0,-5.0,1.0,1.107264751369348,Pt+Ga mixed projected column,0.23550089985610073,0.7644991001438992,uncertain intensity,uncertain intensity
183,933.9334600429312,914.4145642069958,10.636086220066886,10.413795588117615,LM-like,4646.0,165.0,0.0,0.9924169603759478,1.5817837762325448,20.728406562189143,0.4772606076808865,0.6666666666666666,0.605681771864941,liquid-metal,,,,,,,,,amorphous liquid-metal
184,822.7006211557593,535.2184924896633,9.369312819687396,6.095327211461726,Pt-like,5494.0,160.0,0.0,0.9176549189911476,1.5818376192831094,20.672166399483505,0.892168247107814,0.0,0.1260769315929784,Pt-rich,,,,,,,,,Pt-rich region
185,742.3092887564621,449.9953935363971,8.453777420938884,5.124765316863193,Pt-like,5642.5,187.5,4.5,0.9509564338080392,1.5899800860797138,21.851349567651845,0.8111694466345756,0.25,0.258573561923429,Pt-rich,,,,,,,,,Pt-rich region
186,580.2016020509983,386.6067505824179,6.607616632722081,4.402864773969519,Pt-like,5335.0,192.0,0.0,1.1405665419561732,1.591652214755119,20.04697253717613,0.5767617661481318,0.5,0.3959986000198796,Pt-rich,,,,,,,,,Pt-rich region
187,484.1002342893632,465.7376782881521,5.513167748395653,5.304046074094884,Pt-like,5072.0,176.0,0.0,0.9726723559305782,1.6036160752791837,16.681721228069282,0.6178311568121284,0.5,0.5191393949884907,Pt-rich,,,,,,,,,Pt-rich region
188,847.0794826040956,498.7502509985913,9.646951092011047,5.680009228555929,Pt-like,6205.0,176.0,0.0,1.0747380271932103,1.6039334696768504,20.493729016164608,1.0,0.0,0.0125355214569158,Pt-rich,,,,,,,,,Pt-rich region
189,70.41038011301575,775.9937409713046,0.801867483830479,8.837392264352161,LM-like,5147.0,151.0,0.0,0.8812601660816711,1.604648330130407,19.831071416626155,0.5316121904474627,0.6666666666666666,0.630395606112102,liquid-metal,,,,,,,,,amorphous liquid-metal
190,270.1654390984762,680.6102496909476,3.076774767017699,7.751118904810849,Pt-like,6346.0,205.0,0.0,1.1308919183818944,1.60753112916606,20.74331884529487,0.4747244455141993,0.6666666666666666,0.6286124398788875,ordered-intermetallic,-21.0,17.0,0.0,0.9793788295319836,Pt-rich projected column,0.9896959994045652,0.9896959994045652,Pt-rich projected column,Pt-rich projected column
191,409.07679171955874,815.0997164087784,4.658764476815688,9.282750037970924,Pt-like,6497.0,172.0,0.0,1.2334124347413384,1.6078382650050924,19.733864242560426,0.4706054917983012,0.6666666666666666,0.626214666147259,ordered-intermetallic,-11.0,15.0,0.0,0.5720239263798401,Pt-rich projected column,0.9997276249957048,0.9997276249957048,Pt-rich projected column,Pt-rich projected column
192,793.0983485109865,922.9179099338942,9.032187812788877,10.5106358044497,LM-like,4358.0,141.0,0.0,0.940643211741852,1.6159771458731618,20.05978040639476,0.5322054140473951,0.6666666666666666,0.6036602690350161,liquid-metal,,,,,,,,,amorphous liquid-metal
193,284.0570558824967,526.8796832997361,3.2349792218020665,6.000360816840129,LM-like,5366.0,168.0,0.0,1.0429543245869777,1.619478809101859,19.621840145870063,0.5231312710458994,0.6,0.5989806928397997,liquid-metal,,,,,,,,,amorphous liquid-metal
194,109.12162375619684,547.7246969424833,1.2427298607453865,6.237753920148085,Pt-like,5790.0,176.0,0.0,1.14021268215833,1.6221456954346185,20.85619617116214,0.4706298461443937,0.6666666666666666,0.639883958078618,liquid-metal,,,,,,,,,amorphous liquid-metal
195,912.1201210551436,776.3751935931721,10.387665359108562,8.841736431413983,LM-like,5388.0,169.0,0.0,0.9340383115194592,1.623811494316819,19.915123485659628,0.5304809688900312,0.6666666666666666,0.5775288273340768,Pt-rich,,,,,,,,,Pt-rich region
196,900.6799143564266,793.9644022051085,10.25737874873554,9.042050851384223,Pt-like,5891.0,179.0,0.0,1.12498806454693,1.623891038586369,20.23101534291417,0.4695056196983038,0.6666666666666666,0.6138937158124828,Pt-rich,,,,,,,,,Pt-rich region
197,759.9779618463601,764.6859014269901,8.654996820840985,8.70861311519256,Pt-like,5967.0,187.0,0.0,1.1075124124170572,1.6305618413840857,19.525762896633054,0.4695359275458509,0.6666666666666666,0.6258315342703107,ordered-intermetallic,3.0,-1.0,0.0,0.5362436667415146,Pt-rich projected column,0.9766617350007375,0.9766617350007375,Pt-rich projected column,Pt-rich projected column
198,854.5094419847094,656.1966016566383,9.73156706516632,7.473084466011169,Pt-like,6150.0,176.0,0.0,1.0950854700854702,1.6337842395342352,20.04742788555456,0.5703904559460573,0.6666666666666666,0.5073173605986389,Pt-rich,,,,,,,,,Pt-rich region
199,529.637887347753,567.2003990080531,6.031772579371793,6.459552640536808,Pt-like,5032.0,179.0,0.0,0.968716912118587,1.6354932827675452,18.060123180609505,0.4666839776264477,0.6666666666666666,0.6240587471790513,ordered-intermetallic,-13.0,3.0,0.0,2.222762515202477,Pt-rich projected column,0.23179150924635913,0.7682084907536408,uncertain intensity,uncertain intensity
200,765.0700732629477,484.3234281390571,8.712988249980405,5.515709587970631,Pt-like,6165.0,186.0,0.0,1.0664244940321743,1.6458089557526947,23.45158342270832,0.7962258896900192,0.3333333333333333,0.2775564282382168,Pt-rich,,,,,,,,,Pt-rich region
201,209.76895269685008,841.0624919059858,2.3889503509963865,9.578426690018324,LM-like,4884.0,146.0,0.0,0.947245927075252,1.6505702713155976,20.12272556521905,0.5291020480938525,0.6666666666666666,0.6187385977829388,ordered-intermetallic,-19.0,24.0,1.0,0.9187653595260068,Pt+Ga mixed projected column,0.1233349951542575,0.8766650048457425,Pt+Ga mixed projected column,Pt+Ga mixed projected column
202,353.924378033502,588.570969438541,4.03066209874827,6.702931038886765,LM-like,4878.0,191.0,0.0,0.9407907425265188,1.6522861451334014,18.853222413019985,0.5271833038400585,0.6666666666666666,0.6274112269092041,ordered-intermetallic,-20.0,11.0,1.0,1.7648828105449743,Pt+Ga mixed projected column,0.10059655625132062,0.8994034437486794,Pt+Ga mixed projected column,Pt+Ga mixed projected column
203,209.7267981256272,874.6823409292485,2.3884702743385957,9.961305801021176,LM-like,3821.0,130.0,9.0,0.7481155163974548,1.6530077253808662,18.494501661512192,0.5339622628311003,0.6666666666666666,0.6201380315772433,ordered-intermetallic,-18.0,25.0,1.0,2.427217116604379,Pt+Ga mixed projected column,0.00011884578237439418,0.9998811542176256,Pt+Ga mixed projected column,Pt+Ga mixed projected column
204,874.3768871891917,970.8856753716605,9.957827146005071,11.056915931255066,Pt-like,4699.0,148.0,0.0,1.0461983747077814,1.6542441035104305,20.284424119356714,0.5243773412010927,0.5,0.5681957986323327,liquid-metal,,,,,,,,,amorphous liquid-metal
205,785.3428113869284,624.8560584917814,8.943864002727912,7.1161631931939135,Pt-like,6383.0,194.0,0.0,1.28521091311789,1.660163376299986,19.91796257338386,0.4711871261679752,0.6666666666666666,0.6164279951345877,Pt-rich,,,,,,,,,Pt-rich region
206,195.77952004885603,1000.7218040171514,2.2296319218151,11.396704203464374,Pt-like,4470.0,121.0,0.0,1.0613795559776802,1.666247362938975,21.23608293968369,0.5603554700200073,0.5,0.5626382802591776,liquid-metal,,,,,,,,,amorphous liquid-metal
207,282.21641557866474,662.9309989457056,3.2140171192441533,7.549779041450635,LM-like,5217.0,170.0,0.0,0.9011919157021938,1.673626837272056,19.972846995675592,0.5316813358634588,0.6666666666666666,0.6285588951574939,ordered-intermetallic,-21.0,16.0,1.0,0.6065571298669218,Pt+Ga mixed projected column,0.026653835418452246,0.9733461645815478,Pt+Ga mixed projected column,Pt+Ga mixed projected column
208,577.6494620806775,461.81991912620913,6.57855162763193,5.259428736759131,Pt-like,4274.0,170.0,9.0,0.7908956328645448,1.6776182283951429,19.621313475080427,0.6222735907029004,0.5,0.5238641068568285,Pt-rich,,,,,,,,,Pt-rich region
209,831.401504242057,656.4536311643628,9.468402687066522,7.476011642434566,Pt-like,6277.0,200.0,0.0,1.1334416756951968,1.6788202289587453,18.978854601200936,0.4731009930935037,0.6666666666666666,0.5871792650043901,Pt-rich,,,,,,,,,Pt-rich region
210,572.8425646786314,808.5911915750978,6.523808353719431,9.208627807364376,Pt-like,5184.0,138.0,9.0,1.0260267194458188,1.6819650935483614,19.39100517265607,0.4691967649333778,0.6666666666666666,0.6259484725534378,ordered-intermetallic,-4.0,8.0,0.0,0.419622042704292,Pt-rich projected column,0.6981179465645854,0.6981179465645854,uncertain intensity,uncertain intensity
211,397.61181646713584,763.5975260932104,4.528195790166322,8.696218170172232,LM-like,4592.0,145.0,0.0,0.8690386071158214,1.6825394273923426,19.917255738126645,0.5332374919802255,0.6666666666666666,0.6259856496721312,ordered-intermetallic,-13.0,14.0,1.0,0.2161967071725331,Pt+Ga mixed projected column,0.008659388016363147,0.9913406119836369,Pt+Ga mixed projected column,Pt+Ga mixed projected column
212,695.2164276643553,453.8606583514994,7.917461128231846,5.168784823172484,Pt-like,5668.0,185.0,0.0,0.9968343299331692,1.682836122085864,20.464464972517185,0.6242380577033794,0.5,0.4480724296367193,Pt-rich,,,,,,,,,Pt-rich region
213,603.9874156769688,385.742922927704,6.878500989439138,4.393027086588243,Pt-like,4783.0,180.0,0.0,1.0625347106520049,1.6915678847203208,21.70347665498928,0.5384785568567091,0.6666666666666666,0.4017770625267609,outside,,,,,,,,,outside
214,818.4142160541581,781.5057306319935,9.320497163984612,8.900165470135482,LM-like,4626.0,163.0,0.0,0.8453947368421053,1.6942265856358985,18.75609512245621,0.5308979195414097,0.6666666666666666,0.6259058462014897,ordered-intermetallic,6.0,-3.0,1.0,1.7526592836491828,Pt+Ga mixed projected column,0.0037560354913398794,0.9962439645086602,Pt+Ga mixed projected column,Pt+Ga mixed projected column
215,482.6117559377845,569.6196353337463,5.496216236578776,6.487104074603222,Pt-like,5282.0,182.0,9.0,1.0516674962667991,1.697260788562008,16.83110613013508,0.4720365137578017,0.6666666666666666,0.632688657215231,ordered-intermetallic,-15.0,5.0,0.0,2.558611941090773,Pt-rich projected column,0.8518932896021296,0.8518932896021296,Pt-rich projected column,Pt-rich projected column
216,199.87559345026008,684.7873124867241,2.276279988005012,7.798689317418692,Pt-like,6268.0,195.0,0.0,1.16192418203726,1.697887205548942,19.07265236252929,0.4709631589555823,0.6666666666666666,0.6282107535241477,ordered-intermetallic,-24.0,20.0,0.0,0.2244384399980435,Pt-rich projected column,0.9965558748458598,0.9965558748458598,Pt-rich projected column,Pt-rich projected column
217,782.4701052735961,869.6336382927503,8.911148235263159,9.903808732077092,Pt-like,5839.0,182.0,0.0,1.145463462481609,1.6979549876275115,19.90849818452066,0.4685453231484082,0.6666666666666666,0.616073655142533,liquid-metal,,,,,,,,,amorphous liquid-metal
218,923.0768583875664,862.2019692283078,10.512445986363224,9.819173288214978,Pt-like,5295.0,155.0,0.0,1.085708427311872,1.6980027025385478,20.041544551773544,0.5203113470124433,0.6666666666666666,0.6378130545089671,liquid-metal,,,,,,,,,amorphous liquid-metal
219,190.77254206078123,529.8310632343711,2.172610033359907,6.03397255985607,LM-like,5684.0,180.0,0.0,1.0897239263803682,1.7032420994122863,20.45444216505197,0.5303254050620293,0.6666666666666666,0.6055273870859029,liquid-metal,,,,,,,,,amorphous liquid-metal
220,331.14442189864235,556.7669726264623,3.771232933924717,6.340731731646556,LM-like,4670.0,159.0,9.0,0.9387878178711428,1.708093314601287,19.8421771279782,0.528687513079183,0.6666666666666666,0.622886901357417,ordered-intermetallic,-22.0,11.0,1.0,0.6113845729614316,Pt+Ga mixed projected column,0.09433731811998033,0.9056626818800196,Pt+Ga mixed projected column,Pt+Ga mixed projected column
221,696.411239387061,416.8799231019108,7.931068222359151,4.747630313323345,Pt-like,5430.0,171.0,0.0,1.1008616320324378,1.7219576740284204,23.661997725484465,0.6620736994692126,0.3333333333333333,0.3092173111249651,Pt-rich,,,,,,,,,Pt-rich region
222,655.5209317496514,786.020513710148,7.46538961011995,8.951582004758775,LM-like,5117.0,155.0,0.0,1.0177008750994432,1.7227117688188225,20.133691216601346,0.532598228654737,0.6666666666666666,0.6254464973684958,ordered-intermetallic,-1.0,4.0,1.0,1.253395372141355,Pt+Ga mixed projected column,0.6323897328924291,0.6323897328924291,uncertain intensity,uncertain intensity
223,398.1929622961582,726.2756949614572,4.534814160112753,8.271179095343651,LM-like,4967.0,157.0,0.0,0.9162516140933408,1.7293792560180703,21.17592838684841,0.5300447217465873,0.6666666666666666,0.6265021003573791,ordered-intermetallic,-14.0,13.0,1.0,2.152266363647908,Pt+Ga mixed projected column,0.04467481749549322,0.9553251825045068,Pt+Ga mixed projected column,Pt+Ga mixed projected column
224,918.449393378957,494.1456498687265,10.459746175383488,5.627569802492311,Pt-like,3639.0,165.0,0.0,0.8071420649883553,1.7305938374842629,20.73291774084905,1.0,0.0,0.0002143592965192,Pt-rich,,,,,,,,,Pt-rich region
225,418.6251726907618,973.4202177896472,4.76750606025472,11.0857805269029,LM-like,3545.0,118.0,0.0,0.8327460653042048,1.7484178761166198,18.65884431363529,0.5861123717207227,0.6666666666666666,0.5625228144170852,liquid-metal,,,,,,,,,amorphous liquid-metal
226,553.7325865940161,497.0282529516875,6.306174675017937,5.660398281436833,Pt-like,5812.0,184.0,0.0,1.2001445459707811,1.7536481470827752,20.12976094799578,0.4743230191758493,0.6666666666666666,0.5812955613081447,Pt-rich,,,,,,,,,Pt-rich region
227,174.35049831762623,860.5668534530049,1.9855878517647885,9.800551798451547,Pt-like,5860.0,176.0,0.0,1.1365399534522886,1.7604109008136652,20.45937821926639,0.467317905948807,0.6666666666666666,0.6240639302645601,ordered-intermetallic,-20.0,26.0,0.0,0.5494573766991255,Pt-rich projected column,0.9915539583183228,0.9915539583183228,Pt-rich projected column,Pt-rich projected column
228,886.2012916812477,953.1958035627844,10.092489186781158,10.855455110082122,LM-like,3922.0,158.0,0.0,0.8436222843622284,1.767344125953909,19.38193070817629,0.5877522470541062,0.6666666666666666,0.5744349420273452,liquid-metal,,,,,,,,,amorphous liquid-metal
229,840.3480706430297,920.412964027632,9.57029051493161,10.482108268200616,LM-like,3969.0,121.0,0.0,0.9115755627009646,1.7681392552260684,19.671762224367377,0.5303620491827905,0.6666666666666666,0.6046833775029157,liquid-metal,,,,,,,,,amorphous liquid-metal
230,407.3977652832296,922.529722768268,4.639642911193927,10.50621494114437,Pt-like,5515.0,156.0,0.0,1.1961826266131657,1.7718320700379104,20.552476850133765,0.520785128618077,0.6666666666666666,0.6141471702236425,liquid-metal,,,,,,,,,amorphous liquid-metal
231,862.8672447064502,954.1828016137284,9.82674976732013,10.86669552154398,LM-like,3624.0,121.0,0.0,0.7981499834819954,1.776139528303748,20.284424119356714,0.5853418115629854,0.6666666666666666,0.5726984678931979,liquid-metal,,,,,,,,,amorphous liquid-metal
232,852.9050135524107,866.6023600792657,9.71329505771616,9.869287068794838,Pt-like,5252.0,145.0,0.0,1.1111816354596424,1.77999668509713,20.430738326298787,0.4692199637877259,0.6666666666666666,0.624724513710762,ordered-intermetallic,10.0,-2.0,0.0,0.8353229169796812,Pt-rich projected column,0.9794561618781117,0.9794561618781117,Pt-rich projected column,Pt-rich projected column
233,640.4207909124967,982.703344134172,7.293421898553275,11.191501262283346,Pt-like,4944.0,150.0,0.0,1.1453724082010888,1.782116554995932,18.23985554715964,0.5234202729060724,0.6,0.5978461429423287,liquid-metal,,,,,,,,,amorphous liquid-metal
234,526.0982346022071,809.0212594735194,5.9914613008905695,9.213525628722962,Pt-like,5289.0,143.0,0.0,1.0906278997834828,1.784222648698371,18.31277242467218,0.4694927453643944,0.6666666666666666,0.6261795050205181,ordered-intermetallic,-6.0,10.0,0.0,1.338681929926471,Pt-rich projected column,0.9582749925165425,0.9582749925165425,Pt-rich projected column,Pt-rich projected column
235,162.34255355915695,879.7910410667481,1.8488355656104745,10.019486150542452,LM-like,4504.0,143.0,0.0,0.9105428080460932,1.7845539692978254,20.230122392429173,0.5298213389122545,0.6666666666666666,0.6249340589540537,ordered-intermetallic,-20.0,27.0,1.0,0.8317997553437995,Pt+Ga mixed projected column,0.03677349461342376,0.9632265053865763,Pt+Ga mixed projected column,Pt+Ga mixed projected column
236,360.998580482206,888.361550388207,4.111226539794386,10.117091258393213,Pt-like,5649.0,181.0,0.0,1.1749168053244592,1.7847273307800289,21.07058545372192,0.4661814327772096,0.6666666666666666,0.6197761449353307,ordered-intermetallic,-11.0,19.0,0.0,0.6892310026598475,Pt-rich projected column,0.9978267244617843,0.9978267244617843,Pt-rich projected column,Pt-rich projected column
237,947.1346073950632,825.7708562478391,10.786427274808227,9.404278142756272,Pt-like,5563.0,143.0,0.0,1.1281687284526465,1.787140192109022,19.42314598629697,0.4158402760847628,0.8,0.6203141552294649,Pt-rich,,,,,,,,,Pt-rich region
238,691.9745101023767,594.5269241492341,7.88054060211003,6.77076033351642,Pt-like,5239.0,174.0,0.0,1.005083932853717,1.7936437591690777,19.716063495500556,0.5321553626586284,0.6,0.6191924117338931,ordered-intermetallic,-5.0,-3.0,0.0,2.0120831902422163,Pt-rich projected column,0.5235136372893432,0.5235136372893432,uncertain intensity,uncertain intensity
239,173.6819058909228,896.5444568590199,1.9779735976441848,10.210282157400416,Pt-like,5437.0,171.0,0.0,1.1539849304892285,1.79863030806877,20.05835363847196,0.4711785580132811,0.6666666666666666,0.6241624904914402,ordered-intermetallic,-19.0,27.0,0.0,0.5614834816381808,Pt-rich projected column,0.9954383745874836,0.9954383745874836,Pt-rich projected column,Pt-rich projected column
240,293.7163785588109,679.260893880087,3.344984263069142,7.735751787816024,Pt-like,6573.0,206.0,0.0,1.2281390134529149,1.7999496946153626,19.515097872716925,0.4745651264309704,0.6666666666666666,0.6284911511564657,ordered-intermetallic,-20.0,16.0,0.0,1.274069555074324,Pt-rich projected column,0.9996715051407141,0.9996715051407141,Pt-rich projected column,Pt-rich projected column
241,250.2418824637177,506.69676574300735,2.8498756620558354,5.770507984181149,Pt-like,4438.0,169.0,14.0,0.8501915708812261,1.8256718741309717,19.46715212038345,0.4689877745049856,0.6666666666666666,0.582929477317294,Pt-rich,,,,,,,,,Pt-rich region
242,983.22613082819,735.5899263607063,11.197455010157444,8.377254070140586,Pt-like,3094.0,156.0,0.0,0.6829268292682927,1.828299909099694,19.4258097569254,0.9124015517985992,0.0,0.1453888079924966,Pt-rich,,,,,,,,,Pt-rich region
243,858.4114057018962,515.825977861408,9.776004516332984,5.8744758698677,Pt-like,5991.0,200.0,0.0,1.0225294418842803,1.8284627844912755,20.493729016164608,1.0,0.0,0.0153348832009498,Pt-rich,,,,,,,,,Pt-rich region
244,866.3574256410694,706.7183000708836,9.866497636876638,8.048450017528543,LM-like,4796.0,158.0,0.0,0.8283246977547496,1.834657086316584,20.40879506913788,0.5336283369785145,0.6666666666666666,0.5688822446082912,Pt-rich,,,,,,,,,Pt-rich region
245,843.2395379146209,605.6864387694039,9.603219943546076,6.897850286658015,LM-like,5288.0,160.0,0.0,0.9128258242706716,1.8365286692752305,20.609729134502512,0.6504492886277974,0.8,0.4347209870841101,Pt-rich,,,,,,,,,Pt-rich region
246,327.23356820429944,766.910838252299,3.7266942393958944,8.733951772517353,LM-like,5257.0,124.0,0.0,0.9596568090543994,1.8379909770599216,19.86725656793723,0.5253063727266404,0.6666666666666666,0.6262991805355791,ordered-intermetallic,-16.0,17.0,1.0,0.4382942123606046,Pt+Ga mixed projected column,0.1794343108791632,0.8205656891208368,Pt+Ga mixed projected column,Pt+Ga mixed projected column
247,457.2446765924788,672.6607277705588,5.207323660596385,7.660585902010328,Pt-like,6129.0,162.0,0.0,1.087087619723306,1.8382954694189455,19.58861479465714,0.4682898701829754,0.6666666666666666,0.6279042640915911,ordered-intermetallic,-13.0,9.0,0.0,0.7245856407855692,Pt-rich projected column,0.9529443662895113,0.9529443662895113,Pt-rich projected column,Pt-rich projected column
248,797.3260649774983,573.8524526752049,9.080335093912897,6.5353094469597055,LM-like,5080.0,161.0,0.0,0.8726273297260156,1.8387533589250815,18.939539811528444,0.5788863359338066,0.6666666666666666,0.4885606889690467,Pt-rich,,,,,,,,,Pt-rich region
249,305.3336685204501,660.2622372209329,3.4772875833397663,7.519385891381687,LM-like,4879.0,149.0,0.0,0.8803680981595092,1.8455596563016436,18.480578381314483,0.5329526147204188,0.6666666666666666,0.6284155357462791,ordered-intermetallic,-20.0,15.0,1.0,2.261679491465216,Pt+Ga mixed projected column,0.012896655583194592,0.9871033444168054,Pt+Ga mixed projected column,Pt+Ga mixed projected column
250,184.8644939950381,982.5055084314512,2.105326322787363,11.189248213558171,LM-like,3580.0,126.0,0.0,0.7955555555555556,1.84923157645828,19.666501501209478,0.5854841911141684,0.6666666666666666,0.5687858564416143,liquid-metal,,,,,,,,,amorphous liquid-metal
251,431.75562608428754,885.1663214221563,4.917042017983111,10.080702444596769,Pt-like,5442.0,151.0,0.0,1.180349202906409,1.8509754379833128,19.187122783065597,0.4680036846984984,0.6666666666666666,0.6239787753940247,ordered-intermetallic,-8.0,16.0,0.0,0.922420208215799,Pt-rich projected column,0.9982075737207724,0.9982075737207724,Pt-rich projected column,Pt-rich projected column
252,530.0768931617632,531.929367022661,6.036772190038605,6.057869058871234,Pt-like,5879.0,192.0,0.0,1.1851627860094749,1.856284881134852,19.41301940312613,0.4672561839422995,0.6666666666666666,0.6142513704456207,ordered-intermetallic,-14.0,2.0,0.0,1.997528623255732,Pt-rich projected column,0.9984889641322743,0.9984889641322743,Pt-rich projected column,Pt-rich projected column
253,647.1754973713956,493.2792554788045,7.3703477646474065,5.617702883888315,Pt-like,5782.0,172.0,0.0,1.0706416072585871,1.8572210436604235,18.3477586597772,0.4686866652710051,0.6666666666666666,0.5781727693740912,Pt-rich,,,,,,,,,Pt-rich region
254,400.2544106499012,590.5921519592589,4.558290931603109,6.725949243583981,LM-like,4720.0,159.0,0.0,0.863046260742366,1.8588421926649292,18.74267611710712,0.5256549584957944,0.6666666666666666,0.6281874903053543,ordered-intermetallic,-18.0,9.0,1.0,2.3719924304704345,Pt+Ga mixed projected column,0.007010162606344867,0.9929898373936551,Pt+Ga mixed projected column,Pt+Ga mixed projected column
255,746.9052869267066,888.4475822111609,8.506118872334943,10.118071030428112,LM-like,4159.0,147.0,0.0,0.8005004330670773,1.8627062638766885,19.829503769533392,0.5366873181023366,0.6666666666666666,0.6116001019429942,liquid-metal,,,,,,,,,amorphous liquid-metal
256,247.42192142783765,615.1013775572163,2.81776058105909,7.005072165933249,Pt-like,5298.0,181.0,0.0,0.9625726744186046,1.8701529988963004,18.84253649468276,0.4762172468669324,0.6666666666666666,0.6290261544656056,ordered-intermetallic,-24.0,16.0,0.0,2.6432590881477203,Pt-rich projected column,0.19520050393881827,0.8047994960611817,uncertain intensity,uncertain intensity
257,424.7023467304103,552.0820323598208,4.836715859266612,6.2873773646132,LM-like,4754.0,145.0,9.0,0.8926861327574875,1.872641632680214,17.896281585034327,0.5307211196032874,0.6666666666666666,0.6272175458965321,ordered-intermetallic,-18.0,7.0,1.0,0.2940211724369487,Pt+Ga mixed projected column,0.01983894067379135,0.9801610593262087,Pt+Ga mixed projected column,Pt+Ga mixed projected column
258,741.398267610967,488.2429522537028,8.443402271245303,5.560347025441911,Pt-like,5246.0,182.0,0.0,0.9250980910814266,1.8745508721034605,20.146071084535272,0.5907477625465044,0.6,0.4540043140713928,Pt-rich,,,,,,,,,Pt-rich region
259,575.1460485842524,601.5217098639779,6.550041543207679,6.850420338362469,Pt-like,5556.0,182.0,0.0,1.050482132728304,1.882398119938092,16.755451112013482,0.4703732341871862,0.6666666666666666,0.6239785078276168,ordered-intermetallic,-10.0,2.0,0.0,3.6373414961732937,Pt-rich projected column,0.8464993834383683,0.8464993834383683,Pt-rich projected column,Pt-rich projected column
260,553.3212110755624,530.6552379029939,6.301489731528604,6.043358659841678,Pt-like,5792.0,193.0,0.0,1.2079249217935348,1.8975789727135408,18.425999573404575,0.4684086046446887,0.6666666666666666,0.6158592599579902,ordered-intermetallic,-13.0,1.0,0.0,1.7707524748205448,Pt-rich projected column,0.9993264861061181,0.9993264861061181,Pt-rich projected column,Pt-rich projected column
261,655.0399190919937,649.1705900826661,7.459911605188469,7.393068845968472,LM-like,4193.0,160.0,0.0,0.7670355803530595,1.900977793593317,17.93291435024025,0.5304421671345337,0.6666666666666666,0.6244165975786902,ordered-intermetallic,-5.0,0.0,1.0,3.0027045865879334,Pt+Ga mixed projected column,0.00023277225302211857,0.9997672277469779,Pt+Ga mixed projected column,Pt+Ga mixed projected column
262,90.83275243729182,951.2216864635244,1.0344473432664212,10.832972909181782,LM-like,3768.0,113.0,9.0,0.816910569105691,1.9066257143372976,20.648136142857567,0.5324694848505963,0.6666666666666666,0.6071920331017242,liquid-metal,,,,,,,,,amorphous liquid-metal
263,447.31055098451714,521.1822978741965,5.094189030552831,5.935476234364406,LM-like,3848.0,137.0,9.0,0.7689848121502798,1.9144877928474369,19.20248802455711,0.520470240395622,0.8,0.6227349708712562,ordered-intermetallic,,,,,,,,,uncertain intensity
264,265.7447042849789,997.9749485689812,3.0264292995469786,11.36542168427992,Pt-like,4493.0,151.5,4.5,1.0073991031390137,1.9241923422745255,20.9473688520438,0.5586417148231744,0.5,0.5608840425560532,liquid-metal,,,,,,,,,amorphous liquid-metal
265,400.8260271685358,521.7213888172928,4.564800777151134,5.941615662917449,LM-like,4338.0,141.0,0.0,0.7863681682226049,1.9262840261620136,18.63985789322355,0.5285158426421249,0.8,0.6160496276266705,Pt-rich,,,,,,,,,Pt-rich region
266,545.8601543164775,985.6168468421532,6.216519606377728,11.22468164111147,Pt-like,5127.0,140.0,0.0,1.1284252228458238,1.936809432282218,20.74460384036506,0.561491855831595,0.5,0.5662635461096577,liquid-metal,,,,,,,,,amorphous liquid-metal
267,694.7450455005654,487.5669905097819,7.912092800025209,5.552648845970453,Pt-like,5787.0,212.0,0.0,1.0497959183673469,1.9376917423885185,18.58925267504325,0.4655059963543688,0.6666666666666666,0.5472439518221641,Pt-rich,,,,,,,,,Pt-rich region
268,876.7637241308037,795.7675938855351,9.985009600205885,9.062586470895535,Pt-like,5206.0,163.0,0.0,1.0007689350249904,1.9404038847486456,19.18268296797237,0.4695428976331562,0.6666666666666666,0.6237695654528165,Pt-rich,,,,,,,,,Pt-rich region
269,775.5555785772049,538.2036271409423,8.832402258959462,6.129323369526406,LM-like,5434.0,182.0,0.0,0.8863154460936226,1.94353641176683,20.63106161596551,0.6509909722931743,0.8,0.4823277886168237,Pt-rich,,,,,,,,,Pt-rich region
270,629.6296396169956,930.6562866214576,7.170527045222439,10.59876418315507,LM-like,4461.0,116.0,0.0,0.9518830683879228,1.9453043474748657,19.728284297410383,0.5316050715961415,0.6666666666666666,0.6186493936972437,liquid-metal,,,,,,,,,amorphous liquid-metal
271,670.4449289838473,526.4954586148745,7.635351313091434,5.995985080183387,Pt-like,5681.0,206.0,0.0,1.1636624334289225,1.945934310113701,17.656872618666974,0.4700486140869134,0.6666666666666666,0.6203147860033311,Pt-rich,,,,,,,,,Pt-rich region
272,751.5054937549985,539.8125049144829,8.558508253965625,6.147646048227885,LM-like,5855.0,204.0,0.0,0.9936359779380568,1.956289501050831,19.94845335941975,0.52762377093392,0.6666666666666666,0.5574228247813564,Pt-rich,,,,,,,,,Pt-rich region
273,665.6319867076053,839.8586716304546,7.580539197226176,9.564717002131752,Pt-like,5299.0,181.0,0.0,1.040447673277047,1.9686345522767408,19.36011457468417,0.4685890961517394,0.6666666666666666,0.6241486471471072,ordered-intermetallic,1.0,5.0,0.0,0.7421526270161495,Pt-rich projected column,0.79426333255559,0.79426333255559,uncertain intensity,uncertain intensity
274,506.5782761462546,500.72914569645445,5.7691585673102885,5.702545839061283,Pt-like,5241.0,165.0,0.0,1.0948401921871735,1.985012931148086,15.989894860076737,0.4739464295878562,0.5,0.5908856473132099,Pt-rich,,,,,,,,,Pt-rich region
275,817.1356785852416,921.8886016024422,9.305936560540385,10.498913543037355,LM-like,4107.0,125.0,0.0,0.8970186742382876,1.9887933241880515,19.441131648747568,0.5323240144001085,0.6666666666666666,0.6058440114530969,liquid-metal,,,,,,,,,amorphous liquid-metal
276,508.2432350303316,428.8469115746261,5.788119924839009,4.883916169474698,Pt-like,5200.0,179.0,0.0,0.9900047596382676,1.9904755655072568,22.567986542905057,0.6161026060533242,0.5,0.4072315119532166,Pt-rich,,,,,,,,,Pt-rich region
277,586.7845702629733,583.8834631157549,6.682586660547519,6.649547448364192,LM-like,4063.0,165.0,0.0,0.757527733755943,1.9931866235823144,19.237921313966105,0.5176021418910692,0.6666666666666666,0.6287864560858523,ordered-intermetallic,-10.0,1.0,1.0,4.107419074907303,Pt+Ga mixed projected column,0.0001660442352358522,0.9998339557647642,Pt+Ga mixed projected column,Pt+Ga mixed projected column
278,787.8069957922232,517.4959530227924,8.971927327277452,5.893494355190025,Pt-like,5863.0,185.0,0.0,1.005660377358491,1.999003460612817,20.127565672839168,0.8032506767577874,0.25,0.2727483048594334,Pt-rich,,,,,,,,,Pt-rich region
279,427.9167581553608,411.63692876889,4.873323132188357,4.687920556511798,LM-like,4431.0,168.0,9.0,0.9440715883668904,2.0049700929876786,21.4759704503516,0.7278124503492998,0.6666666666666666,0.3846898555869024,Pt-rich,,,,,,,,,Pt-rich region
280,728.8248000228683,540.0087076370672,8.300209537422395,6.149880499784983,LM-like,5337.0,188.0,0.0,0.9052667288609956,2.0085958973408866,18.818448299739348,0.5292372254324558,0.6666666666666666,0.6023140288471611,Pt-rich,,,,,,,,,Pt-rich region
281,397.3939171238295,799.1957596959264,4.525714246992362,9.101628082205115,LM-like,4555.0,154.0,0.0,0.8667110645989915,2.0117327302778545,19.733864242560426,0.5275328526548527,0.6666666666666666,0.6263973330318211,ordered-intermetallic,-12.0,15.0,1.0,0.6888277356205414,Pt+Ga mixed projected column,0.007977456415801042,0.992022543584199,Pt+Ga mixed projected column,Pt+Ga mixed projected column
282,386.6253457385686,708.5384406581128,4.40307654460689,8.069178659392945,Pt-like,5967.0,165.0,0.0,1.134626354820308,2.0125622680829904,19.51722635036027,0.4721597381754348,0.6666666666666666,0.6272364358245726,ordered-intermetallic,-15.0,13.0,0.0,2.8930458341331966,Pt-rich projected column,0.9909650009060534,0.9909650009060534,Pt-rich projected column,Pt-rich projected column
283,648.8194147777646,456.9172417306835,7.389069491644965,5.203594673928159,Pt-like,5635.0,185.0,0.0,1.02287166454892,2.0157390667384103,20.434814785840626,0.6194548002128865,0.5,0.5075955706958428,Pt-rich,,,,,,,,,Pt-rich region
284,354.62346095965864,522.4156221539122,4.038623593432524,5.949521928129093,LM-like,4517.0,173.0,0.0,0.9849005178522758,2.015755953758549,18.99496955745317,0.5309465102301655,0.6666666666666666,0.5973416791034567,Pt-rich,,,,,,,,,Pt-rich region
285,662.0453425457725,401.6554722971382,7.539692757754783,4.574246899685628,LM-like,5311.0,191.0,0.0,1.1494427010063846,2.016918143525814,21.56543857849332,0.6884582903031806,0.5,0.3670423747966642,Pt-rich,,,,,,,,,Pt-rich region
286,348.849709426346,942.6462352434044,3.972869316764106,10.735311520597437,LM-like,4434.0,116.0,0.0,0.9449120937666488,2.017693471975928,19.060907148638755,0.5477705174183056,0.8,0.5968919960394736,liquid-metal,,,,,,,,,amorphous liquid-metal
287,864.6552295713257,813.611876961555,9.847112204256607,9.265805802306044,LM-like,4200.0,147.0,0.0,0.8292201382033564,2.0187875080811177,20.26751419088321,0.5312296301122108,0.6666666666666666,0.6262660416037791,ordered-intermetallic,9.0,-4.0,1.0,0.9472279837407644,Pt+Ga mixed projected column,0.0021174724325166852,0.9978825275674833,Pt+Ga mixed projected column,Pt+Ga mixed projected column
288,162.30929161345415,913.1677065591542,1.848456762475692,10.399595769807238,LM-like,4343.0,133.0,0.0,0.9066805845511482,2.0230658099347334,19.64425497523841,0.530820487932204,0.6666666666666666,0.6223528689102609,ordered-intermetallic,-19.0,28.0,1.0,1.2295736217179938,Pt+Ga mixed projected column,0.032209315171544385,0.9677906848284556,Pt+Ga mixed projected column,Pt+Ga mixed projected column
289,163.20666222641088,843.0208180386937,1.858676453298552,9.600729055749534,LM-like,4685.0,155.0,0.0,0.9053140096618356,2.0267840655047253,20.78577498165839,0.5328708505217897,0.6666666666666666,0.6247511909423289,ordered-intermetallic,-21.0,26.0,1.0,1.1610920763140236,Pt+Ga mixed projected column,0.030729427717280964,0.9692705722827191,Pt+Ga mixed projected column,Pt+Ga mixed projected column
290,185.34234210926783,912.8653568919196,2.110768288366806,10.39615246547465,LM-like,4540.0,140.0,0.0,0.9763440860215054,2.0284097725501224,19.43434757390231,0.5333450434694799,0.6666666666666666,0.6215691378276873,ordered-intermetallic,-18.0,27.0,1.0,0.4766590066382735,Pt+Ga mixed projected column,0.2834968045713622,0.7165031954286378,uncertain intensity,uncertain intensity
291,600.9770615488422,491.9188315962469,6.844217619767152,5.602209718336611,Pt-like,5801.0,206.0,0.0,1.0839951415490985,2.031119967267592,18.53555765909134,0.477495529911995,0.6666666666666666,0.572994715868473,Pt-rich,,,,,,,,,Pt-rich region
292,256.5892485196858,873.4722909648056,2.922162538509003,9.947525166422418,LM-like,4435.0,118.0,0.0,0.8995030929925971,2.0365513299377014,19.540820906301374,0.5357779688544985,0.6666666666666666,0.6221044185292961,ordered-intermetallic,-16.0,23.0,1.0,1.660699627458107,Pt+Ga mixed projected column,0.025140307409326015,0.974859692590674,Pt+Ga mixed projected column,Pt+Ga mixed projected column
293,221.01057860478863,859.5570033085525,2.516975427220849,9.789051136289547,Pt-like,5562.0,156.0,0.0,1.1435032894736843,2.0407086539518557,18.870599885587872,0.4711191033633756,0.6,0.6166547635802986,ordered-intermetallic,-18.0,24.0,0.0,0.682586942988837,Pt-rich projected column,0.9933931938079441,0.9933931938079441,Pt-rich projected column,Pt-rich projected column
294,456.9268684091984,707.8544197813758,5.203704307201918,8.06138869861676,Pt-like,5697.0,159.0,9.0,1.0809221136514562,2.061457104882076,19.327987962872868,0.4699790240555498,0.6666666666666666,0.6273280571083598,ordered-intermetallic,-12.0,10.0,0.0,0.4888213112882457,Pt-rich projected column,0.9420854361528812,0.9420854361528812,Pt-rich projected column,Pt-rich projected column
295,261.26850996490367,525.4867600275495,2.9754522323757207,5.9844975325112495,LM-like,4657.0,170.0,9.0,0.8750469748214956,2.062920105346429,21.06205605915324,0.5268353183334057,0.6666666666666666,0.5991512409428037,liquid-metal,,,,,,,,,amorphous liquid-metal
296,211.7018468974606,702.0261627556798,2.4109630855770874,7.995013687023148,LM-like,4840.0,163.0,0.0,0.8840182648401826,2.0667714577320373,20.099085553294923,0.5300851794076781,0.6666666666666666,0.6278811723222524,ordered-intermetallic,-23.0,20.0,1.0,0.3708133729713289,Pt+Ga mixed projected column,0.014656685364333262,0.9853433146356667,Pt+Ga mixed projected column,Pt+Ga mixed projected column
297,518.6263868956202,548.3376534383344,5.906368283207261,6.244734565363134,LM-like,4455.0,170.0,14.0,0.8980949501058361,2.0682339744786367,19.620750962539432,0.5228371373907346,0.6666666666666666,0.6249563221540233,ordered-intermetallic,-14.0,3.0,1.0,0.6533571128631338,Pt+Ga mixed projected column,0.02394262060526945,0.9760573793947306,Pt+Ga mixed projected column,Pt+Ga mixed projected column
298,921.7564055546404,931.1891337274516,10.497408030468712,10.604832503869488,Pt-like,4618.0,152.0,0.0,0.959086188992731,2.0698347226000555,19.205950212220635,0.4188715245690748,0.6666666666666666,0.5870120945189481,liquid-metal,,,,,,,,,amorphous liquid-metal
299,433.3902772853645,707.8684088601918,4.935658216950423,8.061548013016333,Pt-like,5273.0,151.0,9.0,0.9617875056999544,2.075662929586812,20.78266718195879,0.4712432889995272,0.6666666666666666,0.627142141890274,ordered-intermetallic,-13.0,11.0,0.0,1.505728437097803,Pt-rich projected column,0.19085442903995456,0.8091455709600455,uncertain intensity,uncertain intensity
300,924.0177154648692,827.7596114590087,10.523160922087328,9.426927049559158,Pt-like,5246.0,168.0,0.0,0.993372467335732,2.077068365386367,19.600279573458973,0.4714799020078081,0.6666666666666666,0.627663016057935,Pt-rich,,,,,,,,,Pt-rich region
301,747.8291484696135,852.2169321708222,8.51664025468836,9.705458853945649,LM-like,5101.0,151.0,0.0,1.0332185537775975,2.0828168857835423,20.13736731352753,0.5336086794157989,0.6666666666666666,0.616729243388333,liquid-metal,,,,,,,,,amorphous liquid-metal
302,935.0212521332064,843.9797575787669,10.648474522827923,9.611649923310678,LM-like,4649.0,173.0,0.0,0.8930080676142912,2.086508861570568,19.35228028013223,0.5164276981173114,0.6666666666666666,0.6362749046688901,Pt-rich,,,,,,,,,Pt-rich region
303,795.7838385323317,779.5416959415764,9.062771472794852,8.877798092586424,LM-like,4706.0,161.0,0.0,0.8916256157635468,2.0889732973626134,20.30974480671029,0.528141925183197,0.6666666666666666,0.6256046594200967,ordered-intermetallic,5.0,-2.0,1.0,1.36023301752747,Pt+Ga mixed projected column,0.019119216945545362,0.9808807830544546,Pt+Ga mixed projected column,Pt+Ga mixed projected column
304,56.01553097099578,935.4260781313524,0.6379319754139134,10.653084877210354,Pt-like,5211.0,156.0,0.0,1.1005279831045407,2.089851497013566,19.84433946325768,0.4660074088494948,0.6666666666666666,0.6189124893528606,liquid-metal,,,,,,,,,amorphous liquid-metal
305,906.3199908138866,512.4704252185915,10.321610668948097,5.836261212451604,Pt-like,5680.0,151.0,0.0,1.1426272379802858,2.09468645932123,21.019798002303347,1.0,0.0,0.0005782306189384,Pt-rich,,,,,,,,,Pt-rich region
306,468.13809873457177,830.1070306201847,5.331383223822186,9.453660595000132,LM-like,4713.0,156.0,0.0,0.926934801848756,2.097372297379285,20.35733138791364,0.5305282693061931,0.6666666666666666,0.6257699518033644,ordered-intermetallic,-8.0,13.0,1.0,1.217188079061276,Pt+Ga mixed projected column,0.06398387620574039,0.9360161237942596,Pt+Ga mixed projected column,Pt+Ga mixed projected column
307,945.627698533074,931.931585891614,10.769265867419351,10.613287908424692,Pt-like,5047.0,179.0,0.0,1.089594127806563,2.10077351467286,19.327064899712965,0.3766901630541458,0.8,0.5807143242886876,liquid-metal,,,,,,,,,amorphous liquid-metal
308,901.6451878756252,653.2956568202874,10.268371750716293,7.440047102302551,Pt-like,6311.0,175.0,0.0,1.074121351374351,2.102622029100714,20.64497470847866,0.7990236595248731,0.0,0.2311787051370878,Pt-rich,,,,,,,,,Pt-rich region
309,664.2349523298523,911.5884687063464,7.564629093637538,10.381610644867305,Pt-like,5430.0,136.0,0.0,1.1004154422940522,2.102895031289214,19.068170929327536,0.4682994921693701,0.6666666666666666,0.6187047000146166,liquid-metal,,,,,,,,,amorphous liquid-metal
310,920.8844329546326,968.0048493766903,10.487477584508683,11.024107690648606,Pt-like,5039.0,157.0,0.0,1.1074725274725274,2.105221634463747,20.20508783316635,0.3904854669486026,0.75,0.5603622923606963,liquid-metal,,,,,,,,,amorphous liquid-metal
311,421.3703101223471,762.7303318884117,4.798769013834872,8.68634214288935,LM-like,4929.0,124.0,0.0,0.8665611814345991,2.1069915685859426,19.49014202198013,0.530973716484714,0.6666666666666666,0.6260814691046822,ordered-intermetallic,-12.0,13.0,1.0,0.3410101297497425,Pt+Ga mixed projected column,0.007935415465107272,0.9920645845348928,Pt+Ga mixed projected column,Pt+Ga mixed projected column
312,56.25861296492664,899.7249097641848,0.6407003108003289,10.246502694264615,Pt-like,4969.5,129.5,4.5,1.0209553158705702,2.122110800068654,19.810218110001426,0.4699820284905651,0.6666666666666666,0.6292423199969457,liquid-metal,,,,,,,,,amorphous liquid-metal
313,854.0541069784107,690.4349568619741,9.726381489755212,7.863007424741535,Pt-like,5683.0,182.0,0.0,0.9920572575717902,2.1277060685258915,19.8437299149644,0.5179043559225147,0.6666666666666666,0.5756943777894097,Pt-rich,,,,,,,,,Pt-rich region
314,432.3477019278112,849.9911346762948,4.923784864224262,9.680110394903272,Pt-like,5538.0,145.0,0.0,1.0586885872682088,2.133461470966457,19.80089425319707,0.466399893305138,0.6666666666666666,0.6253071048200229,ordered-intermetallic,-9.0,15.0,0.0,0.8966823875289016,Pt-rich projected column,0.880695338709455,0.880695338709455,Pt-rich projected column,Pt-rich projected column
315,844.2404083153665,636.8962104746619,9.614618340040998,7.253282270806508,LM-like,4869.0,166.0,0.0,0.866293034427542,2.1378831201134854,18.063304280295863,0.5800586931487844,0.6666666666666666,0.5221017146052971,Pt-rich,,,,,,,,,Pt-rich region
316,958.8864079026496,842.768379332288,10.920262466272478,9.597854161593274,LM-like,4696.0,166.0,0.0,0.902036112178256,2.138230875339626,20.664476915143094,0.5499176200457079,0.6666666666666666,0.630694018158666,Pt-rich,,,,,,,,,Pt-rich region
317,126.9929169482858,897.9586260135083,1.446256796429236,10.226387400118892,Pt-like,5434.0,150.0,0.0,1.1129544290834614,2.141944933273236,19.797283753765097,0.4691461998319944,0.6666666666666666,0.6249967484309693,ordered-intermetallic,-21.0,29.0,0.0,0.4016504604289508,Pt-rich projected column,0.9806862411390446,0.9806862411390446,Pt-rich projected column,Pt-rich projected column
318,900.5716598581477,828.4291511330657,10.256145894119374,9.434552091391044,Pt-like,5267.0,165.0,0.0,1.0799671929464836,2.14209969549562,20.54278226181576,0.4713514751889016,0.6666666666666666,0.6276146794252682,liquid-metal,,,,,,,,,amorphous liquid-metal
319,935.2628733054728,878.8315494922111,10.65122622167026,10.008558996145675,LM-like,4322.0,140.0,0.0,0.8841157819371995,2.1444113554998965,19.51365816054577,0.529577491716801,0.8,0.6371849381461947,liquid-metal,,,,,,,,,amorphous liquid-metal
320,783.546515178963,763.2064552941279,8.923406912194052,8.691764466653568,Pt-like,6270.0,175.0,0.0,1.1525735294117647,2.1515005044818234,20.4105896501047,0.468253343261498,0.6666666666666666,0.6259576526652143,ordered-intermetallic,4.0,-2.0,0.0,0.7117980062494736,Pt-rich projected column,0.9952048725626788,0.9952048725626788,Pt-rich projected column,Pt-rich projected column
321,781.4481119579046,906.5879749000364,8.8995092807904,10.324662601412069,Pt-like,5326.0,145.0,0.0,1.093297752232372,2.1573119923575743,20.05978040639476,0.4709249665232931,0.6666666666666666,0.6092484131573048,liquid-metal,,,,,,,,,amorphous liquid-metal
322,186.4306986030703,841.3755400407533,2.123163018828354,9.5819918336767,LM-like,4891.0,148.0,0.0,0.949247937894226,2.1656443875962945,20.68202725053344,0.5317412443823881,0.6666666666666666,0.6229021047659358,ordered-intermetallic,-20.0,25.0,1.0,1.629209159934056,Pt+Ga mixed projected column,0.1312357094542142,0.8687642905457857,Pt+Ga mixed projected column,Pt+Ga mixed projected column
323,149.93444025453766,932.0492421415825,1.707525966391036,10.614627834739077,Pt-like,5582.0,152.0,0.0,1.1653444676409186,2.175105218378086,20.14740910815053,0.4712242224106222,0.6666666666666666,0.616926102904667,liquid-metal,,,,,,,,,amorphous liquid-metal
324,385.5839742525823,849.5382007240262,4.391216902152747,9.674952163857451,Pt-like,5347.0,179.0,0.0,1.0961459614596143,2.1817253820058773,20.87693804553704,0.468287895520964,0.6666666666666666,0.6251663964604008,ordered-intermetallic,-11.0,17.0,0.0,2.2404752455965724,Pt-rich projected column,0.9654479480785079,0.9654479480785079,Pt-rich projected column,Pt-rich projected column
325,541.2720094106794,514.9673591686108,6.164267591757771,5.864697504665609,LM-like,4640.0,161.0,0.0,0.8833888624464541,2.1856183930400266,19.78112231259212,0.5297322903541952,0.6666666666666666,0.6014012392002446,Pt-rich,,,,,,,,,Pt-rich region
326,718.9620476752108,452.0703958863993,8.187887740608273,5.148396447822405,Pt-like,6202.0,179.0,0.0,1.0966800760355422,2.1868580928434,20.842110073426845,0.7172938698355555,0.5,0.3271900646851829,Pt-rich,,,,,,,,,Pt-rich region
327,67.77197007340371,917.7283055155168,0.7718199934408384,10.45153407782416,LM-like,4753.0,138.0,0.0,0.9712388250319284,2.191207367982512,19.84382378563491,0.5275702159438296,0.6666666666666666,0.6254288884167507,liquid-metal,,,,,,,,,amorphous liquid-metal
328,128.90864021046215,756.8704905899411,1.4680739800531728,8.61960743431217,Pt-like,6199.0,174.0,0.0,1.2000774368405769,2.2059803284610315,20.58070808131707,0.472978737708658,0.6666666666666666,0.626869427007037,ordered-intermetallic,-25.0,25.0,0.0,1.0572993308443277,Pt-rich projected column,0.9991100528672456,0.9991100528672456,Pt-rich projected column,Pt-rich projected column
329,186.03241871485145,877.3632486898373,2.118627214713765,9.991837276024071,LM-like,4571.0,141.0,0.0,0.8943455292506359,2.210422782906675,20.337423819801923,0.531767453328558,0.6666666666666666,0.6233594242232541,ordered-intermetallic,-19.0,26.0,1.0,0.865284278457921,Pt+Ga mixed projected column,0.02101866960817275,0.9789813303918272,Pt+Ga mixed projected column,Pt+Ga mixed projected column
330,596.4135029486202,806.3994046484775,6.79224560589364,9.18366667712874,Pt-like,5010.0,143.0,14.0,0.974802996400428,2.2171222974934373,20.86949643679848,0.4699137594617681,0.6666666666666666,0.6255284811531117,ordered-intermetallic,-3.0,7.0,0.0,0.8867855875136581,Pt-rich projected column,0.2725057516994684,0.7274942483005316,uncertain intensity,uncertain intensity
331,931.2071079356668,510.4886788822946,10.60503720285126,5.813692126107716,Pt-like,4439.0,148.0,0.0,0.8654708520179372,2.2222484906476487,20.73291774084905,1.0,0.0,0.0002613461078234,Pt-rich,,,,,,,,,Pt-rich region
332,219.2647678570488,999.9606921291556,2.4970932895404765,11.38803629294378,Pt-like,4871.0,136.0,0.0,1.1024103202444269,2.2229445673920183,21.71543519839529,0.5615928652424952,0.5,0.5621411006216093,liquid-metal,,,,,,,,,amorphous liquid-metal
333,458.3094140053508,604.7260692197718,5.219449405533843,6.886913133455961,Pt-like,6149.0,188.0,0.0,1.1537667698658411,2.227160036224966,18.802048833593087,0.4766171094094031,0.6666666666666666,0.6287027814914092,ordered-intermetallic,-15.0,7.0,0.0,1.6315095105731647,Pt-rich projected column,0.9954030358643218,0.9954030358643218,Pt-rich projected column,Pt-rich projected column
334,784.2109163202351,693.5271015781589,8.930973433927791,7.898222265212882,Pt-like,6444.0,178.0,0.0,1.1884913316119514,2.2303011247101145,19.067882971773912,0.4708540925827352,0.6666666666666666,0.6285014754056371,ordered-intermetallic,2.0,-4.0,0.0,0.7848857484356889,Pt-rich projected column,0.9986573033253777,0.9986573033253777,Pt-rich projected column,Pt-rich projected column
335,166.50241405438504,565.2568157015774,1.8962100700946185,6.437418173245522,LM-like,4577.0,191.0,0.0,0.8115248226950355,2.230797307155201,19.235817959975183,0.5297182233851597,0.6666666666666666,0.6237644350216917,ordered-intermetallic,-29.0,18.0,1.0,1.6997538179872824,Pt+Ga mixed projected column,0.001130191624836784,0.9988698083751633,Pt+Ga mixed projected column,Pt+Ga mixed projected column
336,831.1449943865725,691.1841307848896,9.46548142869432,7.871539379938416,Pt-like,5807.0,172.0,0.0,1.024794846907262,2.2362623371122883,19.667853369760667,0.470410563614437,0.6666666666666666,0.6151110778110292,Pt-rich,,,,,,,,,Pt-rich region
337,357.91358718023423,414.2747621858848,4.076093143089024,4.717961480044016,LM-like,4117.0,175.0,9.0,0.9260008996851102,2.239661547620205,21.322949151293752,0.7238173591977697,0.6,0.4010087461094113,Pt-rich,,,,,,,,,Pt-rich region
338,294.03638929165305,645.6368052842515,3.3486287001639425,7.352824394508974,Pt-like,5843.0,182.0,9.0,1.0562183658712945,2.2418225420947997,18.480578381314483,0.474352926997081,0.6666666666666666,0.628669399276153,ordered-intermetallic,-21.0,15.0,0.0,0.2899161724761556,Pt-rich projected column,0.8711594009088798,0.8711594009088798,Pt-rich projected column,Pt-rich projected column
339,211.0619850912412,769.6385054681541,2.403676029666739,8.76501576682606,LM-like,4763.0,139.0,0.0,0.8906965871902758,2.2509941148487207,19.399044630865863,0.5297754541520023,0.6666666666666666,0.6264786675788363,ordered-intermetallic,-21.0,22.0,1.0,2.244733987731242,Pt+Ga mixed projected column,0.018509810161458324,0.9814901898385416,Pt+Ga mixed projected column,Pt+Ga mixed projected column
340,408.7299027505563,850.2708973816838,4.654813937359771,9.683296467983403,Pt-like,5829.0,167.0,0.0,1.1381431221321878,2.2517231976555974,19.56349047647105,0.4673270908333332,0.6666666666666666,0.6251467888138431,ordered-intermetallic,-10.0,16.0,0.0,0.6456631914679524,Pt-rich projected column,0.9920179509261857,0.9920179509261857,Pt-rich projected column,Pt-rich projected column
341,628.757707815245,966.2808415716322,7.160597063892707,11.004473855431026,LM-like,4534.0,127.0,0.0,1.004430660168365,2.254752844610508,20.142643762674943,0.534475382213046,0.6666666666666666,0.6072032163658873,liquid-metal,,,,,,,,,amorphous liquid-metal
342,897.0596218818634,969.2505817683824,10.21614910599467,11.038294693997384,Pt-like,4599.0,156.0,0.0,0.9997826086956522,2.2550278382319164,19.38193070817629,0.4723725726398075,0.5,0.566421150818897,liquid-metal,,,,,,,,,amorphous liquid-metal
343,672.0887205006053,456.4584413674853,7.65407160639718,5.198369633355622,Pt-like,5585.0,182.0,0.0,1.0035938903863433,2.269299464864696,19.988370124876724,0.621917615204498,0.5,0.4965400353512998,Pt-rich,,,,,,,,,Pt-rich region
344,397.4033686687855,832.3292362638555,4.525821885760396,9.478968148306675,LM-like,4599.0,131.0,0.0,0.8977161819246535,2.271587548279062,19.908782347043896,0.5292797133360846,0.6666666666666666,0.6258305330745431,ordered-intermetallic,-11.0,16.0,1.0,1.4171721485756783,Pt+Ga mixed projected column,0.023630076432699595,0.9763699235673005,Pt+Ga mixed projected column,Pt+Ga mixed projected column
345,994.4003499653136,751.480140688644,11.324712425454356,8.558219520976365,Pt-like,3108.0,151.0,0.0,0.6860169959165655,2.2741979452413843,19.4258097569254,0.85946343986318,0.0,0.1728374733243288,Pt-rich,,,,,,,,,Pt-rich region
346,552.1957822240543,566.7458070268162,6.288672803116337,6.454375527054694,Pt-like,4701.0,176.0,9.0,0.9196908930842218,2.274947796019862,17.523956586000136,0.4644255185629753,0.6666666666666666,0.6215388362723291,ordered-intermetallic,-12.0,2.0,0.0,2.9029502600996686,Pt-rich projected column,0.050191113668428426,0.9498088863315716,uncertain intensity,uncertain intensity
347,32.569044556124226,899.9358055672908,0.3709120411942556,10.248904477733412,Pt-like,4917.0,151.0,0.0,1.0558299334335408,2.2862793352809154,20.098666145102804,0.4396161374226056,0.6666666666666666,0.6315979564781107,liquid-metal,,,,,,,,,amorphous liquid-metal
348,593.8398458028629,913.9811508534416,6.762935552796379,10.40885966709695,Pt-like,4946.0,154.0,0.0,1.0868538153051694,2.289252176495389,21.05241130729012,0.4717793899894889,0.6666666666666666,0.6187545138547791,liquid-metal,,,,,,,,,amorphous liquid-metal
349,224.7825841553257,613.0216788384756,2.559932851892451,6.981387550454034,Pt-like,6358.0,194.0,0.0,1.2071387886842604,2.2952039266530497,19.545370565324045,0.4747434862079045,0.6666666666666666,0.6289995757202418,ordered-intermetallic,-25.0,17.0,0.0,0.5791261496744123,Pt-rich projected column,0.9993074186167045,0.9993074186167045,Pt-rich projected column,Pt-rich projected column
350,625.7974526329418,422.2749540317364,7.126884245261143,4.8090715364774175,Pt-like,4691.0,184.0,0.0,0.9749558349786968,2.307339335012536,20.87971742232618,0.5989467895710797,0.5,0.4093478459567287,Pt-rich,,,,,,,,,Pt-rich region
351,225.5920968920116,545.8638545717791,2.569151974701519,6.216561746675841,Pt-like,5631.0,210.0,0.0,1.0813250120019202,2.310654640815834,18.807439724110345,0.4704221839484021,0.6666666666666666,0.61944065762884,ordered-intermetallic,-27.0,15.0,0.0,2.4021082719876663,Pt-rich projected column,0.9428616785028255,0.9428616785028255,Pt-rich projected column,Pt-rich projected column
352,259.1614220719599,629.839942825929,2.9514556957256914,7.17292207994201,LM-like,5359.0,142.0,0.0,0.971449288498142,2.311593770743277,18.84253649468276,0.5288300187690504,0.6666666666666666,0.6288604078331184,ordered-intermetallic,-23.0,16.0,1.0,0.4130289021892596,Pt+Ga mixed projected column,0.24952925436764148,0.7504707456323585,uncertain intensity,uncertain intensity
353,242.44443374681484,998.8841247167932,2.761074542492439,11.375775822246998,Pt-like,4825.0,127.0,0.0,1.0891647855530473,2.318610473160009,21.125148783278878,0.5594565834572109,0.5,0.5617755305404439,liquid-metal,,,,,,,,,amorphous liquid-metal
354,652.6504235631614,963.0476328043172,7.432698873709766,10.967652509277462,LM-like,4099.0,155.0,0.0,0.85431429762401,2.32935051124015,20.01769528396424,0.5404021311351955,0.6666666666666666,0.5996498196865718,liquid-metal,,,,,,,,,amorphous liquid-metal
355,621.4880267254584,633.0527366723031,7.077806417480055,7.2095109310961,Pt-like,5345.0,194.0,0.0,1.0156769596199524,2.3406115471954805,17.762525419036958,0.4772294390643722,0.6666666666666666,0.6268351348450847,ordered-intermetallic,-7.0,1.0,0.0,2.229653970621618,Pt-rich projected column,0.6155163448737798,0.6155163448737798,uncertain intensity,uncertain intensity
356,807.4593954658934,694.7542849344758,9.19573836554003,7.912198023170005,Pt-like,5710.0,179.0,0.0,1.0395994538006372,2.3431363290235336,17.86106473638671,0.4719423203488915,0.6666666666666666,0.6265982992912682,ordered-intermetallic,3.0,-5.0,0.0,2.2668490402628025,Pt-rich projected column,0.7892940699211671,0.7892940699211671,uncertain intensity,uncertain intensity
357,222.490501621625,753.9633039541362,2.5338295067453256,8.586498985970652,Pt-like,5714.0,176.0,0.0,1.0633665208895506,2.346595174586809,18.092034935692336,0.4725950558703037,0.6666666666666666,0.6272154123297031,ordered-intermetallic,-21.0,21.0,0.0,0.217973943078557,Pt-rich projected column,0.8970868712787358,0.8970868712787358,Pt-rich projected column,Pt-rich projected column
358,244.9651554250585,856.9082637440794,2.789781740867534,9.758886008271816,Pt-like,5393.0,154.0,0.0,1.093803873846466,2.3483562314311395,20.235773719863538,0.4716013850420504,0.6666666666666666,0.6192455485318703,ordered-intermetallic,-17.0,23.0,0.0,1.1953865462402795,Pt-rich projected column,0.9625614247004739,0.9625614247004739,Pt-rich projected column,Pt-rich projected column
359,433.9459847620666,673.485650037808,4.941986882629741,7.669980516010893,Pt-like,6358.0,174.0,0.0,1.2063371596622712,2.3579416791102115,19.02853562802092,0.471809218195991,0.6666666666666666,0.6280809887209962,ordered-intermetallic,-14.0,10.0,0.0,0.8599742818692625,Pt-rich projected column,0.9992874196959823,0.9992874196959823,Pt-rich projected column,Pt-rich projected column
360,191.94157203300097,491.6511684586434,2.1859235124356005,5.599161440990007,LM-like,5387.0,195.0,0.0,1.0701231624950338,2.358716207751195,20.386588413769115,0.58926289689818,0.6666666666666666,0.5697199859812951,Pt-rich,,,,,,,,,Pt-rich region
361,737.1705236002094,799.8152367961635,8.395254676434082,9.108682987218558,Pt-like,5609.0,187.0,0.0,1.0588512907640757,2.359342941957205,20.48673668576203,0.4698598531161779,0.6666666666666666,0.6247954242413462,ordered-intermetallic,3.0,1.0,0.0,1.3059540739988054,Pt-rich projected column,0.8813015098576203,0.8813015098576203,Pt-rich projected column,Pt-rich projected column
362,520.7104547937996,406.7684324978456,5.930102657016388,4.632475764868373,LM-like,5283.0,154.0,9.0,1.090740167234438,2.3616686602788257,20.270638685189606,0.7286397125504627,0.6666666666666666,0.3845884859147148,Pt-rich,,,,,,,,,Pt-rich region
363,25.13991095434497,569.102866334875,0.2863054724079868,6.481218859153719,LM-like,1306.0,85.0,0.0,0.609283881502216,2.3660379937384293,21.280871317795288,0.5449290980930634,1.0,0.6480707569081068,liquid-metal,,,,,,,,,amorphous liquid-metal
364,137.13628044751167,984.521406437939,1.5617743288391854,11.212206235649896,LM-like,4131.0,136.0,0.0,0.973833097595474,2.3682168319607517,19.875701013328467,0.588035481361327,0.6666666666666666,0.575364064637701,liquid-metal,,,,,,,,,amorphous liquid-metal
365,910.9999302806552,880.200955467198,10.374908084452365,10.02415445411285,LM-like,4062.0,116.0,0.0,0.8328890711502973,2.3748743225305806,19.647678040417787,0.5300931019169809,0.6666666666666666,0.631882609360338,liquid-metal,,,,,,,,,amorphous liquid-metal
366,831.7101608980605,623.1574203382015,9.47191781843948,7.096818279845012,Pt-like,5953.0,209.0,0.0,1.0951066961000735,2.3760442223592717,18.59466199619137,0.5203039889825312,0.6666666666666666,0.5302013663610632,Pt-rich,,,,,,,,,Pt-rich region
367,951.2115817632338,581.77200322861,10.8328578319647,6.625501121328373,Pt-like,5109.0,179.0,0.0,1.0595188718374118,2.37750952356506,20.478596438573987,1.0,0.0,0.0008834741659978,Pt-rich,,,,,,,,,Pt-rich region
368,620.7100006617256,700.4095928254959,7.068945880140552,7.976603406319195,Pt-like,6065.0,194.0,0.0,1.1401447504464706,2.377850803355856,19.1578390848266,0.4668799940125603,0.6666666666666666,0.6272703926201586,ordered-intermetallic,-5.0,3.0,0.0,0.6926106718716603,Pt-rich projected column,0.9925619179812438,0.9925619179812438,Pt-rich projected column,Pt-rich projected column
369,125.35839046426553,1002.2408009037188,1.427642017800121,11.414003275127149,Pt-like,4367.0,151.0,0.0,1.077872392940886,2.378600617925932,19.348451591277406,0.5580039903657646,0.5,0.5641860578338551,liquid-metal,,,,,,,,,amorphous liquid-metal
370,468.8006389878125,759.0513536639772,5.338928552862447,8.644444158427978,LM-like,5312.0,150.0,0.0,0.9674012019668548,2.380264508797445,20.27966294709502,0.5280390236899541,0.6666666666666666,0.6268030332908323,ordered-intermetallic,-10.0,11.0,1.0,1.505731443005353,Pt+Ga mixed projected column,0.22357063854178727,0.7764293614582127,uncertain intensity,uncertain intensity
371,223.47712045632576,682.8815242600405,2.5450655995090825,7.776985278787007,Pt-like,5594.0,195.0,9.0,1.0503191888847163,2.3814790701370283,21.579450652697258,0.4691763065278359,0.6666666666666666,0.6279334999341998,ordered-intermetallic,-23.0,19.0,0.0,0.7756718959822765,Pt-rich projected column,0.845745477601037,0.845745477601037,Pt-rich projected column,Pt-rich projected column
372,219.92401723525523,964.3348175081468,2.504601140503228,10.98231159161771,Pt-like,4619.0,126.0,9.0,1.0059893281062833,2.389192850048027,20.11871549737532,0.4683493737469303,0.6666666666666666,0.5883797799795902,liquid-metal,,,,,,,,,amorphous liquid-metal
373,202.26837417751105,546.7493979109112,2.303530132913179,6.226646742780575,Pt-like,5262.0,196.0,0.0,0.9606572341396624,2.390691447969372,18.696928756216085,0.4714031229120459,0.6666666666666666,0.6182272323464543,ordered-intermetallic,-28.0,16.0,0.0,2.2469436113125747,Pt-rich projected column,0.18472858456143154,0.8152714154385685,uncertain intensity,uncertain intensity
374,810.3345150255522,553.3150836504826,9.228481618499536,6.301419949446429,Pt-like,6286.0,205.0,0.0,1.079790432019239,2.3997535938932466,21.115736755116867,0.7260210544581512,0.4,0.3346829529588602,Pt-rich,,,,,,,,,Pt-rich region
375,875.1678734182797,900.7898457062454,9.96683527997971,10.258630700148553,Pt-like,5077.0,153.0,0.0,1.0733615221987316,2.40118796698784,20.121653657186613,0.4708476249378808,0.6666666666666666,0.6175376523483886,liquid-metal,,,,,,,,,amorphous liquid-metal
376,404.3534533425328,412.64774209929664,4.604972813518509,4.69943218790158,LM-like,5144.0,161.0,0.0,1.136669981217545,2.411665920573951,21.54844561930549,0.7281802057493431,0.6666666666666666,0.3912193080925146,Pt-rich,,,,,,,,,Pt-rich region
377,877.3933241120513,689.418982157755,9.992179789487246,7.851437013128929,Pt-like,5897.0,212.0,0.0,1.0018688413183825,2.413454372298869,20.319962584391124,0.5843748754397624,0.6,0.505948438039775,Pt-rich,,,,,,,,,Pt-rich region
378,457.6345333148092,637.8078360664213,5.2117635376214455,7.26366430422667,Pt-like,5837.0,167.0,0.0,1.0602125147579693,2.414307461421102,18.34642847614156,0.470015625718807,0.6666666666666666,0.6280623800425913,ordered-intermetallic,-14.0,8.0,0.0,0.6903754798104411,Pt-rich projected column,0.8862691498344359,0.8862691498344359,Pt-rich projected column,Pt-rich projected column
379,374.2525349471125,798.5885323307302,4.262168987492005,9.094712683102577,LM-like,5143.0,146.0,0.0,0.9733156699470098,2.4157764912202846,20.000840438247103,0.5270348046069336,0.6666666666666666,0.6265008964589174,ordered-intermetallic,-13.0,16.0,1.0,1.0587623068605445,Pt+Ga mixed projected column,0.26215451554546754,0.7378454844545325,uncertain intensity,uncertain intensity
380,92.24058953731463,881.8359148000706,1.0504804734842457,10.04277416223417,LM-like,4415.0,150.0,0.0,0.8971753708595814,2.4167946510583262,20.1743248520455,0.53180426866269,0.6666666666666666,0.6268957712452627,liquid-metal,,,,,,,,,amorphous liquid-metal
381,479.0242903293524,847.7769960502972,5.45536044207597,9.654894712698022,Pt-like,5648.0,176.0,0.0,1.180602006688963,2.418290311666752,19.700045370122087,0.4678285495692144,0.6666666666666666,0.6254591461794945,ordered-intermetallic,-7.0,13.0,0.0,0.6945711538120877,Pt-rich projected column,0.9982235757379412,0.9982235757379412,Pt-rich projected column,Pt-rich projected column
382,283.06252789010244,628.8613904673618,3.223653055722859,7.161777852112233,LM-like,4408.0,172.0,0.0,0.7830180300204281,2.425181685233494,20.045951619695284,0.5312836396714465,0.6666666666666666,0.6285787682830017,ordered-intermetallic,-22.0,15.0,1.0,0.4384815616803724,Pt+Ga mixed projected column,0.0004106899569425068,0.9995893100430575,Pt+Ga mixed projected column,Pt+Ga mixed projected column
383,363.38669958898686,712.6403770438993,4.1384235959126485,8.115893496086397,Pt-like,5444.0,176.0,0.0,0.9796212155292636,2.435653599321156,18.02543297664193,0.4715845822760486,0.6666666666666666,0.627191154353694,ordered-intermetallic,-16.0,14.0,0.0,0.1959003928011598,Pt-rich projected column,0.3077360189014422,0.6922639810985578,uncertain intensity,uncertain intensity
384,57.37904919594696,829.595402023772,0.6534603808343024,9.447833920941523,Pt-like,6094.0,165.0,0.0,1.0869526442522073,2.4388692524495506,21.0135796429538,0.4692541310020238,0.6666666666666666,0.6316179555800308,liquid-metal,,,,,,,,,amorphous liquid-metal
385,842.8842153856125,707.471343134477,9.599173358627391,8.057026036371935,LM-like,5650.0,180.0,0.0,0.990359333917616,2.4448973057373715,20.07691698904128,0.531299053353088,0.6666666666666666,0.6122829502800676,Pt-rich,,,,,,,,,Pt-rich region
386,559.009653504636,932.3614029260124,6.366272466832609,10.618182872822375,LM-like,4626.0,119.0,0.0,0.991852487135506,2.4455050133156253,20.83956884025521,0.5323547036024702,0.6666666666666666,0.6039212211331983,liquid-metal,,,,,,,,,amorphous liquid-metal
387,960.9079348961388,736.4165480057447,10.943284593992322,8.386668037477829,Pt-like,4838.0,165.0,0.0,1.0054031587697425,2.447487449452036,19.68723625923092,0.8430418841257903,0.0,0.1581470062380709,Pt-rich,,,,,,,,,Pt-rich region
388,438.88705305831655,430.4824344217304,4.9982581596174365,4.9025422951688045,Pt-like,5163.0,179.0,0.0,1.041872666733932,2.449128253347918,21.80597288746957,0.6272954853420494,0.5,0.3956582017133723,Pt-rich,,,,,,,,,Pt-rich region
389,749.9643227796183,609.9343565980869,8.540956653048303,6.946227630670889,LM-like,4720.0,157.0,0.0,0.9673122246131776,2.4524989885007944,19.63800328904204,0.5249038185523466,0.6666666666666666,0.6270937332637547,ordered-intermetallic,-2.0,-5.0,1.0,2.5741980143235867,Pt+Ga mixed projected column,0.22302225075289073,0.7769777492471093,uncertain intensity,uncertain intensity
390,622.9757711088583,529.2625475959265,7.094749570512107,6.027498028632321,Pt-like,5794.0,185.0,0.0,1.0755522554297383,2.467088972484135,16.472048322606668,0.4706311598412002,0.6666666666666666,0.6340170729106018,ordered-intermetallic,-10.0,-2.0,0.0,3.573290642330219,Pt-rich projected column,0.9307522552479306,0.9307522552479306,Pt-rich projected column,Pt-rich projected column
391,227.26667945188527,472.4113358933187,2.58822293130759,5.38004891661912,Pt-like,4327.0,174.0,0.0,0.8215302828934877,2.47101336447832,20.53963699409525,0.5598327062950277,0.5,0.5581426069640002,Pt-rich,,,,,,,,,Pt-rich region
392,808.7657414576986,623.5874758163699,9.21061566590085,7.101715959755741,Pt-like,5896.0,196.0,0.0,1.0221027996879606,2.472042427635744,19.95916289770084,0.468181887500623,0.6666666666666666,0.5890271505973428,Pt-rich,,,,,,,,,Pt-rich region
393,957.6659326617788,912.0070212885984,10.906363103580448,10.386377324232509,LM-like,4773.0,158.0,0.0,1.0165051645192205,2.483855244824103,20.523438884024408,0.5060312185425456,0.6666666666666666,0.5970553035780708,liquid-metal,,,,,,,,,amorphous liquid-metal
394,435.1109021608581,603.4734532679204,4.955253525728953,6.8726477367927865,Pt-like,6458.0,195.0,0.0,1.218490566037736,2.4843808568832757,21.94172118598777,0.4720604574324984,0.6666666666666666,0.6281390918655638,ordered-intermetallic,-16.0,8.0,0.0,0.7488764193749003,Pt-rich projected column,0.9995372179062995,0.9995372179062995,Pt-rich projected column,Pt-rich projected column
395,687.6879666985501,909.885909076664,7.831723371354572,10.362221071850746,Pt-like,5571.0,161.0,0.0,1.1748207507380852,2.4867898059189457,19.123460884721844,0.4640141440508996,0.6666666666666666,0.617337755761894,liquid-metal,,,,,,,,,amorphous liquid-metal
396,504.88936509633726,602.7682744018725,5.749924430925328,6.8646168185949215,Pt-like,6021.0,169.0,0.0,1.1865208394915756,2.4915024210744234,20.53735951082268,0.4824971745659602,0.6666666666666666,0.6283306562665376,ordered-intermetallic,-13.0,5.0,0.0,1.8299379942493383,Pt-rich projected column,0.9985600527049191,0.9985600527049191,Pt-rich projected column,Pt-rich projected column
397,882.5071675705734,477.9330716629794,10.050418713637436,5.442933115808041,Pt-like,4432.0,174.0,0.0,0.9595150465468716,2.4971809817525363,20.41738566325224,1.0,0.0,0.0004133690499574,Pt-rich,,,,,,,,,Pt-rich region
398,620.0548424975206,805.592809023444,7.061484621902791,9.174480775798909,Pt-like,5514.0,188.5,4.5,1.0924219910846953,2.507130749040324,20.054662690575142,0.470269717933437,0.6666666666666666,0.6252852585850743,ordered-intermetallic,-2.0,6.0,0.0,0.8301358416074561,Pt-rich projected column,0.9607510028294755,0.9607510028294755,Pt-rich projected column,Pt-rich projected column
399,102.9041405735326,933.275624284218,1.1719221533102198,10.628594468087048,Pt-like,5162.0,163.0,0.0,1.0770996348461137,2.511747839177411,20.5637582941487,0.4714655337834184,0.6666666666666666,0.6172030349430421,liquid-metal,,,,,,,,,amorphous liquid-metal
400,350.7340457222959,835.380614555748,3.994329050426933,9.513718721009273,LM-like,4857.0,138.0,0.0,0.9084447769568876,2.5238266660284525,19.41391019136411,0.5335611478478721,0.6666666666666666,0.6255002301396229,ordered-intermetallic,-13.0,18.0,1.0,0.8913791151033348,Pt+Ga mixed projected column,0.034221930699591584,0.9657780693004084,Pt+Ga mixed projected column,Pt+Ga mixed projected column
401,455.85931365868936,848.2664126368863,5.191546477059999,9.660468425639255,Pt-like,5672.0,137.0,0.0,1.1550758578556155,2.5242641052727457,19.324956643119336,0.4685655495774535,0.6666666666666666,0.6253771183686136,ordered-intermetallic,-8.0,14.0,0.0,0.8946462753248637,Pt-rich projected column,0.9956110718636959,0.9956110718636959,Pt-rich projected column,Pt-rich projected column
402,339.7471911363116,711.7464393953742,3.869205433313467,8.105712901523866,Pt-like,5843.5,164.5,4.5,1.090713952403173,2.529554151880251,20.96154249801897,0.4719191084126811,0.6666666666666666,0.6269489593221963,ordered-intermetallic,-17.0,15.0,0.0,1.780832514586961,Pt-rich projected column,0.9583970919096866,0.9583970919096866,Pt-rich projected column,Pt-rich projected column
403,665.1533828609429,875.1336736923546,7.575088625000053,9.966445796949918,Pt-like,5727.0,192.0,0.0,1.152082076041038,2.5382866279291023,20.523985622502455,0.4697271363891162,0.6666666666666666,0.6233639015268058,ordered-intermetallic,2.0,6.0,0.0,0.961389861320178,Pt-rich projected column,0.9951208051838805,0.9951208051838805,Pt-rich projected column,Pt-rich projected column
404,848.6093702184957,461.1091867869171,9.664374192552946,5.251334572920357,Pt-like,4514.0,170.0,0.0,0.8134799062894216,2.54100596104684,19.84824004991927,1.0,0.0,0.0015769796199174,Pt-rich,,,,,,,,,Pt-rich region
405,881.3334483499711,549.4686521383527,10.0370518311318,6.257614925905763,Pt-like,6381.0,185.0,0.0,1.0859428182437032,2.543258376261527,19.676921233402908,1.0,0.0,0.0226453303587935,Pt-rich,,,,,,,,,Pt-rich region
406,553.7744516295091,463.5187469387491,6.306651454302716,5.278775810036056,Pt-like,4498.0,165.0,0.0,0.8601615910503418,2.545602014684885,19.03708201083199,0.6142145560659039,0.5,0.5387645846469684,Pt-rich,,,,,,,,,Pt-rich region
407,91.4943389190499,916.1675974726442,1.04198181029546,10.433759979327268,LM-like,4809.0,153.0,0.0,0.97913061182938,2.5516331471803806,20.5637582941487,0.5303037002240912,0.6666666666666666,0.623706907617454,liquid-metal,,,,,,,,,amorphous liquid-metal
408,394.2473100808795,393.616153175008,4.48987916318677,4.48269124289432,Pt-like,3615.0,158.0,9.0,0.7988067616837918,2.553883852701011,21.54844561930549,0.5824737220286275,0.5,0.3926096744190016,outside,,,,,,,,,outside
409,889.0835331776419,777.3867689192152,10.125313547802868,8.853256740778841,LM-like,5177.0,153.0,0.0,0.9773456673588824,2.5643302386130853,20.23101534291417,0.529084164034043,0.6666666666666666,0.6108461857831298,Pt-rich,,,,,,,,,Pt-rich region
410,20.46270065928134,882.9436040282302,0.2330391380318799,10.055389063230654,LM-like,4705.0,133.0,0.0,0.9537806608554632,2.567135614301073,20.55388484217545,0.5262555839924863,0.75,0.6361514007089869,liquid-metal,,,,,,,,,amorphous liquid-metal
411,528.5430278019699,600.1282416828165,6.019303789007138,6.834550848346476,Pt-like,5856.0,153.0,0.0,1.120658310209549,2.56973205721084,19.254520627305745,0.4794510983463517,0.6666666666666666,0.6247503661812535,ordered-intermetallic,-12.0,4.0,0.0,0.4559215571115677,Pt-rich projected column,0.9852434502731032,0.9852434502731032,Pt-rich projected column,Pt-rich projected column
412,366.2054217463277,504.823328175348,4.170524567961034,5.749172370510533,Pt-like,5471.0,176.0,0.0,1.2195720017833258,2.5706054463118537,19.003349966049303,0.4695779275892516,0.6666666666666666,0.5826802742665698,Pt-rich,,,,,,,,,Pt-rich region
413,383.8079615541562,923.779107830672,4.370990810041725,10.520443542874927,Pt-like,5538.0,161.0,0.0,1.1835862363752938,2.572710053776274,19.964210289898745,0.5337078573068288,0.6,0.608490882152965,liquid-metal,,,,,,,,,amorphous liquid-metal
414,296.2016969486602,574.0625907292039,3.3732882716625805,6.537702600814957,Pt-like,5249.5,167.5,11.5,1.0629745874253316,2.573367452351216,17.920538333416868,0.4693047074984841,0.6666666666666666,0.625246700127032,ordered-intermetallic,-23.0,13.0,0.0,1.5739914823626138,Pt-rich projected column,0.8957938951975133,0.8957938951975133,Pt-rich projected column,Pt-rich projected column
415,880.0694658871276,585.1520671750786,10.022656987140628,6.663994925332704,Pt-like,5648.0,201.0,0.0,0.934712453454696,2.5757486975056483,19.81756918219317,0.9453045497622604,0.0,0.1056592443963547,Pt-rich,,,,,,,,,Pt-rich region
416,387.3286094381512,642.7368313797427,4.411085651962203,7.319798088242057,Pt-like,5608.0,198.0,0.0,1.0805394990366088,2.5766195749961054,18.04686853875458,0.4683206750554366,0.6666666666666666,0.6284139452098243,ordered-intermetallic,-17.0,11.0,0.0,1.5452956621693832,Pt-rich projected column,0.9413391203418037,0.9413391203418037,Pt-rich projected column,Pt-rich projected column
417,700.9529351601672,854.8820104710915,7.982791251776955,9.735810055393758,LM-like,4873.0,122.0,0.0,0.9977477477477478,2.5783172961886365,19.14443245145328,0.5349910211576455,0.6666666666666666,0.6234437082319058,ordered-intermetallic,3.0,4.0,1.0,0.405341859931557,Pt+Ga mixed projected column,0.45845192990325784,0.5415480700967421,uncertain intensity,uncertain intensity
418,576.2317962737189,561.5179644975084,6.562406563342918,6.3948383263165445,Pt-like,5909.0,203.0,0.0,1.2595118831930086,2.580456117717821,17.136981886416763,0.4647268524739556,0.6666666666666666,0.6267519073627406,ordered-intermetallic,-11.0,1.0,0.0,1.3867148047796178,Pt-rich projected column,0.9998922441054364,0.9998922441054364,Pt-rich projected column,Pt-rich projected column
419,912.8422018849164,705.4790964255401,10.39588876504903,8.034337366702767,LM-like,6028.0,176.0,0.0,0.9943912900032992,2.584639108023788,19.54196666080289,0.7575422449045496,0.8,0.3176815065355367,Pt-rich,,,,,,,,,Pt-rich region
420,928.90968154554,547.6305862491256,10.578872999280994,6.236682142027258,Pt-like,5818.0,179.0,0.0,1.0136771495774892,2.588631752433096,20.30355167396412,1.0,0.0,0.0008375587849289,Pt-rich,,,,,,,,,Pt-rich region
421,901.1435900038124,687.9181018348389,10.262659311403796,7.834344261660528,Pt-like,6260.0,176.0,0.0,1.049895178197065,2.594423826672489,21.1008542708428,0.7210478890231962,0.4,0.3441953090032791,Pt-rich,,,,,,,,,Pt-rich region
422,231.11135076013957,981.0562493208636,2.632007908794669,11.172743349437852,LM-like,3893.0,143.0,0.0,0.8244387971198645,2.596280209589525,20.03218310910434,0.5855478562933749,0.6666666666666666,0.5743468634725983,liquid-metal,,,,,,,,,amorphous liquid-metal
423,813.7754713840787,445.07294830462456,9.267668894761265,5.068706128346396,Pt-like,4927.5,174.5,4.5,0.8891996751782009,2.5983033076354816,20.86552383206441,1.0,0.0,0.0107667948269697,Pt-rich,,,,,,,,,Pt-rich region
424,555.8160638607488,422.4866797026734,6.329902322430313,4.811482770882687,Pt-like,4930.0,194.0,0.0,1.0005073566717402,2.5985934989212747,17.910797207520694,0.654679579060139,0.5,0.4033380898745011,Pt-rich,,,,,,,,,Pt-rich region
425,396.25166567930046,904.0049504242012,4.51270573474948,10.29524586862656,LM-like,4717.0,145.0,0.0,0.931845120505729,2.5994158800734017,19.934877919987887,0.5354158331782894,0.6666666666666666,0.6182813858655805,liquid-metal,,,,,,,,,amorphous liquid-metal
426,366.6466756687023,537.1211033275702,4.175549781173872,6.1169950644523245,Pt-like,5550.0,197.0,9.0,1.183495042115364,2.6008467666259585,18.99496955745317,0.4713663738386183,0.6666666666666666,0.6177490663390232,Pt-rich,,,,,,,,,Pt-rich region
427,842.6450199836402,674.1989982859056,9.596449285631117,7.678104471085114,LM-like,5093.0,154.0,0.0,0.8987911409159093,2.6016933100161954,19.8437299149644,0.5285876216908476,0.6666666666666666,0.5806460571672784,Pt-rich,,,,,,,,,Pt-rich region
428,177.0175554510968,685.827401577069,2.015961589123051,7.810534355330656,Pt-like,6033.0,173.0,0.0,1.087811034980166,2.6018432480544065,18.55262036181748,0.4721532416111805,0.6666666666666666,0.6283884868899796,ordered-intermetallic,-25.0,21.0,0.0,0.3641523776765062,Pt-rich projected column,0.9540837941358683,0.9540837941358683,Pt-rich projected column,Pt-rich projected column
429,772.276575160213,745.9937269973087,8.795059381173054,8.495737586709533,LM-like,5345.0,162.0,0.0,0.9857985983032092,2.6047430383957857,19.390405084528023,0.5313194237182668,0.6666666666666666,0.6263888563178175,ordered-intermetallic,3.0,-2.0,1.0,0.8463379903524291,Pt+Ga mixed projected column,0.3563586200707458,0.6436413799292542,uncertain intensity,uncertain intensity
430,392.7622483330754,431.9202204928679,4.472966561307144,4.918916498763487,Pt-like,5402.0,188.0,0.0,1.202716241790048,2.6108334142061214,20.865755494081878,0.6214903092463273,0.5,0.400605092590151,Pt-rich,,,,,,,,,Pt-rich region
431,712.7943807867533,835.4792868835741,8.11764736524013,9.514842449231027,Pt-like,5696.0,182.0,0.0,1.153269892690828,2.6185820445123738,20.76631044030201,0.4684417190019614,0.6666666666666666,0.6237380838348403,ordered-intermetallic,3.0,3.0,0.0,1.5791054461919516,Pt-rich projected column,0.9953215288912869,0.9953215288912869,Pt-rich projected column,Pt-rich projected column
432,308.01074532765875,490.3279953565472,3.5077754295915797,5.584092505353712,LM-like,4352.0,164.0,9.0,0.902623664834595,2.620323833324184,16.437589183567184,0.5784297425434727,0.5,0.5265280132691849,Pt-rich,,,,,,,,,Pt-rich region
433,329.1166770076317,660.0321192713252,3.748139993778748,7.516765196805973,LM-like,5288.0,132.0,0.0,0.9771782315439342,2.626737634339775,18.89364974500824,0.528937746481903,0.6666666666666666,0.6285342842738417,ordered-intermetallic,-19.0,14.0,1.0,1.417124865449494,Pt+Ga mixed projected column,0.2895563999111436,0.7104436000888563,uncertain intensity,uncertain intensity
434,728.5079452113704,507.7303416463307,8.296601041487172,5.782278846767254,LM-like,5289.0,177.0,0.0,0.9393481928780748,2.6287825528829423,17.73550585335374,0.5256674357958202,0.6666666666666666,0.5362153209657796,Pt-rich,,,,,,,,,Pt-rich region
435,456.45770818443015,813.4340159607568,5.198361283512166,9.263780235153122,Pt-like,5778.0,178.0,0.0,1.1363949257547448,2.6362196768674298,20.35733138791364,0.4708250509401031,0.6666666666666666,0.6260284755913602,ordered-intermetallic,-9.0,13.0,0.0,0.929271384182112,Pt-rich projected column,0.9915106877563208,0.9915106877563208,Pt-rich projected column,Pt-rich projected column
436,548.7394455973146,845.5979700544857,6.249310368916915,9.63007891011809,Pt-like,5505.0,126.0,0.0,1.148430165849588,2.646649341699841,18.95155658973739,0.4713499292781567,0.6666666666666666,0.6261100079990343,ordered-intermetallic,-4.0,10.0,0.0,1.271076746195369,Pt-rich projected column,0.994448437384845,0.994448437384845,Pt-rich projected column,Pt-rich projected column
437,343.10102743442417,539.6417985247972,3.9074005441654496,6.145701961248786,Pt-like,4762.0,180.0,14.0,0.9657270330561752,2.651270430046514,20.363327240306354,0.4715646041341439,0.6666666666666666,0.6122395520690371,Pt-rich,,,,,,,,,Pt-rich region
438,558.0800416766962,968.197547133392,6.355685597450385,11.026302225958002,LM-like,4432.0,131.0,0.0,0.9280703591246988,2.656360829236958,19.3513349223514,0.586964629294477,0.6666666666666666,0.5757823632187602,liquid-metal,,,,,,,,,amorphous liquid-metal
439,658.61540784667,543.71348878935,7.500631001484505,6.192072340476018,LM-like,4733.0,194.0,0.0,0.8737308473324719,2.6570535455070803,18.56657693674439,0.5304738535062943,0.6666666666666666,0.624321708378355,ordered-intermetallic,-8.0,-3.0,1.0,1.981808595071896,Pt+Ga mixed projected column,0.010214604912062044,0.989785395087938,Pt+Ga mixed projected column,Pt+Ga mixed projected column
440,421.51316633828975,795.7564019117526,4.800395929557293,9.062459011281744,LM-like,5129.0,149.0,0.0,0.9573495100326644,2.659653496011342,20.151815261204952,0.5297229516521796,0.6666666666666666,0.6262252669420671,ordered-intermetallic,-11.0,14.0,1.0,1.9191079329574792,Pt+Ga mixed projected column,0.16767750015970978,0.8323224998402903,Pt+Ga mixed projected column,Pt+Ga mixed projected column
441,257.7773366715211,698.6385574269001,2.935693061357364,7.956433998107405,LM-like,4273.0,151.0,16.0,0.7614719771896997,2.6627064082600924,19.83355548455273,0.5261092528004935,0.6666666666666666,0.6282400755133859,ordered-intermetallic,-21.0,18.0,1.0,1.139547467732433,Pt+Ga mixed projected column,0.00019102279996500388,0.999808977200035,Pt+Ga mixed projected column,Pt+Ga mixed projected column
442,711.082038211192,909.8145556726683,8.098146379301447,10.361408464754565,Pt-like,5304.0,167.0,0.0,1.2207134637514383,2.664074181871446,18.828658335566622,0.4633840260989768,0.6666666666666666,0.614402345867143,liquid-metal,,,,,,,,,amorphous liquid-metal
443,535.0836414984008,967.8910080756656,6.093791463112091,11.022811210819038,LM-like,3745.0,125.0,0.0,0.8046841426729695,2.66931579048892,18.86917960526281,0.5866351739217783,0.6666666666666666,0.5753750744424875,liquid-metal,,,,,,,,,amorphous liquid-metal
444,462.1826029957532,430.4449563608754,5.263559156186357,4.902115476874281,Pt-like,4767.0,205.0,0.0,0.9287871407696054,2.673958371557545,22.507645940207613,0.662939614222004,0.5,0.3938014528486941,Pt-rich,,,,,,,,,Pt-rich region
445,78.6485247061799,1004.6860868817374,0.8956874613075082,11.441851375240972,Pt-like,4383.0,136.0,0.0,1.0913844621513944,2.676064477629103,20.69991643900125,0.4727441831683254,0.5,0.5706675451321231,liquid-metal,,,,,,,,,amorphous liquid-metal
446,758.825126888161,872.6006066309673,8.641867778422535,9.937598003377037,Pt-like,5290.0,147.0,0.0,0.997548557420328,2.6761703429492045,19.757255992173867,0.4718756102225737,0.6,0.612569937424613,liquid-metal,,,,,,,,,amorphous liquid-metal
447,798.10709350497,604.385217451707,9.0892298247625,6.883031348566026,LM-like,4758.0,171.0,0.0,0.8235395932496755,2.6765759246445877,18.91487537260527,0.527447057055388,0.6666666666666666,0.5808427174624724,Pt-rich,,,,,,,,,Pt-rich region
448,693.8641798269718,524.3879853714199,7.9020610754393825,5.9719841549752495,Pt-like,5530.0,183.0,0.0,1.0627972901551914,2.68212707627409,18.178757328530384,0.466240350044645,0.6666666666666666,0.6046910178512099,Pt-rich,,,,,,,,,Pt-rich region
449,550.8851932230253,635.059217337316,6.273747181313073,7.232361703945585,Pt-like,6282.0,167.0,0.0,1.186626369474877,2.685102256514686,18.689987444026983,0.477464685717474,0.6666666666666666,0.6254483523458854,ordered-intermetallic,-10.0,4.0,0.0,1.4194441289483306,Pt-rich projected column,0.9985654348609003,0.9985654348609003,Pt-rich projected column,Pt-rich projected column
450,800.9610443659825,464.3887571468604,9.12173199833723,5.288683907327468,Pt-like,5942.0,179.0,0.0,1.0381759412946625,2.685832533611591,20.344043050786173,1.0,0.0,0.0266914077299753,Pt-rich,,,,,,,,,Pt-rich region
451,506.65108193987504,532.7952617449399,5.769987714922402,6.067730287018297,Pt-like,6083.0,208.0,0.0,1.2032439916922164,2.6938653646125603,18.9646640948308,0.4663425257589615,0.6,0.6215669601029399,ordered-intermetallic,-15.0,3.0,0.0,1.8225722300859133,Pt-rich projected column,0.999204692084875,0.999204692084875,Pt-rich projected column,Pt-rich projected column
452,179.06522249628907,546.7332676115421,2.039281412402167,6.226463043125103,Pt-like,6119.0,184.0,0.0,1.1655238095238096,2.694683261318343,19.99868194460645,0.4697342903105596,0.6666666666666666,0.6171478488127742,ordered-intermetallic,-29.0,17.0,0.0,1.2179440995238118,Pt-rich projected column,0.9969681700933544,0.9969681700933544,Pt-rich projected column,Pt-rich projected column
453,842.2429909995727,743.9491017983713,9.591870784998628,8.472452405447667,LM-like,5727.0,168.0,0.0,1.02560888252149,2.6985935598645656,20.24596124399088,0.5317551678617691,0.6666666666666666,0.6231238954107231,ordered-intermetallic,6.0,-5.0,1.0,0.5304972337384123,Pt+Ga mixed projected column,0.6949794928234007,0.6949794928234007,uncertain intensity,uncertain intensity
454,948.1196073042174,754.3329489487063,10.797644930464385,8.59070868205851,Pt-like,4701.0,166.0,0.0,0.853640820773561,2.708018361640338,21.31631068166708,0.7241411069372972,0.4,0.3574088547274571,Pt-rich,,,,,,,,,Pt-rich region
455,196.54714247386207,965.0851516610376,2.2383739774819422,10.99085676007504,Pt-like,4908.0,145.0,0.0,1.152247916422115,2.721809338169025,19.92820693887347,0.4666856763017615,0.6666666666666666,0.5875479533788652,liquid-metal,,,,,,,,,amorphous liquid-metal
456,530.9873210610322,462.1298341368154,6.047140583557062,5.262958198883284,Pt-like,5581.0,177.0,0.0,1.1524443756130298,2.722111014514856,15.95353416440599,0.6125983792409668,0.5,0.5125570484778526,Pt-rich,,,,,,,,,Pt-rich region
457,902.317974711522,618.3297675162189,10.276033772798677,7.041838633165691,Pt-like,5995.0,186.0,0.0,0.9846431797651308,2.722322681489835,23.297270536343174,0.939104965387066,0.0,0.1069039470834953,Pt-rich,,,,,,,,,Pt-rich region
458,668.1650239851772,630.1192320901034,7.609386651606555,7.176102761244468,Pt-like,5786.0,180.0,0.0,1.1124783695443183,2.725091663616835,20.96472603954147,0.5339474126679677,0.6,0.6198946434139043,ordered-intermetallic,-5.0,-1.0,0.0,1.5091945987495252,Pt-rich projected column,0.9803631945386319,0.9803631945386319,Pt-rich projected column,Pt-rich projected column
459,407.21942869517466,958.653313069036,4.6376119278231664,10.917607869501042,Pt-like,4260.0,159.0,0.0,0.9987105849255656,2.7266776640417727,18.65884431363529,0.5197444833681217,0.6666666666666666,0.5808926679280428,liquid-metal,,,,,,,,,amorphous liquid-metal
460,598.8709906987694,564.5375754335104,6.820232665693535,6.429227116996447,Pt-like,5394.0,182.0,9.0,1.016010548125824,2.731274619902324,17.443202469277924,0.4688819619709425,0.6666666666666666,0.6366890134910386,ordered-intermetallic,-10.0,0.0,0.0,2.8273057917437154,Pt-rich projected column,0.6183179087201213,0.6183179087201213,uncertain intensity,uncertain intensity
461,833.186429273323,585.8418839131901,9.48873027713705,6.671850892183129,Pt-like,5133.0,192.0,0.0,0.9041747401796724,2.738619380705593,18.67260180837345,0.6460445392433958,0.6,0.4102048345618826,Pt-rich,,,,,,,,,Pt-rich region
462,469.9773360351742,619.469767393798,5.352329348300338,7.054821503474502,LM-like,5508.0,160.0,0.0,0.994044396318354,2.7487320148708188,18.802048833593087,0.535844695516641,0.6666666666666666,0.6283826911412738,ordered-intermetallic,-14.0,7.0,1.0,0.714689135971477,Pt+Ga mixed projected column,0.42600256949164905,0.573997430508351,uncertain intensity,uncertain intensity
463,642.346735643947,838.7729250946093,7.315355489215983,9.55235199513451,Pt-like,5584.0,169.0,0.0,1.089667284613133,2.7515025617567908,19.919792472484662,0.4672258537113831,0.6666666666666666,0.6243047581455833,ordered-intermetallic,0.0,6.0,0.0,1.3933223475268544,Pt-rich projected column,0.956888516587064,0.956888516587064,Pt-rich projected column,Pt-rich projected column
464,667.3976626501433,697.7522548297784,7.600647569358671,7.946340355205241,Pt-like,5727.0,144.0,9.0,1.064201430827836,2.755630162440426,20.410862683932734,0.4701858640584069,0.6666666666666666,0.6270296453495202,ordered-intermetallic,-3.0,1.0,0.0,1.2752822600299212,Pt-rich projected column,0.8997939326595832,0.8997939326595832,Pt-rich projected column,Pt-rich projected column
465,132.45044406454852,548.2630503448863,1.5084097563994836,6.24388494923078,Pt-like,5498.0,201.0,0.0,1.0208894253086993,2.7569370322024414,20.25395774745155,0.4684242576379783,0.6666666666666666,0.626114848918309,ordered-intermetallic,-31.0,19.0,0.0,0.798603520697384,Pt-rich projected column,0.6583143985399522,0.6583143985399522,uncertain intensity,uncertain intensity
466,485.82831962930254,391.3748838690926,5.532848020553782,4.457166583376275,Pt-like,4611.0,169.0,0.0,0.895165987186954,2.7595504880466577,21.10644639379874,0.5941584860719833,0.5,0.3816296252924668,Pt-rich,,,,,,,,,Pt-rich region
467,561.7951220018689,790.6435073015259,6.397994730106576,9.004230893075135,LM-like,4817.0,142.0,0.0,0.9735246564268392,2.763794564294728,20.092868847599046,0.5278984501812856,0.6666666666666666,0.6259474247862972,ordered-intermetallic,-5.0,8.0,1.0,0.8596767726950126,Pt+Ga mixed projected column,0.2635935729832408,0.7364064270167592,uncertain intensity,uncertain intensity
468,663.4260086158938,982.4864742656029,7.555416451134668,11.189031443265906,Pt-like,4652.0,151.0,0.0,1.092788348602302,2.765276606448873,22.225701126975988,0.541747875051338,0.5,0.5889559786609537,liquid-metal,,,,,,,,,amorphous liquid-metal
469,372.804416864505,905.8141089019888,4.245677117950525,10.315849440913851,LM-like,4539.0,137.0,0.0,0.8499204194363824,2.766833748133061,21.067016453326705,0.5426268564041301,0.6666666666666666,0.6169467513050875,liquid-metal,,,,,,,,,amorphous liquid-metal
470,760.0311921677356,799.8361746558246,8.655603033501624,9.108921437697257,Pt-like,5795.0,173.0,0.0,1.0758377425044092,2.768708916574962,19.16571798646799,0.4694865153358029,0.6666666666666666,0.6236038781485831,ordered-intermetallic,4.0,0.0,0.0,0.1130942270289349,Pt-rich projected column,0.9314032838761244,0.9314032838761244,Pt-rich projected column,Pt-rich projected column
471,564.3728792386538,515.9114903776184,6.427351477024697,5.875449727786087,LM-like,4437.0,154.0,0.0,0.861595223069081,2.770856027769338,17.693259426594306,0.5272563071560394,0.6666666666666666,0.6053383442838333,Pt-rich,,,,,,,,,Pt-rich region
472,416.1555990092754,393.66772059699696,4.739381360019769,4.483278517651985,Pt-like,4620.0,147.0,0.0,1.0482132728304028,2.7754773155348755,21.4759704503516,0.5965095948862472,0.5,0.3865593006267967,outside,,,,,,,,,outside
473,713.080872882069,765.041464541076,8.120910075869434,8.712662440010538,Pt-like,5440.0,183.0,0.0,1.0433948693358908,2.7766940008804206,20.68019735280357,0.4730391017442362,0.6666666666666666,0.6262845794881664,ordered-intermetallic,1.0,1.0,0.0,1.9880276786693167,Pt-rich projected column,0.810851155226688,0.810851155226688,Pt-rich projected column,Pt-rich projected column
474,608.6914275096543,752.8923041222392,6.932072552696287,8.57430192157464,LM-like,5046.0,153.0,0.0,0.8943637008153137,2.7818757797011355,20.85537663716566,0.5302592261299849,0.6666666666666666,0.6258972432258858,ordered-intermetallic,-4.0,5.0,1.0,1.2226245256554111,Pt+Ga mixed projected column,0.021031961220137944,0.978968038779862,Pt+Ga mixed projected column,Pt+Ga mixed projected column
475,786.3633895995405,555.7772415758628,8.955486841321964,6.329460195461986,Pt-like,5978.0,173.0,0.0,1.020310633213859,2.7824451907559307,19.948925347022676,0.5814663174683413,0.6,0.4869492602416786,Pt-rich,,,,,,,,,Pt-rich region
476,376.890998237209,588.1198227181211,4.292217084323934,6.697793161702168,LM-like,4324.0,177.0,9.0,0.8203376968317208,2.7869456506846326,20.06041128591869,0.5261555502976414,0.6666666666666666,0.6281838618512143,ordered-intermetallic,-19.0,10.0,1.0,1.1605696920230375,Pt+Ga mixed projected column,0.0015451916870388603,0.9984548083129612,Pt+Ga mixed projected column,Pt+Ga mixed projected column
477,725.4338761893993,748.2411375009498,8.261592055769261,8.52133218515931,LM-like,4346.0,160.0,9.0,0.8407002611471128,2.7869979752779583,20.46310253689776,0.5333184178107634,0.6666666666666666,0.6263393460617944,ordered-intermetallic,1.0,0.0,1.0,0.687758389148721,Pt+Ga mixed projected column,0.0031807509768986835,0.9968192490231013,Pt+Ga mixed projected column,Pt+Ga mixed projected column
478,675.550603248386,963.062920312307,7.693497202507062,10.967826610816838,LM-like,4038.0,129.0,0.0,0.8907025477004522,2.790591212276928,19.90037775977083,0.590325726265808,0.6666666666666666,0.5917101644358154,liquid-metal,,,,,,,,,amorphous liquid-metal
479,349.255910043388,906.2725427312728,3.977495325971768,10.32107030722079,LM-like,4488.0,128.0,0.0,0.9443450815360336,2.797890741449021,21.35406671251511,0.5375034289275705,0.6666666666666666,0.6183237524438936,liquid-metal,,,,,,,,,amorphous liquid-metal
480,167.6557216860044,530.3085736788796,1.909344495546728,6.039410679889313,LM-like,5238.0,192.0,0.0,1.000955474871011,2.7995209566769392,19.99868194460645,0.5312492137398468,0.6666666666666666,0.6070385727776113,liquid-metal,,,,,,,,,amorphous liquid-metal
481,508.7086056385175,390.4327534620859,5.793419790541136,4.4464371463572725,Pt-like,3997.0,180.0,0.0,0.7686538461538461,2.8048872202288315,20.270638685189606,0.5951082053407238,0.5,0.3835699305600273,Pt-rich,,,,,,,,,Pt-rich region
482,876.7670657690585,829.91876152469,9.985047656399518,9.45151649542781,Pt-like,5782.0,156.0,0.0,1.1922878647283226,2.805594613839125,20.31282994159409,0.4714165148649629,0.6666666666666666,0.6268382026439965,liquid-metal,,,,,,,,,amorphous liquid-metal
483,737.5324817457281,694.3420851068223,8.399376830964892,7.90750369204858,Pt-like,6367.0,188.0,0.0,1.2315280464216634,2.810628097529265,19.5698324935849,0.4672460177296451,0.6666666666666666,0.6277472687814317,ordered-intermetallic,0.0,-2.0,0.0,1.5855723240224575,Pt-rich projected column,0.9997087666011146,0.9997087666011146,Pt-rich projected column,Pt-rich projected column
484,340.07660321009746,675.9502302470722,3.8729569374287136,7.698048348167586,Pt-like,5792.0,186.0,0.0,1.0451100685673045,2.816645257837026,19.326309513191934,0.4740675736126186,0.6666666666666666,0.6283617625812663,ordered-intermetallic,-18.0,14.0,0.0,2.553451852026071,Pt-rich projected column,0.820022801272478,0.820022801272478,Pt-rich projected column,Pt-rich projected column
485,933.3892094298913,948.9033607842932,10.629888030695506,10.806570694392985,LM-like,4137.0,155.0,0.0,0.8719570028453999,2.817636007298294,20.63028192685204,0.4834052341164672,0.5,0.565473530397834,liquid-metal,,,,,,,,,amorphous liquid-metal
486,831.0321903487333,725.5375433596114,9.464196761719894,8.262772667673364,Pt-like,6079.0,192.0,0.0,1.068647270809528,2.835558309731096,19.571361532774752,0.4724661278058048,0.6666666666666666,0.6242870802274363,ordered-intermetallic,5.0,-5.0,0.0,1.1802585771530276,Pt-rich projected column,0.9131664756124539,0.9131664756124539,Pt-rich projected column,Pt-rich projected column
487,718.0992401826909,485.7247515834839,8.17806167132777,5.531668537526244,Pt-like,6006.0,194.0,0.0,1.0863706249434748,2.8390065304337377,18.77390584330164,0.514620807861051,0.6666666666666666,0.4957637109448808,Pt-rich,,,,,,,,,Pt-rich region
488,394.6879217416388,974.4613307873994,4.494897062013509,11.09763722556794,LM-like,4277.0,135.0,0.0,0.9610156162228964,2.8459797983318,20.172557862368627,0.631708283860145,0.6666666666666666,0.5573944753542388,liquid-metal,,,,,,,,,amorphous liquid-metal
489,179.70467326498533,509.8648487173922,2.04656378721828,5.806587646287199,Pt-like,4798.0,152.0,0.0,0.9050268791851362,2.8488312257388344,19.753503373860024,0.4692986878217414,0.6666666666666666,0.5890617838804217,liquid-metal,,,,,,,,,amorphous liquid-metal
490,79.57700686093213,933.6788054725848,0.9062614654247656,10.633186090579706,Pt-like,5360.0,150.0,0.0,1.1211043714704036,2.855684161044105,19.84382378563491,0.4709480670945808,0.6666666666666666,0.6193080548299961,liquid-metal,,,,,,,,,amorphous liquid-metal
491,139.08610243306003,879.0836409025048,1.5839798452269602,10.01142993512574,LM-like,4599.0,116.0,0.0,0.913406156901688,2.858098505062733,20.110292948925448,0.5294438129658761,0.6666666666666666,0.6255689149187442,ordered-intermetallic,-21.0,28.0,1.0,1.0983731099020966,Pt+Ga mixed projected column,0.04055255958388406,0.959447440416116,Pt+Ga mixed projected column,Pt+Ga mixed projected column
492,143.94749562511748,565.3903270676525,1.6393437435693456,6.438938665295211,LM-like,5301.0,183.0,0.0,0.9959605448567402,2.86415562143539,19.83189769971405,0.5288186596071303,0.6666666666666666,0.6254106679296492,ordered-intermetallic,-30.0,19.0,1.0,0.9312531530875178,Pt+Ga mixed projected column,0.44273071886160514,0.5572692811383948,uncertain intensity,uncertain intensity
493,127.32855455281836,862.7684960874741,1.4500791999014713,9.825625170257837,Pt-like,5574.0,172.0,0.0,1.1276552700788995,2.8675203445268487,20.110292948925448,0.4698176104861251,0.6666666666666666,0.6259923232111146,ordered-intermetallic,-22.0,28.0,0.0,0.3414558415965297,Pt-rich projected column,0.9884545051878535,0.9884545051878535,Pt-rich projected column,Pt-rich projected column
494,469.0414612594215,689.5587284672026,5.341671153437469,7.853028511731146,LM-like,5068.0,161.0,0.0,0.9024216524216524,2.871780844400123,20.608409837296783,0.5270710773878635,0.6666666666666666,0.6278497366940593,ordered-intermetallic,-12.0,9.0,1.0,0.6974985698991674,Pt+Ga mixed projected column,0.027811326647909248,0.9721886733520908,Pt+Ga mixed projected column,Pt+Ga mixed projected column
495,386.974494936913,675.7265430899943,4.40705282464839,7.695500890569384,Pt-like,6077.0,168.0,0.0,1.1829861787035234,2.8748800354722817,19.90256705897394,0.4746048163884401,0.6666666666666666,0.6284239782222825,ordered-intermetallic,-16.0,12.0,0.0,0.7819965719205272,Pt-rich projected column,0.9983676473255615,0.9983676473255615,Pt-rich projected column,Pt-rich projected column
496,416.1506271972985,430.6909064675286,4.739324738618867,4.9049164757164005,Pt-like,5394.0,168.0,0.0,1.1224638435126415,2.879167763269489,21.55757619442879,0.6249111356931949,0.5,0.3981904277857518,Pt-rich,,,,,,,,,Pt-rich region
497,432.8513678750312,813.4958976766344,4.929520855780338,9.264484974081194,Pt-like,5786.0,177.0,0.0,1.0848410987156651,2.8952389842529787,20.757575061420297,0.4708666939702824,0.6666666666666666,0.6260587361014252,ordered-intermetallic,-10.0,14.0,0.0,1.234810172324932,Pt-rich projected column,0.9492322908719476,0.9492322908719476,Pt-rich projected column,Pt-rich projected column
498,688.7869933735683,838.6363433894264,7.8442396190036385,9.550796536577172,Pt-like,5423.0,163.0,0.0,1.0789892558694787,2.895660837534355,20.296104022279923,0.4682242242458588,0.6666666666666666,0.6240445731742899,ordered-intermetallic,2.0,4.0,0.0,0.6677533915392213,Pt-rich projected column,0.9382220764180175,0.9382220764180175,Pt-rich projected column,Pt-rich projected column
499,984.256851932594,770.0082433484425,11.209193360911872,8.769226520741432,Pt-like,3650.0,141.0,0.0,0.7652793793898731,2.89603102957862,21.123000272494902,0.7402691583440082,0.3333333333333333,0.2932697221991872,Pt-rich,,,,,,,,,Pt-rich region
500,272.41715808585883,543.3562270177548,3.102418432565416,6.188003670524257,Pt-like,5688.0,190.0,0.0,1.161408882082695,2.8961339424279067,18.004693599119904,0.4636103876554687,0.6666666666666666,0.6175863809496818,liquid-metal,,,,,,,,,amorphous liquid-metal
501,759.903874000046,835.3896986388091,8.654153072592347,9.513822174943416,Pt-like,5745.0,194.0,0.0,1.105764603984217,2.8968236349811187,18.716147712844982,0.4671388388007726,0.6666666666666666,0.6179378422773356,liquid-metal,,,,,,,,,amorphous liquid-metal
502,9.020691795660271,900.0182230655682,0.1027320037327737,10.249843088089744,Pt-like,0.0,,,0.0,2.9063058688317613,20.55388484217545,0.3876204350059304,0.6666666666666666,0.6305934590296267,outside,,,,,,,,,outside
503,284.16903638102264,560.7825013536204,3.2362545099122424,6.38646251610656,LM-like,4842.0,145.0,9.0,0.9122509537939804,2.9074137556833417,17.920538333416868,0.5261264374655731,0.6666666666666666,0.6210534737661113,ordered-intermetallic,-24.0,13.0,1.0,2.4116449350697944,Pt+Ga mixed projected column,0.03898510718318139,0.9610148928168186,Pt+Ga mixed projected column,Pt+Ga mixed projected column
504,433.3195779823554,778.1277548431378,4.934853059072828,8.86169544708061,Pt-like,6015.0,161.0,0.0,1.0954288836277546,2.908169866750496,19.49014202198013,0.4691833561298267,0.6666666666666666,0.6262148170344455,ordered-intermetallic,-11.0,13.0,0.0,1.4711856980990428,Pt-rich projected column,0.9645877501457428,0.9645877501457428,Pt-rich projected column,Pt-rich projected column
505,727.8728990256172,576.3291189405918,8.289368828193213,6.563514920972571,LM-like,4325.0,167.0,0.0,0.8153454614006975,2.9098601522900296,17.854169910881293,0.5266166327602108,0.6666666666666666,0.6248685375220946,ordered-intermetallic,-4.0,-5.0,1.0,2.704708905938471,Pt+Ga mixed projected column,0.0012943309987802278,0.9987056690012198,Pt+Ga mixed projected column,Pt+Ga mixed projected column
506,500.3305727482645,952.62419762777,5.6980066974379175,10.848945385065488,Pt-like,4884.0,161.0,0.0,1.195593635250918,2.9137751662017823,19.994090729522732,0.4670275297019072,0.6666666666666666,0.5892090223678255,liquid-metal,,,,,,,,,amorphous liquid-metal
507,780.0554155219385,976.957850661288,8.883648579782177,11.126068802082576,Pt-like,4194.0,146.0,0.0,0.9288007972539032,2.9187981697745498,21.61834467639369,0.4336073240920032,0.75,0.571355450099525,liquid-metal,,,,,,,,,amorphous liquid-metal
508,795.8841164506181,643.7850985077694,9.063913486257794,7.331736261604901,LM-like,4745.0,142.0,0.0,0.8493690145887407,2.9202339824179804,18.987410216062504,0.5282201933008683,0.6666666666666666,0.6222341089029908,ordered-intermetallic,1.0,-6.0,1.0,3.5331395259576035,Pt+Ga mixed projected column,0.004323327107143358,0.9956766728928567,Pt+Ga mixed projected column,Pt+Ga mixed projected column
509,637.6952226865785,405.1167004088592,7.262381808557776,4.613665040483252,LM-like,4312.0,171.0,0.0,0.9332323341629694,2.9212433290019506,19.384918234177498,0.6853745080767475,0.5,0.3866549429153159,Pt-rich,,,,,,,,,Pt-rich region
510,483.1302967173869,533.8337662793803,5.502121629924698,6.079557279240773,Pt-like,5869.0,208.0,0.0,1.156225374310481,2.9218883285309727,17.635655890687715,0.4727844462876653,0.6666666666666666,0.633122940098761,ordered-intermetallic,-16.0,4.0,0.0,1.8226594772439648,Pt-rich projected column,0.9957860045181267,0.9957860045181267,Pt-rich projected column,Pt-rich projected column
511,587.5088048757092,612.939985010677,6.690834594810696,6.980457181607336,LM-like,5333.0,145.0,0.0,0.9901596732268844,2.9232901608272823,16.828985425380832,0.5291328730605769,0.6666666666666666,0.626958177854883,ordered-intermetallic,-9.0,2.0,1.0,2.0266412334782093,Pt+Ga mixed projected column,0.39264013732592834,0.6073598626740717,uncertain intensity,uncertain intensity
512,336.3999990747199,993.966734546738,3.831085990242463,11.319774203219437,Pt-like,4384.0,147.0,0.0,1.1095925082257656,2.924434802332037,20.558499607778792,0.5592425847773521,0.5,0.5531428952994201,liquid-metal,,,,,,,,,amorphous liquid-metal
513,21.333780629870507,848.3280286483621,0.2429594182961011,9.661170138597011,LM-like,4949.0,161.0,0.0,0.9441953639225412,2.924507942819184,20.193168348247628,0.4993955886195179,0.6666666666666666,0.6385308130021459,liquid-metal,,,,,,,,,amorphous liquid-metal
514,760.3627137530646,730.6951088991487,8.65937856175522,8.321509520041458,Pt-like,5619.0,176.0,0.0,1.0555085939701323,2.927337838677518,19.390405084528023,0.4701436301390235,0.6666666666666666,0.6266169564161943,ordered-intermetallic,2.0,-2.0,0.0,1.096506397335569,Pt-rich projected column,0.8683017963234231,0.8683017963234231,Pt-rich projected column,Pt-rich projected column
515,502.54718038711314,845.3493815528209,5.723250497956393,9.627247863956727,Pt-like,5265.0,147.0,0.0,1.1630218687872764,2.9274763885584054,19.159944035051478,0.4676196549759903,0.6666666666666666,0.6255477594950133,ordered-intermetallic,-6.0,12.0,0.0,1.2824167002470546,Pt-rich projected column,0.9966871990326619,0.9966871990326619,Pt-rich projected column,Pt-rich projected column
516,363.6284349089912,643.8219313606282,4.141176594724667,7.332155731958516,Pt-like,5646.0,188.0,0.0,1.0478841870824054,2.9321415787629124,17.28486634515302,0.4688958343399814,0.6666666666666666,0.6286712859310299,ordered-intermetallic,-18.0,12.0,0.0,1.717088531415001,Pt-rich projected column,0.8341159945624329,0.8341159945624329,Pt-rich projected column,Pt-rich projected column
517,581.4469139815216,966.1086006604082,6.621798847655589,11.002512292578018,LM-like,4304.0,147.0,0.0,0.9260394814695284,2.945722117984694,18.92300745829944,0.5842952658177378,0.6666666666666666,0.5864569095114223,liquid-metal,,,,,,,,,amorphous liquid-metal
518,351.2998573681852,764.3875854264486,4.000772787274866,8.705215748208364,LM-like,5176.0,151.0,0.0,0.9251943873447136,2.954968122676012,19.82282682651478,0.5284008265643145,0.6666666666666666,0.6263230446120307,ordered-intermetallic,-15.0,16.0,1.0,1.216746683949033,Pt+Ga mixed projected column,0.06037819911070566,0.9396218008892944,Pt+Ga mixed projected column,Pt+Ga mixed projected column
519,313.0580099861816,993.9472495908176,3.5652561221465686,11.319552299111672,Pt-like,4038.0,141.0,0.0,0.9800970873786408,2.958760679421188,19.566223043716903,0.5603030960339407,0.5,0.5565646386245771,liquid-metal,,,,,,,,,amorphous liquid-metal
520,936.2272438442836,773.5521628545193,10.66220894007336,8.80958639115648,LM-like,5374.0,188.0,0.0,0.9746100834240116,2.95979712690048,20.45619452992566,0.5818805040060602,0.6666666666666666,0.5265266449997169,Pt-rich,,,,,,,,,Pt-rich region
521,343.67897538566933,502.9637632228166,3.913982495132141,5.727994744894647,Pt-like,5904.0,199.0,9.0,1.2661376796054042,2.9644554224653747,18.56578668657037,0.4652619221698234,0.6666666666666666,0.5634252865049458,Pt-rich,,,,,,,,,Pt-rich region
522,806.1916579189905,868.3791155660333,9.181300756834313,9.889521620138966,Pt-like,5776.0,163.0,0.0,1.1663974151857834,2.968401867972471,20.694960680291825,0.4676136807361,0.6666666666666666,0.6214657290161664,ordered-intermetallic,8.0,0.0,0.0,0.6568756653620526,Pt-rich projected column,0.9970605737926888,0.9970605737926888,Pt-rich projected column,Pt-rich projected column
523,284.00780516459923,592.8874516975102,3.2344183307917653,6.752089227813495,LM-like,5416.0,172.0,0.0,1.1091542084783943,2.970977478491506,18.18511222019717,0.5289795828018076,0.6666666666666666,0.6274174507997798,ordered-intermetallic,-23.0,14.0,1.0,0.8336573010949778,Pt+Ga mixed projected column,0.9779552475324037,0.9779552475324037,uncertain intensity,uncertain intensity
524,903.29050978103,583.6470240030321,10.287109472828575,6.646854765323797,Pt-like,6140.0,185.0,0.0,1.058255773871079,2.9774145346847463,19.77245137932918,1.0,0.0,0.0262797733907364,Pt-rich,,,,,,,,,Pt-rich region
525,126.10449394523592,967.988313038958,1.4361390053181915,11.023919366831748,Pt-like,5023.0,142.0,0.0,1.182160508354907,2.988988180886828,19.625210205064626,0.4713684320843229,0.6666666666666666,0.5887999786678233,liquid-metal,,,,,,,,,amorphous liquid-metal
526,161.11415319893513,948.8102717117508,1.8348459478239136,10.805510550984412,LM-like,3732.0,132.0,0.0,0.8412036515271047,2.992469475464606,20.14740910815053,0.5294442722440074,0.6666666666666666,0.6059025200574779,liquid-metal,,,,,,,,,amorphous liquid-metal
527,819.3184822499193,641.8181434201487,9.330795385041563,7.309335625159161,LM-like,5269.0,161.0,0.0,0.91794425087108,2.993028025846469,18.978854601200936,0.5297703344836283,0.6666666666666666,0.5911700246568083,Pt-rich,,,,,,,,,Pt-rich region
528,609.743609522507,646.378500208587,6.944055310662138,7.361271175250565,LM-like,4400.0,153.0,0.0,0.8286252354048964,2.99452408524173,17.762525419036958,0.533014778552295,0.6666666666666666,0.6280063706572778,ordered-intermetallic,-7.0,2.0,1.0,2.612113094999509,Pt+Ga mixed projected column,0.0020732694820010137,0.997926730517999,Pt+Ga mixed projected column,Pt+Ga mixed projected column
529,924.3484700441452,687.0540018202585,10.526927715304804,7.824503472513284,Pt-like,5385.0,183.0,9.0,0.9139511201629328,2.9983745560142765,20.051827015660653,0.8251615503994331,0.2,0.1574852574103778,Pt-rich,,,,,,,,,Pt-rich region
530,411.3270172289901,605.7144960756813,4.684391133913728,6.898169816840234,Pt-like,5914.0,188.0,0.0,1.1310001912411551,3.011059503687952,18.74267611710712,0.4697349510224194,0.6666666666666666,0.6279243841287041,ordered-intermetallic,-17.0,9.0,0.0,0.7508811208354796,Pt-rich projected column,0.9897351628248919,0.9897351628248919,Pt-rich projected column,Pt-rich projected column
531,179.0220641517395,579.8607553765115,2.038789904287956,6.603734905840278,Pt-like,6477.0,185.0,0.0,1.2435442065853892,3.021831390832248,19.235817959975183,0.473167877265839,0.6666666666666666,0.626828464380178,ordered-intermetallic,-28.0,18.0,0.0,1.0501117443086017,Pt-rich projected column,0.9998099633054146,0.9998099633054146,Pt-rich projected column,Pt-rich projected column
532,522.565292860933,987.5858900498622,5.9512264505737855,11.24710605807932,Pt-like,4876.0,138.0,0.0,1.1687440076701825,3.0261794148541283,21.473098483818408,0.564147449474891,0.5,0.5645320718949788,liquid-metal,,,,,,,,,amorphous liquid-metal
533,398.9210023130302,657.8925140853322,4.543105432159858,7.492398337485955,LM-like,4801.0,145.0,14.0,0.9354115927910376,3.031899497597325,19.08083569548385,0.5285670263525678,0.6666666666666666,0.6284656263966535,ordered-intermetallic,-16.0,11.0,1.0,0.6410979567716215,Pt+Ga mixed projected column,0.08457355519321472,0.9154264448067853,Pt+Ga mixed projected column,Pt+Ga mixed projected column
534,150.82674304760482,861.6536860611683,1.7176879424284217,9.812929174165951,Pt-like,5459.0,158.0,0.0,1.0842105263157895,3.038410309146108,20.51969930466417,0.46730976924046,0.6666666666666666,0.6252431746549736,ordered-intermetallic,-21.0,27.0,0.0,0.4475391778637326,Pt-rich projected column,0.9481414987309348,0.9481414987309348,Pt-rich projected column,Pt-rich projected column
535,870.7882932477673,496.38531002012536,9.916958501500092,5.653076136179972,Pt-like,5368.0,171.0,0.0,0.9567774708136528,3.0389208509994443,20.93062614769837,1.0,0.0,0.0028866041533134,Pt-rich,,,,,,,,,Pt-rich region
536,828.1839751657375,903.689609179515,9.4317599088222,10.29165460992268,Pt-like,5376.0,160.0,0.0,1.169967355821545,3.0420069248827986,20.67935724718547,0.4690204610973029,0.6666666666666666,0.6156314151677416,liquid-metal,,,,,,,,,amorphous liquid-metal
537,699.669699580522,924.790432999103,7.968177143974096,10.531961003323834,LM-like,4133.0,142.0,0.0,0.7707226107226107,3.0462943273668106,18.828658335566622,0.5306776615491278,0.6666666666666666,0.6130636682569712,liquid-metal,,,,,,,,,amorphous liquid-metal
538,304.9794973731507,732.1131778180669,3.473254110913194,8.337659175164552,LM-like,5201.0,141.0,0.0,0.9632373367904437,3.046836734685119,19.356812390670413,0.531403366738593,0.6666666666666666,0.626529204970655,ordered-intermetallic,-18.0,17.0,1.0,0.5742119308732352,Pt+Ga mixed projected column,0.19893780986266862,0.8010621901373314,Pt+Ga mixed projected column,Pt+Ga mixed projected column
539,436.19197580440425,569.5792231172397,4.967565315567247,6.486643840724153,Pt-like,5657.0,180.0,9.0,1.1367426906460365,3.050338408234728,18.69323824742287,0.4746272713406368,0.6666666666666666,0.6283607684813832,ordered-intermetallic,-17.0,7.0,0.0,0.5505342388019008,Pt-rich projected column,0.9916140808413837,0.9916140808413837,Pt-rich projected column,Pt-rich projected column
540,280.4045539290556,836.2358163574673,3.19338276192796,9.523458173002163,LM-like,4593.0,119.0,0.0,0.862130455185359,3.052046708068042,18.381635308240863,0.5280938355334895,0.6666666666666666,0.6252436282912697,ordered-intermetallic,-16.0,21.0,1.0,2.65256314901729,Pt+Ga mixed projected column,0.006787217833385742,0.9932127821666142,Pt+Ga mixed projected column,Pt+Ga mixed projected column
541,293.41770407434507,714.1651511129292,3.3415828134965286,8.133258361098918,Pt-like,5487.0,156.0,0.0,1.0266629245018244,3.054026057811343,19.15858603407141,0.4707182626182107,0.6666666666666666,0.6274134949175414,ordered-intermetallic,-19.0,17.0,0.0,1.432585838621158,Pt-rich projected column,0.7028611882017984,0.7028611882017984,uncertain intensity,uncertain intensity
542,396.9049766484962,867.9555601464638,4.520145956236524,9.884697966041262,LM-like,4899.0,133.0,0.0,0.9855159927579964,3.0548293499067234,21.273837792537066,0.5318592158710257,0.6666666666666666,0.6235797496990603,ordered-intermetallic,-10.0,17.0,1.0,0.9796459943179456,Pt+Ga mixed projected column,0.35405848371791604,0.645941516282084,uncertain intensity,uncertain intensity
543,121.1835682313112,530.7102791090911,1.3800971218060174,6.043985495733904,LM-like,4897.5,164.5,4.5,0.980088052831699,3.060223590798832,20.85619617116214,0.5332883081133604,0.6666666666666666,0.6290190383448018,ordered-intermetallic,-32.0,19.0,1.0,0.6609052954158045,Pt+Ga mixed projected column,0.3112814122327179,0.6887185877672821,uncertain intensity,uncertain intensity
544,666.7536217890541,802.7295590594237,7.593312920349013,9.141872699538824,Pt-like,5725.0,135.0,0.0,1.0992703533026114,3.065787822938627,20.133691216601346,0.4654666671157211,0.6666666666666666,0.6248904066994294,ordered-intermetallic,0.0,4.0,0.0,1.4276339777357798,Pt-rich projected column,0.9689662470064344,0.9689662470064344,Pt-rich projected column,Pt-rich projected column
545,573.1711307427132,773.8390516830963,6.527550223066741,8.812853619976163,Pt-like,5492.0,142.0,0.0,1.0204384986993682,3.0733042618851187,17.993021865383866,0.4650690837539359,0.6666666666666666,0.6255494284861739,ordered-intermetallic,-5.0,7.0,0.0,0.648330188196043,Pt-rich projected column,0.6547008733259052,0.6547008733259052,uncertain intensity,uncertain intensity
546,445.8680311107339,654.8439716760222,5.077760916122694,7.457680061186633,LM-like,5403.0,153.0,0.0,0.9883837921887862,3.0739557298615656,18.935142428140047,0.5244829426517859,0.6666666666666666,0.6281921448077878,ordered-intermetallic,-14.0,9.0,1.0,1.4462635578283518,Pt+Ga mixed projected column,0.37769670580340614,0.6223032941965938,uncertain intensity,uncertain intensity
547,761.7893824701594,657.7239272398535,8.67562615554182,7.49047838890204,Pt-like,5475.0,169.0,0.0,1.129564679183,3.0880625162732964,19.653600236194286,0.4740983129366344,0.6666666666666666,0.6294687800624581,ordered-intermetallic,0.0,-4.0,0.0,2.0170616673997213,Pt-rich projected column,0.9892037397895722,0.9892037397895722,Pt-rich projected column,Pt-rich projected column
548,323.761670449351,431.1690239691303,3.687154587537624,4.910361509209606,Pt-like,4908.0,176.0,0.0,1.0400508582326764,3.0893273483816177,20.43126863686138,0.5936857410774161,0.5,0.4382236350686832,Pt-rich,,,,,,,,,Pt-rich region
549,234.5291002145036,767.4686314967712,2.670930893600816,8.740304191929443,LM-like,4802.0,141.0,0.0,0.8936447380664372,3.0896917955866656,18.092034935692336,0.5328278488238193,0.6666666666666666,0.625963525331983,ordered-intermetallic,-20.0,21.0,1.0,3.3550113360855778,Pt+Ga mixed projected column,0.020512299915709378,0.9794877000842906,Pt+Ga mixed projected column,Pt+Ga mixed projected column
550,542.5022140111038,480.3223854952389,6.1782777571049206,5.470143778038241,LM-like,4808.0,181.0,0.0,1.0103493564486472,3.0929862290635866,18.952996659096204,0.5824713595153806,0.6666666666666666,0.5583349401272881,Pt-rich,,,,,,,,,Pt-rich region
551,494.6227538846189,581.410397051507,5.633003293919782,6.621382975184214,LM-like,4482.0,168.0,0.0,0.8691099476439791,3.098589632919098,15.689474109368884,0.5342917348225652,0.6666666666666666,0.6294556009559606,ordered-intermetallic,-14.0,5.0,1.0,2.7010531318532336,Pt+Ga mixed projected column,0.008681178098016658,0.9913188219019834,Pt+Ga mixed projected column,Pt+Ga mixed projected column
552,722.5191550088038,925.7804637540728,8.228397800385324,10.543235952686814,LM-like,4143.0,139.0,0.0,0.8551966147177211,3.104648951647998,19.639701156231123,0.5291257543214407,0.6666666666666666,0.6045110908217273,liquid-metal,,,,,,,,,amorphous liquid-metal
553,422.8860975645929,622.0450030103757,4.816031534792501,7.084149532961366,LM-like,5246.0,170.0,0.0,1.0365540407034184,3.1107289444776534,19.47299344292518,0.5294503382695696,0.6666666666666666,0.6280521367703873,ordered-intermetallic,-16.0,9.0,1.0,0.497026210859251,Pt+Ga mixed projected column,0.7707326905454723,0.7707326905454723,uncertain intensity,uncertain intensity
554,619.2162270661804,841.112326945032,7.051934063522752,9.57899423556065,Pt-like,6258.0,186.0,0.0,1.2384721947358006,3.1145982447264244,19.31881166775609,0.4664646530311901,0.6666666666666666,0.6244911120682872,ordered-intermetallic,-1.0,7.0,0.0,0.3183531507029999,Pt-rich projected column,0.9997724386586075,0.9997724386586075,Pt-rich projected column,Pt-rich projected column
555,596.9590932720284,772.4649593547722,6.798459052535049,8.797204791549225,Pt-like,5928.0,150.0,0.0,1.1250711710001895,3.11475068737989,19.094724422987504,0.4683265632855683,0.6666666666666666,0.6256381485706339,ordered-intermetallic,-4.0,6.0,0.0,0.5043422415855557,Pt-rich projected column,0.9873581259414123,0.9873581259414123,Pt-rich projected column,Pt-rich projected column
556,865.3951769582616,743.3664972399656,9.855539083196572,8.465817422785067,LM-like,5315.0,170.0,0.0,0.8887216787893989,3.117136048870905,20.29147116644211,0.5318063962154069,0.6666666666666666,0.6084270492745208,Pt-rich,,,,,,,,,Pt-rich region
557,804.9066181813967,904.2312572974524,9.166666102407614,10.29782316082036,Pt-like,5228.0,144.0,0.0,1.128426505503993,3.123892976156587,21.343415706011584,0.4684550159796324,0.6666666666666666,0.6146455847340833,liquid-metal,,,,,,,,,amorphous liquid-metal
558,802.1585954179501,427.7403698012965,9.135370289271869,4.87131433624913,Pt-like,5149.0,164.0,0.0,0.9363520640116384,3.1268636665710865,19.874270004517392,1.0,0.0,0.0199628600431782,Pt-rich,,,,,,,,,Pt-rich region
559,632.2841324122436,682.5481356356685,7.200757693816511,7.773188487789233,LM-like,5328.0,140.0,0.0,1.006612507084829,3.129887811074588,18.49601789175891,0.5255032621949256,0.6666666666666666,0.6278105486028501,ordered-intermetallic,-5.0,2.0,1.0,0.8533129861765354,Pt+Ga mixed projected column,0.5370429391896937,0.5370429391896937,uncertain intensity,uncertain intensity
560,736.6298540665874,731.1125460583032,8.389097270128174,8.326263496428622,Pt-like,5338.0,183.0,9.0,1.023438623400278,3.136080171655373,19.76542317254646,0.471011971920364,0.6666666666666666,0.6265787458116041,ordered-intermetallic,1.0,-1.0,0.0,1.0045431350697138,Pt-rich projected column,0.6783895169020774,0.6783895169020774,uncertain intensity,uncertain intensity
561,645.2118593831129,628.751035857945,7.347984904934239,7.160521080414081,Pt-like,5286.0,162.0,0.0,0.9954802259887006,3.140699014095399,20.750735243923835,0.5218433745747277,0.6666666666666666,0.6251111718781035,ordered-intermetallic,-6.0,0.0,0.0,1.1693962783134284,Pt-rich projected column,0.4385237343289714,0.5614762656710286,uncertain intensity,uncertain intensity
562,936.5912150477112,668.2491159777278,10.666354020281856,7.610344331914042,Pt-like,4773.0,166.0,0.0,0.8724182050813379,3.144187596147076,19.813818643714928,0.9487567724198858,0.0,0.0705214608719883,Pt-rich,,,,,,,,,Pt-rich region
563,587.9745946205474,547.4798588383665,6.69613923384386,6.234965585329002,LM-like,4634.0,153.0,0.0,0.9083602861903362,3.147087468164504,18.30195955387042,0.5225615684050452,0.6666666666666666,0.6333668453147631,ordered-intermetallic,-11.0,0.0,1.0,2.649855047649121,Pt+Ga mixed projected column,0.03412283491020488,0.9658771650897952,Pt+Ga mixed projected column,Pt+Ga mixed projected column
564,905.7263380652862,477.6011709404037,10.314849864148789,5.439153269755995,Pt-like,3774.0,160.0,0.0,0.8370855051569258,3.1509205284285384,20.87093480236192,1.0,0.0,0.0001680909050768,Pt-rich,,,,,,,,,Pt-rich region
565,460.0281824386429,535.5697019670233,5.239023572250156,6.0993269549577285,Pt-like,5742.0,201.0,0.0,1.2001254049534955,3.1526393874181964,17.068136516774,0.4719305320859287,0.6666666666666666,0.6343456290093628,ordered-intermetallic,-17.0,5.0,0.0,2.5251245647989125,Pt-rich projected column,0.9991115672375809,0.9991115672375809,Pt-rich projected column,Pt-rich projected column
566,898.2101973014231,933.3125451656956,10.22925241569359,10.629014940953176,Pt-like,4984.0,150.0,0.0,1.0953846153846154,3.1570334678237715,19.74676177829445,0.4700708771150166,0.6666666666666666,0.592410103963366,liquid-metal,,,,,,,,,amorphous liquid-metal
567,339.06323582181875,782.8722557205334,3.861416219191848,8.91572811917359,Pt-like,5932.0,169.0,0.0,1.0828769623950347,3.1651753472917115,19.67706828192906,0.4668665045135177,0.6666666666666666,0.6263078791562773,ordered-intermetallic,-15.0,17.0,0.0,0.731671719550132,Pt-rich projected column,0.9457612743528255,0.9457612743528255,Pt-rich projected column,Pt-rich projected column
568,578.8267635707715,424.0718196319097,6.591959306756176,4.829535111525298,Pt-like,5977.0,202.0,0.0,1.4010782934833568,3.1694667730945683,22.282216416369,0.622744913473002,0.5,0.4077119794321193,Pt-rich,,,,,,,,,Pt-rich region
569,409.3667274187309,744.8730639144136,4.662066404872242,8.482974933176623,Pt-like,6684.0,188.0,0.0,1.244229337304542,3.1713171346245925,21.516691595543485,0.4681212076312582,0.6666666666666666,0.6261163088406884,ordered-intermetallic,-13.0,13.0,0.0,0.6825754050419925,Pt-rich projected column,0.9998145334039837,0.9998145334039837,Pt-rich projected column,Pt-rich projected column
570,121.00655202974468,564.9741286922374,1.3780811756355873,6.43419879677678,LM-like,5147.0,201.0,0.0,0.953236410778776,3.1735253914498203,20.25395774745155,0.5312202144404935,0.6666666666666666,0.6307178825489905,ordered-intermetallic,-31.0,20.0,1.0,1.228757513255519,Pt+Ga mixed projected column,0.14825650070442922,0.8517434992955708,Pt+Ga mixed projected column,Pt+Ga mixed projected column
571,783.5071243816626,799.8937204471575,8.922958310731218,9.10957679701824,Pt-like,5828.0,173.0,0.0,1.1366162847391517,3.1862258316230547,18.1138125923636,0.467405615287808,0.6666666666666666,0.62399714761545,ordered-intermetallic,5.0,-1.0,0.0,1.0307547227106102,Pt-rich projected column,0.9915766446653922,0.9915766446653922,Pt-rich projected column,Pt-rich projected column
572,419.1182442661909,939.4126927997892,4.773121397977695,10.698486374376682,LM-like,4076.0,116.0,0.0,0.9574817946910972,3.1867739292908124,18.164762555961538,0.5320548693207507,0.6666666666666666,0.6032029367256351,liquid-metal,,,,,,,,,amorphous liquid-metal
573,375.9409937004168,623.6757612456157,4.281397972904248,7.102721396949726,LM-like,5168.0,153.0,0.0,0.9870601155517356,3.188616549942979,20.209858872737428,0.5255925163754243,0.6666666666666666,0.6285808471005185,ordered-intermetallic,-18.0,11.0,1.0,0.8590044101045763,Pt+Ga mixed projected column,0.3667059480787867,0.6332940519212134,uncertain intensity,uncertain intensity
574,806.9882598165116,762.6021954235472,9.190372844758771,8.684882862815831,Pt-like,5687.0,201.0,0.0,1.0392909356725146,3.189217709934728,20.30974480671029,0.4672186107488055,0.6666666666666666,0.6261682813313019,ordered-intermetallic,5.0,-3.0,0.0,0.3756082963576101,Pt-rich projected column,0.7874649468646092,0.7874649468646092,uncertain intensity,uncertain intensity
575,116.6647279258891,844.3204100153666,1.3286343815151047,9.615529438117422,LM-like,4597.0,177.0,0.0,0.9300020230629172,3.190018097910324,19.73068336182948,0.5289658426632912,0.6666666666666666,0.6262946980409674,ordered-intermetallic,-23.0,28.0,1.0,1.9813046786702264,Pt+Ga mixed projected column,0.07083032713976281,0.9291696728602372,Pt+Ga mixed projected column,Pt+Ga mixed projected column
576,773.0141809835433,709.4096454655485,8.803459593253478,8.07910036135959,LM-like,5309.0,137.0,0.0,0.9759191176470589,3.190568920822132,19.432500676309804,0.5291970279850741,0.6666666666666666,0.6277196173072284,ordered-intermetallic,2.0,-3.0,1.0,2.3618521603629827,Pt+Ga mixed projected column,0.28043929093939773,0.7195607090606022,uncertain intensity,uncertain intensity
577,248.91297022537472,578.4769203083074,2.834741366358508,6.587975122376588,Pt-like,5428.0,194.0,18.0,1.096233464606685,3.1907563252336835,19.49083940046232,0.4723022567956742,0.6666666666666666,0.6267761924592178,ordered-intermetallic,-25.0,15.0,0.0,1.0809550718495144,Pt-rich projected column,0.9655515264987017,0.9655515264987017,Pt-rich projected column,Pt-rich projected column
578,561.2340133087854,825.2239296370543,6.391604552761189,9.398049477827522,LM-like,4770.0,149.0,0.0,0.9333724684473144,3.200767276943828,18.9437421749486,0.5291635824629373,0.6666666666666666,0.626248193023536,ordered-intermetallic,-4.0,9.0,1.0,1.2169553038804517,Pt+Ga mixed projected column,0.07912968135076966,0.9208703186492303,Pt+Ga mixed projected column,Pt+Ga mixed projected column
579,271.0887258980192,645.7985084184677,3.0872896039155404,7.354665948057659,Pt-like,6121.0,179.0,0.0,1.0573501468301951,3.2054086763958543,19.92326259251949,0.4726445515458941,0.6666666666666666,0.6287729257718888,ordered-intermetallic,-22.0,16.0,0.0,0.7611579369117983,Pt-rich projected column,0.875606648495366,0.875606648495366,Pt-rich projected column,Pt-rich projected column
580,85.43478656559648,583.7867166605497,0.9729726955739711,6.648445652911868,Pt-like,4923.0,161.0,16.0,0.9009882869692531,3.2113490801032016,20.49907664381475,0.4689185661339526,0.6666666666666666,0.6188403437612372,liquid-metal,,,,,,,,,amorphous liquid-metal
581,818.3255886674012,850.4653214516346,9.319487832413,9.685510663383532,LM-like,4593.0,151.0,0.0,0.9275040387722132,3.2181825389393883,19.258828425865254,0.530448955504886,0.6666666666666666,0.6239729956469553,ordered-intermetallic,8.0,-1.0,1.0,0.8618257382067214,Pt+Ga mixed projected column,0.0652061002322898,0.9347938997677102,Pt+Ga mixed projected column,Pt+Ga mixed projected column
582,249.0955585197377,544.6623932356573,2.8368207702183184,6.202878923532872,Pt-like,5085.0,201.0,0.0,1.0044444444444445,3.227311611655276,18.184227240733478,0.4656486741125206,0.6666666666666666,0.6160140483287362,liquid-metal,,,,,,,,,amorphous liquid-metal
583,869.2959519529824,568.5187438209864,9.89996299661651,6.4745665892794655,Pt-like,6090.0,183.0,0.0,1.0362429811128129,3.231158518902588,19.81756918219317,0.908879446118295,0.0,0.070473131071987,Pt-rich,,,,,,,,,Pt-rich region
584,713.3630414495456,800.1862173853914,8.124123548071335,9.11290789370474,Pt-like,5455.0,174.0,0.0,1.0453195362652103,3.2353016220973183,19.97476779498304,0.4678539137839024,0.6666666666666666,0.6252041738881156,ordered-intermetallic,2.0,2.0,0.0,1.8258267811059492,Pt-rich projected column,0.821118765839539,0.821118765839539,Pt-rich projected column,Pt-rich projected column
585,768.9405474993168,958.4156680662682,8.757067083700182,10.914901453201225,LM-like,4263.0,112.0,0.0,0.951350145056907,3.236378414906314,19.206763186660613,0.5054695337682689,0.5,0.5747049055915091,liquid-metal,,,,,,,,,amorphous liquid-metal
586,260.17733176367875,594.774226520602,2.9630253669444806,6.773576732603541,LM-like,4658.0,157.0,9.0,0.8645939675174014,3.237483068106389,18.987995942465904,0.5284558571334199,0.6666666666666666,0.6280996543962234,ordered-intermetallic,-24.0,15.0,1.0,0.3702089527868471,Pt+Ga mixed projected column,0.007403584571761671,0.9925964154282383,Pt+Ga mixed projected column,Pt+Ga mixed projected column
587,773.7003302190791,607.183314122131,8.811273792809683,6.9148974275876975,LM-like,5105.0,173.0,0.0,1.0341334953914716,3.246603779837588,18.657988253458424,0.5265033721137977,0.6666666666666666,0.6131334936701844,Pt-rich,,,,,,,,,Pt-rich region
588,915.9800899422836,565.8799302641644,10.431624552827255,6.444514503440556,Pt-like,5760.0,196.0,0.0,0.987823700908935,3.247547202260007,19.92467060607151,1.0,0.0,0.0049463957672247,Pt-rich,,,,,,,,,Pt-rich region
589,203.62485744397475,510.5063880531245,2.3189784208217445,5.81389380671548,Pt-like,4967.0,190.0,0.0,0.942952064546749,3.2531225326656275,20.55419536259477,0.4681718803977825,0.6666666666666666,0.5883678807351543,liquid-metal,,,,,,,,,amorphous liquid-metal
590,532.1729786037448,425.891402099595,6.060643425452441,4.850257397254234,Pt-like,5814.0,181.0,0.0,1.147877591312932,3.253842649000315,20.985288510916025,0.6210119841998252,0.5,0.396973972985035,Pt-rich,,,,,,,,,Pt-rich region
591,641.4652030815519,911.3998349794512,7.305316169777744,10.37946239269613,Pt-like,5713.0,159.0,0.0,1.170816682037094,3.2594072736796704,20.336646488129254,0.4700036171808571,0.6666666666666666,0.6211729841040335,liquid-metal,,,,,,,,,amorphous liquid-metal
592,313.7731483792213,926.8064255249882,3.5734004642577304,10.554920101848198,Pt-like,5346.0,157.0,0.0,1.1442636986301369,3.270317154156577,19.453624093327225,0.4687215719192666,0.6666666666666666,0.6161398930743207,liquid-metal,,,,,,,,,amorphous liquid-metal
593,894.0679265634146,459.8550340302211,10.182078231877226,5.2370516743798765,Pt-like,2555.0,152.0,0.0,0.5592033267673452,3.281655334205732,21.23308583277331,1.0,0.0,0.0002482183899619,outside,,,,,,,,,outside
594,278.45434041531075,944.2174273725274,3.171172786627603,10.75320501694232,LM-like,4539.0,151.0,0.0,1.003537475127128,3.2817103536757304,19.05547605129725,0.5305450850006015,0.6666666666666666,0.6015801253452151,liquid-metal,,,,,,,,,amorphous liquid-metal
595,441.9506678275488,972.3076033309392,5.033148087245821,11.073109534997366,LM-like,4115.0,112.0,0.0,1.0067278287461774,3.283502102144925,19.25595702516793,0.5875430042497543,0.6666666666666666,0.5704311851799255,liquid-metal,,,,,,,,,amorphous liquid-metal
596,577.1117140019253,528.1904772255157,6.5724274922679164,6.015288772425626,Pt-like,5763.0,199.0,0.0,1.1265760922685957,3.286271372038715,17.66341320739607,0.4688245856101589,0.6666666666666666,0.6218505099560083,ordered-intermetallic,-12.0,0.0,0.0,0.405159649596119,Pt-rich projected column,0.9880085493909936,0.9880085493909936,Pt-rich projected column,Pt-rich projected column
597,807.2093150278085,727.272262671059,9.192890328484692,8.28252849070954,Pt-like,5992.0,173.0,9.0,1.0842305256491451,3.294591546786764,19.66178201904056,0.4721390575105781,0.6666666666666666,0.6272205097503472,ordered-intermetallic,4.0,-4.0,0.0,0.7918083646313674,Pt-rich projected column,0.9481764321973427,0.9481764321973427,Pt-rich projected column,Pt-rich projected column
598,746.0194775101284,926.7334391239146,8.496030846011482,10.554088897391004,LM-like,3827.0,128.0,0.0,0.7353958493466565,3.2948755103554275,19.90163541930602,0.5296897010380839,0.6666666666666666,0.5931526268010769,liquid-metal,,,,,,,,,amorphous liquid-metal
599,381.0168258215653,414.67421219051226,4.339204005548842,4.722510610010543,LM-like,3185.0,165.0,0.0,0.683549737096255,3.2959779202016253,20.865755494081878,0.7197451781522218,0.6666666666666666,0.3970160643609737,Pt-rich,,,,,,,,,Pt-rich region
600,888.9826655837433,810.5551831285244,10.124164818828678,9.23099469364851,LM-like,4466.0,159.0,0.0,0.8602523355484927,3.302737134990675,19.18268296797237,0.5293709613490504,0.6666666666666666,0.6250201855936224,Pt-rich,,,,,,,,,Pt-rich region
601,532.8445552676645,388.1874859079832,6.068291665510685,4.420866952853918,Pt-like,5276.0,180.0,0.0,1.0892949313512956,3.302776426510213,22.192069990993797,0.5953630469480052,0.5,0.3857047317804141,Pt-rich,,,,,,,,,Pt-rich region
602,448.2679312245104,485.3385761051883,5.105092140050041,5.527270584289791,LM-like,5207.0,175.0,0.0,0.9885144755576648,3.308704547887674,18.316596053424792,0.5828960826025811,0.6666666666666666,0.5758612572246729,Pt-rich,,,,,,,,,Pt-rich region
603,865.356050387105,778.2658712369683,9.855093490868937,8.863268383414981,LM-like,4985.0,148.0,0.0,0.9556215853541646,3.308975265710064,20.891273678500955,0.5294746374490674,0.6666666666666666,0.6230141132367135,ordered-intermetallic,8.0,-5.0,1.0,0.6080173592876106,Pt+Ga mixed projected column,0.15928181909235897,0.840718180907641,Pt+Ga mixed projected column,Pt+Ga mixed projected column
604,33.447873972758444,864.4839189184917,0.3809205759003823,9.845161235636343,Pt-like,5437.0,156.0,0.0,1.0895791583166332,3.3094014949839488,20.193168348247628,0.4249539119691361,0.8,0.6371870274602937,liquid-metal,,,,,,,,,amorphous liquid-metal
605,378.5605563732408,519.2620939911301,4.311230820359723,5.913608023261377,LM-like,4410.5,164.5,11.5,0.8744052339413164,3.314684133574423,19.003349966049303,0.5329401944643983,0.6666666666666666,0.6036279301586555,Pt-rich,,,,,,,,,Pt-rich region
606,586.2071071771957,649.7869349104877,6.676010231463422,7.400088079147784,LM-like,4938.0,152.0,0.0,0.916396028579382,3.317277068469945,18.366549769486557,0.531929119155,0.6666666666666666,0.6284642494858408,ordered-intermetallic,-8.0,3.0,1.0,0.5631313065768389,Pt+Ga mixed projected column,0.04489435624430806,0.955105643755692,Pt+Ga mixed projected column,Pt+Ga mixed projected column
607,771.7873588029956,849.8491928950789,8.789487948540808,9.67849389320606,LM-like,3601.0,147.0,0.0,0.6535390199637023,3.3223397268152133,18.674759024788763,0.5312032569140451,0.6,0.6158611317691851,liquid-metal,,,,,,,,,amorphous liquid-metal
608,445.7921045451843,623.7954016360113,5.076896227649554,7.104083919615519,LM-like,2971.0,140.0,18.0,0.5445880304280084,3.326713610168195,18.34642847614156,0.5310775690787017,0.6666666666666666,0.627983820726932,ordered-intermetallic,-15.0,8.0,1.0,2.7738725875402857,Pt+Ga mixed projected column,8.589288702502756e-08,0.999999914107113,Pt+Ga mixed projected column,Pt+Ga mixed projected column
609,420.5274755158498,865.8769038045511,4.789170405446273,9.861025221653826,LM-like,4405.0,155.0,0.0,0.860099580201113,3.3313901435529942,19.56349047647105,0.5293460822720035,0.6666666666666666,0.6247072381972469,ordered-intermetallic,-9.0,16.0,1.0,1.9370536007767265,Pt+Ga mixed projected column,0.006317630111773393,0.9936823698882266,Pt+Ga mixed projected column,Pt+Ga mixed projected column
610,564.9809802743622,548.5914302549515,6.434276825909841,6.24762469856606,LM-like,4682.0,150.0,0.0,0.9764337851929092,3.3320579604644154,17.136981886416763,0.5234905552359319,0.6666666666666666,0.6231160099836656,ordered-intermetallic,-12.0,1.0,1.0,2.697130495930277,Pt+Ga mixed projected column,0.28414473077511526,0.7158552692248847,uncertain intensity,uncertain intensity
611,471.6577241486742,484.4000362744791,5.371466421360704,5.516582038491323,LM-like,4669.0,161.0,0.0,0.8967636608086046,3.337459983851033,17.981814072895293,0.5900225971449191,0.8,0.5731011236922066,Pt-rich,,,,,,,,,Pt-rich region
612,320.4466308801353,504.0029412169418,3.649401312609995,5.739829406801936,Pt-like,4655.0,192.0,14.0,0.9654671782640256,3.34757771713452,18.483922575011476,0.4599874292023971,0.6666666666666666,0.553976897925246,Pt-rich,,,,,,,,,Pt-rich region
613,889.2325901224033,740.7783645757089,10.127011080425918,8.43634251547771,LM-like,5079.0,163.0,0.0,0.8352244696595955,3.3477753176838387,20.10347260293578,0.5317658901835302,0.6666666666666666,0.5640947351029935,Pt-rich,,,,,,,,,Pt-rich region
614,878.5769407359401,654.3212607440977,10.005659388411354,7.451727176127922,Pt-like,6089.0,185.0,0.0,1.0450527761091564,3.355217634315641,19.634569660249923,0.7105714192515545,0.5,0.3844063935357769,Pt-rich,,,,,,,,,Pt-rich region
615,316.9822788570895,677.2081648303919,3.609947595198389,7.712374315979872,Pt-like,5796.0,194.0,0.0,1.049524671797193,3.359137887940191,20.40614862612201,0.4751306777231062,0.6666666666666666,0.6282546740056434,ordered-intermetallic,-19.0,15.0,0.0,2.2929661499136538,Pt-rich projected column,0.8420259875882785,0.8420259875882785,Pt-rich projected column,Pt-rich projected column
616,598.7589060431168,598.9404514967933,6.818956191391593,6.821023718876985,Pt-like,5810.0,186.0,0.0,1.0979873381838798,3.3634413133562804,17.812763915513344,0.4701716476664082,0.6666666666666666,0.6281770755247515,ordered-intermetallic,-9.0,1.0,0.0,2.0893992941350827,Pt-rich projected column,0.9675655121390916,0.9675655121390916,Pt-rich projected column,Pt-rich projected column
617,659.1759756040012,507.15833217814543,7.507015018391759,5.775764526119578,LM-like,4080.0,149.0,14.0,0.7826587377709572,3.3653320096709174,18.3477586597772,0.5193146925535241,0.6666666666666666,0.6031084756519687,Pt-rich,,,,,,,,,Pt-rich region
618,430.4652605309316,953.5973260556112,4.902346710589082,10.860027842547249,Pt-like,4254.0,143.0,0.0,1.0387010133072885,3.3722138126089334,18.164762555961538,0.4699128207918014,0.6666666666666666,0.5849591993420169,liquid-metal,,,,,,,,,amorphous liquid-metal
619,267.3384648328286,962.0209146724025,3.044579815966308,10.955959746310974,Pt-like,4890.0,144.0,0.0,1.08281665190434,3.3738528361107822,19.15694300422046,0.4689122201804755,0.6666666666666666,0.5852625431821683,liquid-metal,,,,,,,,,amorphous liquid-metal
620,935.9988810508934,809.8568938627897,10.659608234066058,9.223042237553232,LM-like,5378.0,144.0,0.0,1.0128060263653484,3.374235743647628,19.42314598629697,0.4734511098199351,0.6666666666666666,0.6043795436839972,Pt-rich,,,,,,,,,Pt-rich region
621,789.5955709916648,447.5155208648096,8.99229648722966,5.096523326744775,Pt-like,5944.0,220.0,0.0,1.0869525464021212,3.3789287764200995,20.344043050786173,1.0,0.0,0.0324247614456405,Pt-rich,,,,,,,,,Pt-rich region
622,177.01235352484733,652.1507862276206,2.0159023470694497,7.427008761933139,Pt-like,5659.0,208.0,0.0,1.0962805114296783,3.3826555341090425,19.123535674624847,0.4693004129951307,0.6666666666666666,0.6283919836173436,ordered-intermetallic,-26.0,20.0,0.0,1.4728885938588565,Pt-rich projected column,0.9656070924946154,0.9656070924946154,Pt-rich projected column,Pt-rich projected column
623,490.9027857751093,826.704613407459,5.59063849681012,9.4149122211818,LM-like,4122.0,136.0,0.0,0.8218522580001993,3.390400406629748,19.029992270021214,0.5290568474800965,0.6666666666666666,0.6259836074765568,ordered-intermetallic,-7.0,12.0,1.0,2.7511823137566944,Pt+Ga mixed projected column,0.0016304961046902495,0.9983695038953098,Pt+Ga mixed projected column,Pt+Ga mixed projected column
624,857.6761982047539,552.0629909138232,9.767631617551858,6.287160511411072,Pt-like,5966.0,187.0,0.0,0.9944162013501124,3.391453768996658,20.14473829343731,0.9470493649178702,0.0,0.0561732991629416,Pt-rich,,,,,,,,,Pt-rich region
625,296.4653432824396,542.0800456148422,3.3762908037033035,6.173469899099898,Pt-like,5682.0,180.0,0.0,1.1201577131591918,3.391489295330381,18.47992527035572,0.4650582442008349,0.6666666666666666,0.6154739868318959,liquid-metal,,,,,,,,,amorphous liquid-metal
626,592.8662088946953,949.9240989403766,6.751847304494585,10.818195354500691,Pt-like,4640.5,151.5,4.5,1.046218013752677,3.3990628045049487,19.807533724311675,0.4676832957435261,0.6666666666666666,0.6032945207422594,liquid-metal,,,,,,,,,amorphous liquid-metal
627,330.7390185553231,590.3615461886471,3.7666160044560497,6.723322993466592,LM-like,4996.0,165.0,0.0,1.019383799224648,3.400209502431244,18.292782229429108,0.527229465812684,0.6666666666666666,0.6275474519599915,ordered-intermetallic,-21.0,12.0,1.0,1.1218622023464215,Pt+Ga mixed projected column,0.6461794367944151,0.6461794367944151,uncertain intensity,uncertain intensity
628,588.0461093392657,514.3183769972892,6.696953678070173,5.857306581623678,LM-like,4809.0,193.0,0.0,0.859901654000894,3.401770201917876,17.66341320739607,0.5301079338704346,0.6666666666666666,0.6108684967620188,ordered-intermetallic,-12.0,-1.0,1.0,4.586887093315148,Pt+Ga mixed projected column,0.006273628433702251,0.9937263715662977,Pt+Ga mixed projected column,Pt+Ga mixed projected column
629,653.6117593194266,893.4800576789186,7.443647030540553,10.17538329652144,LM-like,4720.0,153.0,0.0,0.8581038087446595,3.414776557318219,20.99444640077536,0.5330577008909193,0.6666666666666666,0.6220344585687291,ordered-intermetallic,2.0,7.0,1.0,1.3162261944236546,Pt+Ga mixed projected column,0.00588763620909089,0.9941123637909091,Pt+Ga mixed projected column,Pt+Ga mixed projected column
630,783.5452193877721,661.5813015442574,8.923392155096872,7.534408034256885,Pt-like,5698.0,151.0,0.0,1.1346077260055756,3.4199460682288043,16.389787764659246,0.4695656516048367,0.6666666666666666,0.6282800441996841,ordered-intermetallic,1.0,-5.0,0.0,3.502735677881728,Pt-rich projected column,0.9909590718688355,0.9909590718688355,Pt-rich projected column,Pt-rich projected column
631,313.4943400178606,961.6434114723834,3.5702252597092485,10.951660557176483,Pt-like,5451.0,159.0,0.0,1.2874350495984883,3.430768883331563,19.099221098427485,0.4712434243814726,0.6666666666666666,0.5862809752148518,liquid-metal,,,,,,,,,amorphous liquid-metal
632,871.9770320502676,460.4406194836545,9.930496434273108,5.243720604917656,Pt-like,4660.0,182.0,9.0,1.0271104253912278,3.437847749525212,19.65136193215332,1.0,0.0,0.0003610050727642,Pt-rich,,,,,,,,,Pt-rich region
633,691.1206785294092,628.8222730822838,7.870816754945287,7.161332364400106,Pt-like,5500.0,185.0,14.0,1.0564733000384172,3.440990877131024,18.516783039958028,0.5345968639846062,0.6,0.6229228456888254,ordered-intermetallic,-4.0,-2.0,0.0,1.6204737724973448,Pt-rich projected column,0.8721728197007418,0.8721728197007418,Pt-rich projected column,Pt-rich projected column
634,161.23744298603378,983.2425665719386,1.836250031585486,11.19764218836133,LM-like,3850.0,94.0,0.0,0.8890428357002655,3.441890025025837,19.77110928127856,0.5868266502159226,0.6666666666666666,0.575105576627752,liquid-metal,,,,,,,,,amorphous liquid-metal
635,829.498237802683,866.1520796775015,9.44672736776914,9.864159057666347,Pt-like,4999.0,159.0,0.0,1.0155408836973083,3.4472490447945447,19.258828425865254,0.4682643582843919,0.6666666666666666,0.6237572930793951,ordered-intermetallic,9.0,-1.0,0.0,0.8234166426470929,Pt-rich projected column,0.6143713278653142,0.6143713278653142,uncertain intensity,uncertain intensity
636,290.00584117576847,962.7645368991884,3.3027268676364883,10.96442847610559,Pt-like,4896.0,138.0,0.0,1.166408576533651,3.448659339956687,19.213558961204704,0.4709149187766168,0.6666666666666666,0.5788383870370963,liquid-metal,,,,,,,,,amorphous liquid-metal
637,499.8822733823596,987.5081310393476,5.692901247304515,11.246220500836108,Pt-like,4715.0,119.0,0.0,1.1247614503816794,3.449890264771164,21.300701446431617,0.5639400460212759,0.5,0.5629061839104401,liquid-metal,,,,,,,,,amorphous liquid-metal
638,118.31613381363032,672.7088017638364,1.3474413909625813,7.661133391911182,LM-like,4356.0,146.0,0.0,0.7975100695715855,3.4560095860191797,19.42171492057404,0.5225115244432653,0.6666666666666666,0.6283648570000042,ordered-intermetallic,-28.0,23.0,1.0,1.894110824406148,Pt+Ga mixed projected column,0.0006871512426703608,0.9993128487573296,Pt+Ga mixed projected column,Pt+Ga mixed projected column
639,685.3418280118368,395.56557472581306,7.805004408576464,4.504892198937448,LM-like,3382.0,147.0,14.0,0.6856563608717688,3.468385589085227,24.017354452387156,0.7300337426676354,0.5,0.3059560114767379,Pt-rich,,,,,,,,,Pt-rich region
640,213.59640805150747,596.9938600626658,2.4325392648722435,6.798854993572216,LM-like,5020.0,172.0,9.0,0.9227941176470588,3.468674282868749,19.545370565324045,0.5282597811397522,0.6666666666666666,0.6285901011230943,ordered-intermetallic,-26.0,17.0,1.0,0.6423282872285607,Pt+Ga mixed projected column,0.055716721546176816,0.9442832784538232,Pt+Ga mixed projected column,Pt+Ga mixed projected column
641,398.2090418179585,692.1550893407904,4.534997281488699,7.882597125868407,LM-like,5065.0,161.0,0.0,0.9859840373759003,3.46894284687592,19.314341458448613,0.531900834074264,0.6666666666666666,0.6277364076486319,ordered-intermetallic,-15.0,12.0,1.0,1.3820521693641583,Pt+Ga mixed projected column,0.35787153164965996,0.6421284683503401,uncertain intensity,uncertain intensity
642,809.7879943659492,588.1145171887924,9.222257576739302,6.697732739766562,Pt-like,6123.0,229.0,0.0,1.0886301004533736,3.476420122383296,18.939539811528444,0.5212125590368601,0.6666666666666666,0.4979280780136321,Pt-rich,,,,,,,,,Pt-rich region
643,48.404180319339545,707.3249814120387,0.5512502306797042,8.055359198245052,LM-like,5165.0,158.0,9.0,0.8731299129405798,3.477222618732849,20.27781276221683,0.4828497366218953,0.6666666666666666,0.6419479150681747,liquid-metal,,,,,,,,,amorphous liquid-metal
644,369.6029531432451,396.17046313014976,4.209217299744449,4.511780960821778,Pt-like,2698.0,151.0,0.0,0.6068376068376068,3.480987920106104,21.55010257322888,0.5726762595054942,0.6666666666666666,0.4012439462878194,outside,,,,,,,,,outside
645,346.1539836829683,432.06183294235706,3.942169087402047,4.920529249871615,Pt-like,4767.0,173.0,9.0,1.0218649517684888,3.4846574663697343,21.08063154721797,0.5881444254593542,0.5,0.4263033967362482,Pt-rich,,,,,,,,,Pt-rich region
646,549.6895509472087,810.2042506666813,6.260130628444993,9.226998104939277,Pt-like,5126.0,145.0,0.0,1.0250974902509749,3.4890581607094138,18.54265070831778,0.4695966046103099,0.6666666666666666,0.6262363500313732,ordered-intermetallic,-5.0,9.0,0.0,1.047127877315747,Pt-rich projected column,0.6911135435781376,0.6911135435781376,uncertain intensity,uncertain intensity
647,422.1919061514393,690.3167373079602,4.8081257470255725,7.861661083248071,LM-like,4902.0,179.0,0.0,0.9365685899885364,3.489817747796176,18.480443372633932,0.5321764226969824,0.6666666666666666,0.6276423705510334,ordered-intermetallic,-14.0,11.0,1.0,2.01951771344583,Pt+Ga mixed projected column,0.08781158971802085,0.9121884102819792,Pt+Ga mixed projected column,Pt+Ga mixed projected column
648,267.29065710932605,892.6742407392951,3.044035358474513,10.166206263237898,Pt-like,5466.0,170.0,0.0,1.1450717502880483,3.4910285379942776,19.66550597525877,0.4689672274541474,0.6666666666666666,0.6228190763116384,ordered-intermetallic,-15.0,23.0,0.0,0.8239680368266291,Pt-rich projected column,0.9937491252885966,0.9937491252885966,Pt-rich projected column,Pt-rich projected column
649,464.8991183553261,970.431083280748,5.294496147758781,11.05173881652391,LM-like,3729.0,125.0,0.0,0.9007246376811594,3.496177101216667,16.72768785539799,0.5848640147468155,0.6666666666666666,0.5724671733911788,liquid-metal,,,,,,,,,amorphous liquid-metal
650,289.4819148383771,997.604912242468,3.296760140952125,11.361207531514504,Pt-like,4553.0,149.0,0.0,1.083402736466389,3.506401437403391,20.84450316623659,0.5631470974627246,0.5,0.5588203278657867,liquid-metal,,,,,,,,,amorphous liquid-metal
651,597.2886551729645,700.3019367309635,6.802212262954391,7.975377366614493,Pt-like,6422.0,175.0,0.0,1.2576128463722709,3.5146455980689817,19.677222748989585,0.4676068717516172,0.6666666666666666,0.6271063299516288,ordered-intermetallic,-6.0,4.0,0.0,1.784872260353314,Pt-rich projected column,0.9998847221246121,0.9998847221246121,Pt-rich projected column,Pt-rich projected column
652,119.49714990486464,635.5253553811888,1.360891373762295,7.237670309576715,LM-like,5433.0,176.0,0.0,1.0420023014959725,3.521787247729903,19.52366525877517,0.5295963080235742,0.6666666666666666,0.6277430136476425,ordered-intermetallic,-29.0,22.0,1.0,0.6219179321528614,Pt+Ga mixed projected column,0.8031443352740828,0.8031443352740828,uncertain intensity,uncertain intensity
653,804.6535993475763,939.8601021610845,9.163784601479604,10.70358168870687,Pt-like,4799.0,174.0,0.0,1.0296073803904742,3.5272295346758207,19.912903790272445,0.4696319763893043,0.6666666666666666,0.5922457458449938,liquid-metal,,,,,,,,,amorphous liquid-metal
654,226.74614634601156,510.2817419685794,2.5822948483859034,5.811335428387208,Pt-like,5179.0,206.0,0.0,1.0127102072741494,3.528072269326513,20.287898189260048,0.4665624690917163,0.6666666666666666,0.5953303075974821,Pt-rich,,,,,,,,,Pt-rich region
655,97.01587175800393,566.3172209361303,1.104863698411286,6.449494581239724,LM-like,5220.0,179.0,0.0,1.0094759234190678,3.533151895499813,20.7480663850655,0.5261544464163096,0.6666666666666666,0.6333327401079764,liquid-metal,,,,,,,,,amorphous liquid-metal
656,540.3245471330841,615.3575675653998,6.153477432816147,7.007989781729596,LM-like,5260.0,156.0,0.0,0.9653147366489264,3.533428845715925,16.698168946716525,0.5351543357217468,0.6666666666666666,0.623948053981416,ordered-intermetallic,-11.0,4.0,1.0,1.6789384715079572,Pt+Ga mixed projected column,0.21096418032937672,0.7890358196706233,uncertain intensity,uncertain intensity
657,676.607931881997,926.0972425894925,7.705538572680816,10.546843583369691,LM-like,3768.0,110.0,0.0,0.7765869744435284,3.540067558811436,19.068170929327536,0.5311978773274154,0.6666666666666666,0.610875687545657,liquid-metal,,,,,,,,,amorphous liquid-metal
658,508.4099806865923,461.8577249576777,5.790018905069067,5.259859287864027,Pt-like,5905.0,194.0,0.0,1.149727414330218,3.544263580472003,17.52524756811962,0.6198187467191142,0.5,0.5139882195862083,Pt-rich,,,,,,,,,Pt-rich region
659,818.5511466996602,814.8002054264439,9.322056596443176,9.27933906195576,LM-like,4284.0,140.0,0.0,0.8546633416458853,3.5467869981835163,20.26331370418504,0.5305455526233167,0.6666666666666666,0.625305340308103,ordered-intermetallic,7.0,-2.0,1.0,0.3294633005614445,Pt+Ga mixed projected column,0.005213602923160834,0.9947863970768391,Pt+Ga mixed projected column,Pt+Ga mixed projected column
660,511.7594415469336,969.02982538422,5.828164186318216,11.03578061345949,LM-like,3869.0,137.0,0.0,0.8820243930240511,3.548144953365187,19.994090729522732,0.5870699107244852,0.6666666666666666,0.5756011600178155,liquid-metal,,,,,,,,,amorphous liquid-metal
661,855.1544820851049,622.5029497158462,9.73891309399678,7.089364851666571,Pt-like,6495.0,196.0,0.0,1.1314345440292657,3.557018893022822,18.063304280295863,0.5981864169856604,0.5,0.4414981064793403,Pt-rich,,,,,,,,,Pt-rich region
662,234.4297471354559,732.5217980668848,2.669799412654698,8.34231274030986,LM-like,5034.0,171.0,0.0,0.9574893009985734,3.559381539234804,17.103671335541012,0.5249742952699712,0.6666666666666666,0.6276038839285318,ordered-intermetallic,-21.0,20.0,1.0,3.187838616726965,Pt+Ga mixed projected column,0.16837193827749392,0.831628061722506,Pt+Ga mixed projected column,Pt+Ga mixed projected column
663,166.62286897332783,599.5893638510353,1.8975818690056971,6.828413846808226,LM-like,5223.0,187.0,0.0,1.0312962780136243,3.573079029734922,19.75842261244214,0.5266551440321544,0.6666666666666666,0.6279121338330144,ordered-intermetallic,-28.0,19.0,1.0,1.0077302391556882,Pt+Ga mixed projected column,0.7360642923370182,0.7360642923370182,uncertain intensity,uncertain intensity
664,456.7730803762112,778.8202271721352,5.201952894656541,8.869581657085217,Pt-like,5621.0,183.0,0.0,1.0092467905557052,3.574566518057497,18.514653730342683,0.4689569894239195,0.6666666666666666,0.6264237840973002,ordered-intermetallic,-10.0,12.0,0.0,0.82738354073338,Pt-rich projected column,0.5602203172739046,0.5602203172739046,uncertain intensity,uncertain intensity
665,150.39539803091358,897.548619094258,1.712775576628921,10.22171804289962,Pt-like,5208.0,160.0,0.0,1.0249950797087188,3.574740020161083,19.64425497523841,0.4687135706616605,0.6666666666666666,0.624716073309175,ordered-intermetallic,-20.0,28.0,0.0,0.5958166932134641,Pt-rich projected column,0.6903361051865169,0.6903361051865169,uncertain intensity,uncertain intensity
666,597.8000455447456,632.6993056945923,6.808036223995604,7.205485888079009,Pt-like,5444.0,185.0,0.0,1.0196666042330025,3.578665731169236,18.159545232262303,0.4809340015832868,0.6666666666666666,0.6282265564272242,ordered-intermetallic,-8.0,2.0,0.0,1.1706354083520754,Pt-rich projected column,0.6484737540322956,0.6484737540322956,uncertain intensity,uncertain intensity
667,116.33369719347571,812.2514906323236,1.3248644433320582,9.250313064429792,LM-like,4401.0,156.0,0.0,0.8113938053097345,3.578824425633122,18.91486909313344,0.5268089041790968,0.6666666666666666,0.6263030787066155,ordered-intermetallic,-24.0,27.0,1.0,1.243447714235837,Pt+Ga mixed projected column,0.0011249477426471329,0.9988750522573528,Pt+Ga mixed projected column,Pt+Ga mixed projected column
668,971.6291667922436,717.3825437142506,11.06538317136534,8.169899585099916,Pt-like,4360.0,180.0,0.0,0.8933510910767339,3.579621079623181,19.49750736605,0.9652801708926672,0.0,0.0718409558110484,Pt-rich,,,,,,,,,Pt-rich region
669,422.3933072997064,654.805981215675,4.810419400770124,7.457247407438717,LM-like,4910.0,146.0,0.0,0.938994071524192,3.5813485770856164,19.321507727252836,0.5247930781777793,0.6666666666666666,0.6283479619345369,ordered-intermetallic,-15.0,10.0,1.0,2.5145956433390206,Pt+Ga mixed projected column,0.09496539711574836,0.9050346028842516,Pt+Ga mixed projected column,Pt+Ga mixed projected column
670,34.48605831512863,794.389256596212,0.3927439216206064,9.046889298798392,Pt-like,5464.0,174.0,14.0,1.0298746583733862,3.581818112752806,19.772915552183715,0.4247335111635671,0.8,0.6384068122107122,liquid-metal,,,,,,,,,amorphous liquid-metal
671,793.78099186743,886.0169268644777,9.039962085697306,10.090389551024428,LM-like,4467.0,129.0,0.0,0.8816737392677391,3.5937689198739746,19.90849818452066,0.5325290807074319,0.6666666666666666,0.6173935310125858,liquid-metal,,,,,,,,,amorphous liquid-metal
672,733.8186726639432,943.8582961104048,8.35708217584362,10.749115056327692,Pt-like,5320.0,165.0,0.0,1.2041647804436395,3.594844558372605,18.52238578684621,0.416371044526857,0.6666666666666666,0.5888648710823833,liquid-metal,,,,,,,,,amorphous liquid-metal
673,455.3584929479762,884.1373089683566,5.185842888434215,10.06898355278232,Pt-like,4801.0,151.0,0.0,1.02410409556314,3.600769127142658,19.659201040097425,0.4685227799289079,0.6666666666666666,0.6241589335679262,ordered-intermetallic,-7.0,15.0,0.0,1.0792197654422386,Pt-rich projected column,0.6835271390005524,0.6835271390005524,uncertain intensity,uncertain intensity
674,80.42958951412886,863.6889994017197,0.9159710892867448,9.836108307478044,Pt-like,5261.0,186.0,0.0,1.00978886756238,3.601141937236319,19.93914619742833,0.4730796713246305,0.6666666666666666,0.6280494595455024,liquid-metal,,,,,,,,,amorphous liquid-metal
675,141.88315127254006,636.6752626986106,1.6158339910427446,7.250766010605161,LM-like,4521.0,171.0,0.0,0.8328267477203647,3.610466434519149,18.14643572318305,0.5311255016690806,0.6666666666666666,0.6278388235175466,ordered-intermetallic,-28.0,21.0,1.0,2.0017368952116144,Pt+Ga mixed projected column,0.0024063207804949946,0.997593679219505,Pt+Ga mixed projected column,Pt+Ga mixed projected column
676,465.62089503546775,936.2688187944746,5.30271608989606,10.662682415726332,LM-like,4024.0,140.0,0.0,0.9623340906373312,3.6219701770282073,20.53806412616457,0.5286648308657313,0.6666666666666666,0.6034646031676341,liquid-metal,,,,,,,,,amorphous liquid-metal
677,911.9713446416029,845.5187119786297,10.385971021310812,9.629176280793295,LM-like,4722.0,158.0,0.0,0.9755190579485592,3.624619632236779,20.041544551773544,0.5298049984209483,0.6666666666666666,0.6324476974891753,liquid-metal,,,,,,,,,amorphous liquid-metal
678,829.9585509174112,831.5475339085347,9.451969636288196,9.470065743579427,Pt-like,5817.0,179.0,0.0,1.212885738115096,3.6281703775944822,20.15863500751185,0.4690122433531441,0.6666666666666666,0.6254312106441611,ordered-intermetallic,8.0,-2.0,0.0,0.4144780683795785,Pt-rich projected column,0.9994352807116773,0.9994352807116773,Pt-rich projected column,Pt-rich projected column
679,622.2603803672696,597.9688844426366,7.086602354533545,6.809959043074372,Pt-like,4908.0,150.0,9.0,0.9264747522416236,3.63653026320855,17.833804715426663,0.4683576821753822,0.6,0.626648170203995,ordered-intermetallic,-8.0,0.0,0.0,2.139602336957965,Pt-rich projected column,0.06301172112137994,0.93698827887862,uncertain intensity,uncertain intensity
680,242.73484145650423,964.7411390194218,2.764381846033193,10.986938977627403,Pt-like,5119.0,138.0,0.0,1.1393278433118184,3.641921776121973,19.5567888659648,0.4696991912204489,0.6666666666666666,0.5878850336050483,liquid-metal,,,,,,,,,amorphous liquid-metal
681,679.1777771486978,679.7943410703974,7.734805214254622,7.741826942581047,LM-like,5542.0,160.0,0.0,1.0561219628394474,3.645003926117001,19.420035932826675,0.5294045341889122,0.6666666666666666,0.6257215411178799,ordered-intermetallic,-3.0,0.0,1.0,1.287830189546259,Pt+Ga mixed projected column,0.8707743975150373,0.8707743975150373,uncertain intensity,uncertain intensity
682,678.3770412367913,785.1615255329491,7.725686046173687,8.941799431689507,LM-like,4537.0,143.0,0.0,0.8444858073522569,3.6464524182956497,20.405162923815084,0.5329183645172837,0.6666666666666666,0.625338370720729,ordered-intermetallic,0.0,3.0,1.0,0.878672020938499,Pt+Ga mixed projected column,0.003637088397452383,0.9963629116025476,Pt+Ga mixed projected column,Pt+Ga mixed projected column
683,302.1666648525104,942.4183770528616,3.441220212897844,10.732716561251562,LM-like,3838.0,129.0,0.0,0.8135665076841547,3.6497067659256666,19.453624093327225,0.5311964237602709,0.6666666666666666,0.6033767952806025,liquid-metal,,,,,,,,,amorphous liquid-metal
684,373.72992529973607,831.1916348725773,4.256217255910744,9.466012593120608,LM-like,3973.0,137.0,0.0,0.7574833174451859,3.658155985293693,17.483086222807554,0.5303285665639746,0.6666666666666666,0.6256952602694614,ordered-intermetallic,-12.0,17.0,1.0,3.4459208367799263,Pt+Ga mixed projected column,0.00016578240310137897,0.9998342175968986,Pt+Ga mixed projected column,Pt+Ga mixed projected column
685,632.0391510569851,751.1313816006104,7.197967727584101,8.554247683699877,LM-like,4973.0,126.0,0.0,0.9400756143667296,3.662391016773827,19.7239736690809,0.5329175889138911,0.6666666666666666,0.6261449142608677,ordered-intermetallic,-3.0,4.0,1.0,1.9351563539161891,Pt+Ga mixed projected column,0.098320495306147,0.901679504693853,Pt+Ga mixed projected column,Pt+Ga mixed projected column
686,560.4074252267344,860.5318157929906,6.3821909676554895,9.80015277262283,LM-like,4544.0,129.0,0.0,0.912724716280004,3.67066223892824,18.95155658973739,0.5319498003989191,0.6666666666666666,0.6252562978620211,ordered-intermetallic,-3.0,10.0,1.0,0.8574659520790471,Pt+Ga mixed projected column,0.03962078122985168,0.9603792187701483,Pt+Ga mixed projected column,Pt+Ga mixed projected column
687,367.3599803457099,468.0688071116992,4.1836732400394325,5.330594097287232,Pt-like,5215.0,190.0,14.0,1.0532161971119862,3.679562055357144,18.737933269509444,0.6232569495960014,0.5,0.5071601109639229,Pt-rich,,,,,,,,,Pt-rich region
688,308.9689730773869,521.3016916816566,3.518688190939803,5.936835948824395,LM-like,4865.0,193.0,0.0,0.9590931493346476,3.679758772486388,20.760139601588943,0.5250042435069745,0.6666666666666666,0.5850595654572088,Pt-rich,,,,,,,,,Pt-rich region
689,898.9835704789363,898.5595363087838,10.23805996371306,10.233230857372028,Pt-like,5493.0,139.0,0.0,1.1742197520307824,3.680182844467898,20.61378201890444,0.4721131007358661,0.6666666666666666,0.6212246080811545,liquid-metal,,,,,,,,,amorphous liquid-metal
690,325.6414572083141,943.5106321799713,3.7085625088714966,10.745155691235954,LM-like,4430.0,128.0,0.0,0.9577342989947032,3.680506420939742,20.007995968617116,0.5294020539856608,0.6666666666666666,0.6048321591123508,liquid-metal,,,,,,,,,amorphous liquid-metal
691,151.668393084988,825.3125740526182,1.7272730603706767,9.399059003331429,Pt-like,6081.0,175.0,0.0,1.178374188547621,3.681393422531657,20.228758622327323,0.4682317494630355,0.6666666666666666,0.6253713338936802,ordered-intermetallic,-22.0,26.0,0.0,1.7532967641483383,Pt-rich projected column,0.9980775038503304,0.9980775038503304,Pt-rich projected column,Pt-rich projected column
692,946.49961437549,859.5604492282322,10.779195666996456,9.789090380090512,Pt-like,5166.0,151.0,0.0,1.0913700221823175,3.682756800718138,19.35228028013223,0.4356891699544706,0.75,0.6382030665260214,Pt-rich,,,,,,,,,Pt-rich region
693,716.9941382108293,525.374178690117,8.165476235258112,5.983215401756829,Pt-like,5936.0,164.0,0.0,1.1172595520421609,3.6913639551475375,18.319162593345325,0.4663337669007212,0.6666666666666666,0.6006987122530145,Pt-rich,,,,,,,,,Pt-rich region
694,349.9341589595435,870.076587327394,3.98521955286751,9.9088532500488,LM-like,4668.0,121.0,0.0,0.94436576977544,3.7010649826288367,20.929053399889536,0.531688728754102,0.6666666666666666,0.6234467277754188,ordered-intermetallic,-12.0,19.0,1.0,0.8545229987051696,Pt+Ga mixed projected column,0.11268830450393964,0.8873116954960604,Pt+Ga mixed projected column,Pt+Ga mixed projected column
695,807.2171141724871,831.7280753934615,9.192979148918688,9.472121837382826,Pt-like,5399.0,179.0,0.0,1.0329060646642434,3.7052840323044713,19.983441689097127,0.4682693088984769,0.6666666666666666,0.6235237048171356,ordered-intermetallic,7.0,-1.0,0.0,1.5059948216168937,Pt-rich projected column,0.7470268320774098,0.7470268320774098,uncertain intensity,uncertain intensity
696,117.15526468953942,775.0850257562469,1.3342208515748215,8.827043375710353,LM-like,5187.0,170.0,0.0,0.9396739130434782,3.708530483833943,19.87647807756733,0.5355199477435845,0.6666666666666666,0.6263821529644844,ordered-intermetallic,-25.0,26.0,1.0,0.9520477672694866,Pt+Ga mixed projected column,0.09706220620318012,0.9029377937968199,Pt+Ga mixed projected column,Pt+Ga mixed projected column
697,964.4910443891016,562.539867478805,10.98409077894402,6.406476252017498,Pt-like,3783.0,164.0,9.0,0.7063106796116505,3.717189712112618,20.71158096650759,1.0,0.0,0.0007736136070317,Pt-rich,,,,,,,,,Pt-rich region
698,325.97393754919426,906.1984203514448,3.712348955897301,10.320226165687783,LM-like,4507.0,122.0,0.0,0.922148337595908,3.721106554244881,19.5832869650878,0.5322788115794637,0.6666666666666666,0.6217442176777593,ordered-intermetallic,-12.0,21.0,1.0,0.8252537656190769,Pt+Ga mixed projected column,0.05452157965335741,0.9454784203466426,Pt+Ga mixed projected column,Pt+Ga mixed projected column
699,189.16621452575995,599.9434202206513,2.154316398008874,6.832446012090993,LM-like,4581.0,152.0,0.0,0.8795238552366325,3.733500733754127,19.48070327631177,0.5257885369791054,0.6666666666666666,0.6282649521849333,ordered-intermetallic,-27.0,18.0,1.0,2.409184582432159,Pt+Ga mixed projected column,0.012520258980623906,0.9874797410193761,Pt+Ga mixed projected column,Pt+Ga mixed projected column
700,672.9887399185552,420.2379962114008,7.664321463093191,4.785873675033699,Pt-like,4550.0,167.0,0.0,0.8261461643213799,3.735399163411925,21.56543857849332,0.5843490602863285,0.3333333333333333,0.3821059923992119,Pt-rich,,,,,,,,,Pt-rich region
701,710.2501893733083,980.039240544176,8.088672882162383,11.161161161307538,Pt-like,5020.0,169.0,0.0,1.1877439962143617,3.735710363779413,20.310744466363776,0.5080375861052128,0.5,0.5792041778256223,liquid-metal,,,,,,,,,amorphous liquid-metal
702,456.93352302370994,742.6064064782207,5.203780093172476,8.457161141344393,Pt-like,5887.0,165.0,0.0,1.072118011291204,3.7410561887462848,20.27966294709502,0.4713538673183759,0.6666666666666666,0.626853353489476,ordered-intermetallic,-11.0,11.0,0.0,0.8124652879549903,Pt-rich projected column,0.9224608857288206,0.9224608857288206,Pt-rich projected column,Pt-rich projected column
703,940.1866216046562,564.5144493580362,10.70730025014935,6.428963746057084,Pt-like,5297.0,170.0,0.0,0.9480089485458612,3.742473228543152,20.30355167396412,1.0,0.0,0.0008505158138542,Pt-rich,,,,,,,,,Pt-rich region
704,605.4443076750856,931.546471417196,6.895092780576574,10.60890203841387,LM-like,3699.0,111.0,0.0,0.8194505981391227,3.745513212482862,20.210031843859976,0.53179459677993,0.6666666666666666,0.6159180973272347,liquid-metal,,,,,,,,,amorphous liquid-metal
705,491.5988191474176,756.9438177762091,5.598565261699318,8.620442519796082,LM-like,5231.0,157.0,0.0,0.9422678555345402,3.753294726089317,20.261836756451444,0.528326244941849,0.6666666666666666,0.6268078046097803,ordered-intermetallic,-9.0,10.0,1.0,2.37003575095125,Pt+Ga mixed projected column,0.1054463440226534,0.8945536559773466,Pt+Ga mixed projected column,Pt+Ga mixed projected column
706,255.2340515105227,947.1726271149184,2.906728899121061,10.786860261777582,LM-like,4011.0,151.0,0.0,0.8717670071723539,3.7620298434539703,19.15694300422046,0.530097662517358,0.6666666666666666,0.6036924747960903,liquid-metal,,,,,,,,,amorphous liquid-metal
707,103.7769314478194,863.0784158592339,1.1818619181737415,9.829154686604312,Pt-like,5024.0,173.0,9.0,1.026563138536984,3.764233644112476,20.89336944854616,0.4722467049768188,0.6666666666666666,0.6266262830567335,liquid-metal,,,,,,,,,amorphous liquid-metal
708,570.6493788220511,914.4997925272404,6.498831291792398,10.414766209474806,Pt-like,5062.0,121.0,0.0,1.0632220121823146,3.769094579454921,21.31948243983421,0.4683882965625182,0.6666666666666666,0.6156750116536891,liquid-metal,,,,,,,,,amorphous liquid-metal
709,795.8438767779762,743.3163421259082,9.06345521739176,8.465246232073616,LM-like,5007.0,159.0,0.0,0.9059983714828552,3.779247039777036,19.66178201904056,0.5299430316650435,0.6666666666666666,0.6267512609547603,ordered-intermetallic,4.0,-3.0,1.0,2.463178455321393,Pt+Ga mixed projected column,0.03146211704513941,0.9685378829548605,Pt+Ga mixed projected column,Pt+Ga mixed projected column
710,339.3100809369145,746.9619393939497,3.864227410823252,8.50676405804887,Pt-like,6547.0,192.0,0.0,1.1795865051123824,3.788421135192664,19.7669424373992,0.4704991993396349,0.6666666666666666,0.62621356435872,ordered-intermetallic,-16.0,16.0,0.0,1.6013523669612388,Pt-rich projected column,0.998158419212893,0.998158419212893,Pt-rich projected column,Pt-rich projected column
711,115.69885724876004,880.2365210025855,1.317634578810845,10.024559491641783,LM-like,4319.0,132.0,9.0,0.8976410682739271,3.792497942265912,20.89336944854616,0.5307594687156754,0.6666666666666666,0.6260616392915349,ordered-intermetallic,-22.0,29.0,1.0,1.01406573035265,Pt+Ga mixed projected column,0.02356857041383806,0.9764314295861619,Pt+Ga mixed projected column,Pt+Ga mixed projected column
712,102.40667948914188,1003.7039580169096,1.1662568257348864,11.43066641642705,Pt-like,4221.0,131.0,0.0,0.9934102141680397,3.7948354763846015,20.30265430486178,0.5577189015940841,0.5,0.5671662555520638,liquid-metal,,,,,,,,,amorphous liquid-metal
713,32.175485237469715,934.8759707040964,0.3664299972103857,10.646819987604273,Pt-like,4535.0,151.0,0.0,0.9725498606047608,3.807179454930095,21.051671928256702,0.4036875907935787,0.8,0.620410994130759,liquid-metal,,,,,,,,,amorphous liquid-metal
714,669.7385533241122,561.6356477961756,7.627306765227871,6.396178560674598,Pt-like,5714.0,197.0,0.0,1.1104848897094548,3.808412952427954,19.021373688460397,0.4780269524952474,0.6,0.6171112388343802,ordered-intermetallic,-7.0,-3.0,0.0,2.9138273304301445,Pt-rich projected column,0.9789519927277514,0.9789519927277514,Pt-rich projected column,Pt-rich projected column
715,614.3493763748971,404.8130741963293,6.996508012538025,4.610207198235055,LM-like,3850.0,134.0,9.0,0.8127506860882415,3.810480236563392,20.880031067893643,0.7016649598081015,0.6,0.3969011102054112,Pt-rich,,,,,,,,,Pt-rich region
716,410.1999335831076,707.296499468319,4.671555359902286,8.055034832086134,Pt-like,5777.0,169.0,0.0,1.1255723331709693,3.8136231066115913,19.314341458448613,0.471603667080461,0.6666666666666666,0.6271366991322309,ordered-intermetallic,-14.0,12.0,0.0,3.08437761915218,Pt-rich projected column,0.9875785054484276,0.9875785054484276,Pt-rich projected column,Pt-rich projected column
717,818.9986488450883,744.4843467354924,9.327152967443974,8.47854803382339,LM-like,5518.0,190.0,0.0,0.9930711778997572,3.8137176439752944,19.98908372784582,0.5304912385017582,0.6666666666666666,0.6263725971654985,ordered-intermetallic,5.0,-4.0,1.0,0.3890670840571501,Pt+Ga mixed projected column,0.41756823805061355,0.5824317619493864,uncertain intensity,uncertain intensity
718,796.0364633590613,708.4850626109259,9.065648486579432,8.068570764359274,LM-like,4986.0,161.0,0.0,0.9195868683142752,3.814555875366798,17.86106473638671,0.5280262520637566,0.6666666666666666,0.6279793814449693,ordered-intermetallic,3.0,-4.0,1.0,2.276594440737024,Pt+Ga mixed projected column,0.05001517992032648,0.9499848200796736,Pt+Ga mixed projected column,Pt+Ga mixed projected column
719,550.1711575699178,704.6962721328208,6.26561539773793,8.025422184809463,Pt-like,5449.0,168.0,0.0,1.0678032529884385,3.821924149183767,17.49449636262933,0.4712889523478304,0.6666666666666666,0.6277499552821212,ordered-intermetallic,-8.0,6.0,0.0,0.8436576396096221,Pt-rich projected column,0.910758550992221,0.910758550992221,Pt-rich projected column,Pt-rich projected column
720,596.355251022626,843.4084704215784,6.791582204769398,9.605143828690196,Pt-like,5271.0,182.0,0.0,1.0498954287421571,3.8232860418500287,18.358544254823716,0.4661370396024282,0.6666666666666666,0.6247628452672218,ordered-intermetallic,-2.0,8.0,0.0,1.4445919911128056,Pt-rich projected column,0.8437706559466133,0.8437706559466133,Pt-rich projected column,Pt-rich projected column
721,772.4879141592211,780.3815737333318,8.797466211971267,8.887363027337791,LM-like,4517.0,123.0,0.0,0.810951526032316,3.83106412047563,20.071199167416932,0.5298790241232428,0.6666666666666666,0.6250315185212476,ordered-intermetallic,4.0,-1.0,1.0,1.5903347646226174,Pt+Ga mixed projected column,0.001107424653594725,0.9988925753464053,Pt+Ga mixed projected column,Pt+Ga mixed projected column
722,616.4194280969884,948.5168019636104,7.020082763350732,10.802168375467904,Pt-like,4567.0,144.0,9.0,0.9955855904953947,3.831121721512216,20.210031843859976,0.4680515801779257,0.6666666666666666,0.6124091824725684,liquid-metal,,,,,,,,,amorphous liquid-metal
723,527.0137237232751,738.9709016770213,6.001887334052253,8.415758253265786,Pt-like,5803.0,172.0,0.0,1.1191899710703954,3.846093942711913,20.20956750102725,0.4695075799293238,0.6666666666666666,0.6266868750386351,ordered-intermetallic,-8.0,8.0,0.0,1.263920523379923,Pt-rich projected column,0.9844653011682821,0.9844653011682821,Pt-rich projected column,Pt-rich projected column
724,773.2380283756509,674.3244156224653,8.806008875685745,7.679532784409575,LM-like,4740.0,137.0,0.0,0.879080118694362,3.8466869401614168,16.389787764659246,0.5244205003608788,0.6666666666666666,0.6290372258601338,ordered-intermetallic,1.0,-4.0,1.0,2.415892503918585,Pt+Ga mixed projected column,0.01232679349089703,0.987673206509103,Pt+Ga mixed projected column,Pt+Ga mixed projected column
725,460.7501165798989,466.6611767558035,5.247245307630807,5.3145633215715815,Pt-like,5329.0,193.0,0.0,1.0369721735746251,3.847747082244942,20.824097577031075,0.6232519200989127,0.5,0.5298443303593826,Pt-rich,,,,,,,,,Pt-rich region
726,861.9974210231483,443.5118454720527,9.816843794263516,5.050927533793352,Pt-like,4560.0,169.0,0.0,0.8969315499606609,3.850727465747603,19.65136193215332,1.0,0.0,0.0009324730109521,Pt-rich,,,,,,,,,Pt-rich region
727,93.97140129336906,775.7903948729745,1.0701917953885427,8.835076460575033,LM-like,5379.0,159.0,0.0,0.9736627749117568,3.853647518633641,19.05393943257238,0.5341320641801446,0.6666666666666666,0.6270304518951675,liquid-metal,,,,,,,,,amorphous liquid-metal
728,760.7551002005549,692.5076964633346,8.663847248514662,7.886612786424157,Pt-like,5864.0,176.0,0.0,1.137426049849675,3.854539264926048,20.423683017799355,0.4691736803877791,0.6666666666666666,0.6283649474783102,ordered-intermetallic,1.0,-3.0,0.0,2.3965195153145475,Pt-rich projected column,0.9918136248155854,0.9918136248155854,Pt-rich projected column,Pt-rich projected column
729,887.1659231874282,916.9431038183664,10.10347487720696,10.44259182089865,LM-like,4372.0,156.0,0.0,0.9527130093702332,3.857411884120968,19.74676177829445,0.5326921343363105,0.6666666666666666,0.6075832223247325,liquid-metal,,,,,,,,,amorphous liquid-metal
730,565.8871032746126,478.205276876468,6.444596193154919,5.446033120512962,LM-like,4877.5,189.5,4.5,0.9535679374389052,3.858762838539758,19.03708201083199,0.5948750783564357,0.6666666666666666,0.5621145269683845,Pt-rich,,,,,,,,,Pt-rich region
731,482.3148313182784,601.1042225889497,5.492834715315171,6.845665791231482,Pt-like,5945.0,166.0,0.0,1.1024571163653225,3.864355194319102,21.51940784352453,0.48202876420847,0.6666666666666666,0.6295448865251472,ordered-intermetallic,-14.0,6.0,0.0,1.0193842790383012,Pt-rich projected column,0.9721966047577504,0.9721966047577504,Pt-rich projected column,Pt-rich projected column
732,530.8731416328234,495.288372197773,6.045840252971486,5.640583677395965,Pt-like,5616.0,179.0,0.0,1.1177231565329884,3.8673194233864976,18.358986184809687,0.4730582048591379,0.6666666666666666,0.573307678253507,Pt-rich,,,,,,,,,Pt-rich region
733,678.5657195533247,715.4461374637846,7.72783480615324,8.147846853595805,LM-like,4589.0,160.0,0.0,0.8348189921775514,3.87526999024232,20.74707567689688,0.5258925412617012,0.6666666666666666,0.627370333871123,ordered-intermetallic,-2.0,1.0,1.0,0.903978182769157,Pt+Ga mixed projected column,0.0025824001913141437,0.9974175998086858,Pt+Ga mixed projected column,Pt+Ga mixed projected column
734,60.43759070618235,688.9817810328808,0.6882925317340268,7.846457955135378,Pt-like,6206.0,185.0,0.0,1.1044669870083643,3.87604191063197,19.529409294611156,0.4714018806742377,0.6666666666666666,0.6350568704271464,liquid-metal,,,,,,,,,amorphous liquid-metal
735,315.0886056049505,854.3151968787063,3.5883815277598585,9.729354907894235,Pt-like,5341.0,169.0,0.0,0.998971289628729,3.882887534101037,20.40665243853361,0.4712556368895483,0.6666666666666666,0.6255231621330672,ordered-intermetallic,-14.0,20.0,0.0,0.7306989001288771,Pt-rich projected column,0.46926471949141785,0.5307352805085821,uncertain intensity,uncertain intensity
736,688.7746908602285,874.5202846462763,7.844099512027924,9.95946022564355,Pt-like,5179.0,172.0,0.0,1.0485928325571978,3.8988665136924103,20.76715447512261,0.4670071189532045,0.6666666666666666,0.6230049642702402,ordered-intermetallic,3.0,5.0,0.0,1.394747853130612,Pt-rich projected column,0.8375711672554995,0.8375711672554995,Pt-rich projected column,Pt-rich projected column
737,215.27040031124204,489.0836475095576,2.451603498854655,5.569921269870054,LM-like,5286.0,187.0,0.0,1.041986989946777,3.8998094121939615,19.20559039651571,0.5913293600387841,0.6666666666666666,0.5652508501221225,Pt-rich,,,,,,,,,Pt-rich region
738,957.2901771555496,947.3433356306284,10.902083818028633,10.788804372968876,LM-like,4843.0,158.0,0.0,1.045552677029361,3.902945953494168,19.327064899712965,0.4535086776681566,0.3333333333333333,0.5632779821698738,liquid-metal,,,,,,,,,amorphous liquid-metal
739,106.97358972205586,688.8348404304172,1.2182670096235182,7.844784524442618,Pt-like,5935.0,195.0,0.0,1.0810564663023678,3.913315738860899,18.88552562766889,0.4675663755236756,0.6666666666666666,0.6283826163231369,liquid-metal,,,,,,,,,amorphous liquid-metal
740,735.7289501754366,836.1203870892986,8.37883734062331,9.522143608634265,Pt-like,5843.0,185.0,0.0,1.1018291533094475,3.914992315358844,20.02240946881369,0.467949919592921,0.6666666666666666,0.6214186551715793,ordered-intermetallic,4.0,2.0,0.0,0.292578975699333,Pt-rich projected column,0.9715870120843489,0.9715870120843489,Pt-rich projected column,Pt-rich projected column
741,140.86476632493353,773.6221052423633,1.604236130412006,8.810382928917866,LM-like,5053.0,161.0,0.0,0.9782208885877456,3.93354570984853,20.27337406934059,0.5342479940039156,0.6666666666666666,0.6264015364794254,ordered-intermetallic,-24.0,25.0,1.0,1.4585330375050682,Pt+Ga mixed projected column,0.29723753099455386,0.7027624690054461,uncertain intensity,uncertain intensity
742,22.04974891745512,813.968891262775,0.2511132116479675,9.269871653945408,LM-like,5046.0,149.0,0.0,0.9453864168618268,3.936558072809173,20.38112395648551,0.4974478986962214,0.6666666666666666,0.6385416936083664,liquid-metal,,,,,,,,,amorphous liquid-metal
743,490.29325720216383,863.9356523435769,5.583696890440065,9.838917310547606,LM-like,4237.0,118.0,0.0,0.903796928327645,3.9424638898503424,19.700045370122087,0.5324411201583904,0.6666666666666666,0.6248987185424912,ordered-intermetallic,-6.0,13.0,1.0,0.6821439268640203,Pt+Ga mixed projected column,0.02916366259727944,0.9708363374027206,Pt+Ga mixed projected column,Pt+Ga mixed projected column
744,197.2256135945673,895.319383805787,2.246100734950632,10.196330432596096,Pt-like,5331.0,163.0,0.0,1.1464516129032258,3.943045149484562,21.057562704865333,0.4731720633309098,0.6666666666666666,0.6224444505772893,ordered-intermetallic,-18.0,26.0,0.0,0.4829727147941768,Pt-rich projected column,0.9940464632494336,0.9940464632494336,Pt-rich projected column,Pt-rich projected column
745,927.8478898286704,581.8845491167685,10.56678080135518,6.626782848369305,Pt-like,5844.0,191.0,0.0,1.034885780060209,3.946853344707134,19.641723099373515,1.0,0.0,0.0045757016044285,Pt-rich,,,,,,,,,Pt-rich region
746,405.87766997906766,992.4340175740466,4.622331330220009,11.302318880576047,Pt-like,4931.0,151.0,0.0,1.1552067471008551,3.9506797846189294,21.17139428445761,0.5574412272816216,0.5,0.5482208351324805,liquid-metal,,,,,,,,,amorphous liquid-metal
747,725.1244644324727,782.6851047005051,8.258068324941561,8.913596752785772,LM-like,4997.0,175.0,0.0,0.943319646986644,3.956930954914103,20.83383445169721,0.5307165294637538,0.6666666666666666,0.6257686056355107,ordered-intermetallic,2.0,1.0,1.0,1.2657010734236058,Pt+Ga mixed projected column,0.10902434037972562,0.8909756596202744,Pt+Ga mixed projected column,Pt+Ga mixed projected column
748,701.8445140752134,783.8670606795364,7.992944983941117,8.927057439482576,LM-like,4599.0,182.0,0.0,0.8812877263581489,3.968695617178864,19.97476779498304,0.5320322350568542,0.6666666666666666,0.6256536308754675,ordered-intermetallic,1.0,2.0,1.0,1.136981522751216,Pt+Ga mixed projected column,0.013319375847749696,0.9866806241522503,Pt+Ga mixed projected column,Pt+Ga mixed projected column
749,316.0591231634233,784.1179824106156,3.59943425139772,8.929915057589678,Pt-like,5535.0,155.0,9.0,0.9889226371270324,3.9695392461375545,19.191332605103977,0.4647567450797318,0.6666666666666666,0.6261766157790418,ordered-intermetallic,-16.0,18.0,0.0,0.7209487716569206,Pt-rich projected column,0.3822078368688381,0.6177921631311619,uncertain intensity,uncertain intensity
750,722.0454050208485,962.752439103278,8.223002506251182,10.964290700551034,LM-like,3870.0,127.0,0.0,0.8180953387591163,3.972858912404442,20.14796834227307,0.5323338553328515,0.6666666666666666,0.5818337278500161,liquid-metal,,,,,,,,,amorphous liquid-metal
751,45.647560106153655,812.1614497137872,0.5198565056255912,9.249287634874198,LM-like,5211.0,157.0,0.0,0.9663421418636996,3.973404885076756,20.98642347898853,0.4701894315141854,0.6666666666666666,0.6356558886574584,liquid-metal,,,,,,,,,amorphous liquid-metal
752,716.5601180876158,557.2056930927314,8.160533404050918,6.3457280926351975,Pt-like,5974.0,206.0,0.0,1.1051195486287748,3.9739705980544775,19.69007329558164,0.4727033866077756,0.6666666666666666,0.6208777472136846,Pt-rich,,,,,,,,,Pt-rich region
753,514.638613587592,829.2989433909252,5.860953590892543,9.44445770655951,LM-like,4146.0,146.0,0.0,0.8549334982987937,3.9757647470058415,18.32841626918213,0.5276841399502519,0.6666666666666666,0.6260909556954208,ordered-intermetallic,-6.0,11.0,1.0,1.2520654049180615,Pt+Ga mixed projected column,0.005263631636639615,0.9947363683633604,Pt+Ga mixed projected column,Pt+Ga mixed projected column
754,700.4618552875597,891.6866731028541,7.977198596529597,10.154959365060751,LM-like,4305.0,129.0,0.0,0.8716339339947358,3.98594252284272,20.76715447512261,0.5274583900949099,0.6666666666666666,0.6212577503150316,liquid-metal,,,,,,,,,amorphous liquid-metal
755,643.6607560102859,735.1370993871379,7.330320189068007,8.372097057419975,Pt-like,5534.0,176.0,9.0,1.078332034294622,3.9897647535167873,17.835384153716454,0.4688904870969874,0.6666666666666666,0.6266529400562959,ordered-intermetallic,-3.0,3.0,0.0,0.2968600028802274,Pt-rich projected column,0.9368544421160289,0.9368544421160289,Pt-rich projected column,Pt-rich projected column
756,724.2337422334307,853.2944806697622,8.247924349473863,9.717730497731171,LM-like,4426.0,135.0,0.0,0.8759152978428656,3.9923396065707615,20.666138873540845,0.5327849600017736,0.6666666666666666,0.6215503981615549,ordered-intermetallic,4.0,3.0,1.0,0.7826862929907915,Pt+Ga mixed projected column,0.011030029509358136,0.9889699704906418,Pt+Ga mixed projected column,Pt+Ga mixed projected column
757,55.4520421886706,969.7531078249166,0.6315146924603979,11.044017703926682,Pt-like,4991.0,147.0,0.0,1.1941619810982176,3.9930543396467457,20.87973204997213,0.4103704774940373,0.8,0.5921175376797988,liquid-metal,,,,,,,,,amorphous liquid-metal
758,515.4330536518006,720.8322423631597,5.8700010588130205,8.209186422795355,LM-like,5376.0,149.0,0.0,0.968386922453391,3.993366173465111,20.71009787534223,0.5295189589139137,0.6666666666666666,0.6274401106099365,ordered-intermetallic,-9.0,8.0,1.0,2.387971832577352,Pt+Ga mixed projected column,0.2297099940788017,0.7702900059211983,uncertain intensity,uncertain intensity
759,46.762301707759526,777.737878641916,0.5325517224638769,8.857255348220509,LM-like,5321.0,156.0,0.0,0.9969086651053864,4.007962042607442,19.96768156990015,0.4827960899904094,0.6666666666666666,0.6376616567637396,liquid-metal,,,,,,,,,amorphous liquid-metal
760,429.8573945509922,989.5999494492048,4.895424038632792,11.270043141223082,Pt-like,4958.0,146.0,0.0,1.1778120916973511,4.010116074161372,19.69635815303766,0.557880387654141,0.5,0.5561323632301292,liquid-metal,,,,,,,,,amorphous liquid-metal
761,795.4665773393352,815.5644487622167,9.059158348790453,9.2880426349191,LM-like,4028.0,164.0,0.0,0.781832298136646,4.0193000081014425,19.71294602466056,0.527815029125733,0.6666666666666666,0.6234620433308955,ordered-intermetallic,6.0,-1.0,1.0,0.7300301063978176,Pt+Ga mixed projected column,0.0003937511342638062,0.9996062488657362,Pt+Ga mixed projected column,Pt+Ga mixed projected column
762,362.6011565119001,746.7027829218986,4.1294774511872125,8.503812658726376,Pt-like,6171.0,189.0,0.0,1.1595264937993237,4.027541391038503,19.777743610244485,0.4699021379386086,0.6666666666666666,0.6262919107784853,ordered-intermetallic,-15.0,15.0,0.0,0.8713328116445269,Pt-rich projected column,0.9962507026290814,0.9962507026290814,Pt-rich projected column,Pt-rich projected column
763,138.5784980322585,914.0118735034644,1.5781990006554825,10.409209551503636,LM-like,4728.0,145.0,0.0,0.9813200498132004,4.033172053602138,19.797283753765097,0.5308795036264816,0.6666666666666666,0.6225065228120776,ordered-intermetallic,-20.0,29.0,1.0,1.2187001263212245,Pt+Ga mixed projected column,0.32074398414959104,0.679256015850409,uncertain intensity,uncertain intensity
764,736.9225907469804,765.513824217453,8.392431097114406,8.718041900603586,Pt-like,5430.5,174.5,4.5,1.0341839649590554,4.054027428032754,19.662371297124952,0.4717457745115159,0.6666666666666666,0.6261213375538968,ordered-intermetallic,2.0,0.0,0.0,0.4174005599675521,Pt-rich projected column,0.7555119999215878,0.7555119999215878,uncertain intensity,uncertain intensity
765,949.4960902024256,614.9779290471442,10.813320983858077,7.0036662745576415,Pt-like,4347.0,161.0,0.0,0.8138925294888598,4.055492566570301,19.90388965862998,1.0,0.0,0.0037880992350195,Pt-rich,,,,,,,,,Pt-rich region
766,131.12931001478825,651.2919664193093,1.4933640424779902,7.417228106330244,Pt-like,5500.0,177.0,0.0,1.0131712259371837,4.056432856615043,18.14643572318305,0.4676052688535094,0.6666666666666666,0.6278478914141423,ordered-intermetallic,-28.0,22.0,0.0,1.6650198224731143,Pt-rich projected column,0.5942386654221523,0.5942386654221523,uncertain intensity,uncertain intensity
767,561.4396515244482,756.2184278566449,6.393946460279771,8.612181428339634,LM-like,4761.0,124.0,0.0,0.9137318875347856,4.057097893008067,21.1360397564028,0.5295029008895401,0.6666666666666666,0.6257728339221997,ordered-intermetallic,-6.0,7.0,1.0,0.2690706450958532,Pt+Ga mixed projected column,0.041005332442624345,0.9589946675573756,Pt+Ga mixed projected column,Pt+Ga mixed projected column
768,679.5076802808424,647.7505645999121,7.738562310780105,7.376896908549537,LM-like,4128.0,128.0,0.0,0.7288135593220338,4.0597533465442455,18.71670969907645,0.5353379809287386,0.6666666666666666,0.622461683377594,ordered-intermetallic,-4.0,-1.0,1.0,2.109513592760185,Pt+Ga mixed projected column,5.985750953222331e-05,0.9999401424904678,Pt+Ga mixed projected column,Pt+Ga mixed projected column
769,363.0934024881298,780.3204683073909,4.135083386586956,8.886667129175205,Pt-like,5988.0,162.0,0.0,1.1332323996971991,4.061421793180374,19.82282682651478,0.4667863625953432,0.6666666666666666,0.6263036898695353,ordered-intermetallic,-14.0,16.0,0.0,2.3440532111642662,Pt-rich projected column,0.9905105276278796,0.9905105276278796,Pt-rich projected column,Pt-rich projected column
770,385.2464685620052,816.5631525923874,4.387373224012576,9.299416357459805,Pt-like,5406.0,150.0,9.0,1.03069590085796,4.065220737744637,18.61782110058927,0.4711763034808978,0.6666666666666666,0.6263498830267421,ordered-intermetallic,-12.0,16.0,0.0,0.0313476948488955,Pt-rich projected column,0.7318986143027411,0.7318986143027411,uncertain intensity,uncertain intensity
771,273.2692134822198,504.3287624994869,3.112122051771384,5.743540017248769,Pt-like,5337.0,170.0,9.0,1.0762250453720508,4.065332682378689,18.36346261299224,0.464905405067787,0.6666666666666666,0.5635246939056693,Pt-rich,,,,,,,,,Pt-rich region
772,255.6144933329783,910.1742975734168,2.9110615547100056,10.36550537961738,LM-like,4302.0,123.0,0.0,0.9457023521653112,4.06553019100244,21.037699249908,0.5323048877022186,0.6666666666666666,0.6200305789697562,liquid-metal,,,,,,,,,amorphous liquid-metal
773,164.71980939810004,735.877941604621,1.8759089055773213,8.380534127123264,LM-like,4748.0,171.0,0.0,0.9292494373226344,4.0667345244123485,19.52509719245608,0.5293378629741698,0.6666666666666666,0.6276067567539548,ordered-intermetallic,-24.0,23.0,1.0,3.007704873966706,Pt+Ga mixed projected column,0.06909028525664648,0.9309097147433535,Pt+Ga mixed projected column,Pt+Ga mixed projected column
774,325.26188777000846,976.6868507888277,3.7042397884154425,11.122982524384607,LM-like,3856.0,127.0,0.0,0.874971636033583,4.066859866237178,19.099221098427485,0.587680617012343,0.6666666666666666,0.5695579944493829,liquid-metal,,,,,,,,,amorphous liquid-metal
775,233.67634497511307,804.9174536540226,2.661219304243738,9.166789502013703,LM-like,4962.0,144.0,0.0,0.968242353285526,4.068243862674013,20.42214876598545,0.5295137457876404,0.6666666666666666,0.621862688205037,ordered-intermetallic,-19.0,22.0,1.0,0.9527069509111372,Pt+Ga mixed projected column,0.22880222036844106,0.771197779631559,uncertain intensity,uncertain intensity
776,726.1582451901164,676.4517063025684,8.269841520507805,7.703759400176914,LM-like,5002.0,161.0,0.0,0.9397839361202442,4.072897170657085,19.55648321434212,0.5280331629456432,0.6666666666666666,0.6285009986467902,ordered-intermetallic,-1.0,-2.0,1.0,2.413067254871671,Pt+Ga mixed projected column,0.09740540623154537,0.9025945937684546,Pt+Ga mixed projected column,Pt+Ga mixed projected column
777,701.9218991585597,817.332648404994,7.993826282720775,9.308179748171266,LM-like,4711.0,153.0,0.0,0.9151126651126652,4.079516203160204,19.469781883085684,0.5296946028774022,0.6666666666666666,0.6245839586927235,ordered-intermetallic,2.0,3.0,1.0,2.818127538426045,Pt+Ga mixed projected column,0.042978915460026336,0.9570210845399737,Pt+Ga mixed projected column,Pt+Ga mixed projected column
778,174.9676443122935,824.1608765959307,1.9926162090198631,9.385942915330688,Pt-like,6472.0,162.0,0.0,1.2612296599434862,4.086989047522718,20.68202725053344,0.4683707970194968,0.6666666666666666,0.6244640290465842,ordered-intermetallic,-21.0,25.0,0.0,1.82672004155554,Pt-rich projected column,0.9998986244940536,0.9998986244940536,Pt-rich projected column,Pt-rich projected column
779,770.3265943915061,888.6650210183574,8.772852056485828,10.120547328793975,LM-like,4515.0,127.0,0.0,0.8585282373074729,4.098199114244849,19.757255992173867,0.5366926421619463,0.6666666666666666,0.6120225129882967,liquid-metal,,,,,,,,,amorphous liquid-metal
780,140.09937125513375,808.7185869096577,1.595519440944182,9.210078647087316,LM-like,4683.0,142.0,9.0,0.8741833115549748,4.10236117984539,20.228758622327323,0.5300819209096367,0.6666666666666666,0.6259321452901702,ordered-intermetallic,-23.0,26.0,1.0,1.3239786086842391,Pt+Ga mixed projected column,0.010378453417360366,0.9896215465826397,Pt+Ga mixed projected column,Pt+Ga mixed projected column
781,176.4119227406232,718.5853347285603,2.0090643507202275,8.183597551261586,Pt-like,5869.0,188.0,0.0,1.034367289390201,4.104367797942414,19.553689965868564,0.4723626362139217,0.6666666666666666,0.6280351187044781,ordered-intermetallic,-24.0,22.0,0.0,2.219853687554908,Pt-rich projected column,0.7567133422407487,0.7567133422407487,uncertain intensity,uncertain intensity
782,375.5101320401351,656.3754917262604,4.27649111180146,7.475121752697874,LM-like,4783.0,157.0,9.0,0.887713437268003,4.104381161827003,17.28486634515302,0.5264676217871552,0.6666666666666666,0.6286884133277488,ordered-intermetallic,-17.0,12.0,1.0,3.027972034028068,Pt+Ga mixed projected column,0.016679067615240826,0.9833209323847591,Pt+Ga mixed projected column,Pt+Ga mixed projected column
783,690.222170385997,732.6091297182949,7.860584109375091,8.343307315420269,Pt-like,5754.0,156.0,0.0,1.111239860950174,4.108052416804419,17.996011607017227,0.4701377903194351,0.6666666666666666,0.627096377778894,ordered-intermetallic,-1.0,1.0,0.0,0.6370485082087674,Pt-rich projected column,0.9794977548854813,0.9794977548854813,Pt-rich projected column,Pt-rich projected column
784,610.844554984268,546.4653307023618,6.956593410383229,6.22341164793529,LM-like,4725.0,190.0,0.0,0.882270562972645,4.110565524613295,19.73203135894607,0.5258835855824892,0.8,0.6436633380084484,ordered-intermetallic,-10.0,-1.0,1.0,2.801993134678903,Pt+Ga mixed projected column,0.013786265056389973,0.98621373494361,Pt+Ga mixed projected column,Pt+Ga mixed projected column
785,823.2676585568198,499.2919705404808,9.375770516028425,5.686178592864138,Pt-like,5962.0,193.0,0.0,1.0275766976904517,4.113875511331357,20.26691004641477,1.0,0.0,0.0346139190904949,Pt-rich,,,,,,,,,Pt-rich region
786,664.1234495305332,945.2321547790964,7.563359245797113,10.764761223725657,Pt-like,5149.0,153.0,0.0,1.1184967959161507,4.118380553826991,20.3897385077836,0.471035171271524,0.6666666666666666,0.6029673995511586,liquid-metal,,,,,,,,,amorphous liquid-metal
787,851.9834781926438,901.611641452866,9.7028001670621,10.26798970781912,Pt-like,5337.0,154.0,0.0,1.2257694074414331,4.119376056825825,19.706565551955293,0.4691136139111509,0.6666666666666666,0.6160023075130319,liquid-metal,,,,,,,,,amorphous liquid-metal
788,643.3648266123091,804.9788946272776,7.326950001868815,9.167489221551492,Pt-like,6019.0,179.0,0.0,1.1323487912708117,4.12127400853908,19.69487176136948,0.4680160148168404,0.6666666666666666,0.625065054387516,ordered-intermetallic,-1.0,5.0,0.0,0.5196516870106435,Pt-rich projected column,0.99021079279075,0.99021079279075,Pt-rich projected column,Pt-rich projected column
789,307.77409044687454,590.0997486613916,3.505080289280079,6.720341516529292,LM-like,4924.0,169.0,0.0,0.9612024791371822,4.126170730378325,18.015371145266943,0.5261329665986049,0.6666666666666666,0.6272602741148636,ordered-intermetallic,-22.0,13.0,1.0,2.493168776564208,Pt+Ga mixed projected column,0.18766452204903308,0.8123354779509669,Pt+Ga mixed projected column,Pt+Ga mixed projected column
790,536.6274728239498,860.8653942727433,6.111373361384613,9.80395172578556,LM-like,4625.0,159.0,0.0,0.9881422924901184,4.127041296063697,19.488307436074777,0.5305477200222757,0.6666666666666666,0.6254129018774134,ordered-intermetallic,-4.0,11.0,1.0,1.5097486862014993,Pt+Ga mixed projected column,0.3756817060771674,0.6243182939228327,uncertain intensity,uncertain intensity
791,153.90131869016082,685.3466273370683,1.7527026977867315,7.8050590656148335,Pt-like,6177.0,188.0,0.0,1.1221727677354891,4.133449322805521,19.93375016480849,0.4698662393929656,0.6666666666666666,0.6282550965536122,ordered-intermetallic,-26.0,22.0,0.0,1.5747894870167036,Pt-rich projected column,0.9860058078400595,0.9860058078400595,Pt-rich projected column,Pt-rich projected column
792,92.66587216341208,845.3227858445078,1.05532379784577,9.626944979159465,LM-like,4718.0,154.0,0.0,0.9043511596703088,4.134226002521337,20.15897926825176,0.5305371461103441,0.6666666666666666,0.6268928503207314,liquid-metal,,,,,,,,,amorphous liquid-metal
793,477.5795433700953,954.1130341748192,5.438906964518659,10.86590097618573,Pt-like,4515.0,163.0,0.0,1.1239731142643763,4.138031460404825,18.87581813838204,0.4665509215648002,0.6666666666666666,0.5867218906902806,liquid-metal,,,,,,,,,amorphous liquid-metal
794,784.0806968875578,726.2042099144855,8.929490432008768,8.270364989033549,Pt-like,5535.0,177.0,0.0,1.0096680043779642,4.138741292441408,20.112811073624385,0.4707660875053301,0.6666666666666666,0.6272591300281796,ordered-intermetallic,3.0,-3.0,0.0,2.5954750503248123,Pt-rich projected column,0.5639047327371977,0.5639047327371977,uncertain intensity,uncertain intensity
795,690.0956302436218,801.866175952411,7.859143008994621,9.132040074881909,Pt-like,5518.0,170.0,0.0,1.0890073021511744,4.13952169591816,19.469781883085684,0.4658079596349678,0.6666666666666666,0.6249659574551271,ordered-intermetallic,1.0,3.0,0.0,1.2354843028961788,Pt-rich projected column,0.9559105663478701,0.9559105663478701,Pt-rich projected column,Pt-rich projected column
796,572.3924672744557,843.9981045839918,6.51868242665604,9.611858867885212,Pt-like,5855.0,179.0,0.0,1.1392158770308396,4.13993095558528,19.29359012043853,0.4701982511602435,0.6666666666666666,0.6256680880315006,ordered-intermetallic,-3.0,9.0,0.0,0.7760083472259481,Pt-rich projected column,0.9923142182535007,0.9923142182535007,Pt-rich projected column,Pt-rich projected column
797,445.67626239579147,688.4684987249768,5.07557696119046,7.840612447809995,LM-like,5268.0,176.0,0.0,0.9868864743349568,4.144563514149834,19.02853562802092,0.5294782404947895,0.6666666666666666,0.6276304726239581,ordered-intermetallic,-13.0,10.0,1.0,2.825306137725897,Pt+Ga mixed projected column,0.3652741258177552,0.6347258741822448,uncertain intensity,uncertain intensity
798,608.9756643978014,787.3044512318236,6.935309579934948,8.96620410661718,LM-like,4927.0,143.0,0.0,0.9726581778699044,4.147928480419257,19.094724422987504,0.530952791056118,0.6666666666666666,0.6256086814992845,ordered-intermetallic,-3.0,6.0,1.0,2.088589873344847,Pt+Ga mixed projected column,0.2576602552548131,0.7423397447451869,uncertain intensity,uncertain intensity
799,390.4356515995573,499.7286727623572,4.446470151749351,5.691151969108907,Pt-like,5483.0,189.0,0.0,1.0369739952718675,4.150404887224143,20.473243839229863,0.4706397142393901,0.6666666666666666,0.5731224087723537,Pt-rich,,,,,,,,,Pt-rich region
800,319.7732935775752,540.5063012416798,3.6417330215468535,6.155547336564736,Pt-like,5192.0,185.0,14.0,1.0902981940361194,4.162734414026056,19.8421771279782,0.4697583706741667,0.6666666666666666,0.6080973323269738,liquid-metal,,,,,,,,,amorphous liquid-metal
801,21.58364478733437,505.1215114146835,0.2458049922430586,5.752568225545865,LM-like,1169.0,95.0,0.0,0.6462133775566611,4.170008608523591,16.192050762444428,0.5262522904212823,0.5,0.6624751706183135,outside,,,,,,,,,outside
802,568.0735141663004,402.5689118448327,6.46949609850301,4.584649591313842,LM-like,5629.0,165.0,0.0,1.1590651703901986,4.172991015860216,19.72349413939911,0.7241714921061803,0.6666666666666666,0.3941508557063606,Pt-rich,,,,,,,,,Pt-rich region
803,199.6964934461004,718.1458627710828,2.274240310482194,8.178592631927378,Pt-like,6018.5,186.5,4.5,1.0723385300668151,4.180776575561523,20.099085553294923,0.4711994651593502,0.6666666666666666,0.627956447300749,ordered-intermetallic,-23.0,21.0,0.0,1.6075219230202689,Pt-rich projected column,0.9230195464354487,0.9230195464354487,Pt-rich projected column,Pt-rich projected column
804,515.3921893319638,755.5047021164286,5.869535676162431,8.604053174202479,LM-like,4994.0,158.0,0.0,0.9018510158013544,4.188650882387571,19.576037461608237,0.5301866751516537,0.6666666666666666,0.6264297729835446,ordered-intermetallic,-8.0,9.0,1.0,2.812395122905582,Pt+Ga mixed projected column,0.027268264088016192,0.9727317359119838,Pt+Ga mixed projected column,Pt+Ga mixed projected column
805,20.609971563630083,917.2310853368132,0.2347163303623576,10.445871493799377,LM-like,4609.0,165.0,0.0,0.9783485459562724,4.190188830143669,20.75075982004317,0.5181836348726021,0.75,0.6270080848483586,liquid-metal,,,,,,,,,amorphous liquid-metal
806,68.79450098193969,847.4965855628092,0.7834650702810795,9.651701262361854,LM-like,5510.0,153.0,0.0,1.0444507629608568,4.190646247586264,19.93914619742833,0.5330730039490326,0.6666666666666666,0.6293678087017771,liquid-metal,,,,,,,,,amorphous liquid-metal
807,735.1035427214626,906.3517805628207,8.371714897871517,10.321972705993606,Pt-like,5428.0,173.0,0.0,1.1204458664464858,4.191499002565477,19.85241111343077,0.4668893717190102,0.6666666666666666,0.6090308441353935,liquid-metal,,,,,,,,,amorphous liquid-metal
808,369.0515960577344,432.5116568147527,4.202938178425391,4.925652061822719,Pt-like,4552.0,178.0,0.0,0.9996705830679696,4.198203823873627,21.36912650202858,0.6146587486001329,0.5,0.4091661127117482,Pt-rich,,,,,,,,,Pt-rich region
809,208.3280320820542,947.8827097576452,2.3725404497015594,10.794947026557452,LM-like,3713.0,117.0,0.0,0.8077006743528388,4.20317255220986,20.128058056041397,0.5283101240684048,0.6666666666666666,0.6047674033184975,liquid-metal,,,,,,,,,amorphous liquid-metal
810,247.1555039839168,680.1939941075199,2.8147264902749973,7.746378384779884,Pt-like,5737.0,208.0,0.0,1.0127990113867067,4.20673298308205,20.81401269430811,0.4727356629263732,0.6666666666666666,0.6282389572163006,ordered-intermetallic,-22.0,18.0,0.0,2.43401231316834,Pt-rich projected column,0.5910454249559546,0.5910454249559546,uncertain intensity,uncertain intensity
811,187.52558520286289,770.957695141711,2.135632117297161,8.780039337250368,LM-like,4998.0,151.0,9.0,0.972184399922194,4.20952835529211,20.630392249221387,0.5285945642271354,0.6666666666666666,0.6267148995562004,ordered-intermetallic,-22.0,23.0,1.0,1.9447607603687536,Pt+Ga mixed projected column,0.2544531163198954,0.7455468836801046,uncertain intensity,uncertain intensity
812,544.3026092526134,408.7667300090581,6.198781529416509,4.655233344002141,LM-like,4190.0,187.0,9.0,0.7936357609622123,4.21233286101587,17.910797207520694,0.7294174583397529,0.6666666666666666,0.3872677623512656,Pt-rich,,,,,,,,,Pt-rich region
813,593.1567862618358,984.8348126772148,6.755156540176498,11.215775457575717,Pt-like,5224.0,149.0,0.0,1.1652910997100157,4.216386715922285,21.44926294146131,0.5084937727693007,0.5,0.5883136700249685,liquid-metal,,,,,,,,,amorphous liquid-metal
814,706.4153822199538,540.3301687879654,8.04500024244506,6.153541454942535,LM-like,4553.0,155.0,0.0,0.8274796674087873,4.221465696346585,18.319162593345325,0.5314485779349473,0.6666666666666666,0.6165197070252844,Pt-rich,,,,,,,,,Pt-rich region
815,632.4628802937796,786.5133070762483,7.20279336119648,8.957194174099275,LM-like,4755.0,144.0,0.0,0.894553663813376,4.224553098175072,20.320522133574787,0.5316690387623414,0.6666666666666666,0.6255169112007042,ordered-intermetallic,-2.0,5.0,1.0,1.90844444968237,Pt+Ga mixed projected column,0.021171403184211728,0.9788285968157883,Pt+Ga mixed projected column,Pt+Ga mixed projected column
816,917.1062487475812,530.5117263868955,10.444449794306536,6.041724281243951,Pt-like,5719.0,168.0,0.0,0.9998251748251747,4.234903061975065,20.793662226712428,1.0,0.0,0.0006530776370026,Pt-rich,,,,,,,,,Pt-rich region
817,224.28468508766275,647.1130082111646,2.554262536351652,7.369636107849066,Pt-like,5860.0,176.0,0.0,1.1447548349286971,4.248383366250704,18.69273927709067,0.4709005001169277,0.6666666666666666,0.6285049971884695,ordered-intermetallic,-24.0,18.0,0.0,1.516234228931584,Pt-rich projected column,0.9936787776924151,0.9936787776924151,Pt-rich projected column,Pt-rich projected column
818,336.58258482735147,960.2620986561976,3.8331653651558057,10.935929498339425,Pt-like,4744.0,151.0,0.0,1.0703971119133573,4.261027103055205,19.35034025284365,0.5185936672345347,0.6666666666666666,0.5836813665265796,liquid-metal,,,,,,,,,amorphous liquid-metal
819,232.708138205751,945.1472866925116,2.650192896990577,10.763794704883718,LM-like,4312.0,141.0,0.0,0.9993047508690616,4.261283081903434,18.423601036030885,0.5291178083614606,0.6666666666666666,0.6045386143019891,liquid-metal,,,,,,,,,amorphous liquid-metal
820,269.35479563706434,749.2244944144851,3.0675427669682374,8.532531129586229,Pt-like,6009.0,189.0,0.0,1.1156702562198293,4.261979008943676,20.03272956644549,0.4668543907166604,0.6666666666666666,0.6265439529487591,ordered-intermetallic,-19.0,19.0,0.0,2.449938335127485,Pt-rich projected column,0.9824318797314741,0.9824318797314741,Pt-rich projected column,Pt-rich projected column
821,386.21870331968665,744.9787451103817,4.398445503946063,8.484178481780724,Pt-like,6296.0,170.0,0.0,1.1915215745647236,4.262394501844748,20.93742657683713,0.4692208739854894,0.6666666666666666,0.6261944388281003,ordered-intermetallic,-14.0,14.0,0.0,1.4955478463677991,Pt-rich projected column,0.9987942115056287,0.9987942115056287,Pt-rich projected column,Pt-rich projected column
822,244.30571117532924,891.1068570957744,2.782271670613573,10.14835613977017,Pt-like,5112.0,140.0,0.0,1.113240418118467,4.267962798362346,19.779867502815723,0.4698997910304082,0.6666666666666666,0.6212081294665919,liquid-metal,,,,,,,,,amorphous liquid-metal
823,401.4081927578921,553.3445368375526,4.571430760621761,6.301755376594652,LM-like,5226.0,172.0,0.0,1.0268199233716475,4.269157441693889,18.23515033380092,0.5342136442076558,0.6666666666666666,0.6269754530553064,ordered-intermetallic,-19.0,8.0,1.0,0.4425516111204807,Pt+Ga mixed projected column,0.7040250581512768,0.7040250581512768,uncertain intensity,uncertain intensity
824,130.10944265723782,688.1399675323497,1.4817492994453982,7.836870975595686,Pt-like,5585.0,199.0,0.0,1.0225192237275724,4.272454706295372,17.72159400916645,0.4663375177793057,0.6666666666666666,0.628071236780029,ordered-intermetallic,-27.0,23.0,0.0,0.4244078908483528,Pt-rich projected column,0.6712200841161314,0.6712200841161314,uncertain intensity,uncertain intensity
825,749.6922224994294,709.6756772701006,8.53785784337458,8.08213006029592,LM-like,4734.0,160.0,0.0,0.8892645815722738,4.276232895003451,19.5698324935849,0.5316679742413682,0.6666666666666666,0.6271135884697956,ordered-intermetallic,1.0,-2.0,1.0,3.1386316833910097,Pt+Ga mixed projected column,0.017607616672475554,0.9823923833275244,Pt+Ga mixed projected column,Pt+Ga mixed projected column
826,22.673598132938288,778.5325868992688,0.2582179084257177,8.866305870454303,LM-like,4877.5,153.5,11.5,0.8498867398501481,4.288112888118011,19.772915552183715,0.526241200773027,0.75,0.640068459620905,liquid-metal,,,,,,,,,amorphous liquid-metal
827,220.53664220009216,895.2180799785968,2.5115780100826424,10.195176735586069,Pt-like,4844.0,162.0,9.0,0.9824561403508772,4.288846939969895,19.3253764088,0.4725071106545643,0.6666666666666666,0.6201555737075413,liquid-metal,,,,,,,,,amorphous liquid-metal
828,210.5227294704312,805.4627335742216,2.397534725684198,9.172999413633148,LM-like,4862.0,145.0,0.0,0.9190057650505624,4.289343005176146,20.84086727321039,0.529044518555285,0.6666666666666666,0.6229023575961541,ordered-intermetallic,-20.0,23.0,1.0,1.5112094819638284,Pt+Ga mixed projected column,0.049043079940131774,0.9509569200598682,Pt+Ga mixed projected column,Pt+Ga mixed projected column
829,842.6415200428175,777.6409152724925,9.596409426611231,8.856151082444091,LM-like,4615.0,164.0,0.0,0.8664226039613254,4.290343746587106,20.47967188072169,0.5303592601980732,0.6666666666666666,0.6256930015589779,ordered-intermetallic,7.0,-4.0,1.0,1.1997655151617632,Pt+Ga mixed projected column,0.007896741238318227,0.9921032587616818,Pt+Ga mixed projected column,Pt+Ga mixed projected column
830,748.440448322834,816.9235732663795,8.523602033255399,9.303521002520812,LM-like,4584.0,151.0,0.0,0.8510164299637983,4.2909451368129,20.48673668576203,0.5306287541421498,0.6666666666666666,0.6221756077598346,ordered-intermetallic,4.0,1.0,1.0,1.13544777762019,Pt+Ga mixed projected column,0.00458278815803105,0.995417211841969,Pt+Ga mixed projected column,Pt+Ga mixed projected column
831,547.347782876819,915.0903750785508,6.233461440360738,10.421492049381555,Pt-like,5457.0,146.0,0.0,1.142946905435124,4.294587767979019,20.83956884025521,0.4679077090917342,0.6666666666666666,0.6144624486621073,liquid-metal,,,,,,,,,amorphous liquid-metal
832,866.4746363227251,672.2817963797378,9.867832488843442,7.656270447947812,LM-like,5549.0,151.0,0.0,0.958376511226252,4.295816171086308,20.04742788555456,0.5939655208153334,0.8,0.4915682400072395,Pt-rich,,,,,,,,,Pt-rich region
833,98.56564320778192,528.4970716865959,1.122513245693251,6.018780418524797,LM-like,4470.0,145.0,9.0,0.9844188735341078,4.300015685581163,19.1545404815599,0.4870344741789085,0.8,0.6486299333999156,liquid-metal,,,,,,,,,amorphous liquid-metal
834,549.6509766756195,774.6359118286964,6.259691325972117,8.821928648954724,Pt-like,5955.0,156.0,0.0,1.2434746293589476,4.304915451893664,20.092868847599046,0.466269577260498,0.6666666666666666,0.6256931999484054,ordered-intermetallic,-6.0,8.0,0.0,0.4118447824112241,Pt-rich projected column,0.9998094929456016,0.9998094929456016,Pt-rich projected column,Pt-rich projected column
835,851.7299156901647,936.4576463970358,9.699912474572294,10.664832875847418,Pt-like,4482.0,155.0,0.0,1.0146010186757215,4.305803304709589,19.671762224367377,0.4677067640573327,0.6666666666666666,0.5892098375117147,liquid-metal,,,,,,,,,amorphous liquid-metal
836,647.2675386200515,558.4085098224623,7.371395974930461,6.359426351656529,Pt-like,5987.0,196.0,0.0,1.1018680408576425,4.306861435646421,18.56657693674439,0.4771739790780739,0.6666666666666666,0.6290869806072795,ordered-intermetallic,-8.0,-2.0,0.0,1.5190237820622072,Pt-rich projected column,0.9716251360024963,0.9716251360024963,Pt-rich projected column,Pt-rich projected column
837,307.93570580265776,556.5692975504221,3.50692084316549,6.338480512215757,LM-like,4953.0,168.0,0.0,1.0119521912350598,4.312120214754389,18.47992527035572,0.5290517731132324,0.6666666666666666,0.6194367188789884,ordered-intermetallic,-23.0,12.0,1.0,0.9835802667939924,Pt+Ga mixed projected column,0.5837522415692515,0.5837522415692515,uncertain intensity,uncertain intensity
838,327.6164154006906,799.4390869172146,3.7310542885472975,9.104399210359354,LM-like,5421.0,161.0,0.0,0.9730748519116856,4.312544891076006,19.191332605103977,0.5271932685922837,0.6666666666666666,0.6264188134449084,ordered-intermetallic,-15.0,18.0,1.0,2.2884828074113788,Pt+Ga mixed projected column,0.2605025635707672,0.7394974364292328,uncertain intensity,uncertain intensity
839,177.97543580753893,615.8890864600882,2.0268703941884123,7.0140429761308765,Pt-like,5051.0,173.0,14.0,0.9723746270093367,4.314983131306334,19.1958941705155,0.4684648731071413,0.6666666666666666,0.6283552434727018,ordered-intermetallic,-27.0,19.0,0.0,0.3460784185997617,Pt-rich projected column,0.25573765230609874,0.7442623476939012,uncertain intensity,uncertain intensity
840,466.6816810891096,864.276731573729,5.314796834842343,9.84280168588587,LM-like,4521.0,140.0,0.0,0.9503889005675846,4.317206767823215,19.324956643119336,0.5315561195762968,0.6666666666666666,0.6249442559902071,ordered-intermetallic,-7.0,14.0,1.0,1.244400657281573,Pt+Ga mixed projected column,0.13592793502230807,0.864072064977692,Pt+Ga mixed projected column,Pt+Ga mixed projected column
841,599.6897992715816,529.9631851541307,6.829557653983128,6.035477228218696,Pt-like,5879.0,166.0,0.0,1.161169267232866,4.317959152511985,19.502193146010185,0.468660735585663,0.6666666666666666,0.6384903810998976,ordered-intermetallic,-11.0,-1.0,0.0,3.213734199529416,Pt-rich projected column,0.9964625606731644,0.9964625606731644,Pt-rich projected column,Pt-rich projected column
842,144.9496675249471,529.9639704263934,1.6507569621656963,6.035486171279256,LM-like,4847.0,176.0,0.0,0.9088693043315208,4.329283141376752,20.90117162181379,0.5316019752540574,0.6666666666666666,0.6131062418429291,ordered-intermetallic,-31.0,18.0,1.0,1.0747637791730398,Pt+Ga mixed projected column,0.03472405712414186,0.9652759428758582,Pt+Ga mixed projected column,Pt+Ga mixed projected column
843,974.3900941905606,613.2830751348044,11.096825948728188,6.984364457979365,Pt-like,4286.0,156.0,0.0,0.8261372397841172,4.332288431181603,23.357202351452575,1.0,0.0,0.0036234566541244,Pt-rich,,,,,,,,,Pt-rich region
844,247.2198635862053,646.8308217938651,2.8154594485726885,7.366422432364743,Pt-like,6073.0,210.0,0.0,1.0948260320894176,4.334390248063682,18.80520339748533,0.4712277889861598,0.6666666666666666,0.6287119346482394,ordered-intermetallic,-23.0,17.0,0.0,0.7717380654819896,Pt-rich projected column,0.9638486481679477,0.9638486481679477,Pt-rich projected column,Pt-rich projected column
845,839.7083417203893,956.490708018712,9.56300497236377,10.892979076595235,LM-like,3593.0,145.0,0.0,0.7827034092146825,4.3347514838433066,20.60337428503564,0.5862632412717659,0.6666666666666666,0.572840240038359,liquid-metal,,,,,,,,,amorphous liquid-metal
846,757.9155701606962,942.6883152441508,8.631509306230187,10.735790748010553,Pt-like,5088.0,144.0,0.0,1.1267855165540914,4.334890723695045,19.19411352273709,0.407110778149076,0.6666666666666666,0.581007611742481,liquid-metal,,,,,,,,,amorphous liquid-metal
847,781.3504088055191,940.3257618373586,8.898396590007593,10.708884846456282,Pt-like,5323.0,179.0,0.0,1.2348915439044197,4.338320595037755,20.29679683794905,0.4226962573619965,0.6666666666666666,0.5871662612039652,liquid-metal,,,,,,,,,amorphous liquid-metal
848,115.22075336327056,915.4508776188582,1.3121897003845155,10.42559762677578,LM-like,4389.0,113.0,0.0,0.8915295551492992,4.341860800357912,20.54828951530077,0.5311952945926846,0.6666666666666666,0.6225866500861905,liquid-metal,,,,,,,,,amorphous liquid-metal
849,212.2660110623619,664.4428768956384,2.4173880601142312,7.566997039217804,LM-like,4915.0,167.0,0.0,0.8914482633535866,4.346535615592065,20.81122943557912,0.5271795349212076,0.6666666666666666,0.6283156557607825,ordered-intermetallic,-24.0,19.0,1.0,2.219922116218699,Pt+Ga mixed projected column,0.01900138064034698,0.980998619359653,Pt+Ga mixed projected column,Pt+Ga mixed projected column
850,746.0453762924797,957.7718324551554,8.496325793878615,10.907569141677628,LM-like,2970.0,120.0,0.0,0.6278406088151358,4.353505191344377,18.52238578684621,0.5021915210873898,0.5,0.577109803938437,liquid-metal,,,,,,,,,amorphous liquid-metal
851,479.8204145806623,776.8345433786455,5.464427090334219,8.846967729073283,Pt-like,6427.0,176.0,0.0,1.21919757184862,4.353781584064989,19.90950050673985,0.4705945648763425,0.6666666666666666,0.6265181206681887,ordered-intermetallic,-9.0,11.0,0.0,0.6211798638904757,Pt-rich projected column,0.9995486949647775,0.9995486949647775,Pt-rich projected column,Pt-rich projected column
852,712.2458655014306,870.3409566898875,8.1114006077169,9.91186401629043,Pt-like,5005.0,149.0,0.0,1.038812785388128,4.3561426417410445,19.14443245145328,0.4680505196234132,0.6666666666666666,0.6223658090868266,ordered-intermetallic,4.0,4.0,0.0,1.7629558108447505,Pt-rich projected column,0.784607266888622,0.784607266888622,uncertain intensity,uncertain intensity
853,424.97920534722016,485.42334613295776,4.839868859180571,5.528235986390484,LM-like,5409.0,169.0,0.0,1.0232690124858117,4.357326299891447,19.40013261909454,0.5832557335896738,0.6666666666666666,0.5577292491797076,Pt-rich,,,,,,,,,Pt-rich region
854,442.7668771697258,937.0524122101584,5.042443474239044,10.671606356764173,LM-like,3886.0,120.0,9.0,0.929665071770335,4.361956157769401,18.880349844809807,0.5297864602015724,0.6666666666666666,0.6038523691290516,liquid-metal,,,,,,,,,amorphous liquid-metal
855,922.2243337040092,897.2311614414117,10.502737022687551,10.218102681515376,Pt-like,5083.0,129.0,0.0,1.0973661485319517,4.366835098660146,20.396449390380184,0.518482763474211,0.6666666666666666,0.6254649295179745,liquid-metal,,,,,,,,,amorphous liquid-metal
856,749.1346252618291,780.9240499793991,8.531507656183605,8.893541009359385,LM-like,5164.0,155.0,0.0,0.9904579237592904,4.368558436168715,19.525762896633054,0.529582985184185,0.6666666666666666,0.625375086628554,ordered-intermetallic,3.0,0.0,1.0,2.0821693704194137,Pt+Ga mixed projected column,0.395170505728181,0.604829494271819,uncertain intensity,uncertain intensity
857,290.9454973396534,924.8144755789406,3.3134281267774104,10.532234811858432,Pt-like,5168.0,156.0,0.0,1.0954954954954954,4.368843342775521,19.878342076676077,0.4705820601999566,0.6666666666666666,0.6140952771636428,liquid-metal,,,,,,,,,amorphous liquid-metal
858,245.1168498949892,821.8342798161113,2.7915093109036437,9.359446505245591,Pt-like,5387.5,151.5,4.5,1.0405601158860454,4.374977119027478,18.477054782422904,0.464613200318668,0.6666666666666666,0.6207288307116973,ordered-intermetallic,-18.0,22.0,0.0,1.0343282833092815,Pt-rich projected column,0.7949155126882314,0.7949155126882314,uncertain intensity,uncertain intensity
859,735.1988222633968,872.2940622051246,8.372799987405598,9.934106927103365,Pt-like,5505.0,162.0,0.0,1.089451810805462,4.376320972822563,19.949374012703647,0.4698549121753334,0.6666666666666666,0.6173869113942828,liquid-metal,,,,,,,,,amorphous liquid-metal
860,960.0980423701212,771.965367797216,10.934061145958546,8.791515201114441,LM-like,5229.0,176.0,0.0,1.071406618174367,4.3773005756671965,21.31631068166708,0.7512194320695347,0.8,0.3852161339569209,Pt-rich,,,,,,,,,Pt-rich region
861,319.19755540327424,576.1692768139765,3.635176236589425,6.561694561479079,Pt-like,4762.0,183.0,9.0,0.9348252846486064,4.383070386325485,18.015371145266943,0.469711855610876,0.6666666666666666,0.62510801878605,ordered-intermetallic,-22.0,12.0,0.0,1.870974480394328,Pt-rich projected column,0.08297437685064322,0.9170256231493568,uncertain intensity,uncertain intensity
862,894.1303104116919,495.2410515590478,10.182788689332073,5.6400447670613385,Pt-like,4578.0,163.5,4.5,0.934667211106574,4.388555784430848,20.848587903926465,1.0,0.0,0.0004760477543397,Pt-rich,,,,,,,,,Pt-rich region
863,546.3846321853331,952.78029834814,6.22249261416932,10.850723135614004,Pt-like,4923.0,148.0,0.0,1.1270604395604396,4.404231937322891,18.86917960526281,0.466938883659391,0.6666666666666666,0.5848316432980891,liquid-metal,,,,,,,,,amorphous liquid-metal
864,222.8900590549684,719.8975684999266,2.53837986016206,8.19854190450544,Pt-like,5873.0,167.0,0.0,1.1051938276251412,4.4177843111086,17.103671335541012,0.4678065630542572,0.6666666666666666,0.6276942151552223,ordered-intermetallic,-22.0,20.0,0.0,1.194239196170029,Pt-rich projected column,0.9747080619372783,0.9747080619372783,Pt-rich projected column,Pt-rich projected column
865,382.48232134464433,992.8502095652289,4.355893777792224,11.307058676387744,Pt-like,4817.0,158.0,0.0,1.0814997754827125,4.418165753209506,20.76339195182805,0.5629109397575611,0.5,0.5436857875037474,liquid-metal,,,,,,,,,amorphous liquid-metal
866,960.623807767768,632.1523162380481,10.940048816751112,7.199256507432335,Pt-like,5628.0,176.0,0.0,1.053735255570118,4.420693303831128,20.213553423061924,1.0,0.0,0.010053562197388,Pt-rich,,,,,,,,,Pt-rich region
867,292.9324050828196,747.2642092442061,3.33605599372059,8.510206453387083,Pt-like,5797.0,182.0,0.0,1.087107360525082,4.427596106496896,19.356812390670413,0.4652172879589623,0.6666666666666666,0.6264358480212139,ordered-intermetallic,-18.0,18.0,0.0,3.3771808712716003,Pt-rich projected column,0.9529758131527839,0.9529758131527839,Pt-rich projected column,Pt-rich projected column
868,232.36137378153097,910.5035598980736,2.6462437759109165,10.369255178317076,LM-like,3960.0,145.0,0.0,0.8414789630259244,4.428072624951867,19.3253764088,0.5333830530111923,0.6666666666666666,0.6194889190149933,liquid-metal,,,,,,,,,amorphous liquid-metal
869,433.4352528790584,743.8889654408395,4.936170420777347,8.471767543505106,Pt-like,6138.0,201.0,0.0,1.1544103817942448,4.429828425461929,19.754656174540653,0.4707393064890561,0.6666666666666666,0.626421852869596,ordered-intermetallic,-12.0,12.0,0.0,0.5592756522624017,Pt-rich projected column,0.9955065152026739,0.9955065152026739,Pt-rich projected column,Pt-rich projected column
870,480.1227935802754,811.0223822499869,5.46787072871813,9.23631538334474,Pt-like,5149.0,136.0,9.0,1.0403071017274472,4.432332270194331,19.029992270021214,0.4715243955113374,0.6666666666666666,0.6260728100591904,ordered-intermetallic,-8.0,12.0,0.0,1.8144473278821889,Pt-rich projected column,0.7934458415754777,0.7934458415754777,uncertain intensity,uncertain intensity
871,755.5047599372394,394.8516158258038,8.604053832693854,4.496761289463732,Pt-like,5249.0,148.0,0.0,1.0538044569363585,4.440595165586689,21.490680564738707,0.9528195049920593,0.0,0.0862253971332021,Pt-rich,,,,,,,,,Pt-rich region
872,411.37674307227405,637.7527155363404,4.684957435881866,7.263036564954528,Pt-like,5212.0,177.0,0.0,1.0263883418668769,4.447286496828486,19.47299344292518,0.4674982519953778,0.6666666666666666,0.628057466793577,ordered-intermetallic,-16.0,10.0,0.0,2.5292173281314727,Pt-rich projected column,0.7008193071588402,0.7008193071588402,uncertain intensity,uncertain intensity
873,541.3516310910152,547.7327086621004,6.165174361986347,6.237845161488357,LM-like,4889.0,167.0,9.0,1.004623446008425,4.452390859972327,19.41301940312613,0.5222492273533067,0.6666666666666666,0.6213939513110358,ordered-intermetallic,-13.0,2.0,1.0,0.8102974577989499,Pt+Ga mixed projected column,0.5194302129844834,0.5194302129844834,uncertain intensity,uncertain intensity
874,373.4118022069933,867.5734765007975,4.252594316174918,9.880346612575034,LM-like,4322.0,151.0,0.0,0.817631479379493,4.452811868173815,19.96460088645503,0.5315817679814707,0.6666666666666666,0.6233963502388146,ordered-intermetallic,-11.0,18.0,1.0,2.183442282740568,Pt+Ga mixed projected column,0.0014037130316591668,0.9985962869683408,Pt+Ga mixed projected column,Pt+Ga mixed projected column
875,115.36547880155356,951.562040505704,1.313837903715558,10.83684902572846,LM-like,3735.0,113.0,0.0,0.8150572831423896,4.456797737404559,19.625210205064626,0.5317085997862646,0.6666666666666666,0.6049307231007448,liquid-metal,,,,,,,,,amorphous liquid-metal
876,713.6816562810237,730.3321973021267,8.127752087965856,8.317376507143504,Pt-like,5574.0,192.0,0.0,1.0782474127091597,4.473943407156655,20.191782130422848,0.4707887504547612,0.6666666666666666,0.6268803552025614,ordered-intermetallic,0.0,0.0,0.0,1.6442689683070013,Pt-rich projected column,0.9366763117268939,0.9366763117268939,Pt-rich projected column,Pt-rich projected column
877,32.82515725892674,547.9548754854204,0.3738287765995131,6.240375304789959,Pt-like,2433.0,127.0,0.0,1.5154157583307382,4.476544775891584,9.090194938633092,0.4414754027510603,0.6666666666666666,0.6652249460633545,liquid-metal,,,,,,,,,amorphous liquid-metal
878,682.9978264464532,506.03350928361886,7.778309784370318,5.76295449863867,LM-like,4832.0,170.0,9.0,0.9268245900067134,4.476691922409711,21.32989517667555,0.5218651500001723,0.6666666666666666,0.5909851377183429,Pt-rich,,,,,,,,,Pt-rich region
879,892.2500749895765,567.2440171700273,10.161375658405088,6.46004938527438,Pt-like,5534.0,179.0,0.0,0.9214119214119214,4.484193268921035,19.77245137932918,1.0,0.0,0.0232472082083192,Pt-rich,,,,,,,,,Pt-rich region
880,738.3642457754065,659.0150656643234,8.408849362267073,7.505182498126343,Pt-like,5644.0,196.0,0.0,1.088944626664094,4.493267054844768,19.746907137491547,0.4728915855171534,0.6666666666666666,0.6297080963048229,ordered-intermetallic,-1.0,-3.0,0.0,1.7712564651419525,Pt-rich projected column,0.9558166022601449,0.9558166022601449,Pt-rich projected column,Pt-rich projected column
881,69.48971592089718,812.2774950148856,0.791382514455197,9.25060921492323,LM-like,5290.0,153.0,0.0,0.9200800069571268,4.499844434925902,20.11405694854716,0.528699103055228,0.6666666666666666,0.6293569291432008,liquid-metal,,,,,,,,,amorphous liquid-metal
882,641.8326629454484,875.7834540429805,7.309500980539999,9.973845810044043,Pt-like,5885.0,173.0,0.0,1.197720565788135,4.505048142719837,21.258336991283304,0.4692384433861725,0.6666666666666666,0.6237081949932491,ordered-intermetallic,1.0,7.0,0.0,0.5699204401785799,Pt-rich projected column,0.9990323807925444,0.9990323807925444,Pt-rich projected column,Pt-rich projected column
883,480.3900741463166,708.6307370178862,5.470914649154636,8.070229775004869,Pt-like,5653.0,185.0,0.0,1.0487940630797774,4.513452482273363,18.25141208880344,0.4693409197896936,0.6666666666666666,0.6276325895060779,ordered-intermetallic,-11.0,9.0,0.0,1.3830715024523277,Pt-rich projected column,0.8385416796950039,0.8385416796950039,Pt-rich projected column,Pt-rich projected column
884,686.2577420225839,980.98601607177,7.815435280587438,11.171943499207794,Pt-like,4415.0,123.0,0.0,1.0090275397097477,4.521247036742922,20.87774370790129,0.5292809571566895,0.5,0.5821762119346172,liquid-metal,,,,,,,,,amorphous liquid-metal
885,726.437197848832,642.4750854803552,8.273018368384399,7.316817199267904,LM-like,4839.0,139.0,0.0,0.927277953434895,4.522935668507024,18.481490399174767,0.5266216266206997,0.6666666666666666,0.630660586652197,ordered-intermetallic,-2.0,-3.0,1.0,1.5060158415509677,Pt+Ga mixed projected column,0.06471808757967394,0.9352819124203261,Pt+Ga mixed projected column,Pt+Ga mixed projected column
886,900.488758537692,758.4287157233526,10.25520177376193,8.637353256234514,Pt-like,5769.0,166.0,0.0,0.9662507327694498,4.528468895976922,20.934092362184497,0.5173235654053766,0.6666666666666666,0.5696134643159843,Pt-rich,,,,,,,,,Pt-rich region
887,853.8771676386316,760.5184977023974,9.724366418924015,8.661152704761864,Pt-like,6424.0,191.0,0.0,1.1961642305185738,4.534820901956851,20.24596124399088,0.46863565868697,0.6666666666666666,0.6227193975981791,ordered-intermetallic,7.0,-5.0,0.0,0.3296387882407947,Pt-rich projected column,0.9989774140969275,0.9989774140969275,Pt-rich projected column,Pt-rich projected column
888,33.843551708219046,830.5910580728571,0.3854267454400477,9.459172933876252,Pt-like,5718.0,169.0,0.0,1.0740045078888054,4.535612969434391,20.38112395648551,0.3767840807019355,0.8,0.6368287848001606,liquid-metal,,,,,,,,,amorphous liquid-metal
889,749.8705434687312,675.063288459677,8.539888648871422,7.687947425857252,LM-like,4866.0,140.0,0.0,0.9288918583563998,4.538986428970992,19.746907137491547,0.5277549613903667,0.6666666666666666,0.6288707299863956,ordered-intermetallic,0.0,-3.0,1.0,2.7110030760438937,Pt+Ga mixed projected column,0.0682774724471297,0.9317225275528703,Pt+Ga mixed projected column,Pt+Ga mixed projected column
890,155.73969151242318,547.8646507909551,1.7736389771671826,6.239347782305147,Pt-like,5979.0,196.0,0.0,1.121132570785674,4.539842647921694,20.452960587492782,0.4683455833733126,0.6666666666666666,0.6189968313446611,ordered-intermetallic,-30.0,18.0,0.0,1.3278948215510211,Pt-rich projected column,0.9854864855682993,0.9854864855682993,Pt-rich projected column,Pt-rich projected column
891,437.5549012285241,500.1955165469291,4.983086969884882,5.696468612056662,Pt-like,5365.0,205.0,0.0,1.0304427158359744,4.54162467254901,17.925753489403665,0.466256542355448,0.6666666666666666,0.584776232461516,Pt-rich,,,,,,,,,Pt-rich region
892,221.7544483003124,823.0577855126988,2.5254469753092126,9.373380380233913,Pt-like,5619.0,175.0,0.0,1.0858495579496594,4.544437086849601,18.21470392313237,0.4646557501411633,0.6666666666666666,0.6189849189021598,ordered-intermetallic,-19.0,23.0,0.0,0.8868444793134901,Pt-rich projected column,0.9509317392925336,0.9509317392925336,Pt-rich projected column,Pt-rich projected column
893,374.7189493459318,762.475358788564,4.267480740387007,8.683438385834053,LM-like,5200.0,161.0,0.0,0.9863429438543247,4.547776184208366,19.890074224050185,0.5306953391484001,0.6666666666666666,0.6262003600618513,ordered-intermetallic,-14.0,15.0,1.0,2.067553174015071,Pt+Ga mixed projected column,0.36080771933820033,0.6391922806617997,uncertain intensity,uncertain intensity
894,604.7562536952373,966.7925501806928,6.887256888870338,11.01030144071239,LM-like,4007.0,141.0,0.0,0.8805625755411494,4.555737643715685,20.63777634838172,0.5396136748738645,0.6666666666666666,0.6020145269331192,liquid-metal,,,,,,,,,amorphous liquid-metal
895,503.1826009454789,740.202833141336,5.7304869747868405,8.429788084974634,Pt-like,6618.0,173.0,0.0,1.1921102404755473,4.562985277484388,19.576037461608237,0.4691879863121946,0.6666666666666666,0.6270098575394496,ordered-intermetallic,-9.0,9.0,0.0,1.0908652403167696,Pt-rich projected column,0.9988191438814957,0.9988191438814957,Pt-rich projected column,Pt-rich projected column
896,453.2097882735687,990.4924038443952,5.161372399736435,11.280206843778814,Pt-like,4165.0,152.0,0.0,1.0252307692307692,4.564030904848321,21.388192138004136,0.5636968873205425,0.5,0.5593726327408998,liquid-metal,,,,,,,,,amorphous liquid-metal
897,853.1909682992712,831.1673242657745,9.71655164876121,9.465735732165218,Pt-like,5145.0,152.0,0.0,1.0629067245119306,4.566456572093165,19.37242019701425,0.4719506779811314,0.6666666666666666,0.6262628636996717,ordered-intermetallic,9.0,-3.0,0.0,0.3841678757127088,Pt-rich projected column,0.8955685648728594,0.8955685648728594,Pt-rich projected column,Pt-rich projected column
898,523.926550048628,915.4460620063288,5.966729106207671,10.42554278424978,Pt-like,5431.0,156.0,0.0,1.260385240194941,4.569186598481481,20.678320337264445,0.4693762705015627,0.6666666666666666,0.6165099206307398,liquid-metal,,,,,,,,,amorphous liquid-metal
899,93.23542513003608,810.2140254463976,1.0618101426648427,9.22710942486119,LM-like,5173.0,154.0,0.0,0.9253197388426796,4.571408451545509,21.318067624267915,0.5275948217839488,0.6666666666666666,0.6268096421699989,liquid-metal,,,,,,,,,amorphous liquid-metal
900,44.51383547247691,883.7716987012459,0.506945100831244,10.064819806123374,LM-like,4424.0,141.0,0.0,0.8949577706974157,4.572488282146503,19.810218110001426,0.4818472461481151,0.6666666666666666,0.6344019293934221,liquid-metal,,,,,,,,,amorphous liquid-metal
901,187.581152099348,805.267945809306,2.1362649400059333,9.17078107629875,LM-like,4712.0,143.0,0.0,0.9087753134040502,4.573310879196414,20.28991205734488,0.5309711031534828,0.6666666666666666,0.6247388392035891,ordered-intermetallic,-21.0,24.0,1.0,2.834377792562033,Pt+Ga mixed projected column,0.03461227703710377,0.9653877229628962,Pt+Ga mixed projected column,Pt+Ga mixed projected column
902,443.8243608270712,866.4848480223503,5.054486609898109,9.867948784620726,LM-like,4292.0,138.0,0.0,0.8740454128907443,4.576862782498001,20.09368755186099,0.5297814442388716,0.6666666666666666,0.6249513632327804,ordered-intermetallic,-8.0,15.0,1.0,0.808233194634844,Pt+Ga mixed projected column,0.010328243261951437,0.9896717567380485,Pt+Ga mixed projected column,Pt+Ga mixed projected column
903,304.1214395250572,801.1961045094299,3.46348213288201,9.124408977008166,LM-like,5607.0,157.0,0.0,1.029846634218018,4.577581179672853,18.666440558697204,0.5265880965853516,0.6666666666666666,0.6263369913334609,ordered-intermetallic,-16.0,19.0,1.0,1.5818834183637658,Pt+Ga mixed projected column,0.7259353731379503,0.7259353731379503,uncertain intensity,uncertain intensity
904,657.6009858236985,578.5638826396413,7.489078272557368,6.588965491491239,LM-like,5153.0,151.0,0.0,1.008118947471388,4.580671902356369,18.06955143985248,0.5354338763751108,0.6666666666666666,0.6205350930919269,ordered-intermetallic,-7.0,-2.0,1.0,1.8385903941639383,Pt+Ga mixed projected column,0.5503232786664065,0.5503232786664065,uncertain intensity,uncertain intensity
905,686.6915183405972,946.5733767804284,7.820375335223022,10.780035708961211,Pt-like,5476.0,163.0,0.0,1.2812353766963032,4.582051248811313,19.90037775977083,0.4709948152218307,0.6666666666666666,0.5980410855398086,liquid-metal,,,,,,,,,amorphous liquid-metal
906,792.4751830342336,958.50598083888,9.025090902758684,10.915929978762591,LM-like,3830.0,130.0,0.0,0.8365185104291799,4.598177243362341,20.221087266061588,0.5343305671900348,0.6666666666666666,0.5795636477739758,liquid-metal,,,,,,,,,amorphous liquid-metal
907,584.8416119780329,753.2103542333002,6.660459311303955,8.577924030159755,LM-like,5580.0,158.0,0.0,1.0541229810144517,4.600192124687759,19.088870340973425,0.5282047614975626,0.6666666666666666,0.6256823301852332,ordered-intermetallic,-5.0,6.0,1.0,1.956508342780348,Pt+Ga mixed projected column,0.8625682581591199,0.8625682581591199,uncertain intensity,uncertain intensity
908,281.94899246835627,729.9319477633388,3.2109715754445465,8.312818271695022,LM-like,4982.0,134.0,0.0,0.9191881918819188,4.601803643804726,19.49674902430433,0.5276202678291231,0.6666666666666666,0.6270372167592546,ordered-intermetallic,-19.0,18.0,1.0,3.763693307330444,Pt+Ga mixed projected column,0.04934630746975759,0.9506536925302425,Pt+Ga mixed projected column,Pt+Ga mixed projected column
909,816.4604635936938,955.89511678641,9.29824688544634,10.886196195405404,LM-like,3637.0,111.0,0.0,0.7607195147458691,4.601898066005062,19.912903790272445,0.5838595672120465,0.6666666666666666,0.5792260168238361,liquid-metal,,,,,,,,,amorphous liquid-metal
910,259.03722700168606,663.1045885424386,2.950041302161208,7.551755963786916,LM-like,5735.0,169.0,0.0,1.0337058399423216,4.602630930821236,20.11182642826156,0.5311705809890761,0.6666666666666666,0.6285487011906896,ordered-intermetallic,-22.0,17.0,1.0,1.474055146087269,Pt+Ga mixed projected column,0.7523599667598796,0.7523599667598796,uncertain intensity,uncertain intensity
911,504.7984971462975,633.809663911294,5.748889582734729,7.218131184808667,Pt-like,5494.0,167.0,0.0,1.0744108731788404,4.60983353472077,16.957841917174864,0.4723607827636663,0.6666666666666666,0.6283078693517832,ordered-intermetallic,-12.0,6.0,0.0,2.3213214497580004,Pt-rich projected column,0.9280919194617149,0.9280919194617149,Pt-rich projected column,Pt-rich projected column
912,620.3936009368408,735.2123269899307,7.065342566951917,8.372953785766978,Pt-like,5837.0,171.0,9.0,1.1022566329902748,4.615407579264744,19.7239736690809,0.4695111839921114,0.6666666666666666,0.6263114673655972,ordered-intermetallic,-4.0,4.0,0.0,0.8574238392590939,Pt-rich projected column,0.9720033797632438,0.9720033797632438,Pt-rich projected column,Pt-rich projected column
913,492.4217645199626,654.6040367906634,5.607937361866274,7.454947566595679,LM-like,4724.0,186.0,0.0,0.8591434027462035,4.631965008715937,19.38871859176211,0.5251517358363259,0.6666666666666666,0.6283898365332921,ordered-intermetallic,-12.0,7.0,1.0,0.7759052742225039,Pt+Ga mixed projected column,0.006107858955227111,0.9938921410447729,Pt+Ga mixed projected column,Pt+Ga mixed projected column
914,602.0648177876127,425.5402004226792,6.856605514233902,4.8462577425934645,Pt-like,4194.0,199.0,0.0,0.8248598682269643,4.654749961919676,23.07864848586887,0.6152520039930264,0.5,0.4207534279511093,Pt-rich,,,,,,,,,Pt-rich region
915,480.30365688178085,740.1223630787692,5.4699304875244685,8.428871652958636,Pt-like,6098.0,185.0,0.0,1.1030116668174008,4.665187081351446,20.02525681587974,0.468577315525478,0.6666666666666666,0.6271086212089938,ordered-intermetallic,-10.0,10.0,0.0,2.20223845792675,Pt-rich projected column,0.972724354264412,0.972724354264412,Pt-rich projected column,Pt-rich projected column
916,47.16574506533627,743.2263343643181,0.5371463306663737,8.464221180125369,LM-like,4889.0,176.0,0.0,0.8078988680492439,4.671248859343604,20.051966350393908,0.4833902761495628,0.6666666666666666,0.6408585941547462,liquid-metal,,,,,,,,,amorphous liquid-metal
917,348.86304806423107,975.2162248623144,3.973021223627574,11.106234324624058,LM-like,3542.0,125.0,0.0,0.7814671814671814,4.674754310005601,19.35034025284365,0.6291310500663868,0.6666666666666666,0.5623747612510882,liquid-metal,,,,,,,,,amorphous liquid-metal
918,540.6434911876332,583.1354095796298,6.157109722062327,6.641028252674291,LM-like,5570.0,170.0,0.0,1.1228706783590363,4.683068754770117,19.366152890975773,0.5263766085070521,0.6666666666666666,0.622095331113643,ordered-intermetallic,-12.0,3.0,1.0,1.1946322561003686,Pt+Ga mixed projected column,0.9863439295202063,0.9863439295202063,uncertain intensity,uncertain intensity
919,84.2314440804262,654.6853855610714,0.9592684489952564,7.455874005761824,Pt-like,5984.0,165.0,0.0,1.063916792603787,4.686022082685131,19.39453648850492,0.4691289002503486,0.6666666666666666,0.6281713551906318,liquid-metal,,,,,,,,,amorphous liquid-metal
920,523.8334724190433,949.302321490323,5.965669093117043,10.811114251990285,Pt-like,3912.0,152.0,9.0,0.9189570119802678,4.709005932932988,19.89954680321159,0.4680065255322515,0.6666666666666666,0.596224962600509,liquid-metal,,,,,,,,,amorphous liquid-metal
921,472.1231312367438,547.6126873828806,5.3767667025134,6.236478301076303,LM-like,4545.0,142.0,0.0,0.9045676186685242,4.72288584412987,17.068136516774,0.5226744022935358,0.6666666666666666,0.6367211382838804,ordered-intermetallic,-16.0,5.0,1.0,2.597442481404339,Pt+Ga mixed projected column,0.029949166803067237,0.9700508331969327,Pt+Ga mixed projected column,Pt+Ga mixed projected column
922,535.670690736581,932.465700412361,6.100477063938967,10.61937066307168,LM-like,4256.0,119.0,0.0,0.9472512797685289,4.727196794557268,20.58133977222876,0.5322158922446745,0.6666666666666666,0.60493314624361,liquid-metal,,,,,,,,,amorphous liquid-metal
923,66.96345460323676,951.9772344920308,0.7626122279855154,10.84157745577788,LM-like,4311.0,129.0,0.0,0.9369702238643772,4.730372662932896,19.84433946325768,0.482328932522058,0.6666666666666666,0.6093199872965154,liquid-metal,,,,,,,,,amorphous liquid-metal
924,550.3900393943135,669.3943752563988,6.268108129882007,7.623387098827775,Pt-like,6271.0,198.0,0.0,1.1753350201480648,4.741322993399314,18.443965262509373,0.472572050372643,0.6666666666666666,0.6281964697586477,ordered-intermetallic,-9.0,5.0,0.0,0.9944493731905064,Pt-rich projected column,0.9978587157283432,0.9978587157283432,Pt-rich projected column,Pt-rich projected column
925,616.0669546502618,984.7901264005432,7.0160686251598845,11.21526654863106,Pt-like,4946.0,135.0,0.0,1.086913525986155,4.759642861774143,17.184622372049887,0.4930867825134586,0.6,0.5990664107458323,liquid-metal,,,,,,,,,amorphous liquid-metal
926,258.9789789647606,730.7290246378817,2.9493779453275635,8.321895768887671,LM-like,4754.0,160.0,0.0,0.9036304885002852,4.763350075158602,18.860297446277563,0.5245851754073002,0.6666666666666666,0.6274448577055552,ordered-intermetallic,-20.0,19.0,1.0,4.106234370953577,Pt+Ga mixed projected column,0.028996665973841162,0.9710033340261588,Pt+Ga mixed projected column,Pt+Ga mixed projected column
927,702.6020736170246,747.2126864417836,8.001572438624203,8.509619686778635,LM-like,4912.0,145.0,0.0,0.949637506041566,4.765796508131891,19.14486544705298,0.5327701675292383,0.6666666666666666,0.6265687745823656,ordered-intermetallic,0.0,1.0,1.0,2.757995622210119,Pt+Ga mixed projected column,0.13282215294999014,0.8671778470500099,Pt+Ga mixed projected column,Pt+Ga mixed projected column
928,386.1225929389335,782.4908510844442,4.397350952417427,8.911384498597034,Pt-like,5368.0,179.0,0.0,1.0122572128983591,4.766568395029071,20.000840438247103,0.4680180654104611,0.6666666666666666,0.6262098924744688,ordered-intermetallic,-13.0,15.0,0.0,1.0216187728606576,Pt-rich projected column,0.5863836253129164,0.5863836253129164,uncertain intensity,uncertain intensity
929,377.8568799983189,555.6106266447782,4.30321701325793,6.327562703993499,LM-like,4617.0,146.0,9.0,0.8711320754716981,4.767626049343838,18.516700091592487,0.5289127985043544,0.6666666666666666,0.6253441900354944,ordered-intermetallic,-20.0,9.0,1.0,1.4165190163168713,Pt+Ga mixed projected column,0.00932192801921093,0.990678071980789,Pt+Ga mixed projected column,Pt+Ga mixed projected column
930,671.4316948451641,487.79460991223465,7.646589080265449,5.555241085881995,Pt-like,4706.0,202.0,0.0,0.8571948998178507,4.7703500241530445,18.053230443632977,0.4683264007803603,0.6666666666666666,0.5621411752682486,Pt-rich,,,,,,,,,Pt-rich region
931,904.553148928806,548.7875666329849,10.301489018497666,6.249858394559304,Pt-like,5895.0,176.0,0.0,1.018310589048195,4.777257348451312,19.949667891046555,1.0,0.0,0.0049323886017305,Pt-rich,,,,,,,,,Pt-rich region
932,631.3750813025399,822.1470135960014,7.190404979843921,9.363008068878496,LM-like,4950.0,163.0,0.0,0.93405038211152,4.785655606991335,19.919792472484662,0.5299904444128376,0.6666666666666666,0.6247992521973788,ordered-intermetallic,-1.0,6.0,1.0,1.1259274796391772,Pt+Ga mixed projected column,0.08090300579199663,0.9190969942080034,Pt+Ga mixed projected column,Pt+Ga mixed projected column
933,525.2865627504544,844.217120945892,5.982217589034218,9.6143531322075,Pt-like,4817.0,123.0,9.0,1.0060568086883876,4.79448866255242,18.32841626918213,0.4688675208364519,0.6666666666666666,0.6259364602419599,ordered-intermetallic,-5.0,11.0,0.0,1.153723087598426,Pt-rich projected column,0.5321297452185104,0.5321297452185104,uncertain intensity,uncertain intensity
934,66.06035164544065,500.6815632032661,0.7523272544454569,5.702003946601306,LM-like,2145.0,120.0,9.0,1.1289473684210527,4.796360907334178,17.260689441629292,0.5012347173991235,0.6666666666666666,0.657979167527786,liquid-metal,,,,,,,,,amorphous liquid-metal
935,633.2208722911276,646.5682293695785,7.211425740892507,7.363431902755363,LM-like,5275.0,166.0,0.0,0.9939702280007536,4.807740037092445,17.897715159146635,0.5306371998686799,0.6666666666666666,0.6271364162452351,ordered-intermetallic,-6.0,1.0,1.0,1.3929874502049413,Pt+Ga mixed projected column,0.4253582118059671,0.5746417881940329,uncertain intensity,uncertain intensity
936,972.600958312918,648.4353014313656,11.076450403501283,7.384695022964519,Pt-like,5079.0,191.0,0.0,1.0117529880478089,4.813055746282356,20.213553423061924,1.0,0.0,0.0110033555191658,Pt-rich,,,,,,,,,Pt-rich region
937,201.70811218819105,646.5086068524196,2.2971495982400127,7.36275289267564,Pt-like,4739.0,173.0,0.0,0.8944884862212156,4.816010665854785,17.466934985401224,0.4682137221626989,0.6666666666666666,0.6284066364163654,ordered-intermetallic,-25.0,19.0,0.0,3.324831259544739,Pt-rich projected column,0.021123458066723104,0.9788765419332769,uncertain intensity,uncertain intensity
938,875.8561093243081,864.2705124396255,9.97467324354933,9.84273085937695,Pt-like,5268.0,163.0,0.0,1.099102858335072,4.82024148976391,19.63423202046809,0.4697251999477103,0.6666666666666666,0.6260849184881634,liquid-metal,,,,,,,,,amorphous liquid-metal
939,704.7252619855016,575.0461838708759,8.02575233528143,6.548904235522219,LM-like,5272.0,156.0,0.0,1.021309569934134,4.82795439630284,18.286589179245745,0.5332878977679036,0.6666666666666666,0.6232988108655435,ordered-intermetallic,-5.0,-4.0,1.0,0.3810949971119058,Pt+Ga mixed projected column,0.6616647998705386,0.6616647998705386,uncertain intensity,uncertain intensity
940,338.1710397418092,852.766061555922,3.851255458454406,9.711712605134329,Pt-like,5555.0,175.0,0.0,1.101526868927226,4.830985649247294,20.929053399889536,0.4712272749861641,0.6666666666666666,0.6250727321894106,ordered-intermetallic,-13.0,19.0,0.0,0.9665185975342644,Pt-rich projected column,0.9712889634562923,0.9712889634562923,Pt-rich projected column,Pt-rich projected column
941,165.55877973700987,668.1252127691478,1.885463505816522,7.6089332622117745,LM-like,5158.0,182.0,0.0,0.9300396682293544,4.838941837035839,19.65621163510617,0.5261164990284448,0.6666666666666666,0.628486160948038,ordered-intermetallic,-26.0,21.0,1.0,0.6955454586782875,Pt+Ga mixed projected column,0.07091842070900778,0.9290815792909922,Pt+Ga mixed projected column,Pt+Ga mixed projected column
942,472.5981718826688,514.4217171987767,5.382176695285114,5.858483469849707,LM-like,4704.0,153.0,9.0,0.9337038507344184,4.840985314079577,17.95659178998632,0.526734068153798,0.8,0.6289780904571389,ordered-intermetallic,-17.0,4.0,1.0,1.005236453237939,Pt+Ga mixed projected column,0.07999204671355299,0.920007953286447,Pt+Ga mixed projected column,Pt+Ga mixed projected column
943,201.56521298104923,615.754543187332,2.295522192913011,7.012510732228513,Pt-like,5430.0,205.0,0.0,1.0734407433033508,4.842898750937897,20.07737482299227,0.4691416587563752,0.6666666666666666,0.6287282663018928,ordered-intermetallic,-26.0,18.0,0.0,1.2263023836486904,Pt-rich projected column,0.9257569375596931,0.9257569375596931,Pt-rich projected column,Pt-rich projected column
944,152.77466699160317,757.2158880590674,1.7398718430004676,8.623540987845686,Pt-like,5144.0,190.0,0.0,0.929610553898979,4.844093557984549,17.64195244217003,0.4723550744342654,0.6666666666666666,0.627052118801499,ordered-intermetallic,-24.0,24.0,0.0,0.6864613462830822,Pt-rich projected column,0.06992022305531848,0.9300797769446816,uncertain intensity,uncertain intensity
945,690.4987808432794,765.8530426920913,7.863734283128255,8.721905084757546,Pt-like,5444.0,153.0,0.0,1.0660922353862723,4.845661171523303,21.28921103804004,0.4748177289872102,0.6666666666666666,0.6262714698199496,ordered-intermetallic,0.0,2.0,0.0,2.1506804698817445,Pt-rich projected column,0.9056916438994103,0.9056916438994103,Pt-rich projected column,Pt-rich projected column
946,82.48790113561293,758.4612863623619,0.9394121381521148,8.637724186434113,Pt-like,5862.0,186.0,0.0,0.9808416297163892,4.845864947983635,20.273343343639777,0.4721555794196277,0.6666666666666666,0.6287171756578743,liquid-metal,,,,,,,,,amorphous liquid-metal
947,816.8236623800487,886.1341677681211,9.302383168995403,10.091724747173854,LM-like,4211.0,130.0,0.0,0.878023352793995,4.846231304847366,20.694960680291825,0.5311129072625,0.6666666666666666,0.6206753334290147,liquid-metal,,,,,,,,,amorphous liquid-metal
948,43.789643759944845,952.4339948751062,0.4986976551363495,10.84677926406953,LM-like,4258.0,156.0,0.0,0.947907390917186,4.8467033536628925,20.87973204997213,0.4883652506531813,0.6,0.6057439173073255,liquid-metal,,,,,,,,,amorphous liquid-metal
949,235.842827432011,661.804088744232,2.685892254932077,7.536945242708062,LM-like,4670.0,176.0,0.0,0.8244328713920028,4.849502493581131,18.69273927709067,0.5288040631874323,0.6666666666666666,0.6283189996005101,ordered-intermetallic,-23.0,18.0,1.0,3.825885958874537,Pt+Ga mixed projected column,0.0017868119833905885,0.9982131880166094,Pt+Ga mixed projected column,Pt+Ga mixed projected column
950,900.7318878030017,722.6678347959477,10.257970647497684,8.230091037754901,Pt-like,6050.0,205.0,0.0,0.9929427211554244,4.8502117778241,20.20515362822359,0.5674886679107987,0.6666666666666666,0.4675934743852556,Pt-rich,,,,,,,,,Pt-rich region
951,938.5174790906244,598.375672525853,10.688291247418038,6.8145917426311335,Pt-like,5415.0,186.0,0.0,1.025179856115108,4.861671274240335,19.641723099373515,1.0,0.0,0.004453802846398,Pt-rich,,,,,,,,,Pt-rich region
952,447.6652858395541,584.3372823735323,5.098228922755925,6.654715761697591,LM-like,5151.0,162.0,0.0,0.9417679861047628,4.862857054718468,18.69323824742287,0.5308704421849592,0.6666666666666666,0.6298193192916874,ordered-intermetallic,-16.0,7.0,1.0,1.847669949669709,Pt+Ga mixed projected column,0.1037824666201723,0.8962175333798277,Pt+Ga mixed projected column,Pt+Ga mixed projected column
953,960.0411978711428,701.7022449360776,10.933413773294284,7.991324754133489,Pt-like,4974.0,179.0,0.0,0.953970080552359,4.863109581532513,19.49750736605,0.9532509152864982,0.0,0.0615684746494112,Pt-rich,,,,,,,,,Pt-rich region
954,480.5021138016273,670.1280596936492,5.472190610970906,7.631742652265766,Pt-like,5703.0,170.0,0.0,1.0458463231248851,4.863261006557284,19.44776065305722,0.4657558986271501,0.6666666666666666,0.6281741373277272,ordered-intermetallic,-12.0,8.0,0.0,2.1601968867005605,Pt-rich projected column,0.8238519038946495,0.8238519038946495,Pt-rich projected column,Pt-rich projected column
955,68.3061037850992,882.5132250315056,0.7779029666436365,10.05048769893404,LM-like,4818.0,155.0,0.0,0.941889448218562,4.868986251962729,19.93067180251249,0.5308359313944389,0.6666666666666666,0.6294499317750062,liquid-metal,,,,,,,,,amorphous liquid-metal
956,714.1103393516851,661.0470316672138,8.13263413823572,7.528323510337206,Pt-like,6101.0,189.0,0.0,1.1691098974801188,4.869818827302502,19.55648321434212,0.4716059907137351,0.6666666666666666,0.6285017740666516,ordered-intermetallic,-2.0,-2.0,0.0,1.3694656323043373,Pt-rich projected column,0.9973299608309113,0.9973299608309113,Pt-rich projected column,Pt-rich projected column
957,491.7690873935632,723.7042385293139,5.600504358887742,8.241894105038064,LM-like,5404.0,141.0,0.0,0.9799619185782936,4.870041483229232,18.886301657445475,0.5269662403070507,0.6666666666666666,0.627557733553846,ordered-intermetallic,-10.0,9.0,1.0,0.5991931973670188,Pt+Ga mixed projected column,0.310321279103494,0.6896787208965061,uncertain intensity,uncertain intensity
958,246.2933104067384,716.7724981001621,2.804907412559508,8.162952090415102,Pt-like,6436.0,201.0,0.0,1.223341570043718,4.872750136693849,18.860297446277563,0.4660702753861553,0.6666666666666666,0.6277134167924798,ordered-intermetallic,-21.0,19.0,0.0,0.8965476758749732,Pt-rich projected column,0.9996104691028155,0.9996104691028155,Pt-rich projected column,Pt-rich projected column
959,72.26652455876005,672.5552445966395,0.8230061550597197,7.659384608577152,LM-like,4761.0,142.0,0.0,0.8176197836166924,4.878122849246758,19.49466013441423,0.5275544876222412,0.6666666666666666,0.6306008154317737,liquid-metal,,,,,,,,,amorphous liquid-metal
960,157.08187632462509,510.95189940712254,1.7889244273588778,5.818967505620029,Pt-like,5365.0,182.0,0.0,1.075797072388209,4.881313511856695,21.322518845394956,0.4696379526309075,0.6666666666666666,0.595461000340727,liquid-metal,,,,,,,,,amorphous liquid-metal
961,571.9857670219286,879.0692366474061,6.514050727357674,10.011265892497736,Pt-like,5449.0,155.0,0.0,1.1328482328482328,4.883149962710023,19.21801840190822,0.4706376924334957,0.6666666666666666,0.6238394599423704,ordered-intermetallic,-2.0,10.0,0.0,0.8552364052229536,Pt-rich projected column,0.9903813451538421,0.9903813451538421,Pt-rich projected column,Pt-rich projected column
962,481.23031741846495,635.501502769015,5.480483746173594,7.237398664485808,Pt-like,5503.0,147.0,0.0,0.9926941462974656,4.886482988497954,19.58688666311405,0.4715303467069302,0.6666666666666666,0.6283477922634778,ordered-intermetallic,-13.0,7.0,0.0,1.703095192324464,Pt-rich projected column,0.4143133523286026,0.5856866476713973,uncertain intensity,uncertain intensity
963,841.9819601358304,815.3670457783046,9.588898039196444,9.285794514205138,LM-like,4363.0,133.0,0.0,0.8413035094485153,4.902020728499008,19.37242019701425,0.5309602164092866,0.6666666666666666,0.6261810589611867,ordered-intermetallic,8.0,-3.0,1.0,1.6085947753546823,Pt+Ga mixed projected column,0.003249449430682967,0.996750550569317,Pt+Ga mixed projected column,Pt+Ga mixed projected column
964,693.5092094112148,558.3143551539346,7.898018500556809,6.358354072725184,Pt-like,5474.5,190.5,4.5,1.041670630767767,4.904982783968716,20.14333456908829,0.4781371121110634,0.6666666666666666,0.6163405643838404,Pt-rich,,,,,,,,,Pt-rich region
965,774.9410066814374,572.1323261361246,8.825403216788393,6.51571981347742,LM-like,5045.0,159.0,0.0,0.9095826196700622,4.905778169259092,19.948925347022676,0.5296381450574872,0.6666666666666666,0.5663852114884174,Pt-rich,,,,,,,,,Pt-rich region
966,331.726795196042,487.56170178369,3.777865282875061,5.552588615398239,LM-like,4671.0,172.0,9.0,0.9903530160076328,4.907482790214449,19.495592011015045,0.5800683517330888,0.6666666666666666,0.5300104190717687,Pt-rich,,,,,,,,,Pt-rich region
967,430.9765079440862,922.306063381194,4.908169043548273,10.50366779980441,Pt-like,4702.0,170.0,0.0,1.071925225122535,4.914259897752623,18.880349844809807,0.4699553393563506,0.6666666666666666,0.6160149700854363,liquid-metal,,,,,,,,,amorphous liquid-metal
968,134.13778579732303,475.84778550523487,1.5276260206413514,5.41918486786941,Pt-like,2835.0,137.0,0.0,0.6260351109638953,4.927270365073891,20.629831034098054,0.4509280198109494,0.6666666666666666,0.5965835819950541,liquid-metal,,,,,,,,,amorphous liquid-metal
969,725.393576696249,818.97171553776,8.261133105638326,9.326846237905746,LM-like,4792.0,134.0,0.0,0.916953693073096,4.929225301923739,20.02240946881369,0.5299980592301885,0.6666666666666666,0.6241896029663594,ordered-intermetallic,3.0,2.0,1.0,0.8381511664958224,Pt+Ga mixed projected column,0.04575180432008186,0.9542481956799181,Pt+Ga mixed projected column,Pt+Ga mixed projected column
970,73.08198369094339,601.3645579643186,0.8322929982984706,6.848630616475487,LM-like,5846.0,199.0,0.0,1.0048990116029222,4.950428947691997,20.549920691219015,0.4766422127413838,0.6666666666666666,0.6119905025837433,liquid-metal,,,,,,,,,amorphous liquid-metal
971,337.223684577621,924.4861627122774,3.8404665193720993,10.52849582604586,Pt-like,4837.0,152.0,0.0,1.0457247865095665,4.951586302195619,21.470871637168944,0.5192402965321414,0.6666666666666666,0.6147391534206212,liquid-metal,,,,,,,,,amorphous liquid-metal
972,630.3831932643998,856.876696586158,7.179108878841365,9.75852650620048,LM-like,4673.0,147.0,9.0,0.908083948698018,4.954704696771404,19.31881166775609,0.533200042492411,0.6666666666666666,0.6242013164389728,ordered-intermetallic,0.0,7.0,1.0,1.3345101869045557,Pt+Ga mixed projected column,0.03380065950949785,0.9661993404905022,Pt+Ga mixed projected column,Pt+Ga mixed projected column
973,280.756800582938,803.606941179587,3.19739431729214,9.15186475173232,LM-like,5266.0,153.0,0.0,0.9673923027463948,4.957909562355017,20.14247766050377,0.5283709041151537,0.6666666666666666,0.6258275957676315,ordered-intermetallic,-17.0,20.0,1.0,0.5997460503045822,Pt+Ga mixed projected column,0.22351574742354513,0.7764842525764548,uncertain intensity,uncertain intensity
974,698.6758099880564,963.3491212329134,7.95685824830223,10.971086005407638,LM-like,3983.0,131.0,0.0,0.8746157224418094,4.9629554017908815,20.310744466363776,0.5918787255250142,0.6666666666666666,0.5853982786710206,liquid-metal,,,,,,,,,amorphous liquid-metal
975,715.4065826555724,625.0580626467824,8.147396384297334,7.118463714270977,Pt-like,5173.0,169.0,9.0,0.9734663153933008,4.967169140760724,18.780722513743072,0.521089646476683,0.6666666666666666,0.6304565582628814,ordered-intermetallic,-3.0,-3.0,0.0,1.7362038132214173,Pt-rich projected column,0.26319133330587935,0.7368086666941207,uncertain intensity,uncertain intensity
976,199.60914008120992,752.080559422688,2.2732454880881607,8.565057380092304,Pt-like,6156.0,196.0,0.0,1.1511921458625527,4.978685140149183,18.432077703060344,0.4713183964188866,0.6666666666666666,0.6274429636520552,ordered-intermetallic,-22.0,22.0,0.0,2.779454919876943,Pt-rich projected column,0.9949648253290642,0.9949648253290642,Pt-rich projected column,Pt-rich projected column
977,317.9462042370782,610.8073635269669,3.620925243917387,6.956169856068678,Pt-like,5837.5,184.5,4.5,1.1769153225806452,4.980235588434383,17.740364500442258,0.4700286407930457,0.6666666666666666,0.6281807108672538,ordered-intermetallic,-21.0,13.0,0.0,1.4403560166082003,Pt-rich projected column,0.99797541502942,0.99797541502942,Pt-rich projected column,Pt-rich projected column
978,233.969300367266,836.5697368147801,2.664555622025337,9.527261020770847,LM-like,3341.0,110.0,9.0,0.6198228282547191,4.981836070080416,18.21470392313237,0.5266014678167601,0.6,0.6176321972657492,ordered-intermetallic,-18.0,23.0,1.0,4.442447504957495,Pt+Ga mixed projected column,1.2447139298063183e-06,0.9999987552860702,Pt+Ga mixed projected column,Pt+Ga mixed projected column
979,351.1008253885439,798.4377127840047,3.9985061147691847,9.092995077115347,LM-like,5047.0,129.0,0.0,0.9166363966581912,4.982641971688369,19.67706828192906,0.5275241722426007,0.6666666666666666,0.6264269689511212,ordered-intermetallic,-14.0,17.0,1.0,2.2698644133778783,Pt+Ga mixed projected column,0.045262044903500095,0.9547379550965,Pt+Ga mixed projected column,Pt+Ga mixed projected column
980,189.38958378930363,666.7286388705608,2.1568602352816644,7.593028402782727,LM-like,5433.0,152.0,0.0,1.0326934042957612,4.9830829168801225,19.123535674624847,0.5273160465098962,0.6666666666666666,0.6284551089631898,ordered-intermetallic,-25.0,20.0,1.0,1.221830975359949,Pt+Ga mixed projected column,0.7455960350757233,0.7455960350757233,uncertain intensity,uncertain intensity
981,538.5606858120165,756.7727227841181,6.133389726471142,8.618494007224728,LM-like,4533.0,139.0,0.0,0.9197524601805824,4.984716597676917,20.863468984124516,0.5317467804320197,0.6666666666666666,0.6260362891701243,ordered-intermetallic,-7.0,8.0,1.0,0.5296650917284624,Pt+Ga mixed projected column,0.05029551607993735,0.9497044839200627,Pt+Ga mixed projected column,Pt+Ga mixed projected column
982,584.862667250582,787.5159230334217,6.660699098937444,8.96861244983556,LM-like,4434.0,157.0,0.0,0.8627298375328339,4.994374082020653,17.993021865383866,0.5297222796070964,0.6666666666666666,0.6257472051640729,ordered-intermetallic,-4.0,7.0,1.0,2.6930961101588653,Pt+Ga mixed projected column,0.006932321820556901,0.9930676781794431,Pt+Ga mixed projected column,Pt+Ga mixed projected column
983,618.5282799097578,878.2970865791084,7.044099388373384,10.002472273837936,Pt-like,5021.0,148.0,0.0,1.0289988728353314,5.004513075524784,19.54230701156312,0.4704298994238973,0.6666666666666666,0.6238372638594385,ordered-intermetallic,0.0,8.0,0.0,2.0470424546419825,Pt-rich projected column,0.7199010434407298,0.7199010434407298,uncertain intensity,uncertain intensity
984,211.0608315851686,737.6375593828827,2.403662892981345,8.400573505949131,LM-like,4671.0,149.0,0.0,0.8691849646445851,5.006887023085699,18.432077703060344,0.5267616262411208,0.6666666666666666,0.6278232696934924,ordered-intermetallic,-22.0,21.0,1.0,0.8902481608267386,Pt+Ga mixed projected column,0.008704149738842771,0.9912958502611572,Pt+Ga mixed projected column,Pt+Ga mixed projected column
985,326.31199567932043,871.3582887045941,3.71619892548641,9.923449885611737,LM-like,4938.0,145.0,0.0,0.9791790600832838,5.00807211124761,20.40665243853361,0.5316189571149775,0.6666666666666666,0.6247080818136382,ordered-intermetallic,-13.0,20.0,1.0,0.5386021311217482,Pt+Ga mixed projected column,0.30439885533330185,0.6956011446666981,uncertain intensity,uncertain intensity
986,163.97560184318186,805.4262951013523,1.867433509782667,9.172584434669714,LM-like,4368.0,149.0,0.0,0.8496401478311613,5.014290909636746,18.78703238657816,0.531469933423621,0.6666666666666666,0.6254657060234228,ordered-intermetallic,-22.0,25.0,1.0,3.614618844526096,Pt+Ga mixed projected column,0.004365001212591198,0.9956349987874088,Pt+Ga mixed projected column,Pt+Ga mixed projected column
987,513.7695472861079,860.8787710002734,5.851056243266606,9.80410406643234,LM-like,3809.0,134.0,0.0,0.8068205888582928,5.016855785713041,19.159944035051478,0.5332700009238069,0.6666666666666666,0.6250953469925109,ordered-intermetallic,-5.0,12.0,1.0,2.5850375524199074,Pt+Ga mixed projected column,0.0009563708339120224,0.999043629166088,Pt+Ga mixed projected column,Pt+Ga mixed projected column
988,772.5689028093881,814.3320553742569,8.798388549913826,9.274007542600236,LM-like,3701.0,138.0,0.0,0.7176653092883459,5.020294043721622,18.1138125923636,0.5290383048486956,0.6666666666666666,0.6210790043305763,ordered-intermetallic,5.0,0.0,1.0,2.841607772065917,Pt+Ga mixed projected column,4.027857498493186e-05,0.9999597214250151,Pt+Ga mixed projected column,Pt+Ga mixed projected column
989,437.47576199777865,466.5406301303798,4.9821856940257225,5.313190478262716,Pt-like,5687.0,188.0,0.0,1.096817743490839,5.023246888021583,21.675647383417058,0.6238777061932528,0.5,0.5217183596970346,Pt-rich,,,,,,,,,Pt-rich region
990,703.28751923527,642.7807558575387,8.009378625046189,7.320298321452448,LM-like,5264.0,151.0,0.0,1.051538154214942,5.045152152394709,18.516783039958028,0.5343373611093419,0.6666666666666666,0.6270240136095167,ordered-intermetallic,-3.0,-2.0,1.0,2.0830050238399576,Pt+Ga mixed projected column,0.8513124271811965,0.8513124271811965,uncertain intensity,uncertain intensity
991,971.9077779890672,682.9996768666059,11.068556130508654,7.778330857850528,Pt-like,5309.0,174.0,0.0,1.0893608289730174,5.048483109711487,20.283827570397868,1.0,0.0,0.025265641137521,Pt-rich,,,,,,,,,Pt-rich region
992,56.84744893000348,865.4285152334877,0.6474062597377893,9.855918755608906,Pt-like,5703.0,160.0,0.0,1.1082394092499028,5.059655744279832,20.57153567361216,0.4729401234466304,0.6666666666666666,0.6323979598263567,liquid-metal,,,,,,,,,amorphous liquid-metal
993,503.0330962439904,808.8308860935952,5.728784342893491,9.211357564541188,Pt-like,4882.0,159.0,0.0,0.9691315136476428,5.059989870779942,18.91549300366928,0.4699827120065135,0.6666666666666666,0.6260922822058057,ordered-intermetallic,-7.0,11.0,0.0,2.618652964817192,Pt-rich projected column,0.2344253563866162,0.7655746436133838,uncertain intensity,uncertain intensity
994,399.844427775196,621.1992187479735,4.553621848214754,7.074517332463836,LM-like,4863.5,125.5,4.5,0.9301013578122012,5.063987267438042,18.427970832839453,0.5262784807930438,0.6666666666666666,0.6283251351332836,ordered-intermetallic,-17.0,10.0,1.0,2.0804139100272105,Pt+Ga mixed projected column,0.07106299951509576,0.9289370004849042,Pt+Ga mixed projected column,Pt+Ga mixed projected column
995,261.66802890724733,557.8000912340825,2.9800021474383223,6.352497386327885,LM-like,4763.0,166.0,0.0,0.986128364389234,5.0694195525296335,18.004693599119904,0.5258813350801812,0.6666666666666666,0.6223784642419032,ordered-intermetallic,-25.0,14.0,1.0,2.0040575226563053,Pt+Ga mixed projected column,0.35905099325317075,0.6409490067468293,uncertain intensity,uncertain intensity
996,483.99207904738586,497.48473445918336,5.5119360241582855,5.665596913758422,Pt-like,5596.0,201.0,9.0,1.1257292295312815,5.077978035318876,17.981814072895293,0.4762503656874983,0.6666666666666666,0.5934946821969441,Pt-rich,,,,,,,,,Pt-rich region
997,559.6657948629455,894.5586568864423,6.373744922160648,10.187666906284806,LM-like,4116.0,135.0,0.0,0.8497109826589595,5.079676282711048,19.256579767262533,0.5328125753755979,0.6666666666666666,0.620810770711389,ordered-intermetallic,-2.0,11.0,1.0,1.8258987692744515,Pt+Ga mixed projected column,0.004375954504680639,0.9956240454953194,Pt+Ga mixed projected column,Pt+Ga mixed projected column
998,60.62611670931729,654.9653662730743,0.6904395570948868,7.459062561606778,Pt-like,5519.0,197.0,0.0,0.9156366652841144,5.08127640793799,20.602785082898528,0.4661736752506955,0.6666666666666666,0.6290512549558448,liquid-metal,,,,,,,,,amorphous liquid-metal
999,640.7439189402526,946.9559184100616,7.297101836911167,10.784392278170497,Pt-like,5411.0,145.0,0.0,1.1863626397719798,5.083245337702769,19.728284297410383,0.4690747033148167,0.6666666666666666,0.6111758445096797,liquid-metal,,,,,,,,,amorphous liquid-metal
1000,877.1734526970453,759.8896937442662,9.989675787406384,8.65399158097699,Pt-like,6470.0,191.0,0.0,1.229921110160631,5.086083232303446,20.29147116644211,0.4682522709430465,0.6666666666666666,0.6090240744104715,Pt-rich,,,,,,,,,Pt-rich region
1001,55.84240116916079,514.5928855007569,0.6359602894444488,5.860432817309557,Pt-like,1473.0,86.0,16.0,0.6767746381805652,5.086144199124885,11.844377504869945,0.3858637185459277,0.75,0.664829773965198,liquid-metal,,,,,,,,,amorphous liquid-metal
1002,419.5900895403154,904.1691364973884,4.778495000308945,10.297115699085868,LM-like,4519.0,125.0,0.0,0.9317525773195876,5.1198639056947055,20.736069586973432,0.532908136033302,0.6666666666666666,0.6209908325954492,ordered-intermetallic,-8.0,17.0,1.0,1.6290637354441793,Pt+Ga mixed projected column,0.0750353625573167,0.9249646374426833,Pt+Ga mixed projected column,Pt+Ga mixed projected column
1003,342.46836289944946,573.5975358776253,3.900195454263156,6.532406331101885,Pt-like,6218.5,188.5,4.5,1.2901452282157675,5.122812879292035,18.853222413019985,0.467939982005952,0.6666666666666666,0.6259434904807573,ordered-intermetallic,-21.0,11.0,0.0,0.4042401377520603,Pt-rich projected column,0.9999637171096402,0.9999637171096402,Pt-rich projected column,Pt-rich projected column
1004,710.6104411133646,944.5424749865582,8.092775603321973,10.756906816477697,Pt-like,5421.0,168.0,0.0,1.1832369311360909,5.131498993327468,21.502585721203,0.4683286849602511,0.6666666666666666,0.5956024001668448,liquid-metal,,,,,,,,,amorphous liquid-metal
1005,538.4329479733988,791.7172934821104,6.131934986146237,9.016459689758454,LM-like,4610.0,144.0,0.0,0.9172304019100675,5.135804798465991,20.43569835247717,0.5303383442613357,0.6666666666666666,0.6260177887337528,ordered-intermetallic,-6.0,9.0,1.0,0.8787920318541804,Pt+Ga mixed projected column,0.04618303004650041,0.9538169699534996,Pt+Ga mixed projected column,Pt+Ga mixed projected column
1006,409.5929595719756,779.5081918881823,4.664642846118443,8.877416532212084,Pt-like,6026.0,168.0,0.0,1.1481375631132704,5.143965164786016,19.917255738126645,0.4688035825354982,0.6666666666666666,0.6260954470482274,ordered-intermetallic,-12.0,14.0,0.0,1.0344478006842743,Pt-rich projected column,0.9943907365746099,0.9943907365746099,Pt-rich projected column,Pt-rich projected column
1007,114.05851697584129,986.5348963412424,1.298953589940171,11.235136833097156,LM-like,3742.0,116.0,0.0,0.8960727969348659,5.157478939341968,19.348451591277406,0.5892572736382785,0.6666666666666666,0.5700858787615022,liquid-metal,,,,,,,,,amorphous liquid-metal
1008,488.5669807514755,969.4614129225412,5.564037218788138,11.040695741212682,LM-like,3844.0,134.0,0.0,0.901818181818182,5.164161222112756,18.87581813838204,0.5861821840345554,0.6666666666666666,0.5732634593601068,liquid-metal,,,,,,,,,amorphous liquid-metal
1009,271.5920768324643,579.6003151947198,3.093022007953686,6.600768887010007,Pt-like,4813.0,197.0,0.0,0.9025362148985046,5.1804579331996985,18.18511222019717,0.4702666805064219,0.6666666666666666,0.6259451968156096,ordered-intermetallic,-24.0,14.0,0.0,3.1896903851856555,Pt-rich projected column,0.027921612824984194,0.9720783871750158,uncertain intensity,uncertain intensity
1010,8.026215818241258,556.4538773304896,0.0914064300252767,6.33716605089355,Pt-like,0.0,,,0.0,5.19063474082232,21.280871317795288,0.4979914614183421,1.0,0.6636954124400718,outside,,,,,,,,,outside
1011,644.3940580760571,696.5285640364427,7.338671387874545,7.932404372245576,Pt-like,5311.0,179.0,0.0,1.0002825124776344,5.195459790607755,18.49601789175891,0.4674861418101206,0.6666666666666666,0.6276535106090274,ordered-intermetallic,-4.0,2.0,0.0,3.443643353495215,Pt-rich projected column,0.4808842202596346,0.5191157797403654,uncertain intensity,uncertain intensity
1012,329.43624875956374,624.3239980740667,3.751779431546499,7.11010383166634,LM-like,4767.0,162.0,0.0,0.856950249426992,5.195601694510692,17.740364500442258,0.5263818457159267,0.6666666666666666,0.6286326301960414,ordered-intermetallic,-20.0,13.0,1.0,2.090216532607208,Pt+Ga mixed projected column,0.005652500111266892,0.994347499888733,Pt+Ga mixed projected column,Pt+Ga mixed projected column
1013,269.4404367822924,786.9438287261667,3.0685180897761266,8.962097162999498,Pt-like,5419.0,161.0,0.0,0.9906764168190128,5.198515655438849,20.14247766050377,0.4683530067416145,0.6666666666666666,0.6256697602766926,ordered-intermetallic,-18.0,20.0,0.0,0.7465631719819564,Pt-rich projected column,0.3970277881284892,0.6029722118715108,uncertain intensity,uncertain intensity
1014,690.4893986064985,662.9069851725753,7.863627433675261,7.549505560980762,Pt-like,6043.0,178.0,0.0,1.094548089114291,5.211553852923129,18.71670969907645,0.4715111493146718,0.6666666666666666,0.6245146634421158,ordered-intermetallic,-3.0,-1.0,0.0,1.349260436739192,Pt-rich projected column,0.9635029069365756,0.9635029069365756,Pt-rich projected column,Pt-rich projected column
1015,667.4186059139101,733.8471385307475,7.600886081381941,8.357406358910845,Pt-like,5452.0,166.0,0.0,1.0294561933534745,5.215187924594503,17.332103279467997,0.4672717344931817,0.6666666666666666,0.6270323999951632,ordered-intermetallic,-2.0,2.0,0.0,0.1486687582347799,Pt-rich projected column,0.72316630175152,0.72316630175152,uncertain intensity,uncertain intensity
1016,840.524455207949,885.5791894230064,9.572299267718222,10.085404385197918,LM-like,4226.0,127.0,0.0,0.9105796164619694,5.217679485707534,19.706565551955293,0.531031726007086,0.6666666666666666,0.6215838775413092,ordered-intermetallic,10.0,-1.0,1.0,1.687367417303326,Pt+Ga mixed projected column,0.036819854779307125,0.9631801452206928,Pt+Ga mixed projected column,Pt+Ga mixed projected column
1017,153.13703718226273,720.159519032019,1.7439986901007525,8.201525123935868,Pt-like,5992.0,184.0,0.0,1.1727174870339565,5.21993518012498,19.52509719245608,0.4698292745660042,0.6666666666666666,0.627858491077626,ordered-intermetallic,-25.0,23.0,0.0,1.7215529242889986,Pt-rich projected column,0.9976504723099727,0.9976504723099727,Pt-rich projected column,Pt-rich projected column
1018,42.807924986415244,988.296590153189,0.487517366640594,11.25519985479932,LM-like,4101.0,113.0,0.0,1.0014652014652017,5.223403405876925,21.896811474930253,0.5127007153731375,0.5,0.5809632636786666,liquid-metal,,,,,,,,,amorphous liquid-metal
1019,102.2747681010194,968.4096416567694,1.1647545550084315,11.02871766103337,Pt-like,4776.0,145.0,0.0,1.1956440105144577,5.228224797636908,20.648136142857567,0.4713720397208598,0.6666666666666666,0.5895871923158393,liquid-metal,,,,,,,,,amorphous liquid-metal
1020,585.4161611005197,718.1441019338191,6.667002554763883,8.178572578660463,LM-like,5095.0,142.0,0.0,0.9525144886894746,5.254102366685398,20.568566049515663,0.5325276148513078,0.6666666666666666,0.6264121596620433,ordered-intermetallic,-6.0,5.0,1.0,1.9686050316441916,Pt+Ga mixed projected column,0.14504609982302816,0.8549539001769718,Pt+Ga mixed projected column,Pt+Ga mixed projected column
1021,960.6204908657512,666.1464632175281,10.94001104226573,7.586398304702084,Pt-like,5557.0,201.0,0.0,1.089821533634046,5.259746645888722,20.283827570397868,1.0,0.0,0.0235113681296367,Pt-rich,,,,,,,,,Pt-rich region
1022,454.2738966882073,957.5113230077312,5.173490981337607,10.904602334016811,Pt-like,4010.0,179.0,0.0,0.9853790391940042,5.260038625887055,16.72768785539799,0.4684655895247273,0.6666666666666666,0.5807551975613021,liquid-metal,,,,,,,,,amorphous liquid-metal
1023,58.56645861072751,759.721942421412,0.6669831738966095,8.652081147729074,Pt-like,6134.0,182.0,0.0,1.0502525468709871,5.265823910700265,20.051966350393908,0.4715340870655328,0.6666666666666666,0.6345382059936968,liquid-metal,,,,,,,,,amorphous liquid-metal
1024,105.79380627312842,757.1258103306824,1.2048310647509324,8.62251513908172,Pt-like,6139.0,202.0,0.0,1.0922515790410106,5.272072286790058,20.935382142605658,0.4744483919961026,0.6666666666666666,0.6270639923079062,liquid-metal,,,,,,,,,amorphous liquid-metal
1025,454.5389296232454,918.977141008535,5.17650930466451,10.465756420792587,Pt-like,4983.0,156.0,0.0,1.15910676901605,5.288681828826518,20.53806412616457,0.4666030150394717,0.6666666666666666,0.6174996787169962,liquid-metal,,,,,,,,,amorphous liquid-metal
1026,937.7222862987032,633.5953412401749,10.679235207070086,7.215690374508505,Pt-like,5267.0,182.0,0.0,0.9539074526849588,5.301112099433352,20.35500971512836,1.0,0.0,0.0221812034186094,Pt-rich,,,,,,,,,Pt-rich region
1027,505.0795456483421,569.7135981800769,5.752090299089437,6.488174168970556,Pt-like,5500.0,169.0,0.0,1.2038962460326146,5.304542692534664,15.689474109368884,0.4714238548608311,0.6666666666666666,0.629050086364541,ordered-intermetallic,-14.0,4.0,0.0,3.83220634296788,Pt-rich projected column,0.9992229000982398,0.9992229000982398,Pt-rich projected column,Pt-rich projected column
1028,888.2800463868197,846.9112651124439,10.116163051381552,9.645035349807262,LM-like,4554.0,138.0,0.0,0.9337707607135534,5.3083562428581486,20.525445205519212,0.5300581518151913,0.6666666666666666,0.6279539573914596,liquid-metal,,,,,,,,,amorphous liquid-metal
1029,164.89052522746883,702.7864679772648,1.8778531000600989,8.00367241083627,LM-like,4297.0,158.0,14.0,0.7656124721603563,5.31290813409523,19.553689965868564,0.5282977048951656,0.6666666666666666,0.6282571672451818,ordered-intermetallic,-25.0,22.0,1.0,1.0170064092704003,Pt+Ga mixed projected column,0.00022129576246441188,0.9997787042375356,Pt+Ga mixed projected column,Pt+Ga mixed projected column
1030,632.5856881593598,715.4425847053129,7.204191956602575,8.147806393062972,LM-like,4963.0,166.0,0.0,0.9329824231600714,5.316193564318923,19.1578390848266,0.527875602777235,0.6666666666666666,0.6271215895968643,ordered-intermetallic,-4.0,3.0,1.0,2.575242228888765,Pt+Ga mixed projected column,0.07812554832978164,0.9218744516702184,Pt+Ga mixed projected column,Pt+Ga mixed projected column
1031,469.2203799503564,654.2870409218755,5.343708766077536,7.451337464231772,LM-like,5579.0,160.0,0.0,1.0133502860775587,5.316626161293999,19.44776065305722,0.5258237145040362,0.6666666666666666,0.6281572003819567,ordered-intermetallic,-13.0,8.0,1.0,1.010156188926543,Pt+Ga mixed projected column,0.595772010976593,0.595772010976593,uncertain intensity,uncertain intensity
1032,274.4809892254985,473.0914726020032,3.1259223403747125,5.387794642609777,Pt-like,4511.0,196.0,0.0,0.8548417661550123,5.3182566249026495,18.15438892038173,0.5283770567196185,0.5,0.5304751842625929,Pt-rich,,,,,,,,,Pt-rich region
1033,412.8424642546516,568.4651571855997,4.701649778042548,6.473956318742429,Pt-like,5425.0,191.0,9.0,1.0871743486973948,5.325333432704273,18.95720771557302,0.4746704413017849,0.6666666666666666,0.6267290078036426,ordered-intermetallic,-18.0,8.0,0.0,1.7662843959270675,Pt-rich projected column,0.9530823756542491,0.9530823756542491,Pt-rich projected column,Pt-rich projected column
1034,678.3390497323862,819.3201266889314,7.725253380535532,9.33081411270886,LM-like,4182.0,144.0,0.0,0.8312462731067383,5.331747029566453,20.23534222343201,0.5295709131290384,0.6666666666666666,0.6244659652895009,ordered-intermetallic,1.0,4.0,1.0,1.865494343092292,Pt+Ga mixed projected column,0.00227519612034743,0.9977248038796526,Pt+Ga mixed projected column,Pt+Ga mixed projected column
1035,841.3129428504326,848.6954950082929,9.58127894657942,9.665355023339249,LM-like,4283.0,141.0,0.0,0.8930358632193495,5.339046401436038,20.566350819906862,0.5308033384645081,0.6666666666666666,0.6254011997933052,ordered-intermetallic,9.0,-2.0,1.0,0.2547795066781644,Pt+Ga mixed projected column,0.020082057230430224,0.9799179427695698,Pt+Ga mixed projected column,Pt+Ga mixed projected column
1036,237.59345301317848,594.3439096452108,2.7058292262656622,6.768676075774734,LM-like,5580.0,169.0,0.0,1.0722521137586472,5.359826634875096,19.49083940046232,0.530446769967535,0.6666666666666666,0.628522861703906,ordered-intermetallic,-25.0,16.0,1.0,1.572528937187365,Pt+Ga mixed projected column,0.9228010609290929,0.9228010609290929,uncertain intensity,uncertain intensity
1037,70.70507109606984,741.9636087503965,0.8052235673612004,8.44984064973797,LM-like,5819.0,155.0,0.0,1.0571350713052956,5.364679327002275,20.273343343639777,0.5320104468191518,0.6666666666666666,0.6321068677499925,liquid-metal,,,,,,,,,amorphous liquid-metal
1038,84.19076105053,687.9777722054545,0.958805130962246,7.835023816718574,Pt-like,6102.0,183.0,0.0,1.0462066009429918,5.369536694420583,19.49466013441423,0.4688904268603447,0.6666666666666666,0.6297063986838685,liquid-metal,,,,,,,,,amorphous liquid-metal
1039,44.24288330640006,917.5992248527024,0.5038593664366601,10.450064044767444,LM-like,4717.0,145.0,0.0,1.0076906643879513,5.375639025130039,21.073871105415744,0.4797823291530061,0.6666666666666666,0.6261107857938903,liquid-metal,,,,,,,,,amorphous liquid-metal
1040,74.72331125485529,564.7873247026346,0.8509852309167738,6.432071382539393,LM-like,5195.0,171.0,0.0,1.0461135722915829,5.377851070618016,19.880859642113705,0.4735147244847771,0.5714285714285714,0.624819488524216,liquid-metal,,,,,,,,,amorphous liquid-metal
1041,188.698109569396,700.2414356334742,2.148985392226408,7.97468835083678,LM-like,5356.0,163.0,0.0,0.947796850115024,5.388905442230881,18.55262036181748,0.5308773721120793,0.6666666666666666,0.628158925567906,ordered-intermetallic,-24.0,21.0,1.0,2.5702462190611506,Pt+Ga mixed projected column,0.1254674643966813,0.8745325356033187,Pt+Ga mixed projected column,Pt+Ga mixed projected column
1042,297.3718153614125,502.8582590146284,3.386614146425809,5.726793211913038,Pt-like,5369.0,198.0,0.0,1.1514046751018658,5.399621798482605,16.437589183567184,0.463564499118084,0.6,0.549023466565378,Pt-rich,,,,,,,,,Pt-rich region
1043,476.2106624382304,990.1134914768896,5.423317485996654,11.275891606363022,Pt-like,4834.0,134.0,0.0,1.1899076923076923,5.402569330224111,22.701282385342036,0.5638551672556853,0.5,0.5614292584946088,liquid-metal,,,,,,,,,amorphous liquid-metal
1044,291.94642827467254,821.6768633715429,3.3248272126659346,9.35765377059316,Pt-like,5468.0,165.0,0.0,0.9769519385385028,5.408252128738835,17.929202970668932,0.4687703711586506,0.6666666666666666,0.625996692950924,ordered-intermetallic,-16.0,20.0,0.0,1.005564021372258,Pt-rich projected column,0.28790493787453103,0.7120950621254689,uncertain intensity,uncertain intensity
1045,726.0936304220733,711.6384257078528,8.269105656259013,8.10448278937715,LM-like,5001.0,159.0,0.0,0.967311411992263,5.40866582421634,19.29048289677969,0.5302977520291218,0.6666666666666666,0.6270951651418766,ordered-intermetallic,0.0,-1.0,1.0,2.215565116540188,Pt+Ga mixed projected column,0.22301724680635238,0.7769827531936476,uncertain intensity,uncertain intensity
1046,364.7180430868493,606.8685075978186,4.153585579969992,6.91131225853821,Pt-like,6068.0,192.0,0.0,1.1512047049895655,5.4132907236369485,20.209858872737428,0.4664190872582028,0.6666666666666666,0.6281491033239355,ordered-intermetallic,-19.0,11.0,0.0,0.5680887132892557,Pt-rich projected column,0.9949670607388588,0.9949670607388588,Pt-rich projected column,Pt-rich projected column
1047,569.5633438014986,986.9034186063544,6.486462999391699,11.2393337429986,Pt-like,4655.0,119.0,0.0,0.9980703259005146,5.423322419771573,21.9493930497517,0.5297975165359241,0.5,0.5741756656329515,liquid-metal,,,,,,,,,amorphous liquid-metal
1048,491.9882355022194,793.4748798821238,5.603000123605846,9.036475934265743,LM-like,4326.0,128.0,9.0,0.8510722014558332,5.42485594206511,18.91549300366928,0.5341916121865937,0.6666666666666666,0.6261750062442004,ordered-intermetallic,-8.0,11.0,1.0,1.3851652482099186,Pt+Ga mixed projected column,0.004591838084336899,0.9954081619156631,Pt+Ga mixed projected column,Pt+Ga mixed projected column
1049,212.372431686866,632.675092930989,2.4186000296883448,7.205210141409326,LM-like,5066.0,175.0,0.0,0.9800735151866898,5.429143640846336,17.466934985401224,0.5275364641037122,0.6666666666666666,0.6287512755059508,ordered-intermetallic,-25.0,18.0,1.0,1.0931012006893694,Pt+Ga mixed projected column,0.31117066877836846,0.6888293312216316,uncertain intensity,uncertain intensity
1050,569.8904955538113,951.1242953915432,6.490188761872127,10.831863772521649,Pt-like,4896.0,151.0,0.0,1.0567096530513138,5.444817793324222,18.92300745829944,0.466659055563617,0.6666666666666666,0.5923433049551727,liquid-metal,,,,,,,,,amorphous liquid-metal
1051,109.10447330093012,583.17984147552,1.2425345430608463,6.641534264607504,Pt-like,5708.0,196.0,0.0,1.0348078317621463,5.452360518344639,20.7480663850655,0.470533338124262,0.6666666666666666,0.6286199365375145,liquid-metal,,,,,,,,,amorphous liquid-metal
1052,794.9516638861277,850.3338972037526,9.05329426519296,9.684013940445888,LM-like,4905.0,129.0,0.0,0.981785428342674,5.464908636480478,19.237315212093467,0.5313457731438055,0.6666666666666666,0.6201819926394735,ordered-intermetallic,7.0,0.0,1.0,0.9010666795621722,Pt+Ga mixed projected column,0.3243576597998084,0.6756423402001916,uncertain intensity,uncertain intensity
1053,655.1343806961726,820.7702077570905,7.460987379651551,9.34732833767979,LM-like,4689.0,140.0,0.0,0.9003456221198156,5.474435664229648,19.69487176136948,0.5298406030873631,0.6666666666666666,0.6245901226793406,ordered-intermetallic,0.0,5.0,1.0,1.585402180181747,Pt+Ga mixed projected column,0.02588461928444257,0.9741153807155575,Pt+Ga mixed projected column,Pt+Ga mixed projected column
1054,607.2958021684157,858.1509426627828,6.916178495897377,9.773038237192472,LM-like,4372.0,124.0,0.0,0.8764157562393505,5.479045958493243,18.358544254823716,0.5313467643046582,0.6666666666666666,0.6242831907727278,ordered-intermetallic,-1.0,8.0,1.0,1.15791173846258,Pt+Ga mixed projected column,0.011225724961923053,0.9887742750380769,Pt+Ga mixed projected column,Pt+Ga mixed projected column
1055,90.18007874198166,987.4956883377532,1.0270143793627944,11.246078797328703,LM-like,3715.0,132.0,0.0,0.8651606893339544,5.4844903597495325,20.30265430486178,0.5890621834762899,0.6666666666666666,0.573317118000398,liquid-metal,,,,,,,,,amorphous liquid-metal
1056,79.13098278357518,969.1505467899304,0.9011819273784722,11.037155447250846,Pt-like,4449.0,152.0,0.0,1.0234644582470669,5.487764470830641,21.046885691249365,0.4706358974263134,0.6666666666666666,0.5940713938766942,liquid-metal,,,,,,,,,amorphous liquid-metal
1057,328.3747713069095,694.1380797011813,3.739690812613659,7.905180379760724,LM-like,4825.0,152.0,0.0,0.8736985061113626,5.498546335560779,20.40614862612201,0.5330806538714696,0.6666666666666666,0.6274772107667081,ordered-intermetallic,-18.0,15.0,1.0,2.371034605300838,Pt+Ga mixed projected column,0.010202991871410829,0.9897970081285892,Pt+Ga mixed projected column,Pt+Ga mixed projected column
1058,595.5838000054966,878.8812436849678,6.782796547242609,10.009124937662294,Pt-like,4956.0,150.0,0.0,1.0314255983350675,5.513289310990976,20.07575143215984,0.4701297192218929,0.6666666666666666,0.62376776393962,ordered-intermetallic,-1.0,9.0,0.0,1.7030037380056544,Pt-rich projected column,0.7369561188650986,0.7369561188650986,uncertain intensity,uncertain intensity
1059,676.7295076688633,892.0814558559339,7.7069231365782525,10.159455342107936,LM-like,4253.0,124.0,0.0,0.8555622611144639,5.519381979105647,20.523985622502455,0.5283808699853484,0.6666666666666666,0.6216216356970274,ordered-intermetallic,3.0,6.0,1.0,0.9067608283790428,Pt+Ga mixed projected column,0.005381925166311794,0.9946180748336882,Pt+Ga mixed projected column,Pt+Ga mixed projected column
1060,864.5201646982981,883.4101955263387,9.845574020117924,10.06070283301807,LM-like,4173.0,133.0,0.0,0.8756688700031476,5.524689707214761,20.38200042590277,0.5304992112899188,0.6666666666666666,0.6225212427842792,liquid-metal,,,,,,,,,amorphous liquid-metal
1061,459.9855383289986,565.9028748600203,5.238537920491911,6.4447758076022,Pt-like,5837.0,177.0,0.0,1.1729126896413142,5.530134824416676,17.708840648720482,0.4723787167674334,0.6666666666666666,0.6320894818542351,ordered-intermetallic,-16.0,6.0,0.0,2.3128971810158534,Pt-rich projected column,0.9976666761364014,0.9976666761364014,Pt-rich projected column,Pt-rich projected column
1062,87.1448870282625,545.6481531728806,0.9924481472459308,6.2141052347564925,Pt-like,5009.0,193.0,0.0,1.0694422204430212,5.533361632544601,17.938184452101773,0.5107057896677876,0.8,0.6461913085558038,liquid-metal,,,,,,,,,amorphous liquid-metal
1063,606.6935871455918,895.6027395889724,6.909320179775499,10.199557425385043,LM-like,4461.0,125.0,0.0,0.9148892534864644,5.535343618704512,20.07575143215984,0.5370120519590152,0.6666666666666666,0.622596166812123,ordered-intermetallic,0.0,9.0,1.0,1.334727953745465,Pt+Ga mixed projected column,0.04265354442996866,0.9573464555700313,Pt+Ga mixed projected column,Pt+Ga mixed projected column
1064,645.8834919949173,593.9989120029396,7.35563378215407,6.764747075662941,Pt-like,6274.0,177.0,0.0,1.2485572139303482,5.543444688297901,19.378849116327974,0.5173586253002878,0.6666666666666666,0.623438700229624,ordered-intermetallic,-7.0,-1.0,0.0,0.8478425844412698,Pt-rich projected column,0.9998409681006879,0.9998409681006879,Pt-rich projected column,Pt-rich projected column
1065,667.6913269475372,663.8261467832986,7.60399196049623,7.55997341823194,Pt-like,6237.0,195.0,0.0,1.106930517348478,5.573951663400137,18.805839587597102,0.4738346289706162,0.6666666666666666,0.6238261548305151,ordered-intermetallic,-4.0,0.0,0.0,0.7309193641212599,Pt-rich projected column,0.9761857261310061,0.9761857261310061,Pt-rich projected column,Pt-rich projected column
1066,620.7433220912782,769.9128379467543,7.069325360706202,8.768139997855561,Pt-like,6134.0,199.0,0.0,1.161742424242424,5.57483979972972,20.320522133574787,0.470083343242869,0.6666666666666666,0.6258172587518751,ordered-intermetallic,-3.0,5.0,0.0,1.4184445158386976,Pt-rich projected column,0.9965336346503842,0.9965336346503842,Pt-rich projected column,Pt-rich projected column
1067,756.6557430038398,978.597252041488,8.617161784874554,11.144739098388593,LM-like,4768.0,139.0,0.0,1.1275866146387608,5.5764254793085,23.159042490529306,0.5605655935528593,0.5,0.5716519079449074,liquid-metal,,,,,,,,,amorphous liquid-metal
1068,503.1797112079031,776.5400625246127,5.73045406505684,8.843614038593548,Pt-like,5699.0,165.0,0.0,1.114718826405868,5.583716548187912,19.277240685045896,0.4715643873020335,0.6666666666666666,0.6263363734393637,ordered-intermetallic,-8.0,10.0,0.0,0.3621685132850548,Pt-rich projected column,0.9818387140026616,0.9818387140026616,Pt-rich projected column,Pt-rich projected column
1069,501.8084869020683,882.7691113734254,5.71483789905799,10.053401856432018,Pt-like,5079.0,173.0,0.0,1.1446923597025016,5.600583984265241,18.77783403142874,0.4712160985170096,0.6666666666666666,0.6236067804873645,ordered-intermetallic,-5.0,13.0,0.0,1.4074520529265997,Pt-rich projected column,0.9936648171477569,0.9936648171477569,Pt-rich projected column,Pt-rich projected column
1070,361.9463687712208,851.2293911888165,4.12202041151183,9.694212259322107,Pt-like,5766.0,151.0,0.0,1.130145041160329,5.610052539259805,19.41391019136411,0.470414979571154,0.6666666666666666,0.6244218124851982,ordered-intermetallic,-12.0,18.0,0.0,1.5553082406462542,Pt-rich projected column,0.9894217889439676,0.9894217889439676,Pt-rich projected column,Pt-rich projected column
1071,371.9300572918347,974.9681468009665,4.23571948799064,11.10340909160405,LM-like,3864.0,152.0,0.0,0.8234416622269579,5.611605862574443,20.65993765230472,0.6370723292408162,0.6666666666666666,0.5481394554119976,liquid-metal,,,,,,,,,amorphous liquid-metal
1072,198.70296473768795,788.2978009975358,2.2629255247325752,8.977516854480731,Pt-like,5697.0,188.0,0.0,1.0987463837994214,5.614784474959164,20.28991205734488,0.4687233148374397,0.6666666666666666,0.6254797021602923,ordered-intermetallic,-21.0,23.0,0.0,1.5623736999300164,Pt-rich projected column,0.9684014184791596,0.9684014184791596,Pt-rich projected column,Pt-rich projected column
1073,681.1842702055972,576.8280216088799,7.757656128228906,6.569196666002982,LM-like,5085.0,146.0,0.0,0.9675577965940444,5.619901525848973,19.021373688460397,0.5414943734597059,0.6666666666666666,0.6163924344028581,ordered-intermetallic,-6.0,-3.0,1.0,1.1239605263089958,Pt+Ga mixed projected column,0.22453809714586764,0.7754619028541323,uncertain intensity,uncertain intensity
1074,703.6228942100257,610.4341020082787,8.013198037563425,6.951918973253945,LM-like,4754.0,161.0,0.0,0.9024297646165528,5.621433207536,18.780722513743072,0.5435302347722526,0.8,0.6294019202401449,ordered-intermetallic,-4.0,-3.0,1.0,0.9982366127753706,Pt+Ga mixed projected column,0.02781912209664108,0.9721808779033589,Pt+Ga mixed projected column,Pt+Ga mixed projected column
1075,333.27978907716704,518.3437944130416,3.7955515287647024,5.903149983255023,LM-like,3925.0,136.0,0.0,0.8154149787057234,5.625682000444307,18.56578668657037,0.5258994308760119,0.6666666666666666,0.5867886860657939,Pt-rich,,,,,,,,,Pt-rich region
1076,96.4611301652342,636.8091575970985,1.0985460326856304,7.2522908705075775,LM-like,5110.0,167.0,0.0,0.8744010951403148,5.641886707933128,18.852033816976803,0.5295051164196681,0.6666666666666666,0.6271698133678207,liquid-metal,,,,,,,,,amorphous liquid-metal
1077,129.007281450423,722.9310864354862,1.469197354231275,8.233089074826598,Pt-like,5878.0,180.0,0.0,1.0935813953488371,5.646809975054696,18.3769336394647,0.4698593065953405,0.6666666666666666,0.6276824329700958,ordered-intermetallic,-26.0,24.0,0.0,0.295132352276378,Pt-rich projected column,0.9622754707884192,0.9622754707884192,Pt-rich projected column,Pt-rich projected column
1078,635.9943671381661,539.3543528540546,7.243011642443412,6.1424283908410375,LM-like,3751.0,105.0,0.0,0.7019743613736316,5.65212720733382,15.10265354128333,0.5240731954671933,0.8,0.638077365950258,ordered-intermetallic,-9.0,-2.0,1.0,3.517192563472292,Pt+Ga mixed projected column,2.306323422367946e-05,0.9999769367657764,Pt+Ga mixed projected column,Pt+Ga mixed projected column
1079,613.9306087431341,470.3954769443081,6.991738884084913,5.357091339332848,LM-like,4548.0,173.0,0.0,0.8284153005464481,5.662643920507626,16.28901254566085,0.6504324077085177,0.8,0.5310675108083235,Pt-rich,,,,,,,,,Pt-rich region
1080,45.42281318088891,847.3775442103131,0.5172969788744017,9.650345561829566,LM-like,5031.0,146.0,0.0,0.919155933132365,5.670607737792615,20.39277845452794,0.4727736578360886,0.6666666666666666,0.6355154630531452,liquid-metal,,,,,,,,,amorphous liquid-metal
1081,132.14603576792743,582.1194884076218,1.5049430073991674,6.629458450712412,Pt-like,6102.0,178.0,0.0,1.1301046393184555,5.677857298934354,19.467345802048108,0.47228165632161,0.6666666666666666,0.627804338232589,ordered-intermetallic,-30.0,20.0,0.0,0.9017474489543909,Pt-rich projected column,0.989406751589864,0.989406751589864,Pt-rich projected column,Pt-rich projected column
1082,152.04934362637047,790.9102022785478,1.7316115094969549,9.007268144540497,Pt-like,6004.0,181.0,0.0,1.177601255271158,5.68007552695595,18.78703238657816,0.4719885094850966,0.6666666666666666,0.6261407767121037,ordered-intermetallic,-23.0,25.0,0.0,1.0933891544301508,Pt-rich projected column,0.9980240722812663,0.9980240722812663,Pt-rich projected column,Pt-rich projected column
1083,402.6049281558026,483.03496523767535,4.585059762493261,5.501035948898074,LM-like,5104.0,166.0,0.0,0.937201615864855,5.695385069827255,19.588423107426877,0.5887017187062346,0.6666666666666666,0.525717499364965,Pt-rich,,,,,,,,,Pt-rich region
1084,426.2380026044858,514.0973309499525,4.854204651541245,5.854789202261372,LM-like,4667.0,150.0,0.0,0.8829817425030745,5.70797836187076,17.658686653426173,0.5226693636133726,0.6666666666666666,0.6090171654115264,Pt-rich,,,,,,,,,Pt-rich region
1085,947.7629964837362,684.613061369708,10.793583673858937,7.796704861369285,Pt-like,5119.0,179.0,0.0,0.9356607567172364,5.712767020937011,19.813818643714928,0.9430771771575952,0.0,0.0660277039294088,Pt-rich,,,,,,,,,Pt-rich region
1086,667.016281119375,767.9163205281005,7.59630421191669,8.745402691277329,Pt-like,5301.0,123.0,9.0,1.003882208124231,5.727306311385969,20.65100399749931,0.4750447869978277,0.6666666666666666,0.626147893645169,ordered-intermetallic,-1.0,3.0,0.0,1.1296093601405668,Pt-rich projected column,0.5128519709187299,0.5128519709187299,uncertain intensity,uncertain intensity
1087,316.3577504858571,747.8289632429808,3.6028351638662883,8.516638145237826,Pt-like,6600.0,185.0,0.0,1.21692633907993,5.745378351960337,19.40233376217272,0.4671422273255546,0.6666666666666666,0.6261038756145723,ordered-intermetallic,-17.0,17.0,0.0,1.7814244404190285,Pt-rich projected column,0.9995107778987878,0.9995107778987878,Pt-rich projected column,Pt-rich projected column
1088,303.3008086476649,872.360757355747,3.454136391305953,9.93486648375577,LM-like,4823.0,141.0,0.0,0.928929121725732,5.747380737565247,21.211664585691636,0.5322809767738507,0.6666666666666666,0.6248744170618139,ordered-intermetallic,-14.0,21.0,1.0,0.8904935744075834,Pt+Ga mixed projected column,0.06836176045773565,0.9316382395422643,Pt+Ga mixed projected column,Pt+Ga mixed projected column
1089,156.98743023966418,475.5045303649056,1.78784882963616,5.415275712213016,Pt-like,3141.0,145.0,0.0,0.6495708820184055,5.753450940221755,20.55002025273403,0.5185870396128437,0.5,0.5756144987769078,liquid-metal,,,,,,,,,amorphous liquid-metal
1090,654.2771623312799,855.5392966093165,7.451224962061326,9.74329554802949,LM-like,4221.0,136.0,0.0,0.7757052283377746,5.75453780345403,19.36011457468417,0.533324646090964,0.6666666666666666,0.6240213894789557,ordered-intermetallic,1.0,6.0,1.0,1.7077522132842984,Pt+Ga mixed projected column,0.00031673426705369876,0.9996832657329463,Pt+Ga mixed projected column,Pt+Ga mixed projected column
1091,584.5099520185798,824.079353320947,6.656682207178867,9.385014488821984,LM-like,5095.0,141.0,0.0,1.0094105993065874,5.764488218463777,19.39100517265607,0.5298199761256079,0.6666666666666666,0.625644983585891,ordered-intermetallic,-3.0,8.0,1.0,1.2504095901642067,Pt+Ga mixed projected column,0.5616539867422238,0.5616539867422238,uncertain intensity,uncertain intensity
1092,198.3705665423202,824.4793415042876,2.259140013219621,9.389569747828148,Pt-like,5837.0,159.0,0.0,1.1320791311093872,5.77385034011013,20.12272556521905,0.4657408550115492,0.6666666666666666,0.6221996859099963,ordered-intermetallic,-20.0,24.0,0.0,0.5951123129851393,Pt-rich projected column,0.9901174663042701,0.9901174663042701,Pt-rich projected column,Pt-rich projected column
1093,351.97259376064363,692.1460530084961,4.0084342348829605,7.882494215743107,LM-like,5271.0,148.0,0.0,0.9382342470630116,5.774437433944864,18.45965215745076,0.5323154175055184,0.6666666666666666,0.6279577198895246,ordered-intermetallic,-17.0,14.0,1.0,3.3112611762262705,Pt+Ga mixed projected column,0.09266996080500442,0.9073300391949956,Pt+Ga mixed projected column,Pt+Ga mixed projected column
1094,36.932441730778905,689.2326807856148,0.4206045198852858,7.849315322942448,Pt-like,6330.0,185.0,0.0,1.0861358956760467,5.78082023005595,20.999351459622574,0.4428338120396849,0.6666666666666666,0.6430586666667064,liquid-metal,,,,,,,,,amorphous liquid-metal
1095,629.9697096247779,894.1399224808794,7.174399927047944,10.182898156227738,LM-like,4806.0,151.0,0.0,0.9936937868293187,5.786267689812194,19.54230701156312,0.5364093218993516,0.6666666666666666,0.6230678988790492,ordered-intermetallic,1.0,8.0,1.0,0.8932539136957709,Pt+Ga mixed projected column,0.4229588027637026,0.5770411972362974,uncertain intensity,uncertain intensity
1096,95.77695796560091,670.2690037138364,1.090754348571071,7.633347790977516,LM-like,5730.0,139.0,0.0,1.0830734335129004,5.786585267875752,19.39453648850492,0.5247502824687669,0.6666666666666666,0.6287260183153365,liquid-metal,,,,,,,,,amorphous liquid-metal
1097,539.3434987111493,718.4374222528138,6.14230477860877,8.181913052405543,LM-like,4835.0,136.0,0.0,0.9124363087374976,5.793637802335883,17.49449636262933,0.529939002690791,0.6666666666666666,0.6271702267168162,ordered-intermetallic,-8.0,7.0,1.0,3.777655827324369,Pt+Ga mixed projected column,0.0392326347687343,0.9607673652312657,Pt+Ga mixed projected column,Pt+Ga mixed projected column
1098,564.7309188337596,578.9915983284857,6.431429005207024,6.593836524748806,LM-like,4323.0,132.0,0.0,0.8219412491681719,5.802051673485849,17.523956586000136,0.5193155785766823,0.6,0.6213893140529145,ordered-intermetallic,-11.0,2.0,1.0,1.9833073616762609,Pt+Ga mixed projected column,0.0016356521175117074,0.9983643478824883,Pt+Ga mixed projected column,Pt+Ga mixed projected column
1099,653.1057275284962,928.0754873200116,7.437884095611353,10.56937279173238,LM-like,4555.0,132.0,0.0,0.9230925119059682,5.809335094840106,19.891742695059524,0.531528599363983,0.6666666666666666,0.6150911134746557,liquid-metal,,,,,,,,,amorphous liquid-metal
1100,127.92417016251451,827.1991730334303,1.4568623587128655,9.420544505544491,Pt-like,5798.0,172.0,0.0,1.1111536987351476,5.825527049307212,18.91486909313344,0.4672568982165303,0.6666666666666666,0.6259848279360812,ordered-intermetallic,-23.0,27.0,0.0,0.8481932024403313,Pt-rich projected column,0.9794361761411507,0.9794361761411507,Pt-rich projected column,Pt-rich projected column
1101,96.93363909311888,600.7569415794859,1.103927193027077,6.841710787029063,LM-like,6075.0,165.0,0.0,1.1095890410958904,5.83336527592761,20.46570056469417,0.5312532154412849,0.6666666666666666,0.6242472936053942,liquid-metal,,,,,,,,,amorphous liquid-metal
1102,155.37115794935022,581.6015609958218,1.7694419385990898,6.623560042695863,Pt-like,6427.0,201.0,0.0,1.2213987077156974,5.835704054778984,19.70072793938039,0.4725106102972595,0.6666666666666666,0.6267701682589499,ordered-intermetallic,-29.0,19.0,0.0,0.5202424637628261,Pt-rich projected column,0.9995826365821404,0.9995826365821404,Pt-rich projected column,Pt-rich projected column
1103,597.8666951470509,663.9779235585078,6.808795261921732,7.561701925600393,Pt-like,5718.0,181.0,0.0,1.101521864765941,5.848657268862514,18.366549769486557,0.4747506840544122,0.6666666666666666,0.6284636612030474,ordered-intermetallic,-7.0,3.0,0.0,3.0414660108462463,Pt-rich projected column,0.9712840039735258,0.9712840039735258,Pt-rich projected column,Pt-rich projected column
1104,733.5080418948094,979.321946766964,8.353544562314964,11.152992272638324,Pt-like,4693.0,156.0,0.0,1.0393090466172077,5.849638127562529,20.14796834227307,0.4650926853547528,0.75,0.5779017580584873,liquid-metal,,,,,,,,,amorphous liquid-metal
1105,608.0995789512589,823.6901972614868,6.92533229488817,9.380582591284776,LM-like,5085.0,145.0,0.0,1.0064324591786245,5.864494918858069,20.66665110803528,0.5311096928300528,0.6666666666666666,0.6250692845359562,ordered-intermetallic,-2.0,7.0,1.0,0.8110639607539982,Pt+Ga mixed projected column,0.5354517910209887,0.5354517910209887,uncertain intensity,uncertain intensity
1106,66.74831866371707,987.354518552953,0.7601621557912274,11.244471087500282,LM-like,3797.0,137.0,0.0,0.8900609470229723,5.866305408765657,20.91448115105233,0.5298888821357726,0.6666666666666666,0.5789220205989629,liquid-metal,,,,,,,,,amorphous liquid-metal
1107,254.90239786207192,980.051872570276,2.9029518668687206,11.161305020934034,LM-like,4367.0,149.0,0.0,0.9585162423178226,5.873213319361216,19.5567888659648,0.5859371518775373,0.6666666666666666,0.5728053970901643,liquid-metal,,,,,,,,,amorphous liquid-metal
1108,864.450115667078,848.2890739647947,9.84477626785016,9.660726503808428,LM-like,4454.0,145.0,0.0,0.9184452005361378,5.880314507578933,19.63423202046809,0.5303961195878152,0.6666666666666666,0.6262379064173296,ordered-intermetallic,10.0,-3.0,1.0,0.4914711430782801,Pt+Ga mixed projected column,0.04812233918368959,0.9518776608163104,Pt+Ga mixed projected column,Pt+Ga mixed projected column
1109,655.9704095904029,678.5325977114343,7.47050848129523,7.727457598588476,LM-like,4207.0,141.0,0.0,0.7740570377184912,5.8840732778483,18.708628681749456,0.5260815599400712,0.6666666666666666,0.6268234044772539,ordered-intermetallic,-4.0,1.0,1.0,3.426988060896223,Pt+Ga mixed projected column,0.0002987211962239887,0.999701278803776,Pt+Ga mixed projected column,Pt+Ga mixed projected column
1110,245.78268020327909,786.7214646689167,2.7990921086830265,8.95956477350245,Pt-like,5980.0,185.0,0.0,1.1556113821923764,5.885115342076789,21.41641617040232,0.47240606966215,0.6666666666666666,0.6247155249207296,ordered-intermetallic,-19.0,21.0,0.0,1.1426675453389157,Pt-rich projected column,0.9956934494046981,0.9956934494046981,Pt-rich projected column,Pt-rich projected column
1111,470.8615270315403,582.5549134148754,5.362398943271188,6.634417281418948,LM-like,3751.0,136.0,9.0,0.695789278427008,5.910200709199144,17.475391222667284,0.5323617357185132,0.6666666666666666,0.6309903916085251,ordered-intermetallic,-15.0,6.0,1.0,2.556322341721469,Pt+Ga mixed projected column,1.8512566517659263e-05,0.9999814874334824,Pt+Ga mixed projected column,Pt+Ga mixed projected column
1112,389.7279642948816,569.8213810197536,4.438410666238432,6.489401652110299,Pt-like,5513.0,186.0,9.0,1.040188679245283,5.917214125335642,18.516700091592487,0.4713570970436863,0.6666666666666666,0.6278174630644111,ordered-intermetallic,-19.0,9.0,0.0,1.571796439857342,Pt-rich projected column,0.7927552953499712,0.7927552953499712,uncertain intensity,uncertain intensity
1113,235.9935315902781,630.1611732374304,2.6876085468197006,7.176580407327646,LM-like,5172.0,173.0,0.0,0.9456074595484047,5.927819964510394,18.90517231365605,0.529399175528338,0.6666666666666666,0.6288789937793968,ordered-intermetallic,-24.0,17.0,1.0,0.4026112193991699,Pt+Ga mixed projected column,0.11717631779754523,0.8828236822024548,Pt+Ga mixed projected column,Pt+Ga mixed projected column
1114,803.8769837930981,975.2060200507152,9.154940127702108,11.106118107290948,Pt-like,4991.0,147.0,0.0,1.1803239919593236,5.948146729823256,20.221087266061588,0.5050632704829239,0.5,0.5708059161058103,liquid-metal,,,,,,,,,amorphous liquid-metal
1115,574.8193207726482,631.4037731513781,6.546320608769205,7.190731736503911,Pt-like,5689.0,169.0,0.0,1.055766911014197,5.954868651852253,20.53110041273018,0.4790965422533383,0.6666666666666666,0.6271279147494173,ordered-intermetallic,-9.0,3.0,0.0,1.6599235492799,Pt-rich projected column,0.8693479756185651,0.8693479756185651,Pt-rich projected column,Pt-rich projected column
1116,56.08482111982804,557.8695746640803,0.6387210851617826,6.353288697255206,Pt-like,2585.0,97.0,0.0,1.096965839168258,5.9623028027088445,7.588886471168971,0.4105233857978371,0.5,0.6445572719844013,liquid-metal,,,,,,,,,amorphous liquid-metal
1117,352.29878455351263,657.4643760270884,4.012149053492187,7.487522494081261,LM-like,5031.0,160.0,0.0,0.920248765319188,5.963110504562248,17.73350708841382,0.5274556605758134,0.6666666666666666,0.628786836362333,ordered-intermetallic,-18.0,13.0,1.0,2.9553207925622544,Pt+Ga mixed projected column,0.05114466687503107,0.948855333124969,Pt+Ga mixed projected column,Pt+Ga mixed projected column
1118,574.2345498221388,667.1079014624494,6.539660954184903,7.597347628723286,Pt-like,5864.0,171.0,9.0,1.1491279639427787,5.976110221117715,20.075133285064112,0.4723958382238669,0.6666666666666666,0.6284927466081226,ordered-intermetallic,-8.0,4.0,0.0,1.0707227930751575,Pt-rich projected column,0.9945836708605937,0.9945836708605937,Pt-rich projected column,Pt-rich projected column
1119,608.9223587997666,716.1717204420631,6.934702509987283,8.156110143698323,LM-like,5057.0,151.0,0.0,0.9365682007593296,5.977762557272279,19.677222748989585,0.5280124987178354,0.6666666666666666,0.6266144452943623,ordered-intermetallic,-5.0,4.0,1.0,2.889273669254154,Pt+Ga mixed projected column,0.08781048179216487,0.9121895182078351,Pt+Ga mixed projected column,Pt+Ga mixed projected column
1120,196.84484256224437,928.530169337414,2.2417643301603967,10.574550930589924,Pt-like,4725.0,167.0,0.0,1.0024398005728228,6.003507500152177,19.43434757390231,0.4712689537924528,0.6666666666666666,0.615705041170352,liquid-metal,,,,,,,,,amorphous liquid-metal
1121,537.0063784421383,823.7307812823752,6.115688521935918,9.38104478175529,LM-like,3783.0,124.0,0.0,0.780080420661924,6.011504501326985,18.31277242467218,0.5276237747241987,0.6666666666666666,0.6264213284112481,ordered-intermetallic,-5.0,10.0,1.0,3.600924458746598,Pt+Ga mixed projected column,0.0003699943422324311,0.9996300056577676,Pt+Ga mixed projected column,Pt+Ga mixed projected column
1122,164.1897127298122,770.667104240751,1.8698719081785768,8.776729947438769,LM-like,4910.0,152.0,0.0,0.9630283416691184,6.044263713034336,17.64195244217003,0.5312774970383185,0.6666666666666666,0.6265569288102635,ordered-intermetallic,-23.0,24.0,1.0,3.2637720253102267,Pt+Ga mixed projected column,0.1977568935956752,0.8022431064043248,Pt+Ga mixed projected column,Pt+Ga mixed projected column
1123,175.9541798552561,753.0326976493783,2.003851353216997,8.575900791005148,Pt-like,6119.0,227.0,0.0,1.2066653520015775,6.05452674131061,20.5060170321727,0.4697524240262392,0.6666666666666666,0.6272769893931636,ordered-intermetallic,-23.0,23.0,0.0,2.826090522619213,Pt-rich projected column,0.9992956762258999,0.9992956762258999,Pt-rich projected column,Pt-rich projected column
1124,83.05122258145744,722.3766545888913,0.9458275153968057,8.226774936640282,Pt-like,6214.0,197.0,0.0,1.0639500042804555,6.062981878551566,20.635957676768424,0.4727303783315106,0.6666666666666666,0.6300781279174033,liquid-metal,,,,,,,,,amorphous liquid-metal
1125,189.86683521961712,632.1478903034031,2.1622954055359043,7.1992061027466665,LM-like,5166.0,151.0,0.0,1.021251359098547,6.077926809212068,18.61306046967224,0.5254254665421415,0.6666666666666666,0.6286051466786656,ordered-intermetallic,-26.0,19.0,1.0,0.8518762433919483,Pt+Ga mixed projected column,0.661201560442489,0.661201560442489,uncertain intensity,uncertain intensity
1126,728.0226215473682,606.835778664394,8.291073940729127,6.910939525605203,LM-like,4559.0,153.0,0.0,0.9504847284478264,6.079705277628866,17.106830801546206,0.523511368531656,0.6666666666666666,0.6321712979367187,ordered-intermetallic,-3.0,-4.0,1.0,1.8888598797102052,Pt+Ga mixed projected column,0.1363283960700312,0.8636716039299688,Pt+Ga mixed projected column,Pt+Ga mixed projected column
1127,279.9625952415767,871.8575616289112,3.188349522509043,9.92913584729699,LM-like,4136.0,135.0,0.0,0.8136927011607319,6.103360517562969,18.48694699606043,0.5344057070082802,0.6666666666666666,0.624305287599443,ordered-intermetallic,-15.0,22.0,1.0,2.1464127270260263,Pt+Ga mixed projected column,0.0012205907002145729,0.9987794092997855,Pt+Ga mixed projected column,Pt+Ga mixed projected column
1128,597.0203741634754,735.126685616016,6.799156948983734,8.371978460354693,Pt-like,5704.0,159.0,9.0,1.0090217583583938,6.104590639144771,20.568566049515663,0.4678986521590312,0.6666666666666666,0.6259244982903865,ordered-intermetallic,-5.0,5.0,0.0,1.9765713848764312,Pt-rich projected column,0.5582491797825992,0.5582491797825992,uncertain intensity,uncertain intensity
1129,715.8686035869225,589.5453314928759,8.15265810225858,6.714027545504047,Pt-like,5885.0,174.0,0.0,1.1856552835700616,6.121415345609603,17.854169910881293,0.5160159826717269,0.6666666666666666,0.6290382874359399,ordered-intermetallic,-4.0,-4.0,0.0,2.2051093944404587,Pt-rich projected column,0.9985151405379833,0.9985151405379833,Pt-rich projected column,Pt-rich projected column
1130,119.82638284432085,601.2797313957417,1.3646408378091033,6.847664570460715,LM-like,5242.0,168.0,0.0,0.9057451403887689,6.156212046686155,18.65468164791513,0.5323605018824176,0.6666666666666666,0.6276440839435876,ordered-intermetallic,-30.0,21.0,1.0,0.6705370861310121,Pt+Ga mixed projected column,0.031189054108038478,0.9688109458919615,Pt+Ga mixed projected column,Pt+Ga mixed projected column
1131,827.5922055525565,974.2782771885368,9.42502055008039,11.095552522595304,Pt-like,4763.0,147.0,0.0,1.103951790473983,6.164369907050569,21.490841430922035,0.5566043151559819,0.5,0.5690530679691406,liquid-metal,,,,,,,,,amorphous liquid-metal
1132,550.2689539629798,734.704380464837,6.266729150390685,8.367169044918489,Pt-like,4863.0,154.0,0.0,0.9438136826783114,6.170133656097685,19.595394916445503,0.4692854506558763,0.6666666666666666,0.6264946695907697,ordered-intermetallic,-7.0,7.0,0.0,4.478860955999948,Pt-rich projected column,0.11074145408402215,0.8892585459159779,uncertain intensity,uncertain intensity
1133,80.82449609103688,828.8936932992107,0.9204684764996112,9.439842522394285,Pt-like,6154.0,179.0,0.0,1.1396296296296295,6.189747636971919,20.11405694854716,0.4675347127774412,0.6666666666666666,0.6274631103787955,liquid-metal,,,,,,,,,amorphous liquid-metal
1134,851.0738365008144,973.6757177750488,9.69244072725445,11.088690284385873,Pt-like,4866.0,156.0,0.0,1.1580199904807236,6.197748442263966,20.60337428503564,0.5262108445704109,0.5,0.5674198468432206,liquid-metal,,,,,,,,,amorphous liquid-metal
1135,383.7768932483365,955.5653693943736,4.370636989139544,10.882440872523643,Pt-like,4641.0,140.0,0.0,1.0655493054758352,6.200339802237168,19.274224213510657,0.5320566828260804,0.6,0.5728175760478058,liquid-metal,,,,,,,,,amorphous liquid-metal
1136,42.44014498124634,495.4202031285075,0.483328909954597,5.642085031834748,LM-like,1293.0,73.0,0.0,0.714759535655058,6.2022328456362175,23.00236906933884,0.4954142092237591,0.5,0.6626254098263933,liquid-metal,,,,,,,,,amorphous liquid-metal
1137,424.2793986380273,584.3915859578658,4.831899121704826,6.6553341971962,LM-like,4682.0,163.0,0.0,0.8560980069482538,6.208990869253324,19.00830312435187,0.5270267467267906,0.6666666666666666,0.6277880949266894,ordered-intermetallic,-17.0,8.0,1.0,2.8253927727334887,Pt+Ga mixed projected column,0.005484802556011481,0.9945151974439885,Pt+Ga mixed projected column,Pt+Ga mixed projected column
1138,706.4929560122221,502.3333790048109,8.045883690333246,5.720815624345557,LM-like,4498.0,183.0,0.0,0.7949103119201202,6.2105968950247,18.869542405051025,0.5222375565551519,0.6666666666666666,0.5645418777098274,Pt-rich,,,,,,,,,Pt-rich region
1139,341.68378798999265,606.9593565286332,3.891260335499234,6.912346890128667,Pt-like,6299.0,179.0,0.0,1.1628744173166567,6.23216214012939,19.881531280568502,0.4686693450620655,0.6666666666666666,0.6281353999006112,ordered-intermetallic,-20.0,12.0,0.0,1.3965930534672175,Pt-rich projected column,0.9966698527884046,0.9966698527884046,Pt-rich projected column,Pt-rich projected column
1140,59.78767670911709,724.1060928282544,0.6808909966095689,8.246470616271786,Pt-like,6108.0,196.0,0.0,1.0220028444741909,6.2388961045757,20.27781276221683,0.4714080505350131,0.6666666666666666,0.6375295745595508,liquid-metal,,,,,,,,,amorphous liquid-metal
1141,690.8852317439514,695.2886401036662,7.868135373008021,7.91828351843793,Pt-like,5779.0,176.0,0.0,1.0256455763599257,6.251873025046871,19.420035932826675,0.472882530290559,0.6666666666666666,0.6270294820600535,ordered-intermetallic,-2.0,0.0,0.0,2.634405608067491,Pt-rich projected column,0.6952558400249143,0.6952558400249143,uncertain intensity,uncertain intensity
1142,61.86283971490217,581.4222048405136,0.7045239571945859,6.621517447999802,Pt-like,5106.0,164.0,0.0,1.009290373591619,6.253033734525987,18.716922549519296,0.4135329731921082,0.6666666666666666,0.6079198622944959,liquid-metal,,,,,,,,,amorphous liquid-metal
1143,128.82057628330926,791.1783438164939,1.4670710654322183,9.010321870141723,Pt-like,5661.0,188.0,0.0,1.0306781975421029,6.254278854973048,19.87647807756733,0.4711011404068284,0.6666666666666666,0.6262718964571814,ordered-intermetallic,-24.0,26.0,0.0,1.883993478894712,Pt-rich projected column,0.7317751505954047,0.7317751505954047,uncertain intensity,uncertain intensity
1144,682.9700348780078,538.9408140944056,7.777993280539133,6.137718811314072,LM-like,4932.0,152.0,0.0,0.8963605797628243,6.255972873530801,17.656872618666974,0.5354703862938403,0.6,0.613854087912559,Pt-rich,,,,,,,,,Pt-rich region
1145,292.6765611035354,786.4498927569845,3.333142318668807,8.956471981142139,Pt-like,5587.0,175.0,0.0,1.0308118081180813,6.257071771121491,18.666440558697204,0.4645603838267052,0.6666666666666666,0.6260562504021552,ordered-intermetallic,-17.0,19.0,0.0,0.9352415936135916,Pt-rich projected column,0.7327060663616833,0.7327060663616833,uncertain intensity,uncertain intensity
1146,208.91057553229948,912.8374490980242,2.379174736434855,10.39583463801179,LM-like,4575.0,143.0,0.0,0.9875876956287102,6.2601335999587535,19.356930396887176,0.5334819895830435,0.6666666666666666,0.6202383014273669,liquid-metal,,,,,,,,,amorphous liquid-metal
1147,35.26106026091494,759.528305927036,0.4015700188414126,8.649875921620739,Pt-like,6254.0,179.0,0.0,1.1419702364648954,6.262080657361839,20.057745145637824,0.4412327980836119,0.6666666666666666,0.6408198817382622,liquid-metal,,,,,,,,,amorphous liquid-metal
1148,513.1064968312571,897.767845405064,5.843505103803498,10.224214698221653,LM-like,4209.0,128.0,0.0,0.8997434801197093,6.269730260521649,18.77783403142874,0.5330061101164565,0.6666666666666666,0.6213633145829931,ordered-intermetallic,-4.0,13.0,1.0,0.7891787148005335,Pt+Ga mixed projected column,0.025350519600878207,0.9746494803991218,Pt+Ga mixed projected column,Pt+Ga mixed projected column
1149,104.90806746807036,791.3930209622994,1.1947438425856365,9.01276671737116,Pt-like,5872.0,182.0,0.0,1.063768115942029,6.270959237215161,19.05393943257238,0.4698949455076279,0.6666666666666666,0.6265150542818926,liquid-metal,,,,,,,,,amorphous liquid-metal
1150,702.4592753845499,713.4793774931717,7.999946183245576,8.125448439236978,LM-like,4905.0,173.0,0.0,0.9276595744680852,6.280282501562588,19.984031436527168,0.5285139064994555,0.6666666666666666,0.6273135969631095,ordered-intermetallic,-1.0,0.0,1.0,1.4426396320468695,Pt+Ga mixed projected column,0.06554381446846848,0.9344561855315315,Pt+Ga mixed projected column,Pt+Ga mixed projected column
1151,478.5835674625303,880.3051282598135,5.450341276780769,10.025340824289575,Pt-like,4855.0,136.0,0.0,1.0747094631986718,6.28584713308785,19.96407772906887,0.4702036074090411,0.6666666666666666,0.6245527528669074,ordered-intermetallic,-6.0,14.0,0.0,2.306475283280848,Pt-rich projected column,0.9287968446308791,0.9287968446308791,Pt-rich projected column,Pt-rich projected column
1152,995.323321751615,716.3472902276993,11.335223674828956,8.158109617384145,Pt-like,4290.0,140.0,0.0,0.9895052473763118,6.298227560625711,21.42245075055025,0.9726694573927234,0.0,0.0573045744578993,Pt-rich,,,,,,,,,Pt-rich region
1153,585.8979652863723,684.0731112973702,6.672489574001507,7.790555648636665,LM-like,4850.0,161.0,0.0,0.949769901106433,6.308374421469159,18.882706474806238,0.527864198580115,0.6666666666666666,0.6279768400681854,ordered-intermetallic,-7.0,4.0,1.0,1.0196699700358511,Pt+Ga mixed projected column,0.13336499307605953,0.8666350069239405,Pt+Ga mixed projected column,Pt+Ga mixed projected column
1154,220.4399473778637,928.3862220154168,2.5104768026516453,10.572911588823713,Pt-like,5416.0,176.0,0.0,1.1781596693495755,6.323583064955352,19.356930396887176,0.4703807225090102,0.6666666666666666,0.6149580359074658,liquid-metal,,,,,,,,,amorphous liquid-metal
1155,81.87328406821457,792.1762385055301,0.9324125815446525,9.0216863777916,Pt-like,6336.0,203.0,0.0,1.1273018414731786,6.353040581799341,19.831071416626155,0.4700200498964645,0.6666666666666666,0.6279215703724292,liquid-metal,,,,,,,,,amorphous liquid-metal
1156,222.51320785737133,786.7357310576542,2.534088096346687,8.959727246041611,Pt-like,6041.0,176.0,0.0,1.141858047443531,6.379402458479237,20.57779448089118,0.4713997458688295,0.6666666666666666,0.6244556886980878,ordered-intermetallic,-20.0,22.0,0.0,2.157996284666281,Pt-rich projected column,0.99299819234648,0.99299819234648,Pt-rich projected column,Pt-rich projected column
1157,314.1476002812798,890.5893564723227,3.5776649037343704,10.142462592225876,Pt-like,5823.0,155.0,0.0,1.178029536718592,6.392164645991303,19.5832869650878,0.4679756875212278,0.6666666666666666,0.6240001066722485,ordered-intermetallic,-13.0,21.0,0.0,0.8257391367468677,Pt-rich projected column,0.9980538591583846,0.9980538591583846,Pt-rich projected column,Pt-rich projected column
1158,563.9489781582549,613.9864904814748,6.422523886374187,6.992375292365104,LM-like,5328.0,173.0,0.0,1.005947323704333,6.397270730976766,16.755451112013482,0.5287248637677092,0.6666666666666666,0.6233535873784931,ordered-intermetallic,-10.0,3.0,1.0,2.0086024444782167,Pt+Ga mixed projected column,0.5311609708521108,0.5311609708521108,uncertain intensity,uncertain intensity
1159,548.3353053983539,878.9883045196614,6.244707824747501,10.010344198259876,Pt-like,5187.0,137.0,0.0,1.0833333333333333,6.413404409705397,19.256579767262533,0.4699167877179748,0.6666666666666666,0.6239847924662234,ordered-intermetallic,-3.0,11.0,0.0,0.442018603823222,Pt-rich projected column,0.9465872030946781,0.9465872030946781,Pt-rich projected column,Pt-rich projected column
1160,489.9600373057154,900.6725627156496,5.579902020997541,10.257295024692544,LM-like,4514.0,129.0,0.0,0.9818379554105492,6.42838542093753,18.36295002458138,0.5334773663247887,0.6666666666666666,0.6209523394439995,ordered-intermetallic,-5.0,14.0,1.0,1.33360415076243,Pt+Ga mixed projected column,0.3247668618687085,0.6752331381312915,uncertain intensity,uncertain intensity
1161,344.8704370221432,466.2631911447248,3.927551436856164,5.310030868827481,Pt-like,4799.0,199.0,9.0,1.0055526453640649,6.440467431511151,21.281219790188008,0.6306670366026762,0.5,0.4872032613957727,Pt-rich,,,,,,,,,Pt-rich region
1162,468.4569736525784,793.1826448189297,5.335014725707961,9.033147819938932,LM-like,5017.0,150.0,0.0,0.9591817225886626,6.469295686552843,18.514653730342683,0.5321200754220362,0.6666666666666666,0.6262040915178904,ordered-intermetallic,-9.0,12.0,1.0,2.4124289385370905,Pt+Ga mixed projected column,0.17696196900782474,0.8230380309921752,Pt+Ga mixed projected column,Pt+Ga mixed projected column
1163,155.15907081553698,615.6821136449423,1.7670265876796565,7.0116858695475015,Pt-like,5078.0,173.0,0.0,0.9842992828067456,6.482752815677492,19.73930165144162,0.4699105070283386,0.6666666666666666,0.6279568110243163,ordered-intermetallic,-28.0,20.0,0.0,1.307106389070097,Pt-rich projected column,0.3442335967638273,0.6557664032361727,uncertain intensity,uncertain intensity
1164,327.90279460477194,730.8186487795809,3.734315713516592,8.322916451986945,LM-like,4604.0,152.0,0.0,0.8360268748865081,6.490360898826814,19.7669424373992,0.535183579073691,0.6666666666666666,0.6262495769006038,ordered-intermetallic,-17.0,16.0,1.0,0.7472218875730132,Pt+Ga mixed projected column,0.0026953541861118027,0.9973046458138882,Pt+Ga mixed projected column,Pt+Ga mixed projected column
1165,783.2231526124434,835.0854113814651,8.919724302795213,9.510356804396965,Pt-like,5730.0,176.0,0.0,1.112189440993789,6.493704720443618,18.674759024788763,0.4672431590637409,0.6666666666666666,0.6196438068777279,ordered-intermetallic,6.0,0.0,0.0,1.2283443578382829,Pt-rich projected column,0.9801645561857565,0.9801645561857565,Pt-rich projected column,Pt-rich projected column
1166,702.7940236380651,677.7999363640952,8.003758458358025,7.719113696593519,LM-like,4768.0,157.0,0.0,0.842998585572843,6.498540580544724,19.31848317959896,0.5296032194136661,0.6666666666666666,0.6271517354655689,ordered-intermetallic,-2.0,-1.0,1.0,2.1016707370420256,Pt+Ga mixed projected column,0.003450504532531116,0.9965494954674688,Pt+Ga mixed projected column,Pt+Ga mixed projected column
1167,644.5491588167425,663.714776754332,7.340437750170474,7.5587050824445425,Pt-like,5739.0,185.0,0.0,1.0831367368123053,6.556426121121043,17.93291435024025,0.4711618707719359,0.6666666666666666,0.6269367134884851,ordered-intermetallic,-5.0,1.0,0.0,1.290451394917734,Pt-rich projected column,0.94623287264,0.94623287264,Pt-rich projected column,Pt-rich projected column
1168,477.8037928028673,918.7717519586791,5.44146082558458,10.4634173508948,Pt-like,5015.0,157.0,0.0,1.1311604826886208,6.560718916492082,19.8470468108914,0.4660852094471505,0.6666666666666666,0.6134281126370831,liquid-metal,,,,,,,,,amorphous liquid-metal
1169,36.15586344557806,724.9645350397769,0.4117604705483574,8.256246971619712,Pt-like,6650.0,173.0,0.0,1.1257829693583885,6.578892711484435,20.67439803091813,0.4726863325485091,0.8,0.644968371646654,liquid-metal,,,,,,,,,amorphous liquid-metal
1170,469.0349922566668,722.9197593257513,5.341597481303424,8.232960076219182,LM-like,4928.0,145.0,0.0,0.8913810255946459,6.579780218835983,18.25141208880344,0.529544475862326,0.6666666666666666,0.6272862525055911,ordered-intermetallic,-11.0,10.0,1.0,2.4261073549258354,Pt+Ga mixed projected column,0.0189568930279701,0.9810431069720299,Pt+Ga mixed projected column,Pt+Ga mixed projected column
1171,133.74131951660772,511.9070808474427,1.5231108707667087,5.829845574122454,Pt-like,5470.0,168.0,0.0,1.125514403292181,6.597628147152061,20.943128085935047,0.4659337711753229,0.6666666666666666,0.6098701766049803,liquid-metal,,,,,,,,,amorphous liquid-metal
1172,628.575488584003,996.573497093957,7.158521863102326,11.3494612766499,LM-like,3582.0,139.0,0.0,0.7770907907582167,6.615505792976425,17.184622372049887,0.6442491744080252,1.0,0.5994748810455282,liquid-metal,,,,,,,,,amorphous liquid-metal
1173,12.07004867846462,760.0003532729864,0.137459555650413,8.655251825243736,Pt-like,5489.0,163.0,0.0,0.9580242604066672,6.619297962709719,20.65088901101053,0.3911872512371304,0.6666666666666666,0.6398530590629492,liquid-metal,,,,,,,,,amorphous liquid-metal
1174,305.51457232862793,694.8057215970986,3.4793478034556933,7.912783808776726,LM-like,5120.0,169.0,0.0,0.9580838323353292,6.628577340990352,19.515097872716925,0.5299577825256683,0.6666666666666666,0.6277298119046665,ordered-intermetallic,-19.0,16.0,1.0,2.7519543128097057,Pt+Ga mixed projected column,0.17135101892291255,0.8286489810770874,Pt+Ga mixed projected column,Pt+Ga mixed projected column
1175,188.4428040429422,735.081321590575,2.1460778493360424,8.371461832879053,LM-like,4901.0,182.0,0.0,0.8732293986636971,6.646966415465003,20.33360004056028,0.5280563990735003,0.6666666666666666,0.627829971520403,ordered-intermetallic,-23.0,22.0,1.0,2.8466714856817306,Pt+Ga mixed projected column,0.010036007530501689,0.9899639924694983,Pt+Ga mixed projected column,Pt+Ga mixed projected column
1176,261.4801168627681,490.2492042665026,2.977862114135759,5.5831951942893365,LM-like,5867.0,199.0,0.0,1.2798865619546247,6.6853344232415886,18.36346261299224,0.5877757509340861,0.6666666666666666,0.5551526843963321,Pt-rich,,,,,,,,,Pt-rich region
1177,655.5966761682794,714.4057839920077,7.466252224215797,8.135998804780147,LM-like,5291.0,167.0,0.0,1.0299785867237687,6.688625453471868,20.410862683932734,0.5237524051581917,0.6666666666666666,0.6274669586277759,ordered-intermetallic,-3.0,2.0,1.0,2.5885344919694573,Pt+Ga mixed projected column,0.7268672945538565,0.7268672945538565,uncertain intensity,uncertain intensity
1178,61.49609408828778,618.9328795699759,0.7003472805121552,7.048707165109953,Pt-like,6134.0,177.0,0.0,1.0544048130640309,6.691949581346295,21.017615095876742,0.4497326083768294,0.8,0.612779889058104,liquid-metal,,,,,,,,,amorphous liquid-metal
1179,104.35622241291289,828.8996267031672,1.1884591640320885,9.439910094870012,Pt-like,5802.0,181.0,0.0,1.137981759340983,6.692366980261744,19.73068336182948,0.4666097622562853,0.6666666666666666,0.6263928708402767,liquid-metal,,,,,,,,,amorphous liquid-metal
1180,106.33305165754638,722.1565134699684,1.2109722521564878,8.224267863040694,Pt-like,6119.0,169.0,0.0,1.0856027676749755,6.70415078040611,20.314153893492385,0.473695826016102,0.6666666666666666,0.6280108317067128,liquid-metal,,,,,,,,,amorphous liquid-metal
1181,995.1114762900904,680.6499916189101,11.332811076190502,7.751571505119593,Pt-like,4311.0,170.0,0.0,0.8576544315129812,6.710443229857587,21.76312139799576,1.0,0.0,0.0238236556376497,Pt-rich,,,,,,,,,Pt-rich region
1182,609.5167921942932,680.4464275641197,6.941472205160194,7.749253219148815,LM-like,4517.0,140.0,0.0,0.8231435079726651,6.718478766729066,20.01208227541269,0.5285290850826404,0.6666666666666666,0.6277908350999004,ordered-intermetallic,-6.0,3.0,1.0,3.563047402388944,Pt+Ga mixed projected column,0.0017069257184114982,0.9982930742815885,Pt+Ga mixed projected column,Pt+Ga mixed projected column
1183,23.845641495532924,743.0358423530782,0.2715657054493307,8.462051764912761,LM-like,5995.0,151.0,0.0,1.013439269715155,6.719196509144385,20.057745145637824,0.5618505084241263,0.75,0.6427765694756618,liquid-metal,,,,,,,,,amorphous liquid-metal
1184,20.008159340484468,952.943266117465,0.2278626015181499,10.85257909143933,LM-like,3932.0,145.0,0.0,0.8600174978127734,6.745720443701257,21.78235485518913,0.4716256637778191,0.5,0.6078518179826458,liquid-metal,,,,,,,,,amorphous liquid-metal
1185,143.91341695809072,597.6277537039698,1.638955639216874,6.806074081132214,LM-like,5095.0,165.0,0.0,0.9256063221001,6.749422155757564,19.467345802048108,0.5300254367095205,0.6666666666666666,0.6276747111653588,ordered-intermetallic,-29.0,20.0,1.0,2.297725958485698,Pt+Ga mixed projected column,0.06121405064811871,0.9387859493518813,Pt+Ga mixed projected column,Pt+Ga mixed projected column
1186,268.58546325113764,822.1576910507257,3.058781237438896,9.363129668900248,Pt-like,5626.0,194.0,0.0,1.056178720608251,6.756705189701528,18.279598683150173,0.4671615399645919,0.6666666666666666,0.6245070681905049,ordered-intermetallic,-17.0,21.0,0.0,0.5516275920142708,Pt-rich projected column,0.8710011886569556,0.8710011886569556,Pt-rich projected column,Pt-rich projected column
1187,72.87332522035486,636.6048561455021,0.8299166946551415,7.24996418670511,LM-like,5916.0,169.0,0.0,1.0141424530727694,6.813768085969171,21.017615095876742,0.4807750805481733,0.6666666666666666,0.6238983009259099,liquid-metal,,,,,,,,,amorphous liquid-metal
1188,524.9442888223474,879.0565470592124,5.978319607897468,10.01112137732626,Pt-like,4951.0,136.0,9.0,1.048718491844948,6.815921476187207,21.14479417449359,0.470888875856317,0.6666666666666666,0.6241803846962793,ordered-intermetallic,-4.0,12.0,0.0,1.3822638121548865,Pt-rich projected column,0.8381777581841185,0.8381777581841185,Pt-rich projected column,Pt-rich projected column
1189,655.5022361660448,748.4742758361248,7.465176695766111,8.52398727734758,LM-like,4612.0,169.0,0.0,0.8578071235934158,6.832417667519128,17.835384153716454,0.5330335683536067,0.6666666666666666,0.6265403569032588,ordered-intermetallic,-2.0,3.0,1.0,3.5520518478593224,Pt+Ga mixed projected column,0.005826248271006913,0.9941737517289931,Pt+Ga mixed projected column,Pt+Ga mixed projected column
1190,351.3210038376924,730.4572512913508,4.001013613503448,8.318800682492665,LM-like,4515.0,145.0,0.0,0.8,6.8335275696438655,19.777743610244485,0.5334303681730878,0.6666666666666666,0.6262672488771515,ordered-intermetallic,-16.0,15.0,1.0,0.1750658636643569,Pt+Ga mixed projected column,0.0007506755916797644,0.9992493244083203,Pt+Ga mixed projected column,Pt+Ga mixed projected column
1191,362.3276354475382,817.9384809083094,4.1263624609357406,9.315079261911665,Pt-like,5591.0,156.0,9.0,1.060005687742914,6.841004427559507,17.483086222807554,0.4705601857046397,0.6666666666666666,0.6261665374499081,ordered-intermetallic,-13.0,17.0,0.0,0.572653877788635,Pt-rich projected column,0.8855262071527296,0.8855262071527296,Pt-rich projected column,Pt-rich projected column
1192,866.6444223913795,638.7285915787517,9.869766094761246,7.274150313600718,LM-like,4833.0,179.0,0.0,0.789770406078928,6.84966862358784,19.634569660249923,0.7012597517145716,0.8,0.390992437351804,Pt-rich,,,,,,,,,Pt-rich region
1193,527.2597901056154,703.8311700776165,6.00468965709817,8.015569983938656,Pt-like,5771.0,173.0,0.0,1.0662355658198617,6.867024606840272,18.956756480709192,0.4726490376809865,0.6666666666666666,0.6279810124805538,ordered-intermetallic,-9.0,7.0,0.0,1.3498737175091675,Pt-rich projected column,0.9061257969865845,0.9061257969865845,Pt-rich projected column,Pt-rich projected column
1194,512.3701055663313,933.036308353314,5.83511872370197,10.625869022448969,LM-like,4258.0,134.0,0.0,1.0060248080330774,6.935923332465262,19.89954680321159,0.5304387876567576,0.6666666666666666,0.6058971084073825,liquid-metal,,,,,,,,,amorphous liquid-metal
1195,141.96523319605257,701.3117223480709,1.6167687797112518,7.986877293907862,LM-like,4967.0,176.0,0.0,0.9023526205831592,6.948084787622861,17.72159400916645,0.5258124969257312,0.6666666666666666,0.6281071267299907,ordered-intermetallic,-26.0,23.0,1.0,3.5801169906967525,Pt+Ga mixed projected column,0.027745076007883996,0.972254923992116,Pt+Ga mixed projected column,Pt+Ga mixed projected column
1196,23.29574753030568,521.2227912424204,0.2653032468521384,5.935937392438505,Pt-like,1144.0,68.0,0.0,0.8194842406876791,6.954696250053959,16.192050762444428,0.4227431746073858,0.75,0.6691780974682433,liquid-metal,,,,,,,,,amorphous liquid-metal
1197,582.9756214706495,894.8348742968009,6.639208508359767,10.190812603829384,LM-like,4205.0,127.0,0.0,0.8751300728407908,6.971121485118794,19.21801840190822,0.5351848400426023,0.6666666666666666,0.6214377276171721,ordered-intermetallic,-1.0,10.0,1.0,0.5063376700410349,Pt+Ga mixed projected column,0.010729759520396915,0.9892702404796031,Pt+Ga mixed projected column,Pt+Ga mixed projected column
1198,374.8952487483167,726.513715872123,4.269488523301462,8.273889792664534,LM-like,4899.0,166.0,0.0,0.9205186020293122,7.053112360322907,18.02543297664193,0.5301328706209534,0.6666666666666666,0.6265781027569388,ordered-intermetallic,-15.0,14.0,1.0,2.951113549720881,Pt+Ga mixed projected column,0.051612017337630114,0.9483879826623699,Pt+Ga mixed projected column,Pt+Ga mixed projected column
1199,392.0552401608858,466.0096265555295,4.464914810085644,5.307143152573142,Pt-like,5712.0,178.0,0.0,1.1070840197693574,7.067834107859619,20.02893092583483,0.6256383958087631,0.5,0.4912204912825517,Pt-rich,,,,,,,,,Pt-rich region
1200,621.0390255691857,664.0842279854445,7.072692975018311,7.562912571860376,Pt-like,5647.0,189.0,0.0,1.058184203129392,7.084337131856266,20.01208227541269,0.4719535921546904,0.6666666666666666,0.6279081346933664,ordered-intermetallic,-6.0,2.0,0.0,1.9573311050620048,Pt-rich projected column,0.8787991665154787,0.8787991665154787,Pt-rich projected column,Pt-rich projected column
1201,562.5317687775546,649.9021305784242,6.406384020088292,7.401399983163189,LM-like,4869.0,143.0,0.0,0.8839066896614324,7.089544494343189,18.866764312685547,0.5315996705264528,0.6666666666666666,0.6274757168518814,ordered-intermetallic,-9.0,4.0,1.0,1.3802172148376497,Pt+Ga mixed projected column,0.014599533975786352,0.9854004660242136,Pt+Ga mixed projected column,Pt+Ga mixed projected column
1202,515.2160371931543,688.0771880501603,5.867529570356841,7.836156012470383,LM-like,4895.0,137.0,0.0,0.89341120642453,7.090789387788546,18.9292067482597,0.5268913858875356,0.6666666666666666,0.6284225687833207,ordered-intermetallic,-10.0,7.0,1.0,0.7326667050056527,Pt+Ga mixed projected column,0.020346225303549955,0.9796537746964501,Pt+Ga mixed projected column,Pt+Ga mixed projected column
1203,175.69163471205516,788.1293513245067,2.000861362067503,8.975598468083057,Pt-like,5372.0,191.0,0.0,1.0045815801776532,7.113531856261351,20.8544518096025,0.4691280775647876,0.6666666666666666,0.6259487881379818,ordered-intermetallic,-22.0,24.0,0.0,2.8266478263707544,Pt-rich projected column,0.519058825536506,0.519058825536506,uncertain intensity,uncertain intensity
1204,25.35112354653685,671.7156653195002,0.288710863624202,7.6498230734547,LM-like,5836.0,164.0,0.0,1.0111756042623234,7.115666510283823,20.4938384289032,0.5351846953409842,0.75,0.6395914996699578,liquid-metal,,,,,,,,,amorphous liquid-metal
1205,108.27425558994489,651.5009664284335,1.2330796219842852,7.419608299579703,Pt-like,5186.0,173.0,0.0,0.948687459983536,7.139793958788987,18.852033816976803,0.4668373468896727,0.6666666666666666,0.6279356678736487,liquid-metal,,,,,,,,,amorphous liquid-metal
1206,131.61623197921756,615.7364462632846,1.498909345454796,7.012304635699454,Pt-like,6109.0,189.0,0.0,1.1445433255269322,7.142351872192004,18.65468164791513,0.4738862381155801,0.6666666666666666,0.6276996756152264,ordered-intermetallic,-29.0,21.0,0.0,2.111387518121497,Pt-rich projected column,0.9936313905454955,0.9936313905454955,Pt-rich projected column,Pt-rich projected column
1207,49.07400622160022,672.0247770616005,0.5588785322168943,7.653343387568365,LM-like,5719.0,182.0,0.0,0.9606114050558496,7.152187626948597,20.412521549780458,0.4823239351243198,0.6666666666666666,0.6360711081713664,liquid-metal,,,,,,,,,amorphous liquid-metal
1208,36.94634229127327,654.8174903940326,0.4207628261953718,7.457378479531719,Pt-like,6071.0,208.0,0.0,1.0618277219064276,7.161085455960016,20.4938384289032,0.4236022162965151,0.8,0.6347437363210184,liquid-metal,,,,,,,,,amorphous liquid-metal
1209,290.9311155446796,891.4070763148618,3.313264339936179,10.15177518152823,Pt-like,5343.0,171.0,0.0,1.069562606345711,7.221238085258282,20.50309209139052,0.4689459573892923,0.6666666666666666,0.6235922914611165,ordered-intermetallic,-14.0,22.0,0.0,0.6997274867388407,Pt-rich projected column,0.9157112749841805,0.9157112749841805,Pt-rich projected column,Pt-rich projected column
1210,643.9988512519803,768.0485808407199,7.334170581301616,8.746908935724816,Pt-like,5743.0,151.0,0.0,1.1025148780956038,7.237831090898553,20.71777157137628,0.4729106879645868,0.6666666666666666,0.6259812767748977,ordered-intermetallic,-2.0,4.0,0.0,2.1074268617934804,Pt-rich projected column,0.9722520344673883,0.9722520344673883,Pt-rich projected column,Pt-rich projected column
1211,536.3864994952788,896.8379456430683,6.108629040498666,10.213624549707056,LM-like,4360.0,145.0,0.0,0.910609857978279,7.245599020694092,21.14479417449359,0.5329538698360866,0.6666666666666666,0.6212065913601182,ordered-intermetallic,-3.0,12.0,1.0,0.6304853674539104,Pt+Ga mixed projected column,0.03685798599990141,0.9631420140000986,Pt+Ga mixed projected column,Pt+Ga mixed projected column
1212,24.63377128717132,707.7985184303823,0.2805413089319214,8.060752066978187,LM-like,5723.0,185.0,0.0,0.9457159381971412,7.249304922448903,20.67439803091813,0.5321289548989505,0.75,0.6451285822313686,liquid-metal,,,,,,,,,amorphous liquid-metal
1213,70.13536029480754,539.9512714169103,0.7987354250448829,6.149226388313577,LM-like,2622.0,127.0,0.0,1.0490098019603922,7.262109449259362,17.938184452101773,0.5582730765680739,0.75,0.6524009781253691,liquid-metal,,,,,,,,,amorphous liquid-metal
1214,514.5526131922315,792.1050587945784,5.859974176770288,9.020875748795865,LM-like,4926.0,161.0,0.0,0.9975698663426488,7.271613280622811,19.277240685045896,0.5320750693514297,0.6666666666666666,0.6260617963282319,ordered-intermetallic,-7.0,10.0,1.0,1.231196419985883,Pt+Ga mixed projected column,0.4568829505081459,0.543117049491854,uncertain intensity,uncertain intensity
1215,492.0156013278752,688.3210120992318,5.603311778872105,7.838932798739857,LM-like,4868.0,158.0,0.0,0.8805281721986072,7.28913713939269,19.23241505591123,0.5246863244827966,0.6666666666666666,0.6282351608390059,ordered-intermetallic,-11.0,8.0,1.0,1.0268278469268888,Pt+Ga mixed projected column,0.012969272173564063,0.987030727826436,Pt+Ga mixed projected column,Pt+Ga mixed projected column
1216,250.28325595606475,470.87464177709785,2.850346843409385,5.362548300340478,Pt-like,3493.0,180.0,9.0,0.7148997134670487,7.303053367502758,22.377295766466325,0.5625724583133186,0.5,0.5473952779567021,Pt-rich,,,,,,,,,Pt-rich region
1217,925.3314147744544,651.0612884235414,10.538121965589667,7.4146010336778225,Pt-like,6044.0,201.0,0.0,1.0685052594360471,7.318378004687796,20.5476158769352,0.9648277938499884,0.0,0.0741624554228172,Pt-rich,,,,,,,,,Pt-rich region
1218,58.07491408922312,794.1918480226973,0.6613852270027464,9.044641114427328,Pt-like,5989.0,165.0,0.0,1.1106165971256374,7.376975594268815,19.96768156990015,0.4704714712342221,0.6666666666666666,0.632956147467785,liquid-metal,,,,,,,,,amorphous liquid-metal
1219,315.87879608143425,819.6995848000493,3.5973805993187367,9.335135565317024,Pt-like,6058.0,175.0,0.0,1.1126825236477178,7.390377520873157,18.74955045868124,0.471593721094068,0.6666666666666666,0.6262126440342719,ordered-intermetallic,-15.0,19.0,0.0,0.8520057111125369,Pt-rich projected column,0.9805023738045028,0.9805023738045028,Pt-rich projected column,Pt-rich projected column
1220,338.87510301325244,818.0092600350243,3.8592736717210223,9.31588532886025,Pt-like,6319.0,188.0,0.0,1.1514212827988335,7.42197751590144,20.48176448138097,0.4698343923094495,0.6666666666666666,0.6261209283790377,ordered-intermetallic,-14.0,18.0,0.0,0.7704711183754664,Pt-rich projected column,0.9950054546449952,0.9950054546449952,Pt-rich projected column,Pt-rich projected column
1221,500.7427199445769,915.5363337282448,5.702700429168159,10.426570842305962,Pt-like,4842.0,137.0,0.0,1.0304320068099595,7.439320889243563,18.36295002458138,0.4687800209508938,0.6666666666666666,0.6153250575182347,liquid-metal,,,,,,,,,amorphous liquid-metal
1222,657.625789919108,610.7059708364229,7.489360753599834,6.955015147039771,LM-like,4777.0,137.0,0.0,0.9193610469591994,7.460390224230694,20.420758443454663,0.548201549090273,0.8,0.6213845072211266,ordered-intermetallic,-6.0,-1.0,1.0,1.1288976230433667,Pt+Ga mixed projected column,0.04963526433165605,0.950364735668344,Pt+Ga mixed projected column,Pt+Ga mixed projected column
1223,679.0379188040139,746.7076739804096,7.733212439740916,8.503868360467727,LM-like,4240.0,153.0,0.0,0.7892042810609586,7.462315487664561,17.332103279467997,0.5330395679248014,0.6666666666666666,0.6267398065475742,ordered-intermetallic,-1.0,2.0,1.0,4.2826636315518325,Pt+Ga mixed projected column,0.0005116156400858983,0.999488384359914,Pt+Ga mixed projected column,Pt+Ga mixed projected column
1224,166.88782002541654,631.559029959465,1.900599259809945,7.192499876170936,LM-like,4862.0,173.0,0.0,0.9418829910887252,7.464330784881596,19.1958941705155,0.5275108644084469,0.6666666666666666,0.6283120628828983,ordered-intermetallic,-27.0,20.0,1.0,2.408219770237774,Pt+Ga mixed projected column,0.10416320675350059,0.8958367932464995,Pt+Ga mixed projected column,Pt+Ga mixed projected column
1225,243.639959011702,930.317439457917,2.7746897627834257,10.594905227671584,Pt-like,4663.0,137.0,0.0,1.0536662524008586,7.490286181885319,18.423601036030885,0.4692398047467471,0.6666666666666666,0.6130458282219782,liquid-metal,,,,,,,,,amorphous liquid-metal
1226,669.284578025059,592.348017088702,7.622136674820907,6.745945885429009,Pt-like,5138.0,192.0,0.0,0.9888375673595072,7.523939707681138,18.06955143985248,0.5304634030965301,0.6,0.6163630470220759,ordered-intermetallic,-6.0,-2.0,0.0,1.4511231551789183,Pt-rich projected column,0.3814942717058265,0.6185057282941735,uncertain intensity,uncertain intensity
1227,306.77641967494134,625.6108607035637,3.4937183317065337,7.124759246068221,LM-like,4799.0,172.0,0.0,0.8918831017980765,7.55599054521701,18.544746313230064,0.5300780703795551,0.6666666666666666,0.6284970129378042,ordered-intermetallic,-21.0,14.0,1.0,1.901784379245808,Pt+Ga mixed projected column,0.019291571784453457,0.9807084282155465,Pt+Ga mixed projected column,Pt+Ga mixed projected column
1228,84.70421155030445,618.3122144394919,0.9646525537380468,7.041638730233111,Pt-like,5821.0,206.0,0.0,0.9880336077399644,7.571530633960303,20.549920691219015,0.4683926350034082,0.6666666666666666,0.6222799451315543,liquid-metal,,,,,,,,,amorphous liquid-metal
1229,519.7049494204477,509.8597090081506,5.918651475210331,5.806529112790994,LM-like,4325.0,138.0,0.0,0.7967210094869669,7.606113506597654,15.989894860076737,0.5312059274617564,0.75,0.5979618477653512,Pt-rich,,,,,,,,,Pt-rich region
1230,118.28595090169615,739.0860333595133,1.3470976533544547,8.417069428583982,LM-like,5108.0,173.0,0.0,0.9232715770447356,7.617342624067946,19.388894730056027,0.5323353352994445,0.6666666666666666,0.6272251481207554,ordered-intermetallic,-26.0,25.0,1.0,2.06708308070918,Pt+Ga mixed projected column,0.056616159822294454,0.9433838401777055,Pt+Ga mixed projected column,Pt+Ga mixed projected column
1231,141.30788456856132,736.584175936377,1.6092825754175133,8.388577065475406,LM-like,5075.0,188.0,0.0,0.9900507218103785,7.655850064087752,18.3769336394647,0.5298770763027985,0.6666666666666666,0.6273209053414713,ordered-intermetallic,-25.0,24.0,1.0,3.337728437400269,Pt+Ga mixed projected column,0.3917172174520347,0.6082827825479653,uncertain intensity,uncertain intensity
1232,526.9125006016206,774.0817989973607,6.000734556155922,8.81561814386857,Pt-like,6050.0,170.0,0.0,1.1766994067879024,7.70539053258276,20.863468984124516,0.4681572975807238,0.6666666666666666,0.6259670617940694,ordered-intermetallic,-7.0,9.0,0.0,1.3328008956682955,Pt-rich projected column,0.997959852791496,0.997959852791496,Pt-rich projected column,Pt-rich projected column
1233,45.066712719625336,519.5095730967322,0.513241534486714,5.916426435083486,Pt-like,1319.0,52.0,0.0,0.7291321171918187,7.707215628922214,11.760580130072697,0.4275354083864317,0.6,0.6630445182504449,liquid-metal,,,,,,,,,amorphous liquid-metal
1234,338.134052006852,888.0434330717835,3.8508342242284983,10.113468384440903,Pt-like,4948.0,141.0,0.0,1.0123785166240409,7.712228793399394,20.44884002493249,0.4669637691924103,0.6666666666666666,0.6230256841205082,ordered-intermetallic,-12.0,20.0,0.0,1.0342400301461747,Pt-rich projected column,0.587428736988149,0.587428736988149,uncertain intensity,uncertain intensity
1235,257.18697127814727,804.8489307539368,2.928969694550291,9.16600913006587,LM-like,4838.0,133.0,0.0,0.8953870355804378,7.721228882772437,20.724835397899373,0.5288301442283823,0.6666666666666666,0.6241603271970623,ordered-intermetallic,-18.0,21.0,1.0,0.4428660331417569,Pt+Ga mixed projected column,0.0217938995473166,0.9782061004526834,Pt+Ga mixed projected column,Pt+Ga mixed projected column
1236,118.75972331517968,703.5911995056897,1.3524932028813643,8.012837082931796,LM-like,5165.0,173.0,0.0,0.9408014571948998,7.815920817251843,18.88552562766889,0.5269589449033697,0.6666666666666666,0.6281302282483109,ordered-intermetallic,-27.0,24.0,1.0,2.447106714899878,Pt+Ga mixed projected column,0.10063101137415338,0.8993689886258466,Pt+Ga mixed projected column,Pt+Ga mixed projected column
1237,562.4431156589186,683.3551491305171,6.405374395469588,7.782379148022751,LM-like,5088.0,146.0,0.0,0.9841392649903288,7.83023285426875,18.443965262509373,0.5266700775294649,0.6666666666666666,0.6281414634749363,ordered-intermetallic,-8.0,5.0,1.0,2.754918923499292,Pt+Ga mixed projected column,0.34295109951340946,0.6570489004865905,uncertain intensity,uncertain intensity
1238,504.0243475616338,703.3435219686254,5.740073192614888,8.010016411276164,Pt-like,5699.0,143.0,0.0,1.0308401917337433,7.837750465701855,18.9292067482597,0.4684944515477698,0.6666666666666666,0.627896498925406,ordered-intermetallic,-10.0,8.0,0.0,2.873188791412137,Pt-rich projected column,0.7329035613176735,0.7329035613176735,uncertain intensity,uncertain intensity
1239,95.56577473174757,704.9306435061131,1.0883492917018227,8.02809131943254,LM-like,5395.0,172.0,0.0,0.9249892841834548,7.8539057777221455,19.7284849774301,0.5281963832853023,0.6666666666666666,0.6288054192798284,liquid-metal,,,,,,,,,amorphous liquid-metal
1240,443.5512983399024,900.2993249816138,5.05137684214564,10.253044412748944,LM-like,4245.0,119.0,0.0,0.920724433358638,7.981914451519841,19.187122783065597,0.5309580575937918,0.6666666666666666,0.6217301756891531,ordered-intermetallic,-7.0,16.0,1.0,1.6722370002161413,Pt+Ga mixed projected column,0.0519712240810391,0.948028775918961,Pt+Ga mixed projected column,Pt+Ga mixed projected column
1241,538.9716845469712,686.7467111678716,6.138070378967645,7.821003897850591,LM-like,5222.0,130.0,0.0,0.9911739584321914,7.988463838470058,20.39226970305612,0.5275705760543744,0.6666666666666666,0.6283567264656793,ordered-intermetallic,-9.0,6.0,1.0,0.5457334774033135,Pt+Ga mixed projected column,0.4012681122025016,0.5987318877974984,uncertain intensity,uncertain intensity
1242,169.20619092156315,493.13216321786905,1.9270019895508577,5.616027726035482,LM-like,5101.0,190.0,0.0,1.036788617886179,8.003817551671778,19.753503373860024,0.5897457034585564,0.6666666666666666,0.5779105992125259,liquid-metal,,,,,,,,,amorphous liquid-metal
1243,321.83486924845715,466.6071082065463,3.6652112429864023,5.313947562766166,Pt-like,4778.0,186.0,0.0,1.0246622346129102,8.010630437829787,22.83855170981332,0.5865626981063009,0.3333333333333333,0.4920636359768306,Pt-rich,,,,,,,,,Pt-rich region
1244,611.3921491324714,576.6819528923329,6.962829677551158,6.56753316476899,LM-like,4872.0,143.0,0.0,0.9592439456585942,8.045534429526603,17.443202469277924,0.5230353044761599,0.6666666666666666,0.6329839403395804,ordered-intermetallic,-9.0,0.0,1.0,2.187448418978536,Pt+Ga mixed projected column,0.17728424858855846,0.8227157514114416,Pt+Ga mixed projected column,Pt+Ga mixed projected column
1245,926.1443607269226,616.853834140834,10.547380187521568,7.02502998960885,Pt-like,6133.0,176.0,0.0,1.0692119944211995,8.054572706159062,20.35500971512836,1.0,0.0,0.0184639211342571,Pt-rich,,,,,,,,,Pt-rich region
1246,634.3796821525856,611.0519695094093,7.224622828400823,6.958955547373797,LM-like,4912.0,145.0,0.0,0.9333966745843232,8.075109595048756,17.833804715426663,0.5288961079820923,0.6666666666666666,0.6256512561068365,ordered-intermetallic,-7.0,0.0,1.0,1.839981815168672,Pt+Ga mixed projected column,0.07919238487796228,0.9208076151220377,Pt+Ga mixed projected column,Pt+Ga mixed projected column
1247,539.6643537161581,650.0060695617482,6.145958830683589,7.402583690606552,LM-like,4892.0,136.0,0.0,0.9024165283158088,8.07657920736019,18.689987444026983,0.5293249703832991,0.6666666666666666,0.627521851759812,ordered-intermetallic,-10.0,5.0,1.0,2.0885606224888726,Pt+Ga mixed projected column,0.02780640370978964,0.9721935962902104,Pt+Ga mixed projected column,Pt+Ga mixed projected column
1248,108.37733941597568,617.724163583231,1.2342535904825414,7.034941722494801,Pt-like,5867.0,188.0,0.0,1.053226819854591,8.141257876342362,20.037463546893022,0.472263945542834,0.6666666666666666,0.627120430530703,liquid-metal,,,,,,,,,amorphous liquid-metal
1249,355.34863529835104,484.7860871559528,4.0468822297496745,5.520978572758869,LM-like,3687.0,170.0,9.0,0.7699697191187219,8.168068469515298,20.584942601929004,0.587491673246018,0.6666666666666666,0.5303090554055945,Pt-rich,,,,,,,,,Pt-rich region
1250,379.0474745426241,482.7150565500259,4.316776080116709,5.497392673943312,LM-like,4455.0,137.0,0.0,0.8634557612171722,8.221647520107904,18.737933269509444,0.595331165065854,0.6666666666666666,0.5325426509532964,Pt-rich,,,,,,,,,Pt-rich region
1251,4.589524683130703,633.6991053804286,0.0522677281919628,7.21687209075437,Pt-like,0.0,,,0.0,8.237920582089474,21.83127972343914,0.4409757274440499,1.0,0.6220653636069234,outside,,,,,,,,,outside
1252,95.11720496455716,739.117467543109,1.0832407621077196,8.417427416279343,LM-like,4711.0,151.0,0.0,0.8066090232000684,8.237970655072527,20.33394157835171,0.5330022226008536,0.6666666666666666,0.627969854069301,liquid-metal,,,,,,,,,amorphous liquid-metal
1253,610.8074049714877,612.0602164292477,6.9561703280589375,6.970437951238014,LM-like,5250.0,152.0,0.0,1.0248901903367496,8.299920879505247,17.812763915513344,0.5296944818902456,0.6666666666666666,0.6271872705032384,ordered-intermetallic,-8.0,1.0,1.0,1.8550462042180336,Pt+Ga mixed projected column,0.6895387318195937,0.6895387318195937,uncertain intensity,uncertain intensity
1254,286.669223438996,486.54616634914606,3.26472785009397,5.54102320640128,LM-like,4324.0,171.0,9.0,0.8693204664254122,8.317882572569546,18.15438892038173,0.5915475310093172,0.6666666666666666,0.5308332690775113,Pt-rich,,,,,,,,,Pt-rich region
1255,53.13826165177695,564.8630705833992,0.6051642399521623,6.43293401328676,LM-like,1892.0,99.0,0.0,0.7540852929453966,8.419055005529826,7.588886471168971,0.4543778794510942,0.5,0.6451926859455335,liquid-metal,,,,,,,,,amorphous liquid-metal
1256,111.58461654700366,510.6937964826078,1.2707796146124557,5.816028104606746,Pt-like,4184.0,165.0,0.0,0.8981431791349147,8.451744583316522,19.75571913403718,0.4245763941667764,0.8,0.6334127394950964,liquid-metal,,,,,,,,,amorphous liquid-metal
1257,561.8450104358297,718.6235319200525,6.398562883736029,8.18403255936383,LM-like,4929.0,90.0,0.0,0.9680840616714133,8.490102250572916,18.17271047246399,0.531086571919852,0.6666666666666666,0.6267394119301275,ordered-intermetallic,-7.0,6.0,1.0,2.5460658205335283,Pt+Ga mixed projected column,0.2278111782408973,0.7721888217591026,uncertain intensity,uncertain intensity
1258,49.31550533915647,636.6763257355806,0.5616288410411228,7.250778116984631,LM-like,6221.0,171.0,0.0,1.060699062233589,8.507764327422459,21.503928323655213,0.4578295952851957,0.6,0.6223649185502557,liquid-metal,,,,,,,,,amorphous liquid-metal
1259,13.203306499426052,689.6647182030416,0.1503656441556442,7.854235574136612,Pt-like,5820.0,193.0,0.0,0.9775762156714538,8.599084667537964,21.43572335959261,0.4313231851337107,0.6666666666666666,0.642836294531701,liquid-metal,,,,,,,,,amorphous liquid-metal
1260,517.9673281255206,580.9832179047503,5.8988626029818745,6.616518052327601,LM-like,4655.0,132.0,0.0,0.8839726547664262,8.638483474461461,17.120142111495895,0.5317994183407726,0.6666666666666666,0.6257602946810136,ordered-intermetallic,-13.0,4.0,1.0,2.084937672957453,Pt+Ga mixed projected column,0.01463329624452707,0.985366703755473,Pt+Ga mixed projected column,Pt+Ga mixed projected column
1261,879.0463813190478,619.4232735376519,10.011005604957557,7.054292008940008,Pt-like,6631.0,179.0,0.0,1.148722390645301,8.638509559580038,19.4537138710708,0.7491101243540784,0.25,0.3179280483340631,Pt-rich,,,,,,,,,Pt-rich region
1262,466.7589605026858,900.1533485870945,5.315676930203521,10.25138196292288,LM-like,4353.0,133.0,0.0,0.9339197597082172,8.65335579187048,19.659201040097425,0.5306189579579014,0.6666666666666666,0.62128133672513,ordered-intermetallic,-6.0,15.0,1.0,0.9440986296777876,Pt+Ga mixed projected column,0.0805585208743258,0.9194414791256742,Pt+Ga mixed projected column,Pt+Ga mixed projected column
1263,122.50706494102552,494.2320663310444,1.3951697428424767,5.628553954986435,LM-like,3290.0,161.0,0.0,0.7265098818593353,8.657417759569741,19.75571913403718,0.5236806196284092,0.6,0.6028168436554602,liquid-metal,,,,,,,,,amorphous liquid-metal
1264,574.7052270244321,699.2809781436242,6.545021253948852,7.963750196128966,Pt-like,5118.0,161.0,0.0,0.992148880488514,8.66969513344491,18.882706474806238,0.4695319706277958,0.6666666666666666,0.6276466593646162,ordered-intermetallic,-7.0,5.0,0.0,3.843850851304904,Pt-rich projected column,0.40961938735101094,0.590380612648989,uncertain intensity,uncertain intensity
1265,36.520096564354574,539.6495117034085,0.4159085335756022,6.145789802659605,LM-like,2208.0,105.0,0.0,1.312332838038633,8.702303333023261,9.090194938633092,0.5260673373642284,1.0,0.6664493172688103,liquid-metal,,,,,,,,,amorphous liquid-metal
1266,145.8917907753019,492.8016433397539,1.6614863176812835,5.612263605708412,LM-like,4873.0,176.0,0.0,1.0927233994842471,8.73642384780277,20.55002025273403,0.5806483334106813,0.6666666666666666,0.5849157803916121,liquid-metal,,,,,,,,,amorphous liquid-metal
1267,142.70873761192627,667.481167069523,1.6252361678181837,7.601598558098532,LM-like,5424.0,193.0,0.0,1.017826984424845,8.753486504934319,19.904104128803223,0.5257878382259641,0.6666666666666666,0.6282487336433384,ordered-intermetallic,-27.0,22.0,1.0,2.4652250067476307,Pt+Ga mixed projected column,0.6334309293746131,0.6334309293746131,uncertain intensity,uncertain intensity
1268,496.9892426548603,476.3279231618632,5.659954013297532,5.424652907865712,LM-like,4620.0,167.0,0.0,0.8741721854304636,8.798885862248074,16.681721228069282,0.5989382650122432,0.75,0.5355227410012184,Pt-rich,,,,,,,,,Pt-rich region
1269,788.4781995563609,482.8964073039368,8.979571320572513,5.499457984093547,Pt-like,5529.0,200.0,0.0,0.9288534229315414,8.865550505252342,21.2443166974956,0.9454160433409772,0.0,0.0825308932153146,Pt-rich,,,,,,,,,Pt-rich region
1270,951.9660113472088,546.0446216961046,10.841449641173206,6.218620410169909,Pt-like,4113.0,139.0,9.0,0.7467320261437909,8.949079015331142,20.71158096650759,1.0,0.0,0.0004980189470557,Pt-rich,,,,,,,,,Pt-rich region
1271,948.0730621609192,719.5859263995345,10.79711485184698,8.19499277344698,Pt-like,6038.0,195.0,0.0,1.2307378719934774,9.007966752148942,21.16609982450044,0.8822545388137631,0.0,0.1608167041533884,Pt-rich,,,,,,,,,Pt-rich region
1272,100.4633720502626,491.0793297897245,1.1441255001572943,5.592649065487034,LM-like,1520.0,108.0,0.0,0.4067433770404067,9.017234532995047,22.26800718432714,0.5064918570878896,0.5,0.6298159104706016,liquid-metal,,,,,,,,,amorphous liquid-metal
1273,635.460642060758,575.0346833239585,7.236933322965638,6.5487732617282335,LM-like,4358.0,170.0,0.0,0.8659711872826626,9.07180509127754,17.99819861695367,0.5255383895778054,0.6,0.6292059766413653,ordered-intermetallic,-8.0,-1.0,1.0,2.9074016109866263,Pt+Ga mixed projected column,0.007772051824295321,0.9922279481757047,Pt+Ga mixed projected column,Pt+Ga mixed projected column
1274,299.0415921264356,465.1697626529143,3.4056303723143584,5.297578375998024,Pt-like,5293.0,196.0,0.0,1.1351061548359425,9.0924317449785,22.83855170981332,0.6174209523278097,0.3333333333333333,0.4995518456636992,Pt-rich,,,,,,,,,Pt-rich region
1275,30.620368397934577,594.6582827160659,0.3487195740429651,6.772256308446479,Pt-like,2079.0,102.0,14.0,0.5086860778076829,9.111559379665856,6.283024913824255,0.4197268309538896,0.5,0.6113772921289009,liquid-metal,,,,,,,,,amorphous liquid-metal
1276,72.31264384345741,704.4860043408488,0.8235313837932811,8.023027553435387,LM-like,4669.0,154.0,0.0,0.7833235466823253,9.35086694633991,19.529409294611156,0.5305720923289206,0.6666666666666666,0.6327490009985536,liquid-metal,,,,,,,,,amorphous liquid-metal
1277,43.039659705642805,531.0941447795509,0.4901564737711748,6.048357143760891,LM-like,2280.0,113.0,0.0,1.2387938060309698,9.49402508377328,10.756347277541796,0.522649706559424,1.0,0.6666317006337732,liquid-metal,,,,,,,,,amorphous liquid-metal
1278,26.28391111303974,636.1400830109741,0.2993338998540797,7.244671125322146,LM-like,5716.0,162.0,0.0,1.0067811536767943,9.719006499988843,21.50658004386784,0.5207272153892384,0.6666666666666666,0.6222658791452658,liquid-metal,,,,,,,,,amorphous liquid-metal
1279,395.2924181980754,940.109354249304,4.50178136020547,10.706420292113062,LM-like,3062.0,96.0,9.0,0.6867010540479929,9.845215846337096,19.274224213510657,0.5490894854893746,0.8,0.5977132845369209,liquid-metal,,,,,,,,,amorphous liquid-metal
1280,520.715201114523,474.33634076809193,5.930156710413767,5.401971803739146,LM-like,4226.0,148.0,0.0,0.8410787142999303,9.895347486803876,15.95353416440599,0.6415349312217681,0.6,0.5401097687865739,Pt-rich,,,,,,,,,Pt-rich region
1281,50.039199669949866,600.1830213853857,0.5698706223120693,6.835174706109972,LM-like,5814.0,151.0,0.0,1.1594376308704757,10.084408219039302,20.1894463850616,0.4606703300627363,0.6,0.6051385715981912,liquid-metal,,,,,,,,,amorphous liquid-metal
1282,28.956266867624368,600.7169268023739,0.3297679804738569,6.84125507938216,LM-like,3068.0,130.0,0.0,0.8540013917884481,10.095703735996874,6.283024913824255,0.5565609555169373,0.5,0.6121488368157424,liquid-metal,,,,,,,,,amorphous liquid-metal
1283,845.1942858133284,570.7705226018888,9.625481558616803,6.500210935784724,Pt-like,5689.0,178.0,0.0,0.9782477860889004,10.45385184805941,19.270042824579807,0.8092707239490767,0.2,0.1959926424873992,Pt-rich,,,,,,,,,Pt-rich region
1284,31.831874497253565,1009.4512282335776,0.3625167918103865,11.496119111045887,LM-like,2447.0,116.0,0.0,0.5854767316664673,10.741183665234544,23.132828059246688,0.4942526396501376,0.5,0.5810640118230515,liquid-metal,,,,,,,,,amorphous liquid-metal
1285,5.800016638736737,596.4817958322948,0.0660533963999862,6.793023358303266,Pt-like,0.0,,,0.0,10.777989235721996,23.540353841787976,0.4881424918165833,0.5,0.6306485981634276,outside,,,,,,,,,outside
1286,731.5781765757155,394.8704288542889,8.331566322102802,4.496975541336686,Pt-like,4479.0,151.0,0.0,0.8405742704325795,11.037953757858268,22.49913838976217,0.8688318420856013,0.0,0.1397014378592194,Pt-rich,,,,,,,,,Pt-rich region
1287,944.7258612911868,966.139626532917,10.758995308464607,11.00286563022912,LM-like,4172.0,157.0,0.0,0.9006908462867013,11.398251297566798,20.63028192685204,0.4715815823946062,0.3333333333333333,0.5584753085063459,outside,,,,,,,,,outside
