qy_nm-1,-8.317750,-8.232000,-8.146250,-8.060500,-7.974750,-7.889000,-7.803250,-7.717500,-7.631750,-7.546000,-7.460250,-7.374500,-7.288750,-7.203000,-7.117250,-7.031500,-6.945750,-6.860000,-6.774250,-6.688500,-6.602750,-6.517000,-6.431250,-6.345500,-6.259750,-6.174000,-6.088250,-6.002500,-5.916750,-5.831000,-5.745250,-5.659500,-5.573750,-5.488000,-5.402250,-5.316500,-5.230750,-5.145000,-5.059250,-4.973500,-4.887750,-4.802000,-4.716250,-4.630500,-4.544750,-4.459000,-4.373250,-4.287500,-4.201750,-4.116000,-4.030250,-3.944500,-3.858750,-3.773000,-3.687250,-3.601500,-3.515750,-3.430000,-3.344250,-3.258500,-3.172750,-3.087000,-3.001250,-2.915500,-2.829750,-2.744000,-2.658250,-2.572500,-2.486750,-2.401000,-2.315250,-2.229500,-2.143750,-2.058000,-1.972250,-1.886500,-1.800750,-1.715000,-1.629250,-1.543500,-1.457750,-1.372000,-1.286250,-1.200500,-1.114750,-1.029000,-0.943250,-0.857500,-0.771750,-0.686000,-0.600250,-0.514500,-0.428750,-0.343000,-0.257250,-0.171500,-0.085750,0.000000,0.085750,0.171500,0.257250,0.343000,0.428750,0.514500,0.600250,0.686000,0.771750,0.857500,0.943250,1.029000,1.114750,1.200500,1.286250,1.372000,1.457750,1.543500,1.629250,1.715000,1.800750,1.886500,1.972250,2.058000,2.143750,2.229500,2.315250,2.401000,2.486750,2.572500,2.658250,2.744000,2.829750,2.915500,3.001250,3.087000,3.172750,3.258500,3.344250,3.430000,3.515750,3.601500,3.687250,3.773000,3.858750,3.944500,4.030250,4.116000,4.201750,4.287500,4.373250,4.459000,4.544750,4.630500,4.716250,4.802000,4.887750,4.973500,5.059250,5.145000,5.230750,5.316500,5.402250,5.488000,5.573750,5.659500,5.745250,5.831000,5.916750,6.002500,6.088250,6.174000,6.259750,6.345500,6.431250,6.517000,6.602750,6.688500,6.774250,6.860000,6.945750,7.031500,7.117250,7.203000,7.288750,7.374500,7.460250,7.546000,7.631750,7.717500,7.803250,7.889000,7.974750,8.060500,8.146250,8.232000,8.317750
8.31775001096612,8.028717464046307,8.187762207025456,8.322132591893427,8.442680302138239,8.53173827428769,8.552973567294472,8.469253805680724,8.241462124246354,7.823064186599372,7.378625707685904,7.663212234370197,8.035395655605967,8.197277789488496,8.156646366734337,7.858464523938572,6.956239084884902,6.939909152905477,8.01958602170383,8.471892824006513,8.694637548820895,8.784687801862898,8.78859212591592,8.737423025525427,8.651071236266164,8.546424798254442,8.469325337169808,8.488689402470317,8.575493435492504,8.611600648767517,8.499527094932622,8.137399611743229,7.366699750321238,7.6917342154293,8.31557280063877,8.578451364112313,8.637147392075681,8.586316532262819,8.53879025454497,8.575889703649924,8.642476844104374,8.648131657110497,8.546303254088345,8.305458195833472,7.864606372670529,7.210159115150608,7.6047208236823085,8.234006237969195,8.613209268663445,8.823786978822193,8.89404626278407,8.820002002062004,8.572477442102967,8.150263809737464,8.126921138936023,8.610085116289191,8.935432206914918,9.074663542845723,9.055392433001643,8.887259028607529,8.606059519008966,8.458371073122857,8.679930037711193,8.957431585043174,9.14495653483438,9.239865254974791,9.244452458327848,9.146382107014105,8.917402630932095,8.502010066724306,7.768716678551447,6.884718334279998,7.503439095639771,7.830069135843633,8.018080940880571,8.191548316019805,8.303913521439869,8.304345946311544,8.208124702178797,8.147363793061222,8.277908995210991,8.491542251516707,8.654282555084814,8.743670840238277,8.776121516756733,8.76937115163911,8.731025226414744,8.6642298027224,8.58646856496185,8.53863308769433,8.548177756195797,8.588246573349252,8.614856018348956,8.609659198424568,8.578480737472104,8.536953229829642,8.505732170522307,8.521212710242425,8.627361871987269,8.8150753085645,9.017930673248456,9.179930165561407,9.275944533033302,9.298711932776648,9.249372042028268,9.137652082885971,8.993706660924467,8.882103771535752,8.85645493175986,8.875205334111465,8.854351353516288,8.745560081843747,8.551177224008201,8.3647287886399,8.33892632293594,8.411461257345772,8.429771656318666,8.355366027752313,8.247221326797844,8.241753923775502,8.378104324694098,8.541408219901356,8.657031960553526,8.712976797759014,8.721029643633582,8.696591227396977,8.64136955256314,8.531354650763047,8.316933483731187,7.911169593995058,7.087645255618795,6.584425647008848,7.44310442465085,7.713980125113041,7.679823468813951,7.380077983983332,6.696694375261798,5.705807627745038,6.569912765874259,6.861788986575191,6.796156502773184,6.446891773087598,5.824008080440897,5.685323899755137,6.189257682453128,6.594647096698929,6.951779475562662,7.273716854537439,7.536405269038388,7.749138593419265,7.9852542144782745,8.300594732901653,8.630813222224056,8.891484243363442,9.04637625583597,9.085114545588718,9.00282061285668,8.792315345468674,8.44140792674691,7.932413596525922,7.237537239975922,6.276069034444872,6.1361141287258665,6.77417992685505,6.944843402334825,6.539725868869891,5.575286023035871,7.447426136097386,8.150708545597427,8.564497770566131,8.825045148968334,8.984045013231697,9.066824669266792,9.086016967845318,9.046304948243975,8.946731909736345,8.781763513634655,8.540285630151512,8.19892282563727,7.694425004715476,6.764434818408791,6.072663997970398,7.333663039210167,7.853068507589586,8.175092292045539,8.403090066532384,8.564529852713886,8.658459412487444,8.672928853776535,8.592994736020886,8.403036558172758,8.090431448758483,7.672851561060364,7.290219349147223,7.09660322114533,6.898702507435093
8.232000010853069,7.512383086856016,7.9279857012983985,8.238931054735852,8.45347509260447,8.56990168205889,8.582620279201587,8.483221938592715,8.259264607916554,7.899535856604154,7.470878212237137,7.344382938333724,7.5171364182414955,7.599340026846582,7.484090073946648,7.114750256509335,6.862525031991337,7.489033651805876,7.989593862136291,8.294379176621694,8.475456282275013,8.576196909506216,8.622937783400644,8.628878833165833,8.599297468567894,8.552382287076776,8.54716731590977,8.63787577715373,8.771931330154043,8.853371019849755,8.822817587615395,8.639379236210589,8.237338803266665,7.437467158882751,7.063366362728434,7.843036349709521,8.222461984219258,8.45444052017547,8.621121655024528,8.720402213485835,8.732025468439083,8.643151749557637,8.447607637463362,8.132782356369884,7.644432658158009,7.099049139689877,7.725020669578996,8.349290091776917,8.735733657308282,8.95850422267892,9.047600009656655,9.00858168136651,8.833732087795063,8.550552157116874,8.464344513557865,8.778062778728318,9.074594172343765,9.223998879010313,9.227276093861319,9.090179817039077,8.829994409915344,8.582150896816886,8.643050312137628,8.885039311393987,9.07707785017756,9.175772150889237,9.172974554391102,9.04979148695634,8.76583152882716,8.224286066390686,7.016796607475309,6.887591749095065,7.600382874760246,7.706047592057084,7.715013736618015,7.845096266623143,7.96164939507004,7.947223232231994,7.8787188156817995,8.001476608845746,8.278189553595048,8.498736682528968,8.616035714489238,8.652363124895741,8.644739347028235,8.62610311546151,8.611485939582717,8.603605500596123,8.609526888263108,8.635491690289824,8.667293578968165,8.674938285031823,8.63455719793015,8.541042048112157,8.418623922315234,8.3401292513078,8.395268340349455,8.56924549649094,8.772649993846038,8.950450364819146,9.084419513028845,9.17089036849569,9.211086391774323,9.207854057558635,9.164612476029466,9.08723205858523,8.990395847838515,8.902110847399797,8.84572673576658,8.805193790362607,8.730806696952616,8.57640563818662,8.330926311647131,8.112597770984683,8.175010023042184,8.380164880086623,8.506244244405865,8.510527761202049,8.40531655317281,8.246199167268138,8.18403084750202,8.324302136495254,8.541117592285037,8.726167520274192,8.854002257431471,8.919806511008117,8.915259810021235,8.824539199717096,8.623103548304275,8.27044304257451,7.67998919350958,6.534936125797313,5.563738123000679,6.392684843287734,6.061352298289123,5.251882878203584,6.658228631804274,7.2968377475472455,7.673412095777815,7.901557547690362,8.01458860744665,8.030578436271389,7.9691593560819305,7.857660918355957,7.735360345781539,7.655116108652379,7.666105066420937,7.7703470886179185,7.9235899222687465,8.097056249664272,8.302042282124978,8.544917458283736,8.787356709855105,8.977981125691631,9.08426143672657,9.089852868920254,8.983793972046735,8.752332282459223,8.370067837383848,7.7798388434649945,6.866725298241612,6.623460532061905,7.120358630532667,7.301753132528606,7.227510341774165,6.867566864805401,6.910392097540371,7.669100993515697,8.187218398379814,8.512677144943865,8.713392293872577,8.827800966743215,8.879952891151023,8.884083279963802,8.845062355489247,8.758970047713158,8.614437946699061,8.392341787513807,8.061126182422507,7.579703085697037,7.170053320227679,7.533434837395352,7.980151883680546,8.290923792872698,8.510397140473136,8.671339951958805,8.789656942687879,8.867096525642948,8.894311387047994,8.856766496645763,8.740452855379118,8.535675666574347,8.241392708996383,7.873823467480555,7.475853984219647,7.1030149849218525
8.146250010740015,6.837676929431002,7.625339014048125,8.085391422386001,8.344864665380602,8.45400270887391,8.43313827312711,8.290907398030068,8.034652505767932,7.689656958983227,7.3382087298773895,7.083477361937345,6.847202870230913,6.379826694323534,5.774994412533631,6.787182577300063,7.421557293041237,7.796711939093375,8.034032041872285,8.192752280465927,8.309308167607984,8.402355774236701,8.47241252018233,8.508653447066584,8.505976965449069,8.4924039210659,8.542010222403803,8.688921189394648,8.85872018658828,8.971857139682246,8.993194032494804,8.909589811388203,8.709999404628187,8.367430864739617,7.783742558021732,6.586402376280546,7.472597224269015,8.170581970251504,8.511828509297498,8.65499904047865,8.640683852847253,8.480082675002619,8.179726213512069,7.757813650049315,7.2052683828191935,6.752808834019121,7.645643804222428,8.331973777174206,8.759911110559115,9.018091892767456,9.143655960588177,9.14884090236161,9.033911924348693,8.822679824762634,8.70602731397963,8.911645718938217,9.181929825703591,9.33694138146092,9.3536175286086,9.233124113599283,8.981755310097038,8.663584446372798,8.54072760968056,8.716871508814018,8.919355307792578,9.033434384362163,9.031616976390353,8.883272707734433,8.523266786379311,7.744732254248926,6.267366990218178,7.693785369132079,7.974823090648499,7.892457136385961,7.660854139469303,7.5894530990406865,7.651085568438063,7.640899224629753,7.741462863081715,8.081550218201583,8.396756531315674,8.584732902414212,8.65883027265852,8.654987909053348,8.616380665749588,8.58216529790247,8.57532114626736,8.607005826712827,8.676171881887681,8.755261147670685,8.801071867545684,8.778421687093298,8.666434309359385,8.460504121815761,8.214145608688622,8.151872019980308,8.384123042104784,8.669694408329933,8.89162941350627,9.038020503975694,9.11690027019803,9.141606156115975,9.130074068033485,9.10145078370693,9.068285658726507,9.03269333793553,8.991627277881047,8.94091639930526,8.870562162570872,8.76037670238956,8.583457246678519,8.311739041424735,7.934755671563982,7.643297952673279,7.862360154812459,8.208827015766175,8.425401482879076,8.494847199567467,8.414516866079346,8.175604386251283,7.866749507122432,7.976775584375717,8.386836738276738,8.702418025637396,8.896969079563503,8.990581513121239,8.992501170270183,8.901635375712207,8.710225288891731,8.407255691008405,7.984141074119385,7.449312990750322,6.897153898263573,6.780199096116542,7.101575354312245,7.354637133177494,7.513700083044646,7.719119403239192,8.008705408265254,8.276193105483273,8.461113570130388,8.562324704944636,8.599285435148978,8.59570768345033,8.571709390881516,8.538461914573567,8.499601831088967,8.461235841971712,8.440897149407023,8.463888059037812,8.54933721171333,8.693082549533493,8.858016286571557,8.99333178770722,9.059847413938016,9.033721790680007,8.898391558364434,8.635520184120507,8.214651580481695,7.5875185564185985,6.991747427914489,7.265401651152708,7.5546357660547265,7.645756662648668,7.560644950254232,7.357388935457158,7.434760480004748,7.875380982683167,8.242374495852822,8.466669237444831,8.5746644898288,8.597228593190057,8.567113224821883,8.51529339141484,8.455405042182239,8.37523621294604,8.250318840862839,8.061275008554736,7.812728330503234,7.610679659250019,7.69424663823882,7.987489557526308,8.276170027321069,8.510078515146617,8.694937081708412,8.841676330745468,8.957578679981708,9.042815420653142,9.088682523627918,9.080488229789157,9.003082022183342,8.84505215968595,8.601428014281609,8.277321851979295,7.892980943023497,7.481961419138045
8.060500010626964,6.225367730604337,7.165104026635155,7.766253061520847,8.054806811816883,8.14203498905859,8.068078856197694,7.856640809509025,7.552066746257825,7.249076628990848,6.981419510601943,6.553322219310284,5.453539457952939,6.42377734484261,7.197032276930211,7.603344974643559,7.838605513386695,7.977481403438077,8.071109774519877,8.157912379566854,8.251245123051032,8.339096059726323,8.400319976821278,8.417875494008369,8.392827529349837,8.374973357644219,8.461876563108655,8.658297177229878,8.859316243198457,8.99717170192318,9.055242977609966,9.036381380761835,8.947476922518572,8.790939181178025,8.556694254361068,8.228119920794176,7.902374018091091,7.974921520684781,8.25438082548071,8.402870890311725,8.370718186331766,8.144361253515132,7.690888885917223,6.995822729077008,6.2755813632952915,5.92233563281987,7.392394881821283,8.202678440737168,8.700417337153677,9.013287008108522,9.188844780117964,9.243440161475913,9.179742180350068,9.015432875665505,8.885622047443883,9.018529902920141,9.264516058615122,9.421041476015825,9.44422336640863,9.330671185226754,9.0801013970462,8.71085612386118,8.384676483639028,8.431725587444818,8.66225816204593,8.820130564016184,8.840840502904857,8.68276355985121,8.262120610830792,7.438197646820002,7.683298607413757,8.1824999155856,8.291477182200286,8.135356625484647,7.789330875287393,7.478793206254988,7.415495513932038,7.450613991822263,7.750632127775989,8.181688731755411,8.497330192417168,8.672719516051824,8.736501547724256,8.724410329805147,8.675131813274314,8.625431444232971,8.607543020414129,8.648497674700053,8.743696748924396,8.842194823279883,8.88550543632858,8.8331698169178,8.656692094450605,8.3420889581982,8.033714408105277,8.19631303467301,8.562231256460974,8.838221539086607,9.01591372794612,9.11238349658952,9.138654678045944,9.107200673745513,9.040427021235443,8.972047328385916,8.932416915418438,8.927142033275928,8.936107913792103,8.926855339372246,8.862599700765708,8.704808061086641,8.410307206697347,7.920212298691141,7.193516520419946,6.9987336837220155,7.480654163592263,7.876477413759899,8.158486184330485,8.291768376922438,8.238444917285696,7.927333989073472,7.225449955474041,7.591161598170127,8.302186885171723,8.68681093882021,8.892795033320738,8.980080502038463,8.973873242132633,8.885574561128212,8.722179158922135,8.492304512727433,8.209423122811263,7.899827802517466,7.660764892372266,7.661202437386312,7.7932440880564124,7.84582842918354,7.77534790368629,7.743179898742602,7.9956522570509945,8.343898336872732,8.61586466950696,8.803504090003585,8.93112208601179,9.018576156365036,9.07338419398942,9.091136152856155,9.062732886189593,8.985135784394485,8.872599295065656,8.764839323539489,8.716919507073756,8.758095926835628,8.860299798473617,8.961810826435086,9.007809157452572,8.962937669740226,8.803712642570046,8.50827488401149,8.053754225779684,7.497013054280094,7.340992008350879,7.578280956740054,7.745841127920405,7.788762992829632,7.711197318961097,7.596453185588705,7.725633935921015,8.067003397884966,8.346613473803517,8.495134194648143,8.514085049948878,8.413070872950787,8.21125327538862,7.961248616511623,7.754462421259297,7.628114028944035,7.550095277478972,7.545386744375483,7.642154702326855,7.7959318294199385,7.975767151852039,8.176770669606684,8.385654215805364,8.586109814594991,8.769323741514782,8.931616301144683,9.069844014033928,9.177858458672604,9.244599612256849,9.255653814106392,9.196903976097934,9.057397642956687,8.83104840898208,8.518656101157486,8.130867442685924,7.693900088443239
7.97475001051391,6.270826512411615,5.740178463079374,7.03835490077115,7.445521168294962,7.540716924447505,7.442851492869138,7.274321139962881,7.194927116291252,7.140873448302199,6.870141583017667,5.860801852122721,6.353428083759727,7.338098198351283,7.789514260493802,8.018698523264234,8.106233792023115,8.100417203003571,8.067502292496947,8.089029313261133,8.180050515239634,8.279258401571393,8.334278669654617,8.323874894878152,8.256148050040126,8.207506537870678,8.317172873476386,8.558288041607305,8.787910144256024,8.94723184189866,9.034382212498645,9.06264109158039,9.045385390716858,8.9886147797943,8.887161032006551,8.727205065956781,8.498270874545847,8.226111186554412,8.01840202395481,7.9379752369877155,7.84004890423534,7.562146126922505,6.938503133535796,5.642868763607185,6.011802921946412,5.403547208464489,6.94142039703829,7.965709120704021,8.56591638464052,8.951764249499579,9.186504769731526,9.291273315275093,9.271655453909554,9.143686225698781,9.014686306929008,9.10136218537133,9.325434503836469,9.481212470633983,9.5088654111444,9.40160616893382,9.158017422267825,8.777013011632736,8.296612906594548,8.040666362792651,8.27691720020648,8.528838592223966,8.614865614438866,8.5002126596644,8.170611258056878,7.916338459484347,8.213964067024104,8.46182646061947,8.480646654196367,8.280140855465914,7.8728682100227685,7.392135520105344,7.196309701758674,7.2569529933639565,7.670585714036801,8.16036966834142,8.498964842338442,8.689316846833412,8.765944227017679,8.762938591099216,8.714585524592893,8.656775847620384,8.629730684012847,8.66988219867544,8.7690427909978,8.865777058388248,8.895937448919451,8.814547900791181,8.585689824451823,8.213724791837352,8.082530531042053,8.4548927111999,8.792562593780147,9.006406710741684,9.127884287015949,9.176377890486728,9.15850440430168,9.079514786219935,8.955615149841922,8.824374409246174,8.739447075630663,8.731433296322889,8.773715725137194,8.805136561745087,8.765750420965688,8.60471196193979,8.272464631860883,7.7669711169260465,7.554920516336007,7.762258401548352,7.810615967071994,7.718959790087392,7.728569398553126,7.835316124644111,7.775224202924837,7.278449476087016,5.5399820451704604,7.769013219966545,8.41406933062513,8.748024761155916,8.921193652537363,8.987742663571536,8.975480317398908,8.90214480064553,8.780227580354143,8.617301251098553,8.417884926852203,8.202652852688686,8.052254093725137,8.048761757482904,8.10148450297972,8.068374658638268,7.86700656958665,7.500107603409376,7.576327402658488,8.131822567240729,8.562478246521145,8.868458215749536,9.09533265110246,9.26480788536133,9.379921130873674,9.433295019406005,9.415283920308905,9.320756501956762,9.156790278633244,8.955808939389044,8.788117218784627,8.73147714340963,8.788676526015909,8.884025909325251,8.938922322630772,8.904576060146695,8.754106547465074,8.47388578308465,8.086286617656873,7.765934934654962,7.740794455799775,7.829404313557835,7.875946016402843,7.854616929379583,7.766125945603343,7.711554213519038,7.90200899141883,8.223957619430042,8.470888667642004,8.58969334873053,8.57377284536547,8.417613795952878,8.110538396563328,7.6504234717882404,7.127028501035097,6.894931244763095,7.143501167416556,7.531937260334112,7.828682565902213,8.00680667999215,8.11507918940436,8.223887066830997,8.377289108697498,8.56905943261656,8.77349943066718,8.969728228550782,9.14233597556288,9.277912946391723,9.363200545242169,9.385162434649557,9.332140030095449,9.194864652511077,8.967244749290105,8.648071743718896,8.24739144841022,7.822866128358576
7.889000010400857,7.33566019106236,6.805202964564437,5.2958904838924425,6.328672102596785,6.956064103472657,7.243373616422398,7.407089079596348,7.459004653292291,7.343806757476253,6.937375630039205,5.836708565252224,6.825934583327292,7.575584027464676,7.962636576206807,8.161075268312452,8.22067360257013,8.166992334582378,8.045711163196987,7.963067628001175,8.008646225998199,8.113325552829009,8.177890846234748,8.16374433602435,8.076527738753326,8.005061408350683,8.126397829751882,8.399784774939919,8.654201356661373,8.835464914022431,8.950272304458975,9.017143402434185,9.050974561442624,9.056567820826771,9.027063274513239,8.946200137075131,8.790887575475903,8.530195201631075,8.116015472556537,7.45219085119441,6.473713419670507,6.728459476543361,7.062096760111899,7.142490818075216,7.081897224054719,6.7826761789496945,6.559443958371735,7.628323837776543,8.36514857867298,8.838887185747168,9.135565410169331,9.286921010206399,9.305216336901761,9.2093917536065,9.09310275787126,9.155236947431932,9.361604044865881,9.517558225773536,9.553362834229175,9.46064879815135,9.242401562517719,8.903769658376548,8.44818737975862,7.911149081647162,7.769499713837306,8.123846466863444,8.345660016365594,8.36981460350702,8.289496627593058,8.320567421512974,8.492599152991948,8.5990191235682,8.541659971715948,8.285114344049688,7.789335404095344,7.107172379918002,6.869925038219676,6.909437805451698,7.343219289041998,7.944624869796259,8.348782568627291,8.57702538357841,8.676825560362094,8.686223767351525,8.64159561956101,8.5843998198149,8.563050899336739,8.614282504303834,8.720682501153082,8.816677963440851,8.83970806409413,8.746986559319241,8.516375862893465,8.250076533403714,8.359445647337617,8.701764724790111,8.960401256097104,9.116094251741162,9.196301579839366,9.216414710213606,9.177338735967183,9.074952900126139,8.912659867896648,8.714657362807838,8.536812975677204,8.450596643547161,8.473266495124102,8.53367097130102,8.543163152400528,8.450638259725103,8.271140953526315,8.162993616245734,8.254454091794743,8.35258561753055,8.30937015727198,8.08643401435705,7.685937042445683,7.1856150849570755,6.542094269473719,5.683264872078468,7.478159450860496,8.203018749539504,8.62406255885399,8.87693760304116,9.01637334060673,9.072530632813692,9.064983660995503,9.007001652020383,8.906488795091963,8.766967490693872,8.593215039344177,8.40759602993211,8.268389757750326,8.224333091503233,8.225706835688424,8.175455936950291,7.990168442689261,7.531638313626733,6.078295675528032,7.464033000016086,8.300405060289647,8.78868261516956,9.127960055133014,9.371083407639153,9.531563198083324,9.608324864655197,9.595707604177298,9.488583171676224,9.287772179641882,9.0135577654994,8.736860021203796,8.58812166510581,8.621437386158929,8.737873313252694,8.827858980328378,8.832454724014275,8.72869398603782,8.521673494394083,8.268508545125426,8.097741578229808,8.056382901741475,8.042959831829466,7.993047835471327,7.895252489932781,7.76343178005544,7.731468581240138,7.979875318510095,8.31887828483138,8.566459416185637,8.68561719216896,8.673126019064489,8.5280679242963,8.258856245931389,7.932451985732944,7.731110940832171,7.722925567612189,7.8069588917420845,7.945185438990382,8.075929093057615,8.140643729426877,8.146551966406209,8.167154658652167,8.283675921709111,8.492232865822238,8.737295636862154,8.977226557178954,9.186526187115764,9.34733328833666,9.445945507143021,9.471216871228556,9.41377809760991,9.265720291663474,9.020993634156698,8.679049886701348,8.266403575476966,7.931840095541514
7.803250010287805,7.907874001755166,7.590243905947442,7.188205210338076,7.190689938291551,7.4694937637607355,7.6348842529971614,7.657724603385469,7.539885257062903,7.244301118343229,6.639734922742983,5.642022642364062,6.7131384824549425,7.365348856462091,7.77052480231052,8.024527241683748,8.144200033491266,8.135167640090959,8.013652042096087,7.842767607402086,7.761416123268527,7.818974452313992,7.89490963082514,7.907455295650697,7.851924563846657,7.805600591638159,7.924426296614249,8.194222693766381,8.46259625578787,8.669357702076143,8.816774237709032,8.921019728625195,8.995082064725091,9.042712633810837,9.057346712108552,9.023849890146993,8.920582435435064,8.71888423351065,8.376471768372634,7.82389418149097,7.135167779274156,7.306762673334567,7.597531537474612,7.660299947440148,7.591018210110114,7.445569092736017,7.253712645945342,7.497987259085587,8.164982722097143,8.689564055947715,9.032774286726985,9.221514252131813,9.272779096419008,9.209294797810568,9.116661811977417,9.171386434976164,9.365360577100706,9.524956347998936,9.575889924574406,9.508760291595443,9.33171052328942,9.061615596716218,8.717444072557392,8.294147012842831,7.8026753389849075,7.713663232135511,8.053268961885966,8.29183951704513,8.432956944903387,8.547270893352966,8.631553900460537,8.629992734979153,8.487277384668587,8.142817084972902,7.47170178116352,6.39572534378676,6.847119726697062,6.919138734679158,6.802189158188259,7.44872729346281,7.983471299727553,8.277767833839027,8.408648616598443,8.42861335643984,8.384577020246367,8.333190575147741,8.337832804473823,8.431231792481645,8.577740269203135,8.706453197075724,8.762544270394843,8.719388279714646,8.59248905844197,8.507838652775234,8.633831851888251,8.858686172357103,9.036053499183277,9.144224087174576,9.201873042595716,9.221463950760878,9.19638450073928,9.109707608428621,8.949038258047661,8.71678259270883,8.437452657592662,8.166746894768684,8.009673733338376,8.046092034823802,8.175230204584015,8.288224686497655,8.390080398496414,8.514723129026232,8.633227509604177,8.683022461547528,8.621958321351027,8.427547443358849,8.0822400885969,7.572334126841324,7.115230021124716,7.506271533284391,8.069341269429346,8.492140735648597,8.79364780954378,8.99804317928994,9.122531129476068,9.17925403904931,9.176976234887974,9.122404383722564,9.02125371547543,8.879461177043096,8.705334962914526,8.514261607433742,8.337815126661738,8.226647831189304,8.209411462399311,8.239914254718647,8.232392150910524,8.101925807251398,7.721736990999691,6.928443647036688,7.8090833037828045,8.570159986548248,9.036067012377599,9.34462703036664,9.538400977201825,9.62897383540843,9.616047625130049,9.494273558497309,9.257557430625788,8.911211031046872,8.522467239017306,8.301341797005342,8.352275187175964,8.505052635556575,8.63623950765937,8.691472307895303,8.652446901039706,8.533917245778754,8.39027266706782,8.291671146291346,8.24233256983932,8.184979306364001,8.079307891579244,7.913265307866679,7.708926271738707,7.66018878727953,7.970006733138122,8.345648675527954,8.60968002529904,8.741041849727884,8.742082657695923,8.616599833931144,8.383715754410293,8.129208178636548,8.013313937980927,8.039864053012737,8.100160454326677,8.160527792581656,8.1951808243533,8.16692683865239,8.076624250890493,8.01383849276271,8.118368646076611,8.374657034214792,8.674689957122743,8.960016821981496,9.202215523772818,9.38275070766932,9.488674257539634,9.510256078214105,9.439003312914629,9.266310436708617,8.983541504782554,8.590971521256975,8.16382834234625,8.006077355977581
7.717500010174752,8.175634054609398,7.865873421036932,7.571476740546378,7.603992451057561,7.7561925859833325,7.785925576513193,7.6589039539572,7.401552513403744,7.208394926551748,7.345177565454556,7.526757630720072,7.52519097133691,7.271509896027436,6.93818616290082,7.337517398538725,7.767382614730014,7.952779780779441,7.9409109755102545,7.779215153933012,7.562973612660271,7.467599312529133,7.516736925833819,7.581511520203153,7.622491877522613,7.670707578808746,7.7824450500974365,7.984023701019859,8.227351616333317,8.453244922090624,8.638493708953,8.783805497277786,8.895715071995587,8.977059141069681,9.02365210052013,9.024623228812485,8.964552442094458,8.825991036134413,8.593509431169425,8.271770779949176,7.958583560732867,7.857027774228853,7.903224474284587,7.922820000667966,7.900427405054587,7.872887113341992,7.847833853157377,7.885340313054328,8.150038892096738,8.546199855339289,8.87666563572602,9.0835644454879,9.16419816383657,9.138154336108453,9.08194794373049,9.143896508857742,9.330450709122918,9.496913048708066,9.568650655846428,9.5337284725993,9.40182907314474,9.19531359273342,8.944531505189337,8.664521265395647,8.339810893187138,8.026503040254767,8.029890634454413,8.293342735021927,8.516993008406525,8.642660436278645,8.668687043184484,8.581978988084485,8.347605868963246,7.882524170060284,6.868426397035022,6.188502614819834,7.1996013350962675,7.3204868023479115,7.040275761607613,6.772744053184915,7.281708652165124,7.681645334812557,7.857873188762958,7.8819109534668055,7.822572506233164,7.774755852766546,7.845814199460711,8.060355250317155,8.334165999692745,8.575429638083692,8.736957446300305,8.807120635293263,8.80396763044996,8.785248812232958,8.824724096879484,8.922157841801619,9.017468059549023,9.08453199665659,9.138366945953354,9.189812911825461,9.216155577176833,9.179179415423429,9.049423604038324,8.809727143995286,8.449187732983564,7.94907367487638,7.2972630004784245,7.249438824551138,7.838977346203103,8.256002186013458,8.535762730376769,8.725612742256816,8.836956176740241,8.862809470057835,8.792434605645699,8.618139092628974,8.341651948957626,8.00928038278793,7.835374509537502,8.024111921101897,8.346787370729473,8.641732699338625,8.879779351231965,9.057482893460836,9.174195250249982,9.230135856749989,9.227193529306971,9.169619757761975,9.064089791498944,8.918207268669592,8.736011099997075,8.512899157314898,8.24858008294055,8.03581882371553,8.101161817594097,8.3386445984359,8.50984945036275,8.540056441040926,8.390433418210701,7.974720821871801,7.455173467159217,8.203173942510093,8.810500371118225,9.178946409949953,9.395538338648171,9.490100355615937,9.46811718292141,9.322277852943158,9.035802444671011,8.593719292326366,8.100185169684213,7.992098577685929,8.13824938826686,8.255406201075113,8.355630300424663,8.434391499452719,8.45925794527181,8.426769146715055,8.370130793476562,8.327795583796997,8.29705282853982,8.239005413970503,8.117244318944309,7.908674676754837,7.6258797076065346,7.535043382454795,7.910372006610573,8.323100165739127,8.603200181738972,8.746540670883617,8.760037901073254,8.648471366199022,8.428961361902624,8.178407287546179,8.05646569056963,8.088758719129956,8.153612444475518,8.193083546667125,8.180256415861184,8.084644112084709,7.902798079985271,7.751510878047779,7.878443127467165,8.217531351260941,8.580591819183644,8.908946060195637,9.17916996192646,9.374312808459669,9.482461290292518,9.494302739853875,9.399907953731722,9.185326473102842,8.829215681851222,8.317951833663003,7.879020218579374,8.03665456002115
7.631750010061699,8.221098267157613,7.855022492476385,7.565623944431709,7.671607496730346,7.808298229214515,7.7767694242073695,7.618360918704607,7.597086063156931,7.879075437595743,8.173200311507763,8.345714436520213,8.37347713478436,8.227975779120815,7.8252138021964495,6.821354228904538,6.799683531241117,7.611009868392869,7.824355804706289,7.754249930033837,7.501273633245377,7.23470554045321,7.186339558831092,7.292755924801644,7.457679091518667,7.641950191932873,7.795281902579664,7.919573901134156,8.060811398971737,8.240928077475687,8.433950352390951,8.610230064972402,8.757799409172843,8.873233209610058,8.952342923729226,8.987609604923648,8.96946757766271,8.889004770156914,8.742146393233824,8.538454210860191,8.31751019367987,8.149860400180053,8.072630887113613,8.056663951406389,8.078582665886556,8.131388625221541,8.190331829058639,8.236199895486674,8.302533003721296,8.45360468898128,8.668615096150976,8.857657325315545,8.965485733586018,8.989318174435132,8.988673069954524,9.075761755265432,9.260687925130984,9.434051936341813,9.526750697303948,9.523331694200754,9.432082241677195,9.277109029347667,9.09548590561199,8.914783051953965,8.726485480450513,8.519023485560707,8.36787684121936,8.401474790215266,8.539361254020537,8.631640212125223,8.620885794070391,8.485465462539917,8.193953329207446,7.661739530072831,6.57259599504682,6.585846841189992,7.257681067711734,7.419068649055816,7.319782398069657,7.026432244180669,6.68895182198271,6.663397174532357,6.754337084292228,6.679683776798799,6.4578833231139585,6.392286055001822,6.825027067833372,7.479206597326048,8.057817825445653,8.490211326028007,8.780388960931756,8.944078147590059,9.000290609276709,8.979079144457454,8.930186736234834,8.903593940713781,8.908123258694665,8.935903554355326,9.008138319511549,9.12545037794778,9.227670821087775,9.250857673966097,9.15681180582152,8.916940077067592,8.48470740837072,7.7164696589883,6.104813892758851,7.486498305523626,8.071179327426005,8.421111108111257,8.667578144546702,8.835712652716188,8.927042531094989,8.936154424262158,8.856812109853895,8.687090262102,8.44167788921597,8.192742238696932,8.106945818323625,8.241607763064934,8.461389598115973,8.681547956369164,8.87637086295213,9.031890593600055,9.137075964481461,9.185851541140389,9.178125553574345,9.119029561964515,9.016210009532077,8.873301248002003,8.678751826122102,8.393409153985173,7.953844435175616,7.612003449087214,8.071245237681092,8.50711949655868,8.739265663682552,8.80189322160608,8.697358277435061,8.37640474235848,7.681377589043406,7.6351927306114575,8.44398703570174,8.875879789059505,9.100336376517529,9.17890288306243,9.123714504381418,8.919846652472128,8.525688431856393,7.929702142205094,7.806480990154542,8.146839287120427,8.277152543947599,8.22284878749777,8.091166892668808,8.029949798028907,8.076885194338614,8.139186195414931,8.176565073372094,8.202334566116608,8.21840390464867,8.196545061145173,8.099474948742783,7.894526207490417,7.58268690161188,7.464147675699679,7.863708337129568,8.283082409163455,8.563041268396354,8.708281568254828,8.727059013496518,8.622728271627206,8.405724608305817,8.133291207145474,7.962963305083751,7.978697329710346,8.052938092161451,8.0912672385151,8.054542809467026,7.908129519162051,7.629263832126203,7.3471228063536875,7.536858171756824,7.99981391906642,8.433741737800167,8.805873046205816,9.10273474357304,9.310121108052476,9.417458633039121,9.414936734105012,9.288139079825017,9.008845285942607,8.510687017026665,7.645849975813483,7.555907980462156,8.139107352474612
7.546000009948646,8.064268385261952,7.561783217274755,7.279483470966202,7.61254842144625,7.808221000319345,7.814856696842472,7.82034809242848,8.049850069206654,8.379115466945585,8.647396000315016,8.818960694722623,8.884972175518831,8.83029350362986,8.626508171253366,8.225695332187703,7.629441131985531,7.507974281467869,7.762645607651345,7.772670225549373,7.551859677988658,7.255804934801107,7.16208356789447,7.229481750328075,7.401987386791472,7.677447039574821,7.920485762695408,8.072302196975379,8.156556174623896,8.225255562554834,8.320430061280234,8.449175013069551,8.593860445127198,8.732560859076258,8.846258579983415,8.919872608028873,8.942552741722505,8.907685837006282,8.813359441472965,8.664498727756987,8.477794571678006,8.28809827362808,8.146007328378381,8.093054082653456,8.13240402910093,8.227927462098323,8.327569248262384,8.389224960045146,8.396572320072243,8.37575559528692,8.402639903557883,8.51719686614347,8.653132761565548,8.752203584844107,8.837571544464064,8.977261809429296,9.17234419534961,9.349705121417873,9.456095523692394,9.476248001280156,9.417269669411912,9.303882115966067,9.17590631717166,9.064229756844671,8.959185389583626,8.828939902282752,8.670024139293513,8.539535656543677,8.505014398380801,8.524937144622992,8.503595015305924,8.382706389408401,8.128394834287487,7.69812630549874,7.0083407930329935,6.286999760676798,6.696957399135532,7.007621958510737,7.128784038846139,7.146299363953174,7.103427809831383,7.031307322799255,6.949282069792661,6.899891879861917,6.965225216365645,7.093026007307701,7.193839165273305,7.47112321249333,8.005175944739483,8.493047787525004,8.834904544897476,9.034797522211354,9.107857446164198,9.071666967269584,8.956534881654777,8.816662465153565,8.715081399839201,8.701803942293045,8.821585561959552,9.030532567503531,9.209562858078623,9.284079284403482,9.221546889136096,8.992697521667557,8.533651149243019,7.665531294509475,7.461860310876748,8.148568864791024,8.469419030212103,8.651102025173651,8.782291573954966,8.88113313079846,8.934496329354571,8.923194230413896,8.832822887665241,8.659682691392607,8.428246299593317,8.23299670724594,8.203155081994588,8.312839505800815,8.464844092999666,8.624621309509017,8.778632777542114,8.907178675763562,8.992745796512933,9.028088660132942,9.016010324270443,8.964703699822712,8.87913657719199,8.74903971752582,8.536129407004683,8.14745040287645,7.2997083166872985,7.345927367402824,8.260898120954208,8.68965369609589,8.890006375316373,8.926382716500191,8.803001251538735,8.469423297783989,7.697519080733154,6.775391080747323,8.131514111242444,8.595140228349015,8.777993041292111,8.778742245403336,8.601596462281739,8.172883412169075,7.204552664811754,7.481755242178932,8.202635701343148,8.47720268566442,8.51465860231769,8.363624847459077,8.02024612795732,7.5015760057078245,7.287910428108408,7.573494661362281,7.780884565053082,7.8947297365509845,7.978695125808384,8.033492525390121,8.017316441290388,7.892061969359366,7.664786822050209,7.567764705209847,7.876151703967251,8.246837504308711,8.503423483145689,8.635573648954797,8.647852433688904,8.541149121675595,8.319099141100583,8.017493492474179,7.777653533731871,7.756784548659247,7.844039722805529,7.896035315737688,7.855426318218197,7.680388084135346,7.311669506430022,6.752593721356646,6.99091731161077,7.661297106838305,8.19474575892083,8.625734154453623,8.95655058022314,9.179053438723445,9.285946509582505,9.266841023922321,9.099554938950499,8.72738821934596,7.945639941384438,5.994315159281877,7.986277721244209,8.416836140739532
7.460250009835593,7.67990268698461,6.7987013746666936,7.089313489278938,7.701844218502075,7.926910538815428,7.983217319518036,8.073455279804978,8.322897435715653,8.62795142092794,8.888406845949277,9.073137673134251,9.167863862009876,9.157154673535805,9.02161745808554,8.737523340332956,8.298627818574714,7.890047393282057,7.85228459180027,7.85380910901711,7.703928447086023,7.539195666993755,7.513392756582968,7.489541648935197,7.455315226454509,7.6611712320962875,7.994723879609026,8.242326228510214,8.379250285709052,8.432217761082219,8.436052772379249,8.434324848856798,8.474617631074597,8.573327895838558,8.69699905341089,8.8003229665163,8.855722629292089,8.852222241250377,8.78816361458424,8.66794605840058,8.50291205760612,8.315469549920017,8.144176560525807,8.041324757475229,8.04589490207508,8.140081924980247,8.256486469029129,8.329561930589808,8.317649588362302,8.204702775910151,8.036272638741023,7.9978077329804265,8.176658956268955,8.402561041917185,8.617606235809916,8.845864254678494,9.073284662280225,9.256426885807059,9.367199382220711,9.399335236091597,9.36240672022671,9.281364084921686,9.19422981144551,9.12874122375787,9.071942139747456,8.982550591038617,8.826771375765228,8.604718144137053,8.3932614444827,8.32300004935464,8.349156274599524,8.323651035223975,8.177495999580879,7.8915794490377476,7.469597550062111,6.9515902817551725,6.365487383849645,5.545867715157868,5.993415450159825,6.685100106084893,7.04387185756577,7.226350515454973,7.3027161105615574,7.340766945523526,7.432802304293608,7.5932179439987815,7.752357858492086,7.925734161812698,8.207858230615667,8.558130365752373,8.855091907842677,9.043278847015001,9.11109322625954,9.06025973784482,8.902266991392459,8.673144824794008,8.460431282213836,8.410583204860142,8.60659902004536,8.903252335559385,9.137641013973996,9.24839032679184,9.214643018378018,9.014623804921804,8.607168782785884,8.038326395897164,8.133130200659963,8.531774960771674,8.747918571748558,8.842150212691312,8.87762667850572,8.889682188668292,8.882621135953912,8.83761751839549,8.731597238620035,8.556345969295267,8.347451343534726,8.21332877969842,8.222563887388272,8.295212275240473,8.372102169524068,8.462332358570105,8.569032759165221,8.664447621020438,8.722838948744924,8.740894646754386,8.732505069625551,8.710503436505132,8.665698401543834,8.55958328368411,8.320802857384502,7.7748503795523245,4.7760137866929755,7.799443427215862,8.491082116567387,8.817778548063412,8.951434260005188,8.930582830147685,8.743548687518706,8.305210483078307,7.132823714647979,7.467912696714018,8.373711511135062,8.72113287776096,8.829383482053771,8.753196684058485,8.472258749800348,7.887488935779859,7.4404243476540906,8.120268087707204,8.50835301971738,8.652251549612627,8.620877514409589,8.422674737669087,8.01016818270863,7.178200157817747,5.990012828745481,7.185367895366387,7.457000033989197,7.447932601483684,7.47493407367145,7.689965417222423,7.88463153319744,7.945818920349809,7.886308273476232,7.826656309923567,7.959634343268558,8.216597822705168,8.425916740122783,8.532170322931691,8.52647683127266,8.405898944165758,8.168279755153568,7.82970786489799,7.506460288186775,7.442857725760789,7.567548739543979,7.6612445775818605,7.648225435284286,7.493661731969927,7.141339882174525,6.407026256695303,5.543916269068468,7.001836279987866,7.777070019068631,8.32801309587042,8.720699714191523,8.971598607002663,9.084659506190512,9.051433878809602,8.84040283185251,8.355855803252364,7.3183959311275455,7.8613809554065694,8.47772736437977,8.721274911159835
7.37450000972254,6.948425611319031,6.182860136678782,7.51683410769097,7.9566797865477366,8.108919505938236,8.128151314610708,8.174946370402802,8.377190529026057,8.667694400092303,8.940369885957896,9.147882184225764,9.267963947459092,9.284774005274743,9.183860426652615,8.951365331014815,8.588188037733046,8.191319287253025,8.004522636090066,7.968571400035331,7.920921208179464,7.920611772971537,7.955501529387583,7.884387470430742,7.624990341354589,7.462353087246499,7.8879846020986735,8.296330999653783,8.533344199951783,8.637410535977063,8.642682716893846,8.58136080818536,8.502939632101867,8.47653080350961,8.531281958658425,8.619625001870896,8.68441460313337,8.6989592292722,8.658124545565789,8.567399657196866,8.438443623447101,8.28539236411295,8.118738739969459,7.947555299988418,7.81178280612186,7.798659535951461,7.9043372484789876,7.999556256432761,7.985685825117114,7.807192759143692,7.423192509097173,7.063877553776697,7.411435597301825,7.870951481711788,8.270817109179895,8.632162925428053,8.926837734555294,9.134059511010387,9.252733906664036,9.292778539054638,9.271451736450869,9.214879935853066,9.15640280556549,9.117604851440506,9.08267696857018,9.005425021828431,8.835751338842542,8.534537128526745,8.142268546132264,8.030482901738349,8.229700196735795,8.33612915023601,8.2825750858496,8.109981085962696,7.910821421377222,7.7772615961163005,7.662436434435562,7.449023438189008,7.045849929221931,6.381225029176766,6.233254482050134,6.749262365080207,7.028245564435896,7.171894258426354,7.351397288606624,7.631928599410562,7.92020872846753,8.168385096203156,8.399951363369999,8.631649305156484,8.835978896671689,8.97178285862844,9.011508147698725,8.941059961504635,8.756996374120451,8.480716116271038,8.21609842732685,8.187259377196261,8.436688427921453,8.753487217567766,8.999917284782022,9.128300253852101,9.120929152763217,8.963277928421771,8.648613871222363,8.325524838240593,8.44227059588128,8.728542324904144,8.900648369833368,8.958871008772281,8.938807364019894,8.875183588492611,8.793499540584506,8.697034217999128,8.569710688323106,8.407024741155343,8.257932719553088,8.203313166852228,8.22060173232407,8.21867793077124,8.176735904421156,8.154967834449236,8.201813614552758,8.270331383168065,8.303546954561307,8.305635956863119,8.322774996544476,8.371951596533684,8.400478301113408,8.329084525452464,8.05774295187104,7.3038427401042085,6.971388348701069,8.140268338330948,8.63121052760874,8.861441935855655,8.9172888035978,8.81155011256374,8.499632031563301,7.753450237992922,6.559241054114925,8.221639389326958,8.751669733981988,8.996540943174283,9.067042875790767,8.986536527295799,8.748282246282749,8.36404230556552,8.138997006081473,8.374869219390751,8.594399827193891,8.6523454193878,8.55445606720779,8.296129230726573,7.8552421110000985,7.425936300871877,7.627516767856186,7.869192680567311,7.852880533099479,7.500892615165305,6.459421201034843,7.102464514890397,7.80740738811119,8.083380258097607,8.150383652132884,8.114708888424584,8.10375287254008,8.199387699527106,8.327947670393241,8.396276228136461,8.366765664934286,8.22708610984426,7.968517429505482,7.585047941338283,7.149449184234716,7.053448336488976,7.294516735873273,7.479112032110081,7.530755842641528,7.451972222035387,7.257307683219169,6.975399862675715,6.542652441118389,4.777634469280943,6.889752500533504,7.834286443596159,8.370106245722107,8.68292688948647,8.819593730867307,8.783024258148844,8.53582739203573,7.967768029177911,7.594787605435195,8.322852775478005,8.736125247788193,8.921386065413117
7.288750009609488,5.645373459503346,7.20096681343127,7.884347621117711,8.160328506776107,8.219003936168859,8.145698110485514,8.072739534142304,8.193378129240731,8.490456210932619,8.802108211026953,9.046614032351078,9.195148045350361,9.235189917299461,9.159118667204396,8.962931037971233,8.659552310032788,8.328719717967617,8.136781998180512,8.115032094850209,8.180258214349351,8.286179040996412,8.347536126577475,8.26927301351309,7.944436830574657,7.132148798469809,7.434037986886511,8.21059205311512,8.582994563142401,8.75301004099439,8.793013815427688,8.741312372176731,8.633938467414257,8.520706501552567,8.455439341988344,8.451341184161736,8.473481316034663,8.485543826516787,8.47252558899283,8.434663362759087,8.376012505789905,8.292758383690524,8.16465626035663,7.953011429370211,7.6010955143116385,7.079150935320293,6.8827153618675725,7.177530503665572,7.247883184030244,6.942342288789771,5.814667943804247,6.225391079221033,6.884766977919908,7.072229792371826,7.568660760910573,8.192616809501663,8.63961540254757,8.921465732613681,9.078329318825498,9.142954582634136,9.144003463264776,9.1099752134014,9.06916286433391,9.037636368150242,8.999263153721879,8.905797207506177,8.692406202105957,8.271655157275807,7.604347134782538,7.775335732630845,8.22905477066148,8.40005134156318,8.388483922710414,8.293252647349,8.218277186861183,8.19121991682288,8.143240465593694,8.013429413093743,7.773305386027498,7.391043595051455,6.769302368140887,5.4677081787762605,5.664815370293008,6.3453691220256205,6.846208553085602,7.418811986990733,7.894198320951415,8.241990230234899,8.491047150098796,8.668918257706395,8.787989139044038,8.8444318184065,8.824652621034705,8.713679491406124,8.506852752833463,8.248717313122231,8.108632055456484,8.209453026795972,8.419178759919832,8.637429314361277,8.820637820163755,8.93013033210211,8.935360202839894,8.814830395764695,8.569861411734383,8.351890870448173,8.484862712037513,8.755235995101991,8.927488725557074,8.981542158009656,8.93821593013886,8.825460818363933,8.677245866655591,8.523811951053489,8.379870290301124,8.265722140783154,8.223447445931717,8.242887175868736,8.237439547840975,8.130840243902746,7.893440003788885,7.603686651777648,7.545547726594912,7.677087709909347,7.738842898949235,7.733721971005712,7.8107244403801595,7.992172839530842,8.123035251635697,8.0891567079993,7.7739956337110305,6.795189341602679,7.491639375484711,8.299503197633245,8.673648867362333,8.819683869257524,8.78340540252012,8.544288545976542,7.953411058369071,5.783625820483575,8.027473287755207,8.68029987954958,9.008207277806703,9.16599568920362,9.19058436447434,9.084698328435616,8.837047881998807,8.464855689888559,8.223034863740603,8.36014450196675,8.49834753662149,8.473949344758935,8.27109151285811,7.890349374106471,7.582536972872309,7.862927172106899,8.184953793210424,8.319718665133056,8.25522364754006,7.939612885837533,7.170932475340545,7.090585769033758,7.895768249298584,8.240216856614227,8.355703641158739,8.336375464309802,8.260477711567294,8.216915630447224,8.232785128835934,8.245845705300974,8.195360091840833,8.054050149111687,7.8053727696989315,7.4167716864724,6.851889038383375,6.666926438059858,7.142922387003622,7.453261410809259,7.576721253352718,7.5717004239131676,7.508117940971487,7.464775025033859,7.425121279708808,7.243777819095959,6.787420379529744,7.168723828966404,7.909984128167067,8.329832624034058,8.51652527542058,8.496476381618049,8.231449442455812,7.61473772015756,7.704553307742063,8.410570539494188,8.79215533752383,8.979165164671889
7.203000009496435,6.559328205453754,7.594445222172225,8.068876405506046,8.244747955100797,8.215330052500983,8.020888575221726,7.728940854323317,7.636316137710338,7.993480788356654,8.422088136095066,8.741705339926032,8.932777695413346,8.999115771238749,8.947222463297946,8.788725739200869,8.557087183822507,8.338870617094761,8.252228844685426,8.320631871010356,8.470266919098696,8.612784541433541,8.676924393886503,8.608521975345141,8.33589472869395,7.636813120652224,6.565223848737393,8.05205111850346,8.559689174616437,8.787022898038295,8.862334852646411,8.838056781659455,8.749955048786713,8.632302251202246,8.51855859861951,8.433179433467716,8.38545292625426,8.372363393503695,8.383682920078924,8.403962033597908,8.41303981543526,8.386909982146193,8.29829474635661,8.114081102598211,7.78643415150353,7.247681936214294,6.735710491168827,6.999313349855808,7.149663124917742,6.98223627581424,6.876810578900432,7.29998088106903,7.573445523773043,7.484473105659539,6.6426935220970345,6.903258683843331,8.046413721351545,8.54899161932134,8.815119022109789,8.945609884080234,8.989427775021179,8.979433809456165,8.941840850422876,8.892690955826286,8.821085449474488,8.6781064503992,8.373285144577451,7.6893989006642025,6.460849311210183,7.8719387043617415,8.323200072873862,8.464538860295187,8.450725981380936,8.383328522381417,8.343122947375464,8.330063984926367,8.2908970942739,8.19387979480953,8.035725192436727,7.823026127759795,7.567813210592681,7.298585581004651,7.019370652078441,6.552433734439752,5.653329052672787,7.0102877024281325,7.753950672245612,8.19419766906996,8.470704749757102,8.634363549643762,8.707162970482589,8.69628955293903,8.59916487738974,8.410333705569435,8.155099205476022,8.004680072931519,8.14610691888701,8.376909023792642,8.545353064693463,8.645633326172193,8.702181372974824,8.724417664088111,8.69167699830643,8.562044162751315,8.297147559597535,8.017245206103947,8.211031606837333,8.579996881706402,8.80437776861352,8.879964498588977,8.834693758344757,8.698352031854217,8.510926445239374,8.32616216385429,8.204466291245943,8.193760766733398,8.269046051855009,8.33394877112789,8.306056403727538,8.129347942133583,7.727314771131953,6.849228994284753,5.914278642334044,7.047689448759713,7.2789368650307065,7.243728617150916,7.347377185475702,7.670607837615002,7.884523758767607,7.8599335405692425,7.454867981480944,6.3330121104461075,7.717238894667841,8.361611647511776,8.649092798976204,8.71026733691334,8.552080199970002,8.062079207622368,6.169274159629148,7.879043401003354,8.610639447315732,8.965938025419774,9.150520644765,9.21619390328806,9.172096874279168,9.006820010681563,8.69813225936365,8.265360305767043,8.036684501143192,8.182248897390425,8.2434164478012,8.07112704102132,7.581497357943529,7.063117155126633,7.770679215607829,8.254034949336729,8.494163762932706,8.565157218222922,8.479648433535804,8.214869301459872,7.7551946898353235,7.59538691267981,8.028430646214236,8.330966755657158,8.456122317682912,8.45391041081029,8.372688165282023,8.272542522536943,8.205849187450216,8.170396563619036,8.125313968753746,8.036044978545576,7.871915766345193,7.57953673449529,7.0562344045970065,6.556561596078407,7.13778916008598,7.5540285947560974,7.729483467287695,7.761078192637561,7.745478144958544,7.780879520375017,7.854461779708646,7.860628611745434,7.721977016016146,7.489258484972387,7.606337141268472,7.990629666777171,8.226440869210363,8.246494559164827,7.997984018429856,7.244335092635481,7.264870210783674,8.20314717607925,8.648748450948666,8.876295513955858
7.117250009383382,7.0874423434838,7.784909192599682,8.134693509854147,8.235453111705654,8.141921355592842,7.877516633846814,7.423990198581358,6.461235938632306,6.539361580484636,7.686423264743993,8.205801318650067,8.46960273830425,8.564326987039497,8.532707697766476,8.418245718135719,8.292829463892044,8.255424231124648,8.354337380874046,8.540230249393229,8.734101232910211,8.877967637392006,8.935885971111496,8.879681727206835,8.671506970528604,8.239945574790443,7.640371144588656,8.029617781331842,8.52114908461509,8.771525974128952,8.86935090292594,8.867994244788612,8.80346194240785,8.705128985186294,8.59744550963076,8.500337078285702,8.431787920123984,8.406416215348795,8.424759200913995,8.466127847035027,8.4980830722987,8.490689634621411,8.422113522935904,8.278492032684719,8.059923553703124,7.816091093783391,7.6883327666217145,7.711042486649532,7.7072695241281055,7.564413970396041,7.402987917203022,7.633935753912987,7.975595446057377,8.134747837646323,8.073410539221241,7.807342375444374,7.730465541381724,8.169233768870804,8.540620663617926,8.750381718864357,8.838401836840072,8.838546544278191,8.778040288539213,8.678933881628993,8.542224720073367,8.320496647259832,7.886284391577148,6.919514783563444,7.4362763323325165,8.124861241046183,8.406205256468162,8.478330250092782,8.427990917299207,8.332947962893508,8.260139790802373,8.216220338159548,8.166963458681597,8.097241440891487,8.018458525784913,7.947895039995874,7.8892826052653255,7.81693232272698,7.668607134454042,7.328108815268826,6.385840684188323,6.374659051181579,7.534456969091931,8.041270845416822,8.330568570729003,8.494046184936881,8.56211109421757,8.539681083614159,8.413812314336226,8.158676213891143,7.806825745829118,7.807534848395307,8.210825015371476,8.528137801992083,8.706033189639422,8.774697066044293,8.763989535414511,8.699705169270828,8.590777055424704,8.404898764472424,8.04091383230513,7.1977703542299425,7.1580447791460005,8.072746641726091,8.450869070298316,8.583874398703454,8.558514238637242,8.42358624562389,8.233365185876895,8.073831387227685,8.060114443993989,8.203371069390037,8.370479553835052,8.459215179875427,8.42905281575468,8.258942817270329,7.9239107260983666,7.413462923437433,7.02584566813061,7.136907163401079,7.173194364076795,7.029945463206441,7.126984186988231,7.495251018307584,7.697002058212466,7.604463330032163,6.968601849767904,6.626123775386464,7.880769173341024,8.386035441136592,8.589861985954427,8.560612705492764,8.24414989661745,7.218663931056922,7.518084629940961,8.498296438955421,8.920544884236211,9.126718516111113,9.199148795740351,9.164601031059078,9.02319527193163,8.75383836132878,8.321819610488166,7.817893663173814,7.806892343054756,7.970792395107009,7.871496204813146,7.3185631213679,5.443643170346724,7.63043485769714,8.234427199704069,8.531403849546786,8.6651941667412,8.672752652363263,8.557077764470103,8.30818963836574,7.957148285815417,7.8149664174812274,8.068776580605798,8.316133091851912,8.441707494950048,8.462358583308369,8.411818504072148,8.33469658295615,8.277519994739261,8.259699836749826,8.261347364040994,8.24244789605752,8.157741613666785,7.956125812045585,7.5726928968017715,7.056588656522789,7.243396202201307,7.662393124000827,7.863107540960781,7.9053803626845855,7.89018825313412,7.940143933767335,8.06009655235367,8.138392909675547,8.096737932357708,7.910340185952069,7.678071524517656,7.745703303366285,7.993816835629289,8.105824269709997,7.990324563131788,7.506684376042746,5.888489123592275,7.600737994227156,8.262150503505499,8.581001685366866
7.03150000927033,7.482016584364689,7.937119177608578,8.173129622634878,8.228636066895383,8.16066022558704,8.039992924193294,7.904175934369262,7.710184565636999,7.51195398092696,7.68065330797217,8.023344951068127,8.228646771401205,8.273610717065292,8.189639141802148,8.038422046587833,7.964229197563426,8.116889442407503,8.40708728133716,8.690398519855929,8.911226470406238,9.052918253335033,9.106152067968145,9.058835649904056,8.891411476594314,8.578297969081458,8.17414296997264,8.164084943902798,8.499774623103974,8.734669377256811,8.83932058731682,8.848746083633195,8.79391928404429,8.70063340826455,8.591239836144664,8.487075554388806,8.41166901992912,8.387301340371815,8.417339143304812,8.474511768680115,8.518692658590371,8.519513542076448,8.46215069277976,8.345373846286543,8.183412496457649,8.01559878392302,7.901978114637099,7.854695672032203,7.792344921365044,7.620653572019847,7.435024251704213,7.746042819839662,8.2123983096895,8.506934137685741,8.626689062607735,8.598199994512123,8.473823282689638,8.395427229770993,8.486755495436123,8.630249893717858,8.703102365002392,8.677613893088926,8.564837773644,8.395945142094389,8.210767803433054,8.018080296493231,7.812660174809925,7.765339406707948,8.016409875236823,8.27969466427406,8.412234790908432,8.408914350934996,8.293356528112078,8.106575936060482,7.909601952006879,7.7579213548488015,7.67142948689144,7.657107357919699,7.720712570283041,7.836355299108524,7.94467546445649,7.984012501403109,7.901282864051576,7.626979141669609,6.964783994585706,5.737976464017601,7.241744327919188,7.785710614202513,8.060549139685078,8.215009279767143,8.305236591712283,8.33831364102544,8.28295947068774,8.087336857186358,7.750516387403716,7.781586722016654,8.269219025839194,8.633794666418574,8.841514733248703,8.93366972646367,8.942949260764825,8.895861481515663,8.81100813452543,8.687508075308022,8.49402600153011,8.164133738721901,7.573187755160675,6.88313886043109,7.479673039550062,7.8635502810681706,7.987140061773502,7.950030412817472,7.808766258506888,7.7167367259050605,7.927920159118742,8.261211457699549,8.497906713298546,8.601649575862243,8.579447556927816,8.443782552301919,8.214883862672322,7.937328006271895,7.680523107276312,7.450099872461187,7.127117802459281,6.67854702029426,6.892317582065054,7.325295238160741,7.449260895682726,7.178735667316541,5.92088082493256,7.235658737141787,8.018367603037191,8.38050739754482,8.498168706516973,8.380662399517286,7.906510045865011,7.086138906069832,8.193594096613088,8.782255440523073,9.072166281335656,9.186612852053653,9.1670712586046,9.024269338635552,8.745770004343195,8.290119608205192,7.6534977220290745,7.553651183304887,7.849701029836967,7.872314386726511,7.562568420312292,7.093524897670049,7.683355675214305,8.224943729820824,8.526491913631219,8.678021458847358,8.718192992581825,8.657238133973722,8.491416713523344,8.218072751313725,7.895951629699011,7.790810681850275,7.986678009753519,8.197849843113213,8.325886395771334,8.37681005867531,8.378203006239875,8.3671687820824,8.37790897410166,8.419670256035792,8.469640954635807,8.48969757079735,8.442754326444923,8.2959233369419,8.020117539237107,7.640108610938268,7.492694943644657,7.721046355296093,7.896469092816391,7.928586774793518,7.890656806625011,7.93122967432435,8.081320269568462,8.201994934318261,8.19586278292631,8.014581953992565,7.641552097635292,7.469219241292622,7.864185561861597,8.15927326732085,8.241132121064208,8.115195247113006,7.752764062298854,7.296655221431102,7.632380871036492,8.063985971438452
6.945750009157276,7.882294169763616,8.144387832705464,8.287314568373143,8.34279489587222,8.362666638299142,8.37012919973887,8.33438377761966,8.229798080896552,8.141197883371037,8.24353436472431,8.451369265533675,8.591062242663874,8.613485867662938,8.51582073174452,8.301599112974682,8.025068458757667,8.005079729232111,8.360428573593866,8.71576167365514,8.965889170982814,9.114555427574933,9.168690113418078,9.126194705402332,8.97573417541896,8.702254930017643,8.344887774612829,8.22451598893887,8.464345199133103,8.684698269527072,8.790891847782442,8.80011616007248,8.736384092027542,8.620705455655886,8.473438260591065,8.320170999582244,8.202275063635984,8.17292895857585,8.24071765044342,8.34397048163632,8.418862581536908,8.436212106924742,8.39193770588846,8.294747618274373,8.158587110570627,7.997501257543459,7.825838512192971,7.659667974906437,7.490301159394861,7.271558693105528,7.265357825517208,7.834293735864326,8.365416263121677,8.708940256373923,8.888607582400669,8.926403631956846,8.842865152596152,8.6834757268808,8.551981581652857,8.525991329864413,8.526634959484406,8.457037976604456,8.30358557332434,8.152836042150021,8.138029185492444,8.213950933907029,8.263237355361902,8.274584543232086,8.296351881988556,8.339258981040174,8.351892970429379,8.282820043508044,8.106144837459876,7.810399540582392,7.384465951512718,6.790170588907425,5.901961883282247,6.1610693367598515,6.974585800935405,7.468312895727202,7.764119106425315,7.899228254391299,7.877706512516405,7.673317274566009,7.186195761388287,6.166632099945874,6.899117109945808,7.499844347626742,7.752426685554243,7.852961239879094,7.938163397757727,8.06727130801049,8.163560096623266,8.142843685417716,8.01887888437071,8.053242563182971,8.390290249325567,8.72141724587953,8.940084970797129,9.0604042128698,9.109931838912821,9.113151187401336,9.087539612943196,9.037821192251315,8.950858758149272,8.796307941005983,8.527825336069638,8.074143328121176,7.432175545991904,7.541574151918847,7.923615905255356,8.00755235365812,7.79272510337625,7.391556089709297,7.800198540409766,8.34098726925486,8.635309679060391,8.751546707751777,8.73780552620717,8.629191811791275,8.461862154552733,8.272559333265027,8.074311600436369,7.826608347037749,7.426178120482274,6.645770954661978,6.089185959753636,6.827079644357637,6.905612730597901,6.413182101200264,6.801898343508149,7.641725191033376,8.091197137491807,8.308752680398062,8.334355977715688,8.129676800870385,7.559441349855265,7.632100291079146,8.444948077524362,8.888787703169035,9.105978260874295,9.158162006027942,9.061834766503924,8.803610666797912,8.323341235308689,7.46169412541252,7.316887058397037,7.876614075108735,8.019690387356178,7.871279979535772,7.535326747345784,7.6579234600083455,8.136037939818324,8.457387772785692,8.627362469280014,8.684103755596658,8.643181810868063,8.5014884731476,8.24490857379158,7.872551269045438,7.534760455225346,7.590543018855078,7.835077419991459,8.02815944110487,8.154226203004988,8.2330539818259,8.288843563580816,8.348376246705454,8.428822763760532,8.52376559607391,8.606874661237523,8.648109578932523,8.623634370987249,8.51639530772838,8.31579287140411,8.033881762788843,7.776347135447767,7.725267007779949,7.784091870300817,7.770598125752526,7.685409786673441,7.7085508259551565,7.903347351388423,8.062572328416852,8.057461052295782,7.805689385423094,7.124639049123081,7.182152932424823,7.990538458213607,8.377801395056888,8.529658514063529,8.510141616040475,8.339547131484311,8.040906471826194,7.755310314183888,7.75544599908069
6.8600000090442235,8.265480523005866,8.403559186367495,8.485337955601901,8.541990884130415,8.590457413814114,8.606387163356242,8.547648936199373,8.407315872619765,8.309725399359538,8.45224978988571,8.695179262850703,8.861707885564634,8.915683523497028,8.857318250228216,8.682260492420447,8.37987032174397,8.04979718308882,8.176388530078466,8.574223221978087,8.870628083253274,9.041809528145269,9.104068143246323,9.062239631384942,8.907689277482296,8.622098425770831,8.231250634543006,8.091984080571777,8.372590806390013,8.61819391666943,8.732834008853844,8.736297773381828,8.649335882652762,8.487482965985246,8.264006447317227,7.994070394337849,7.727227309930088,7.637147389246677,7.811289957545808,8.031738531426226,8.172757008893415,8.222415640888048,8.199793172960703,8.13051544837507,8.03473086822045,7.915539252446634,7.756915459063492,7.5410831982614415,7.294372370241685,7.188824525819791,7.48371099030137,7.99669936966824,8.453723748772545,8.77975968961519,8.967163729275262,9.019025535764323,8.938942991936042,8.738887397933699,8.47603324366387,8.291219488359884,8.234217095708868,8.1842553186453,8.133343836385137,8.208937819702966,8.388424544431402,8.53065412297256,8.580906750075162,8.548810917038733,8.473959976891647,8.402453678624957,8.345963896240944,8.276553920715171,8.171059368929397,8.035399686488923,7.889494421075921,7.7300841676871626,7.513827333586968,7.181550432965178,6.789328381666916,6.888666831239815,7.2743276872051394,7.51828110988375,7.6008962000060425,7.516675684690642,7.188309195367035,6.34608719579027,6.7412226262632,7.500045665460003,7.810433617177371,7.878513796748901,7.849454291410378,7.943482389027453,8.15839650672037,8.315323219982973,8.380248495964988,8.4426066387791,8.602138010923893,8.816882349388127,9.001259252147339,9.128110884843176,9.20410254787513,9.242745141852893,9.253735183817925,9.238339455375234,9.187218491740895,9.082785444229073,8.91010787506386,8.690860563386796,8.55100973003503,8.59531152062686,8.66846972835329,8.60866233059842,8.31204180204821,7.616535711594097,7.716211614220736,8.430612746085739,8.770391961281591,8.899976747287283,8.896610168413867,8.808248573899082,8.677094104641,8.536488294907285,8.391103386473938,8.20755871175479,7.928016193478812,7.485597722911896,6.8879648813051535,6.690400851307906,6.900413354249401,7.173656831900462,7.552127293791117,7.875068650634741,8.0667343857351,8.123121064711144,8.02829177649484,7.701412580148107,7.137772205331258,7.824534745119221,8.492463190751241,8.86330834355967,9.036414546320453,9.045014968272215,8.885397942548689,8.507788749057118,7.704754126232349,6.361225156452309,7.788618334121008,8.132027289527404,8.134492738306681,7.900914440039934,7.6194889732412285,7.841507224051205,8.216939052304289,8.446649885077408,8.542886663091027,8.531041796849955,8.413413359676202,8.16237801569204,7.701362395162795,6.86503344675726,6.878222939516017,7.495637194506064,7.7803560083875265,7.917503191708533,8.000300711843098,8.073430710560302,8.157663609004947,8.264510495638886,8.39305739758917,8.523766641276069,8.627997243651688,8.682293417100354,8.673336754551068,8.595497454556396,8.446586985886933,8.226457501646664,7.94789546873803,7.668952981025868,7.472220479988175,7.31035045962972,7.103044960167711,7.128021228280826,7.4632407732948565,7.677246128174088,7.6203445527624485,7.081291497916039,5.829652495196064,7.717160907593117,8.32566943538101,8.624076462607219,8.742481320354154,8.72467859137138,8.592755072022552,8.374590396198812,8.147493464232355,8.048688556011024
6.774250008931171,8.584718584077933,8.651874920891316,8.687623980538905,8.71714757838609,8.73733920754944,8.710644113554862,8.590724703662625,8.361599634560083,8.195447321511534,8.418427916514124,8.745461065288561,8.959486378823208,9.04970469979666,9.02894886060468,8.899527105006953,8.645991167232099,8.243932629483318,7.896561754080263,8.191705227395325,8.576759599327596,8.800887707375352,8.88266213606334,8.835640937864634,8.649597431437293,8.283007575178393,7.715180582936722,7.731651932787686,8.23993361037349,8.538204892784947,8.66266151211487,8.65684571382359,8.542056753499885,8.333326367178962,8.048920586769533,7.697358634148868,7.218248829379315,6.533492082938285,6.895974475986847,7.473452155956769,7.759041793129244,7.866463214020971,7.873171704077183,7.854642589810135,7.875787424625221,7.934945850110392,7.973814628577107,7.949021729852903,7.868717492552959,7.811590384827523,7.899259786674396,8.154687717951228,8.467959594234294,8.731461000865298,8.89131955213475,8.924294238758746,8.81520371261008,8.548752403538874,8.139557363448233,7.827405208476961,7.9010239566310005,8.052953113526712,8.201457491393647,8.393159259180964,8.579255446572445,8.698447078675017,8.732634652490912,8.692993527186287,8.611387694514287,8.534664095701062,8.497403382863553,8.49358517052213,8.494017842219506,8.47450615143784,8.419477561836151,8.317344047078578,8.158652264073043,7.933499197344382,7.621102292196849,7.162460395089863,6.458359948400837,6.486376429090797,7.047908207463221,7.247936208693743,7.077798297123456,6.393689905697084,7.051115914629375,7.781602295877615,8.119092622915614,8.224828304232915,8.200189285198167,8.216040140802876,8.38413460760501,8.57571812515613,8.696221883952777,8.758450346072477,8.817223448465048,8.909076975490533,9.021220005766713,9.124824485544941,9.204873132161298,9.257858482849901,9.283179193387134,9.278535826669843,9.23869571547605,9.160020998806194,9.056966749791712,8.985677461026622,9.007053478413589,9.079785280123227,9.10201957654466,8.995922950029325,8.682505356679691,7.994313095442636,7.734034007845835,8.516672780306925,8.885851341019547,9.02982352922798,9.040234626894366,8.9692957500445,8.859115309522556,8.741633723864174,8.624397251997722,8.486200755643745,8.296698702336636,8.050547055360397,7.817755286318627,7.726532850512892,7.7671287043381065,7.849516598448994,7.934367621603515,7.980034107897458,7.938853838347237,7.777609245063948,7.452627542273837,6.8016375704174,6.82927322126556,7.822930727466096,8.390465109646026,8.715738404414552,8.86098337912839,8.839338477974714,8.629018825159568,8.135191322383557,6.825429065670387,7.310282896008136,8.039898945090329,8.24593887901561,8.202270763634004,7.978380919186299,7.721968694481423,7.795423476584481,8.05019195643826,8.214780508686577,8.261753852582158,8.20458603667935,8.035267508925607,7.703281360791332,7.118183099088902,6.909290957114686,7.476259647002325,7.79412923938006,7.912615826345959,7.9196225653508465,7.891434681715717,7.896156654438856,7.96625798405292,8.094302776123985,8.253399742574658,8.407742878800864,8.524320062531427,8.583557901838352,8.580319685982728,8.518355405029919,8.40045150344262,8.216755278975198,7.938381046449757,7.517692347598014,6.8845573618435845,5.8963285126540415,4.993281731956159,6.270725971416683,6.867161875252845,7.0684705783602375,6.878714713466185,6.783623864388575,7.660713029474056,8.266271102834606,8.622354638319761,8.808393619257071,8.86207936732074,8.804400272990392,8.65284568594714,8.43768787877089,8.238110844201769,8.182163492673677
6.688500008818118,8.813570459076914,8.842201785788385,8.839989671865514,8.825694567644323,8.791529621400354,8.699588921133795,8.492413498177232,8.099852148176115,7.729084844489728,8.187120052925486,8.655375990764608,8.924747842144576,9.049492463853074,9.062298692808817,8.975880462954347,8.783925550951514,8.450935991849402,7.8955851178373395,7.408271905744422,7.928924910755134,8.305055452503094,8.437097276354434,8.373467152607212,8.095769818178088,7.437552035272475,5.25991263492506,7.587158922502414,8.17563944473792,8.453523609309508,8.561693562818261,8.537804328003714,8.398157511318805,8.174229784381637,7.9486752783238765,7.790058485150579,7.598099295365893,7.167771984918632,6.224985972010936,6.802597378895047,7.365348951799182,7.533408976766428,7.4912918946149665,7.459846710079102,7.691103292784746,7.9947594692151265,8.190054251168862,8.257273566160988,8.22245815743508,8.142166853270957,8.108798646457833,8.197473166649042,8.379887534267247,8.560959091183335,8.663653545449508,8.641578645950442,8.456418210587968,8.055029589787255,7.457845828412685,7.517214943043206,7.905304102282735,8.120494147461624,8.27373093725098,8.436539057680468,8.588664451935864,8.691780558357094,8.733312109060812,8.722876922115747,8.686910668884437,8.663638129737244,8.679748867285163,8.723185648820774,8.75712891378864,8.751977082446713,8.69593271435457,8.591747815281323,8.449239237153101,8.271059584666634,8.034103523579564,7.674024941542548,7.049802213111348,6.2849284393542595,6.944153861761565,7.253915996903993,7.157200940352695,6.8770061346346525,7.442792197674905,8.020671980469954,8.333659711712212,8.461056523771665,8.484272993877193,8.521785931594863,8.651121192241323,8.80685446589463,8.91207579686179,8.95319583110794,8.955667862877194,8.95889191174918,8.989870917326272,9.046155731681852,9.107340905857757,9.154336302342568,9.17597158329271,9.167701489752877,9.131510084452428,9.08366753989086,9.066432101798982,9.123484398145894,9.23265184311634,9.320304134983706,9.324599529004278,9.199511180994437,8.882919674655874,8.239541857997281,7.845136934778692,8.579282089236132,8.960467524261665,9.117400837012717,9.141847118442284,9.083494788860932,8.979778971696687,8.861471104697689,8.745517996340967,8.629676845206367,8.50595931046691,8.3845325718595,8.295988804638903,8.2527977306697,8.228759890609089,8.193774985303133,8.12798751297646,8.000625772069473,7.75491862165545,7.2919003396203665,6.37346248368694,6.307309989124985,7.166444502467395,7.725661504185321,8.149005606217836,8.429456098979523,8.554872908466661,8.511397850154976,8.258222690925374,7.658874728587838,6.697240552599651,7.665465949122919,8.125299639355234,8.282233117679484,8.26236943683403,8.120260469082863,7.923567155685421,7.798766255682833,7.8112700554707875,7.869759876899561,7.9070654919245404,7.918432751661782,7.905919317612967,7.876550110439048,7.875971081215437,7.9504112351059675,8.055842925337206,8.11312504619525,8.08308995319886,7.963914289928558,7.78855820503594,7.644712585109776,7.642846860954384,7.785374917680927,7.985078775043033,8.169203004287054,8.296756665948687,8.351469809414045,8.335770389286418,8.263918135848067,8.147514205289733,7.974486205317056,7.701339670365465,7.272815014165936,6.805722329458537,6.896498292503196,7.143154569495781,7.237952960828175,7.2284252528852555,7.1757897899267755,7.2538132700438664,7.677530877992721,8.170448733357066,8.54307393457478,8.778805210305512,8.889162545539582,8.8848017914528,8.774468951872977,8.570357769009975,8.306247313958062,8.093517238398498,8.108002979686528
6.6027500087050655,8.942523966292912,8.954331876682764,8.925919232398538,8.868847345154318,8.774765520982024,8.609659452456839,8.303835303308528,7.663473048163782,5.933915134935359,7.858575007677477,8.472394682318107,8.779604204169297,8.928913978435894,8.971583903189508,8.9315589289069,8.814852906180436,8.603659320278867,8.24060415313794,7.561638036243237,5.766830984746692,7.15258297256031,7.53867642141086,7.462027754498076,7.1452461527986975,7.311750878980233,7.781105653442588,8.08893618119559,8.272989423152184,8.377604924151393,8.405296151493099,8.338827549130768,8.177328230582289,7.9968997247997144,7.9501589560699015,7.988215326473469,7.921753410842105,7.637376405523474,7.147696026562118,7.263558500672021,7.661773980167959,7.777749075059664,7.60134239981187,7.181258088883196,7.392334940268259,7.929163675726988,8.221751880562254,8.323215883623554,8.290995247337001,8.180937922822693,8.06944390689579,8.043157882816793,8.125628850021698,8.237159545396185,8.27765804358412,8.17888415878523,7.89604329891772,7.512399117568803,7.5845303881238735,7.889841811269289,8.045391206125085,8.091708448765026,8.135155855658837,8.235756088834577,8.363679791263696,8.476675606960576,8.55935640908851,8.612041884720409,8.647981745752595,8.69284106288562,8.761978047938552,8.836337369071574,8.87995741401006,8.869991962067582,8.806421249312637,8.709048461732564,8.600982564908477,8.478130839798524,8.299222295165146,8.005547807797951,7.547606802132352,7.123691873854114,7.279991353040548,7.45106487416724,7.388460402647765,7.313940773492352,7.696903878130189,8.137624986175464,8.41245724436918,8.54974086089746,8.617511372200402,8.697495415109024,8.820453035628013,8.941321837092634,9.013228864783448,9.023176574985966,8.984085391222205,8.92664060579603,8.888430569965346,8.889082068919521,8.915089390762112,8.93911565177966,8.943270076106156,8.92570436783854,8.903922170332505,8.91987801629411,9.014779448094098,9.169962125882059,9.319297642471396,9.407519474874075,9.400008181573188,9.265508145681501,8.953239347101965,8.364793121083636,7.975151136251763,8.59555323340787,8.972807640578141,9.138739870697885,9.17347987229036,9.11960539681293,9.007326420381682,8.866891157793862,8.732447248927983,8.63282565485673,8.575915583665337,8.547871137541424,8.525930298946292,8.489480140645348,8.426467655143732,8.332559848422749,8.198907946845726,7.995145517000724,7.662207467309986,7.154552282297644,6.947262482680196,7.307892405758294,7.530707115969907,7.633316630831174,7.767182754946136,7.941400333938453,8.038250806806698,7.97098468298451,7.659836816976994,6.969134788265708,7.101990610322347,7.786445404458689,8.13151291791551,8.287394708916093,8.324741798067627,8.280973330077686,8.187314380524503,8.08269754093134,8.013022024314138,8.010556272047392,8.072027626309923,8.162418065088826,8.243252086007873,8.296406106306279,8.32584626545519,8.341370965490771,8.33847933694355,8.295376180758922,8.186193886438911,7.9911341189810114,7.70130267352145,7.339963759127369,7.069530030090898,7.181999007289297,7.502424207233367,7.777180982874502,7.944690492408881,7.999830529855687,7.953662291825571,7.8300413265446815,7.662330901617804,7.478302207599938,7.3160072590668195,7.29389104479168,7.4529853496266565,7.627651021200229,7.712637078611639,7.69294781517704,7.59347332209646,7.498314328007508,7.594696374827851,7.925311371372598,8.291299830732676,8.579184236387256,8.761934034867322,8.83489084451599,8.796520736324945,8.64501840161655,8.384070465700127,8.062931429929664,7.903183958382329,8.082174410930657
6.517000008592013,8.968701747980512,8.980855777868975,8.942374573092556,8.858205179549048,8.72136900669886,8.512182216387227,8.198115286158087,7.754248660512172,7.4914249935499555,7.880643813669622,8.276971857920818,8.529740462215514,8.675888294004126,8.75210515599047,8.784010616345164,8.775976776571278,8.706971184463445,8.54041747421828,8.23333982405055,7.741899714104398,7.1135741388037035,6.912595214134826,7.291009264065504,7.786354119559157,8.174486940360579,8.402638635074,8.486723167447359,8.459387842106784,8.361932021102218,8.228716354148167,8.064923880543512,7.894519211019382,7.864255333924594,8.00921306749164,8.11515431096627,8.050081646440033,7.7540547790673635,7.378652256412283,7.689645082400728,8.065227065009914,8.185040604386089,8.04961501247001,7.603770811223694,7.085662126248245,7.6387682153264285,8.022619502225258,8.13765369980169,8.078920277976724,7.9192915019920695,7.728999689231565,7.561744054505131,7.503169248823706,7.615480965560435,7.766888106567425,7.8638626634937285,7.944571489173499,8.053705186515648,8.140110178377316,8.128409818265599,7.987671190783812,7.757393387287143,7.601964663612712,7.632627762150178,7.7446822031137925,7.905893077124442,8.104384407252576,8.284897144189246,8.428592749096103,8.559415933419276,8.691687957040374,8.802317260911652,8.85916741657353,8.85100223994443,8.796468954678579,8.73767798548559,8.69975065143697,8.651131168530007,8.531859369017562,8.288152961679689,7.871885676230151,7.321641065611552,7.212951019994098,7.415477594303375,7.4536681698610785,7.490450050226446,7.7812323614374215,8.12393056882086,8.361260701983504,8.505527617595094,8.61554372184383,8.738078997302905,8.865609702379496,8.960126115079339,8.996007451156691,8.967976739364127,8.886507796589749,8.778314520265395,8.684938247682554,8.638428639600372,8.631321528948293,8.634483710248146,8.633119269047283,8.637940793287115,8.682169202164383,8.798468688357756,8.975138398747445,9.159779745117856,9.30359134838863,9.375842474630984,9.354574854527169,9.214728160845043,8.914682651106036,8.395164352473046,8.059148536759361,8.541921798445864,8.90071577418712,9.06997906301572,9.108525712721667,9.048264245872922,8.910119883907093,8.725484336352697,8.563903571964094,8.508229742280475,8.541751065609064,8.577782623195679,8.567117347507809,8.504924984399961,8.410856604939292,8.307472387704918,8.188429871459814,8.008911111876913,7.720024522710682,7.397484671609966,7.433082296754887,7.669345056281115,7.762645313488283,7.6653086962206896,7.396628692690382,7.081961463643453,6.946074802042899,6.7912984134433305,6.148689290373078,6.2199604369228885,7.267099461429544,7.788271463965406,8.088914929218424,8.26358267754145,8.35482230317236,8.38903979273272,8.389318742475295,8.379448062941487,8.380121061362809,8.400773443848754,8.436358268236681,8.473646329183865,8.500777149470506,8.512471645424545,8.508422098551984,8.486700564141966,8.438069982252525,8.346870709514516,8.197405275245837,7.981666144338387,7.70579407529151,7.38117527122443,6.969356606884056,6.347387942866499,6.387485346831462,7.048267523470699,7.402257435677758,7.54206437792414,7.539883798577409,7.45992440661455,7.387530430232661,7.407405768710961,7.533844713737151,7.707693851949318,7.861036225856361,7.95058954782667,7.954775001560488,7.865111298715154,7.690742830385208,7.506026170199741,7.51846886878934,7.7842388443960715,8.100880774201263,8.35978557022628,8.531080840244822,8.602605448809758,8.565184127013676,8.412032671129499,8.160343731062056,7.9579445679045,8.067089846460393,8.343395624570801
6.43125000847896,8.889408798935632,8.91749320115545,8.887304214831685,8.800462712940396,8.659311549336532,8.482090000022641,8.319661704470604,8.228684977957908,8.199709679060712,8.18233513897301,8.160995611882743,8.167825401114037,8.252615985477416,8.418531537423368,8.603582789367248,8.741181538064016,8.791731486777163,8.73506749022266,8.562641956055696,8.28564980528789,7.976594951775239,7.822168486963254,7.959754823552014,8.25340682150168,8.519929465752766,8.681827824913595,8.722883504335467,8.648262510098894,8.47499407703941,8.23713622636165,8.003022270165257,7.90481600319972,8.017690052362704,8.185557206077148,8.251181812766463,8.133030952403871,7.741096602074999,7.237959171692981,7.8151674723138935,8.27353678418565,8.44261959343226,8.382786026530184,8.086825164455758,7.507818451072429,7.144471790608907,7.489969577912232,7.5861777502333805,7.42032846393727,7.232250758133149,7.263741019888074,7.1953603635249115,6.59670422466766,6.0412596265266485,7.4592418009975345,8.016724624004988,8.30144348841696,8.41563106282107,8.375315817942457,8.151132169879931,7.644813542403804,6.599353295519348,6.947868340645681,7.371057075815088,7.268605872772359,6.6365400343329854,6.665386556382611,7.450722139087167,7.875107067986497,8.173580693163707,8.41798761854033,8.594787073002225,8.686001669061751,8.70308215441526,8.695278189717197,8.723452880057799,8.784864681091,8.8153440919155,8.758605965062998,8.578164023673605,8.23402201588041,7.650794773707158,6.79660927184269,6.879764808505598,7.203686463553968,7.400638892653065,7.677201083274587,7.95653214056003,8.159781512798448,8.314344441716546,8.47323508872644,8.64066046427924,8.777489413469318,8.851941131760192,8.852693848932391,8.780771338340958,8.646737335791087,8.478668809714106,8.329456245552624,8.24745462851807,8.233956331328805,8.272993944925343,8.358785507236679,8.479510611091516,8.62353306337299,8.786428281531943,8.954886291275955,9.103064861604407,9.205717908898281,9.243914818174572,9.20091007031511,9.055547860625662,8.776156899746402,8.340325377568346,8.058985750402567,8.391135575126766,8.714682811249741,8.879628010411006,8.912863638550313,8.830890729768607,8.642144841049841,8.39172406326588,8.261862042479233,8.368721504337758,8.504574638978998,8.539073278504254,8.457527707500295,8.29786460755459,8.16406819723723,8.139057537200857,8.133283345937597,8.024834499082123,7.767674896547309,7.503211139636772,7.621791891556363,7.85972793093243,7.9402667959609765,7.8296355735636025,7.512259148992941,6.986091516336842,6.652452617033691,6.828801894308569,6.90923617130451,6.979027650685831,7.297855872328038,7.679681667297893,7.9695199080503825,8.164696283692026,8.293708074457424,8.38636549916884,8.465217766072332,8.538342986597097,8.599638528678119,8.638178350093623,8.647587419800063,8.630038059161919,8.595634270686183,8.55734661224712,8.521446057839984,8.47949525317676,8.410576711234453,8.292664566437892,8.118909535656258,7.924151308249944,7.791886459516752,7.738806468897303,7.65686453830709,7.437136282015386,6.9776904821013686,6.049124209764021,6.020142875535956,6.771154852717595,7.171078135014161,7.450162030017502,7.661648152965442,7.820234795086424,7.9410867805508305,8.035105001589226,8.098287482910358,8.112750388804876,8.05487364240187,7.899837803567571,7.623530189690161,7.2342261275341455,6.985955043127758,7.202247024122416,7.52225971227272,7.787571055106564,7.986961028649945,8.10461767390379,8.125020781660881,8.056496534935242,7.988973250780753,8.102148512698635,8.370191647447328,8.631526074534895
6.3455000083659066,8.698023314284251,8.75827939635362,8.75576018158651,8.691991428472862,8.587397056582436,8.501191808284963,8.490244044867772,8.517483755377183,8.496984285108379,8.36814617375848,8.085914340627042,7.658965404972801,7.677287775052745,8.186594752257987,8.562475873250571,8.781181676570409,8.871085847550024,8.845454632219214,8.712717612280123,8.493292863282965,8.250893378985461,8.118352040229114,8.20092105892365,8.427438610304286,8.656812277584644,8.80951090230884,8.86049406064726,8.809380424556027,8.670745679697418,8.481921197322526,8.32099632551102,8.28255790528923,8.36164554301604,8.45214313210507,8.45862415966598,8.305463566144448,7.862403956513924,6.699112862847292,7.627732202385154,8.289071452487885,8.54749163632008,8.57309343257394,8.399178257495203,8.006465083629948,7.333890920282792,6.4114508427618055,5.555982342045067,6.356309540096742,7.388765351841483,7.867845934320668,8.040269314995156,7.97135917945348,7.730270665375653,7.735656452513141,8.117123362849805,8.399557589979533,8.492776732219058,8.383676838353042,7.994573888727088,6.886185543310509,7.117425342793801,7.976336182262597,8.24212631868558,8.23596577706446,8.01908909308586,7.588407429207199,6.850087844211744,6.047721782591361,7.154030779483326,7.781591918126524,8.136537379906114,8.325817733808979,8.429199917368551,8.53984405969393,8.700904851162216,8.861156858847279,8.957704570928772,8.958739804355643,8.847548993881718,8.604674553872973,8.192069849541738,7.5131163585938605,6.140473239287603,6.243957462998729,6.969880167200271,7.323523052093341,7.552914318444316,7.713792559937792,7.899610290713634,8.14343372655576,8.371068566895246,8.52350848406056,8.586219099376056,8.560601126548416,8.448288177829928,8.253035462127238,8.00122930706435,7.764468205354945,7.616792147498009,7.627533064002729,7.868015846642347,8.185907412795698,8.440347339478471,8.62121281400167,8.76237450883945,8.886323607485243,8.985583123178902,9.039471444878401,9.03244039024367,8.955002464553422,8.796655197958145,8.541990352195773,8.19515593368544,7.946461885601104,8.10329482303652,8.361055840850359,8.50845214393077,8.52196012112151,8.393423034693114,8.126333339919041,7.930183979960302,8.167974747618082,8.464081969346733,8.596992188284636,8.547271091136187,8.297245098430722,7.831829217468247,7.567819990601436,7.886175395723603,8.062937727381591,7.990725963149275,7.702762324979661,7.494375275596936,7.7649165341856765,8.024721651177844,8.101050836484351,8.011201635939418,7.805814287614811,7.637569004111221,7.661162210312104,7.726248307576704,7.673513102680765,7.4739443681652995,7.274512295983365,7.414421910709991,7.7083659137122815,7.930440679296647,8.087001805376865,8.2309749925327,8.391559952032134,8.550751930324399,8.671969069471803,8.731382523260521,8.723737683997273,8.660114104790857,8.566860303639958,8.478981402134623,8.418620753180408,8.373941574501025,8.306524341774352,8.177294857883258,7.980859474135186,7.82338496024666,7.874518129609684,8.018416162979198,8.082980034730566,8.023324474625811,7.837356651996212,7.516424645398472,6.988423447581921,5.986333102631345,6.572971517810814,7.308500132685958,7.70175362989261,7.9385206954586724,8.08761038382069,8.178584504984107,8.218047274248683,8.19681603316555,8.094710131536331,7.879369426799212,7.490029209632124,6.756473301064252,5.211221479139801,6.519068246707876,6.907911032858751,6.974898176879762,6.964272904365337,7.070029174086502,7.2842039253686925,7.54943716737662,7.882090223575288,8.240238551383513,8.556017619485358,8.801663037055897
6.259750008252854,8.37889503032195,8.492338518141953,8.539772123775679,8.522092543456447,8.480052936295923,8.4922990955658,8.572668121879593,8.633947851704988,8.593852753088363,8.392468245689576,7.924406514306034,6.929451340243851,7.644238766317147,8.328320169834896,8.678455327031031,8.858552590609111,8.918638304330818,8.875911754811648,8.739798743773806,8.530710613487726,8.308481153117926,8.191300850717278,8.269443158437493,8.482817360024107,8.708060313266333,8.87067532357979,8.945423785064953,8.93229666461255,8.847099521713936,8.724792131264051,8.623570744644871,8.597819112884364,8.64048705466238,8.688426889243958,8.675350327083954,8.541539576533717,8.194319677438747,7.296536053289426,6.9488079038423605,8.109809533422888,8.512460002809675,8.636652039944233,8.561654915187146,8.294104589704856,7.811289951487376,7.220098213197005,7.263092753204104,7.67599498711655,8.070520899006898,8.37243293697878,8.534208582185308,8.539840376656777,8.390248248033679,8.15309806188265,8.094326524551835,8.254266664491725,8.329777004558652,8.176157249661516,7.619259000405411,6.754751192423977,7.962369437173642,8.474189326228345,8.682863337141052,8.710259322083425,8.605738776531691,8.403484450923257,8.127194971378112,7.749339597181829,7.088074856912883,5.617414059396639,7.122782776458248,7.714567257386994,8.076532492644382,8.395274949344063,8.687274615464313,8.916560884433157,9.05976500359294,9.108139503767038,9.056519768314432,8.896750560370574,8.613263571977306,8.175051252686433,7.506272196816236,6.289261024507286,5.524055615490772,6.409795325822197,6.527156363746992,6.685916444825784,7.157657927252763,7.573111558586407,7.835871621572531,7.98561762551559,8.06294689708585,8.074230841201713,7.99306767986037,7.793176136029963,7.493712827235287,7.167975689564124,6.70097286040583,6.43258973287133,7.467963867824479,8.054608337781483,8.365016453925932,8.520242765969535,8.608593907816603,8.694203699861955,8.778241963287263,8.819314785292189,8.786411472814889,8.671291711683148,8.480377596220691,8.2278938020608,7.93893355831963,7.688492870842111,7.623667233929829,7.728775530327382,7.8224714077896556,7.8028053534497905,7.66731905705236,7.68342312584213,8.08078342322916,8.467818492585158,8.695265161082817,8.754954602617078,8.63342119406879,8.268740303141568,7.388101252582334,6.463452569819023,7.7270187515853594,7.98193752889948,7.873359437205935,7.541889866876129,7.56045260364858,7.948456401476434,8.17791543822317,8.223837210751775,8.130839669795371,7.979831525706756,7.923085460315523,7.997095756913794,8.050997562647733,7.978634878161423,7.725175319673322,7.238954610171089,6.866547951847188,7.289402754668038,7.620762746364698,7.784029498597791,7.926115061540701,8.160268789697405,8.426431181490209,8.624121241201603,8.716468524688581,8.703533725157397,8.604106079709263,8.458248366351995,8.32737675270579,8.258912152041457,8.238008502340723,8.202100016072793,8.087773542758997,7.876188824989197,7.737251384886438,7.92786950908512,8.187195407700088,8.329565010817499,8.348237006564638,8.266141086046003,8.1010616660816,7.852448533789204,7.499699599784849,7.071094394322332,6.96450302299276,7.313773226042992,7.669439754617803,7.9457582610176045,8.137986976266955,8.238048842388881,8.236630079366625,8.120382447556974,7.860409209125052,7.37665557473059,6.32694480441546,6.164656340413251,7.073512659269952,7.372040737564212,7.414311834222254,7.242855594333745,6.735462106081019,4.248726119600196,6.9879943808818235,7.793428947563203,8.282264181035375,8.619924921481312,8.857461099659309
6.174000008139801,7.894793663769801,8.099935259501173,8.23089687865496,8.281757683455004,8.313759027944116,8.409306795752867,8.543770191375334,8.616324841275151,8.55320829297636,8.287702338770805,7.666970681756677,7.109650871211459,8.035139585307428,8.51870261526775,8.767907230552717,8.880854016888652,8.891600376093598,8.812084257771842,8.65027525047094,8.429266059874484,8.218505335691653,8.144510585075842,8.27301229340162,8.513085960507658,8.7475455305417,8.916920763844256,9.004001098842036,9.012126460802369,8.957438687242737,8.869884893556877,8.793583146152075,8.768434778962527,8.794082643413734,8.828296780998084,8.821202694389337,8.729424451529525,8.501371060057075,8.033984650575661,7.213393426730299,7.776277262778348,8.34419209019878,8.576392923968998,8.587557906222186,8.407177963043345,8.054331273645362,7.733303101373672,7.841928525118078,8.110334527127915,8.371445470232791,8.60789002713022,8.768336174450846,8.81112887874294,8.714202648193481,8.468262049743009,8.121703721867528,7.908785562182174,7.877336985200329,7.65620796088371,6.802921093771688,7.455802648825438,8.294821435356447,8.701472152302609,8.892655165811881,8.940498405764957,8.883785444543783,8.754728874436916,8.580489436916931,8.365054358706372,8.072432190371385,7.6312699316826125,7.054923049587509,7.265958770548221,7.865291945926434,8.324841000002188,8.677320074643234,8.938332815622843,9.110491207534396,9.193758862946448,9.18599373984913,9.081670125279357,8.870241274244249,8.533507056678237,8.04149778286523,7.352704944344005,6.483933606273495,6.088979289012447,6.754090409475243,7.328579149339163,7.627759839979942,7.663766228944226,7.385389192156175,6.596811245819366,6.887778410089426,7.522970089892751,7.705681161594261,7.607225862762426,7.335734121797776,7.067828388384085,6.730158045205117,6.425531158104181,7.379980654316225,7.958988864803701,8.224288649457304,8.286967095531619,8.256371151778767,8.301278530573512,8.455641884753947,8.579019717702899,8.591926272828088,8.47886626831567,8.243577726310917,7.904425389082873,7.526583815831917,7.260436639846203,7.194188272812863,7.250478957835899,7.37929314636587,7.576574011432364,7.845575908724262,8.162858378076688,8.466332195438627,8.698860214178008,8.827310504451846,8.829963659226948,8.679794436324045,8.323264763778544,7.652251482170284,7.237879548244538,7.726844607808158,7.86033441526814,7.668262823526813,7.416434656162815,7.7360087203494725,8.10304055478601,8.271787848599661,8.276197782712492,8.165430847221488,8.032860714693188,8.02153407173799,8.119599400172907,8.178788587111358,8.106730582963305,7.833766508986798,7.174085158654167,5.676481204797008,7.292607362433497,7.756636522959643,7.861085708942944,7.778275520968934,7.8294686866651055,8.171999854022502,8.47006864737486,8.612789665941012,8.610183133268233,8.492987874586728,8.316497459369431,8.171614888134666,8.130647632867413,8.166099679980988,8.189367793833702,8.122654112974988,7.938208768531747,7.7964626779624595,8.000975450129403,8.29639754683034,8.475645261859096,8.533909623371041,8.499068225753259,8.396716440128994,8.24442429697947,8.052948495934796,7.823265025134866,7.513177232019669,6.962470491447215,6.430652091070311,7.364303201947521,7.9017490135791055,8.161505008046221,8.233501023983868,8.14292142266868,7.878122288532579,7.36579464165757,6.21347173326499,6.0743189322212565,7.02504164461821,7.35860901130369,7.487559260883156,7.4702902625559675,7.266576678370362,6.796357152490917,6.997497750327048,7.769107798630591,8.274117202876624,8.605991203281748,8.82872432520749
6.0882500080267485,7.139741776742644,7.54461641720764,7.827960781951403,7.975266192450206,8.083053224318903,8.23953924871861,8.40622930595857,8.486894746433618,8.419233126899043,8.16018927679771,7.752554075821467,7.832266719351513,8.27683230960749,8.57463631947433,8.732929955298282,8.787832433694101,8.753451365197698,8.631592965294473,8.426925133626131,8.173008933029248,7.9770156938711505,7.998087361659442,8.236898596530773,8.53662437231613,8.788827611524296,8.957511237534998,9.039831998760308,9.04629168632739,8.995574812285925,8.915210109473675,8.84176976357849,8.809274480089503,8.822799496480316,8.8520102928556,8.857489375943095,8.807842822326267,8.673985324901098,8.415575570942865,7.990669021205843,7.701640284851565,8.067724638402908,8.376359019241852,8.46650637933563,8.362782741120535,8.112502880955441,7.923564149903751,8.032284770092215,8.238408541230907,8.442084972626722,8.65076243419879,8.819363257837042,8.893076392730453,8.83973783356886,8.636274282630504,8.25419114221458,7.670449120055044,6.99581058258279,6.163409455595707,6.540367093134167,7.797891553386865,8.414423297046957,8.76674042851613,8.953563101043091,9.019945765545915,8.995813635450531,8.907863632197417,8.778934591129168,8.61694919653245,8.40710746846182,8.123108898206118,7.775837657803847,7.6087568510118295,7.898477843904668,8.30427713475278,8.650017663839371,8.917186933575344,9.104402994152093,9.210009874505444,9.23066854911639,9.160654731229041,8.991470770163831,8.713034060707345,8.321249692878412,7.845307003105178,7.409418764292,7.336330690010705,7.711212011513704,8.076307666125683,8.266655317889912,8.261620752931309,8.044464974412312,7.6359381322575945,7.4867712779789946,7.731528874110785,7.79436806804247,7.576594541129098,7.132716790524454,7.011639762795054,7.215573884604843,7.354671182438648,7.633835829521522,7.942800808539029,8.080336659225198,7.9798961129450126,7.621876204141041,7.546208396680342,8.061664457891503,8.392401436178762,8.505246388243934,8.437256185317477,8.189382876711301,7.7089186778509236,6.859192018740124,6.927865372665038,7.5440065233514515,7.857354368311046,8.041927579982906,8.185868296762774,8.329707778331906,8.481337583325672,8.627058672771236,8.740423886312522,8.79053280979857,8.747226870336474,8.579688536470963,8.254056600265585,7.785098153739934,7.551427147568226,7.676948685311693,7.645908719289897,7.387177040754876,7.412758101901589,7.857976351378515,8.158036797755875,8.272985897336541,8.244345929139513,8.119795656673116,7.998515198355259,8.017348850239511,8.137893552263067,8.208970548136445,8.138958965472613,7.839730220188076,6.999340602059195,6.506520585557147,7.7493240184714285,8.147616997111225,8.226207321213886,8.046330112711004,7.682206441321769,7.788960891840803,8.207708368983832,8.427560934962647,8.457732239888866,8.353828672501427,8.195287315915218,8.09810537730597,8.129413445547648,8.232835656779722,8.311870193709263,8.299901219422958,8.181742710354332,8.064755618559108,8.171313692833923,8.404194180976887,8.569554830417804,8.630253138997018,8.603960170280441,8.519170595257691,8.407569188027916,8.298401449991912,8.198768928218145,8.069496233813615,7.826133943254775,7.344591376850222,6.937775277108988,7.56817043294539,7.992773012927414,8.162175633660816,8.141007140774077,7.945680472859875,7.558574938357712,6.919977921310423,6.033265939627172,6.168120580796871,6.6679052914199435,7.010668238946553,7.163807868724295,7.07059928125325,6.820654828865806,7.259015297566244,7.882303741281219,8.299645795671392,8.57212234393075,8.75341538717565
6.002500007913696,5.774371370772881,6.748981321820244,7.3557638824138865,7.636241660030705,7.806184510635921,7.982212412461592,8.158415201502194,8.26505894613745,8.270568647592532,8.209584095652222,8.189295503320869,8.275877434800831,8.39592687291678,8.484053452426734,8.531544447979032,8.534999004307597,8.472067354928408,8.313791730821807,8.047931310819433,7.724408170906744,7.544341244615965,7.725152270368054,8.125066516594739,8.51016018800386,8.793153560194794,8.96468480992015,9.037269287205651,9.029954287783674,8.966156236422721,8.874171421951726,8.787289182819222,8.737296311735058,8.73405622340715,8.7551573545225,8.768738557174617,8.753550318792708,8.693638530009476,8.565190740100787,8.335458898834691,8.006383374243851,7.819636440028276,7.990532846828129,8.148163451681294,8.144912324675358,8.025740452932391,7.955792437006762,8.04708465984515,8.18851888918366,8.33823450982482,8.523626660843368,8.703503361685812,8.808149855976572,8.797388981909018,8.650291265917163,8.34657395572692,7.860231077588617,7.205434655093909,6.831220725093726,7.297833142341622,7.907335020953885,8.376106027075696,8.693361578404303,8.884710007347348,8.974459035536086,8.983451342723535,8.93031045045428,8.829336615994208,8.684957916226196,8.488722272583695,8.22634401290678,7.910976107010341,7.711057602901131,7.890681039813474,8.24791942350879,8.578905839949785,8.844064845886734,9.036779339384223,9.153487790484796,9.190414603616622,9.143493959233199,9.009994782129823,8.793644262904552,8.51441953643656,8.2132201491075,7.950601277627943,7.899395664144736,8.158325018169526,8.442614518644,8.597641082743761,8.60412440081647,8.478780505238962,8.283608386266836,8.135616363450021,8.040636287866104,7.8372077312479895,7.3564752892476974,6.802642297873329,7.309288015848016,7.63472788101278,7.737939050911398,7.821959830217772,7.948185551077497,7.9850553432894085,7.7842807663396565,7.0271167440911615,6.555834317784821,7.850623916940537,8.30365091563665,8.466340210638128,8.428039608883617,8.18826187166991,7.643273100683129,5.897373963534884,7.149943080124312,7.867911259152908,8.180663703941256,8.341008525720982,8.431814235106874,8.492405049782972,8.538157327881358,8.570283108464867,8.580570248430623,8.550426269103475,8.45209693053227,8.254857817648256,7.9423080946200315,7.596379707657938,7.469334841310595,7.461004786033033,7.282145577047983,7.0236930556489465,7.38439347627374,7.841910601661032,8.094865472966836,8.182468096935446,8.14537236730242,8.027063796590664,7.924255487548211,7.967977775574183,8.107441432051003,8.18629924730517,8.107070033416326,7.7550541401725335,6.565057754010539,7.141187860290444,8.048721034037378,8.388801353255975,8.452934688855004,8.271199912932344,7.779400178295898,7.2669396474157075,7.822080477164998,8.172347454565717,8.268190175105229,8.222411244630944,8.14690975349359,8.154806194383871,8.270433508663789,8.421980153975548,8.532566800214191,8.559944034451782,8.502716088868493,8.422454362632827,8.434387115236218,8.543595072939437,8.640451780725133,8.664576460077733,8.613287937632448,8.512891446247506,8.408930898800204,8.34827019992822,8.34021397017143,8.345286868496233,8.3100968481123,8.194047809379903,7.98590374597843,7.777581936623601,7.7996701503748875,7.975557964384162,8.07841215855086,8.043003133300957,7.862876639358411,7.553143389964562,7.211274181944567,7.085265049171828,7.175666115035891,7.2348270868322375,7.092195353217163,6.396424563801331,6.18673262721329,7.516498445694529,8.081033437197476,8.390837779274214,8.566797320278273,8.674977476844697
5.916750007800643,6.361011144388526,5.4718386457753825,6.882199239018869,7.337969601439657,7.529714841406572,7.63343591131808,7.777533340083611,7.995189236855182,8.228720031041645,8.422135049954264,8.540343341597863,8.559384310578805,8.46621364758636,8.277161594134803,8.090330994031302,8.031594351095316,8.010428920281532,7.870447921133245,7.556449547625052,7.141139167897385,6.908524505018056,7.217163733460031,7.861575442380806,8.379239090105067,8.715915135025519,8.903530325372518,8.973380347633487,8.953338561029401,8.871737077810103,8.759038308111917,8.648252648558904,8.57250112398937,8.546827704192504,8.551608393502878,8.558074496091153,8.558385830021985,8.554298964102543,8.526198903678631,8.428923038351794,8.208922235277122,7.818710609976472,7.370197546168434,7.446937869136959,7.709005662637806,7.84156547276884,7.908573577521774,7.966317529945457,8.012122436717725,8.069493128581744,8.204524713711402,8.392269704638906,8.535457117163611,8.577206772268372,8.499838918198513,8.301094872948033,7.99301872538031,7.631764080570109,7.378558123066093,7.441166958603436,7.770487907063103,8.142676903631921,8.447559676269856,8.664134860008751,8.796914595079944,8.854658259871576,8.844702531823883,8.770506212299,8.6295939634859,8.411912943205348,8.100005441212911,7.690236638778626,7.395775178852406,7.658815822478809,8.083870271921123,8.435307845482397,8.70512101606209,8.899187198026077,9.019612903253543,9.067695030880623,9.046942109108663,8.966419379404776,8.842470574232587,8.691618876644652,8.516917540767267,8.330991432832,8.255431009838048,8.40980517813019,8.622471281706993,8.746823548440274,8.75755414141075,8.673364389464956,8.531100257725994,8.35587529715391,8.112779177015529,7.703507914571287,7.136250446414641,7.309483238801442,7.663233163116782,7.742885223102499,7.659550764826138,7.661857188366793,7.826443681775635,7.917143723523444,7.798933906178732,7.415964240891384,7.288607414695965,7.861229597783195,8.241563457103384,8.397854041711659,8.366785920341268,8.13353911697647,7.579119239594045,6.044575210241908,7.334623742531264,7.964923485536844,8.245206923419646,8.37263373062452,8.417969453158442,8.41362303183738,8.370193563196153,8.289219295384703,8.174470375485784,8.031036334263677,7.854647022633361,7.638566892861622,7.427268453551703,7.336666914324731,7.33186245216257,7.218066640996806,6.833167557774828,6.510556478675688,7.20396245035249,7.69598835622225,7.955834945458449,8.063249983046404,8.056560241755477,7.969123565682693,7.88372031345889,7.926109194615827,8.058212844473871,8.124444141188361,8.017818637051224,7.599515400090183,6.412983216055565,7.520677670044567,8.194588697888143,8.472759897485107,8.510362086892199,8.319649361985524,7.808340687922816,6.584725101207819,7.324408458502304,7.8875526930720055,8.076089280274081,8.124367868392186,8.166437559847878,8.283264570725938,8.463651038962558,8.6438423828794,8.771799631769106,8.82444701591163,8.805319058736108,8.74652522169353,8.70155831366753,8.696121207299017,8.694946949146237,8.650842806271891,8.547320439370287,8.406077287482772,8.285142851505618,8.246623255343643,8.302799808372733,8.414154974419096,8.518850635671383,8.556911971561814,8.479497233886349,8.240913981971053,7.8220620097389535,7.607371673903127,7.923460954963585,8.131489379934997,8.120484806588385,7.924055269815376,7.693961169565621,7.766004366579111,7.981423524343994,8.07946892633722,8.01352817379264,7.804122611337768,7.69043169325871,7.975317961958189,8.302035463537681,8.499471862148233,8.588020227696123,8.623154380469476
5.8310000076875905,6.907601944016333,5.336021091628756,6.480491379642144,7.156780857239028,7.324591190549118,7.185743747256135,7.182305404447847,7.801335288527675,8.320192404654579,8.635323355919738,8.781193570055331,8.769164079013201,8.583693089655766,8.166979482206767,7.354918781476147,6.822287363362858,7.387778025483238,7.44981294091477,7.212747229145603,6.962995607438304,6.715216490574142,5.785689643204945,7.28941105191841,8.09850402298176,8.528602901945133,8.750177447864779,8.828876449042678,8.804326776281417,8.710028700207198,8.579220339378237,8.448277257662534,8.358386512773409,8.32879427975829,8.32469425154302,8.299776396823578,8.258106505325745,8.255135086578857,8.30389490825006,8.32524350602488,8.229149639081957,7.930318980377334,7.227709407538572,5.424384444087692,7.271051717396175,7.719833423392062,7.858989680664632,7.8498165919140215,7.754024009136797,7.6213789102260625,7.584238604344539,7.752401609327703,7.972827874692582,8.109789315047559,8.132686515233814,8.042119258401849,7.842728135850722,7.547061723927686,7.220754618488549,7.057611886237475,7.18925498206198,7.509990158524925,7.882290419108363,8.208447753980554,8.4488037072534,8.596447716039071,8.65384077225825,8.623082183630718,8.501694475702834,8.27802768911828,7.918607177785585,7.315199402778631,6.054129735926704,7.013077096537176,7.752453273029946,8.184169853598055,8.476296281737433,8.675303838749056,8.801395051559096,8.870650413180803,8.900829944110646,8.907474419890137,8.892954744451444,8.841859865649942,8.734638938443117,8.58164287707474,8.478551793418452,8.537980467135206,8.674322739884262,8.76257276782104,8.768196083460712,8.698233357553098,8.560319143593874,8.338713264516137,7.998371242820686,7.625711717994363,7.669815162317098,7.880951944569197,7.874334651349042,7.523814517568588,6.294099347067697,6.976482675031209,7.722357686777499,7.942962200753331,7.879905107037683,7.598941748652392,7.454234491691711,7.826095088153834,8.15658101558829,8.303699598607885,8.274998127254808,8.048264370701697,7.504319738648413,6.137643214231827,7.261941383430157,7.862662671685807,8.111034080220033,8.194273362609607,8.180771864894387,8.097956939628517,7.9435390742587355,7.703409444511477,7.411844390388234,7.269919956156237,7.384187228500359,7.534558369348915,7.621079865360635,7.638668068529126,7.572433494578456,7.370267641990218,6.91540434544655,6.228286947614165,6.981239896859838,7.5780526568029245,7.902182579835711,8.060848029257274,8.093910436786604,8.030374566051362,7.937446375268412,7.928797055939184,8.00457411956788,8.031534691795402,7.903165996976954,7.553312278345867,7.327658479932677,7.844946298213926,8.256275568422422,8.440021043807599,8.426894461144316,8.204720856584759,7.674372456819667,6.165028497423656,6.932901368874934,7.623006728562734,7.878581865721026,8.019670704058889,8.17406300138458,8.383162074287787,8.615500261949292,8.81997732094125,8.963554776159109,9.034488208422513,9.036287104866854,8.984622718068806,8.903995268659141,8.814995995827486,8.716398284748696,8.587595829566435,8.41552819412505,8.2252698305837,8.08430291548098,8.040140940118368,8.108917250861866,8.301052356464163,8.531231828359825,8.68691523382402,8.704501920213975,8.533681185373801,8.070201843864975,7.09044861570403,7.666846710983245,8.182032285834765,8.286870529375822,8.120227848019919,7.85152462337691,8.00387980240356,8.341720931004291,8.527121833887337,8.558992414771312,8.486675173604114,8.39866503815829,8.402526894416244,8.48859657133653,8.563705541806748,8.589228367383308,8.590058935784901
5.745250007574537,7.219631730015477,6.117408337173982,6.220010660134632,7.102351785484587,7.252993397077626,6.787713106697448,6.2793021059083,7.805664228670262,8.447905077597472,8.79560439178974,8.955231782648793,8.955695153722184,8.79423767109996,8.439945008509703,7.8253667752909575,7.100042988790704,7.194435111703301,7.205422109016735,7.018071310991567,7.147692095769409,7.282488399958256,7.0305128109106185,6.879560670478961,7.7212816383407095,8.240766394453189,8.50262904780664,8.59753516453922,8.576470888651606,8.47898988110305,8.344573846488899,8.22322590513768,8.175164333630342,8.20737709204317,8.241594552376188,8.199020271588493,8.053297565506002,7.881523669878218,7.885819439793099,8.02072657994419,8.069751722219708,7.9460929905136855,7.6428392189076115,7.401450387624356,7.602026271444956,7.824249843597283,7.877197002970429,7.772827237084323,7.533573563695227,7.156278932776677,6.539410066910587,5.509711476995663,6.452559159679457,7.020144888090194,7.255776753164634,7.278883179487462,7.119817422240804,6.824597898611079,6.632645908300739,6.672237054870365,6.545406281296441,5.744246737226382,6.374295621309515,7.358783127987517,7.87347757102253,8.176751770458408,8.345611488523671,8.412126551611552,8.39019187916516,8.28263238011948,8.081253666515584,7.75980816589456,7.263802869787806,6.799209739170228,7.276974293616751,7.785660013710757,8.117701593838856,8.337493199175237,8.492548353482684,8.620902767799741,8.743640829490408,8.852718556557468,8.920901284622449,8.922710807394417,8.847131864277614,8.711649082164596,8.587353492540046,8.563654738225921,8.61691200433971,8.659387852216394,8.649081411092594,8.572637341939537,8.40969268323154,8.138201637931727,7.8715525411719565,7.971812057284544,8.213184206432901,8.299581129128768,8.191166820066725,7.937885220023881,7.841645850835557,8.054250807575704,8.211320168006093,8.18480455921189,7.949115106074767,7.508649152076433,7.415374077752222,7.870689669923148,8.179649092827445,8.304097009973729,8.266936374379934,8.051070958459599,7.560618279499434,6.31456205080685,6.861767522611233,7.565843917761922,7.800675813550671,7.822327200352568,7.709493462061186,7.494189420012474,7.192141936807668,7.004102888096911,7.288236505576739,7.651538931405671,7.880512518097789,7.985471808194868,8.000026312241818,7.950650462584134,7.841564349535815,7.642212383251073,7.288361576178546,6.86201757517983,7.207023103734099,7.729088547079704,8.048465178472464,8.207522227913811,8.240002003759914,8.173509890943691,8.058959455488976,7.982113264514361,7.976717026024337,7.9704323964326065,7.905555050698486,7.834744093926893,7.911441885570224,8.115909271739108,8.28196773768813,8.329521989915138,8.228627526884516,7.943208821573451,7.389049217529671,6.534823866422259,6.904095288638294,7.345808639919144,7.5858976376350205,7.809625395200308,8.084909528962417,8.389934810449377,8.676991434555719,8.910253340906626,9.072304513093506,9.158582191197082,9.171701249637351,9.118707243159319,9.010122606328755,8.858072957545648,8.671164807006296,8.451060091448005,8.208792736935848,8.006820794325153,7.916013291520501,7.8682451213408795,7.821023349776369,7.988390483548184,8.351661714598992,8.633170205030085,8.742375560037045,8.647332611450619,8.262952491632948,7.1329121382623,7.345432865861328,8.179296320407468,8.375585257733494,8.23339358700598,7.795410830180362,7.762453839039192,8.293455703242348,8.605271896875758,8.727394917419359,8.729289854104055,8.668806779563184,8.598641983112866,8.54954730535278,8.522739872987431,8.516122181100537,8.541866886475471
5.659500007461484,7.449204688263627,6.5126715872915835,6.12548621550357,7.12892617437874,7.318600036093557,6.956472246667105,6.6907019934355585,7.895575599015113,8.53028203551535,8.890524555930746,9.073319268023129,9.11155023419141,9.014725061734001,8.782041607545056,8.415541193213723,7.952603637446864,7.478222665905428,6.995871473831975,7.031332171835334,7.56693144940023,7.8517426580337855,7.887891394186397,7.7728445210688255,7.7734020063647895,8.00864210372599,8.21950483948754,8.307477848578596,8.285842992681783,8.191174592064241,8.074397353624933,8.011699814849255,8.066519247354485,8.190360578740664,8.277533321585082,8.259565067870804,8.096751223667713,7.762568155123446,7.377432415878085,7.445282360314643,7.685393189245792,7.77876292007636,7.777621736103478,7.811882175400281,7.91276871533384,7.982122120913333,7.9491275803764605,7.798613019584299,7.567424713136863,7.387668654664254,7.3688423423967775,7.3831081743913405,7.290718605326393,7.0439842163639375,6.790131577248423,7.019400442709467,7.409231625748175,7.665301609299865,7.793140122580571,7.8337277191834005,7.834704491433766,7.830961141987891,7.811482532972821,7.7348623906370815,7.608605952194742,7.619366454216674,7.891946157288706,8.188084319839671,8.378467087362402,8.4501582079764,8.41048926995953,8.266154198016832,8.022035989646279,7.694581144933564,7.3909257270256665,7.37893329916287,7.609475715618943,7.861129712269246,8.1030993928394,8.348809643474862,8.580100271566904,8.763029581228167,8.873265179541939,8.900044025238929,8.844547517087808,8.72504180722314,8.587562695339795,8.492273463984121,8.454121000039276,8.434267901728086,8.390316280912513,8.282157149083798,8.072750386333166,7.858337730256803,8.019809397442515,8.345294284042325,8.523943625323883,8.524932323226087,8.391949102247878,8.286213498035885,8.376033852618587,8.499498249902569,8.491085187012724,8.291164768090248,7.848841836658867,7.407295292573998,7.83318167271047,8.234853018448895,8.434154704066117,8.48786287164575,8.416465996715306,8.20648853667067,7.797411207005011,6.981619853024598,6.163053328084025,7.152770167337803,7.455080280442057,7.476743908572532,7.3641929620819315,7.273680461139354,7.367603088337735,7.610872664108361,7.863182898605794,8.04821411506617,8.144165419726257,8.156775021304123,8.109465207087517,8.032101983908147,7.933030952154664,7.779894427199651,7.535188226066594,7.3428569016741685,7.594803082216445,7.979463644426194,8.23949531914775,8.366127621431458,8.379495920716575,8.303048149335678,8.17575277829119,8.061336728053842,8.013699512877654,8.02897779476326,8.08067270361634,8.154988978422018,8.23283802226793,8.282078363609193,8.269091368625316,8.163093800482,7.930796346293529,7.533509904511258,7.011737442446094,6.872513299431565,7.042215881272212,7.064059114409347,7.056970019383053,7.3499019114091935,7.825487203954025,8.264912283231386,8.622876245811081,8.89413163358285,9.079014524272889,9.179736475803884,9.199043621027656,9.139354024175235,9.002577593314737,8.790775815756053,8.508777102303936,8.177709390009406,7.894142045609848,7.841305152535969,7.939868105725555,7.9527455336330615,7.76208960943616,7.509057851269447,7.904903872755033,8.369377088362649,8.591555778990045,8.57711238460121,8.277335450342347,7.3591153959487725,7.0335511213512465,8.130144650653783,8.426721788605036,8.370237659890464,7.9096129445439685,6.528436874572071,7.96498348902487,8.578355267899795,8.836864968358226,8.903571824053847,8.83410285518151,8.662747503453243,8.44070902002754,8.282196169627463,8.307404003836886,8.455859582835584
5.573750007348432,7.594523743253128,6.66775265423162,6.114979282924066,7.213115349854283,7.46576974376354,7.3228133682985685,7.1728001937068955,7.894050110065607,8.502345686506727,8.881064997178475,9.094351146737534,9.17328340638405,9.129916649926558,8.96588936450385,8.675287411356146,8.241269909893942,7.6275766392407265,7.140844119757787,7.632240614676488,8.067784098615158,8.289256424091647,8.34312828029493,8.268173395166027,8.13171156588558,8.04501460565553,8.045238976026075,8.048510238578263,7.997226907811171,7.899739660234424,7.813703978451715,7.830078814851771,7.972756306233452,8.145958929465678,8.258103564365964,8.265803543993188,8.144376813596072,7.861880829059422,7.354461669576422,6.621799426961224,6.817778257419534,7.296981166178973,7.602003117511123,7.823381325687243,7.9733355884194275,8.036169651574218,8.005176118373454,7.89836904819461,7.787100711569432,7.784044700634261,7.884871594579702,7.980592341458657,8.021164425043,8.040011704925956,8.119572724848071,8.276011194445335,8.427818636681298,8.509271957982874,8.503979757626489,8.437093369833704,8.377558130982672,8.38188021150376,8.400241247177389,8.330935274188601,8.077722870760256,7.501738460059251,7.252831382000037,8.004489845512234,8.413905275598076,8.592759336404281,8.62060662620587,8.53782934949359,8.372958224367757,8.149684967547358,7.887406960908186,7.615305117326364,7.4187081215097725,7.442456528131452,7.697482021880603,8.031668867993812,8.332005021297878,8.555750642551704,8.692243269840382,8.74236900797868,8.71292360787195,8.617971320236055,8.482062005865423,8.337808877489595,8.21157413713288,8.104382828467347,7.978399140845581,7.766038193348347,7.529530547709055,7.7965282069897,8.26199788584331,8.539534049901352,8.606041894196359,8.445032354971538,7.966638869737179,7.070492084699906,7.63820746510419,8.038795454496137,8.007309724974567,7.512284625027727,6.622274040709405,7.838854353214012,8.384952914564277,8.643058230865002,8.74440649897298,8.735031468234922,8.628263217074418,8.41405062251843,8.053394696796119,7.453274829911658,6.6847859631470214,7.128179227557258,7.523759222378697,7.695806742924547,7.778980652604016,7.846352158527281,7.927268781827038,8.02873885925394,8.135542265455166,8.210622016164411,8.219546710164261,8.150872604229686,8.029507677881032,7.92015834212259,7.860423639073945,7.793214443395296,7.666799788228482,7.60706018929761,7.829374269502954,8.139939802618944,8.356726843494673,8.456259435319753,8.452094016583537,8.366729865389571,8.236324965512996,8.118129564305672,8.074539340675994,8.123825151099666,8.22316169234285,8.313102150606769,8.351815199693323,8.315367588257137,8.18576634161556,7.937032723217071,7.5174478834982885,6.8729165489273125,6.723874794051043,7.151425610541171,7.318402849436034,7.218481006046479,6.78894173350231,6.2520463280351475,7.2545571689889545,7.957347778578292,8.425278527692775,8.750731739882314,8.965263417912603,9.081622193443398,9.104801640339762,9.034255634595665,8.862764658248382,8.572772794022221,8.133072029946195,7.5791587379110466,7.534961558830261,7.91338673447044,8.153267441246422,8.215619435672336,8.073766263855058,7.626636885194412,7.0349642022726355,7.730578171880989,8.16313159624747,8.257298151286694,8.031075281454179,7.168932987568104,6.98162468036801,8.122773172894508,8.508846272344215,8.610369272592104,8.632459507807512,8.887105914310633,9.278736207057788,9.569153520247504,9.711285419154763,9.70679736167625,9.553172282031905,9.22993222135458,8.676004654455637,7.7949175132997786,7.852308411185849,8.362393523791269
5.488000007235379,7.629988274041344,6.574513537992904,6.365744613434665,7.362908993145792,7.629987354034553,7.5752719526254975,7.3471226177996485,7.643780373496261,8.23482749351696,8.650180840211041,8.901131524968577,9.01860752986474,9.015442230033605,8.89010854585229,8.624582699363373,8.17041214448065,7.494655061078907,7.572124510116773,8.11456317117139,8.427517498701732,8.5738868591929,8.592837234720498,8.504460455712254,8.335147793199269,8.138870906484069,7.984846191922214,7.885322829393928,7.796440771783437,7.702434704177218,7.645630673774127,7.6941480058350775,7.8434522643813605,8.005498164653693,8.109274405619573,8.125343393789922,8.04409927566542,7.859406884703667,7.555503705277124,7.0737316245385164,6.10718698248167,5.761206477509372,6.984719493743651,7.511712609674473,7.808741286475802,7.963766431905347,8.016122583400952,8.005648324932645,7.991141018457086,8.029803487650456,8.121845115773322,8.228042197916384,8.337415468967741,8.47490700580074,8.648142484864163,8.81667014668244,8.930396754911214,8.959539262073529,8.895640979184368,8.759072629531248,8.627315952061801,8.596825960256112,8.62318304431055,8.577294924019895,8.356758698009342,7.798791425091708,6.582779712169303,7.826875434160397,8.384324125412727,8.618218542550744,8.683107422625937,8.643256801778275,8.539489772791436,8.396228835569017,8.221652754056453,8.021396584665624,7.808678730452979,7.589814245097839,7.405531838045838,7.470742330550662,7.789134202450973,8.090039558717853,8.28951366568799,8.392162798016754,8.414502369886888,8.373584160534346,8.28868313831421,8.18253940012888,8.070747459760799,7.930081613985197,7.659061176983517,6.984355561609919,6.931601731671046,7.920623512408732,8.372758272389222,8.544272012096453,8.54202442370586,8.572519788441047,8.840498306346824,9.141739703559693,9.314657721055324,9.332010482013516,9.189018558014144,8.885652436585652,8.533209430905153,8.542122903003003,8.784146180101713,8.941124724926231,8.98586158532656,8.937892696614766,8.805402320217146,8.578734317469078,8.225235773958557,7.683934321946492,7.1277216048030745,7.451465559596754,7.832058004730168,8.043103343315694,8.155304475211665,8.20542295070798,8.213823373724182,8.213106365866022,8.236557240290406,8.267508355520198,8.246726007333468,8.125461035302067,7.898119045435039,7.673463629509021,7.647874153212798,7.713213509919396,7.704303678130599,7.701330866171462,7.89451335721456,8.175663547501557,8.377298800181554,8.463190307663782,8.443712517573314,8.344825863492344,8.209488714702598,8.094142599686675,8.046318952239139,8.08573107035994,8.188820218272422,8.293053104011273,8.340220737748778,8.29501839181596,8.131211149248237,7.805322742656533,7.182799176565653,5.071470701558326,6.781391034967417,7.406052544817877,7.624418403266514,7.622552524952353,7.407875687340069,6.813054609783312,5.407143991024903,7.316687075323475,8.020191722085308,8.438104642303777,8.697191789509976,8.83491940675418,8.863361681125062,8.780194729233866,8.564471648437795,8.150400874739525,7.268371627662791,6.436348238018047,7.769264400841085,8.219916747827961,8.424006821196146,8.478017749133546,8.391936555079866,8.132390991251174,7.600818468886382,6.605310181224667,7.008855396894728,7.409060776406931,7.246378941660471,5.86475569676335,7.526204635204216,8.308650856837406,8.679990842660246,8.936719442578834,9.321873941656078,9.782519844509714,10.155211647758854,10.393721685003083,10.496928641827147,10.466351153660577,10.29519928441078,9.960041275465075,9.39505490375469,8.339504631881923,7.2228459342627325,8.376282581020355
5.402250007122326,7.514932058502481,6.012518167148822,6.863435182241767,7.565493990014433,7.7813795347948735,7.744822069419781,7.477766773930995,6.9698633897690385,7.024645790356206,7.648841720208051,8.061786632943635,8.297671395535389,8.387224606164468,8.322984978514318,8.051211598345807,7.368861223762787,6.683096567209954,7.8723017626732075,8.376521269707368,8.620273712328395,8.710369043851516,8.683446137825293,8.555651119139057,8.342559715927397,8.0819170853639,7.853941106872261,7.7269944021404715,7.672801561550674,7.641748536798398,7.63186787807401,7.663470193207564,7.7343559352464535,7.806794849961353,7.83978973923725,7.81634707236391,7.746638354181394,7.658179686491541,7.572352462578089,7.476447859819842,7.312132594573659,6.958685848190697,6.180149397090801,6.660683474446161,7.422439453191269,7.815175785230288,8.015059780490306,8.101177363506393,8.131891177711704,8.159372767303354,8.21807615960076,8.323488357654659,8.485965989557672,8.69681783585718,8.913706906500733,9.087513519197257,9.185158698156126,9.18833079098755,9.088458744543402,8.895214200995554,8.680298904376599,8.593675220456289,8.628086049786859,8.612932173822117,8.435200647783217,7.976272405771079,6.895619784391471,7.561369506210103,8.219236484752692,8.500746092346857,8.610656637033538,8.63076676711349,8.60179579195005,8.534189822617035,8.424462510741712,8.27570322047348,8.091417191573113,7.8362341316169415,7.390755799389994,6.320701967100034,6.273746471385577,7.223160062855835,7.552027089551065,7.703904535507667,7.825536080445334,7.964713535418649,8.10119817355403,8.206720155670126,8.25714818116114,8.209876318261827,7.9689327965261905,7.214690122444937,6.698738910680515,7.952309078102256,8.301317873927028,8.408645274881207,8.894586355627915,9.5398996440265,10.00696776681069,10.296023143248643,10.434002060065412,10.435123307235195,10.302430582584494,10.03148575909154,9.62656855688876,9.198582553687405,9.061551225462082,9.127269170183384,9.142260700830516,9.069321497732725,8.91518255234669,8.668083512032268,8.28737540645298,7.706315248121108,7.282934210013631,7.738068534220738,8.100909544110506,8.297078526867406,8.391793552366657,8.408732780382316,8.353431023926554,8.258048945587815,8.210691182078198,8.247800437569778,8.26602464655519,8.157657694260633,7.855248749504854,7.363005498936232,7.260072643157203,7.5571078837468395,7.664048980634047,7.648889318040927,7.7850036882019955,8.076133923707236,8.3002529076254,8.390873000590412,8.355495799514463,8.227156574636933,8.066177127940582,7.924966353566159,7.8026571603468975,7.778046538278811,7.997281444014917,8.288849589566974,8.478557405107768,8.528460798544696,8.431518836067346,8.168235992153184,7.67336592335712,6.82472264811198,7.020928184803785,7.587065547090932,7.833701785826495,7.888855274343916,7.79114543254373,7.518966373773003,6.921334271775556,5.698504938376073,7.1878932047981134,7.836939902884367,8.185883275092841,8.365185889853484,8.412800907471897,8.335084155584365,8.113980316978154,7.722415508737263,7.464966739680083,7.895660818178827,8.311257307659142,8.558453452862313,8.676154069108513,8.690158534664254,8.613427997298553,8.455022489090855,8.224181284485018,7.930150727997111,7.613580397904913,7.368082480955134,7.061706789334134,7.175702491839401,8.07706572997437,8.612125243912864,8.908125319139922,9.272320252182052,9.833588018650843,10.348685860657497,10.719260674573086,10.945391297480297,11.037313360185244,10.998912517349083,10.824525185453794,10.49400823890295,9.956533726633722,9.068299972575247,7.9584716883588955,8.551985447274145
5.316500007009274,7.138526360865373,5.703811131618484,7.365807182133037,7.799391267258185,7.933106921522481,7.918035722398344,7.8580752798307,7.888990684702579,8.105332111158901,8.419457432936385,8.699134467146422,8.88334120063762,8.95125788192995,8.889642934714336,8.67637303233564,8.27678606975093,7.839379833554825,8.08278720769013,8.460458776654137,8.655840895189291,8.699774816309864,8.61968973155715,8.428291266016089,8.135053050970471,7.775751847859577,7.490255503907313,7.450406549713603,7.548838682411922,7.644512011871169,7.70746689104096,7.7392190526227145,7.737148074523222,7.687168616452595,7.568803057204857,7.372972002861821,7.157682893810899,7.129926872715873,7.343512705611338,7.5684674683184205,7.674795174517966,7.59521574258949,7.1979019214713675,5.596660889422686,6.971578305869562,7.734932163838518,8.064787134013525,8.200653170554302,8.229531945472216,8.215427812055758,8.222598448716537,8.312866249367223,8.50888898453866,8.761695695908951,8.999320360579448,9.174736516151945,9.26377793582235,9.251740434628577,9.12603921093235,8.87941263627948,8.554673082428325,8.369395046307618,8.43534061557419,8.488514669882923,8.387217042735625,8.077798202880107,7.519767622799867,7.3767940870609845,7.887541449374767,8.217927200554977,8.412492010116218,8.537794267424756,8.608377224392706,8.61305194183471,8.543301311667527,8.402756511169855,8.198683493624795,7.936566503851765,7.707719821504758,7.766346386290979,7.971919721209926,8.044975124926399,7.884711476206138,7.336499923193293,6.0289172469807,7.494092359424063,8.090034149132398,8.389173319137981,8.53220858529865,8.53688023696398,8.34320039153295,7.720131716943057,6.22573691832198,7.872761090796382,8.00817574438551,8.440715060109854,9.53461101230353,10.245052338985063,10.701280805551653,10.979004000926132,11.111293067086473,11.111762594872122,10.982350188511269,10.715472735498482,10.296361024416743,9.734773215854707,9.26990563225736,9.216445951964614,9.220160720862866,9.127925970567725,8.952521577272412,8.680890429206542,8.244367170053321,7.51480801256375,7.355551888898734,7.987313354131371,8.323958910296705,8.486925903105472,8.549606922973094,8.531332467056737,8.41883147771035,8.213242988286188,8.046174660754893,8.10921716930397,8.217732507185074,8.164052669595856,7.844995006828385,7.01482678194401,6.540128785842537,7.435198768371551,7.637146547399407,7.520362077017255,7.455740337601523,7.805167216468129,8.121968345301818,8.247874439772112,8.196420779257291,8.006496825605232,7.76143654273496,7.501558005837789,7.061925237995767,7.3439606301996925,8.162174707441208,8.644320897661785,8.894191439826406,8.969053385638666,8.88908922643768,8.65059963192881,8.220541595533687,7.537541482816072,7.1853082182448675,7.645444354238209,7.9106480406599475,7.996460242489229,7.960226279104448,7.823574906826247,7.583977222794741,7.215526414938539,6.738732029169502,6.687047987177326,7.073928539005033,7.360218051172185,7.54955192242977,7.708917635290303,7.873603271038384,8.061059014715088,8.280833341777647,8.510528294600526,8.706038870606791,8.834346126852305,8.880943175996563,8.84569005499224,8.745949321809535,8.62383918691476,8.524958227681699,8.450968100704065,8.37854840605687,8.281522922646081,8.094314587411642,7.987720660662907,8.44694492439663,8.865645734664472,9.113145811565563,9.555246234637243,10.19419321380942,10.723669695972157,11.090500008552134,11.31018029566036,11.396430528266283,11.354050662395268,11.178099326023268,10.850384853270988,10.327739254616342,9.510809206945483,8.548974837654136,8.770239050654977
5.230750006896221,6.074242927098891,7.1310906216627625,7.81501690291262,8.052363566211598,8.105250069966297,8.133981172735808,8.320237603864536,8.697071004062693,9.124777665701199,9.49382260270166,9.762244274452994,9.918541984975397,9.959457860675252,9.880885871572474,9.673330104800135,9.319017080913198,8.807869848010904,8.340437488761173,8.384711237196566,8.527058815806072,8.522882635665736,8.368947215626902,8.063903295680799,7.584009767628734,6.923102840266536,6.6375314570052355,7.037749655901787,7.38541374659672,7.6207674947464525,7.759578884026041,7.811769803356367,7.783477090985954,7.673416826674696,7.467959849414651,7.123817884016362,6.463032720242431,4.778043260663722,6.797299233162334,7.441590863587319,7.737362949219232,7.783048586482046,7.541520510162022,6.838486313944361,7.079243108490144,7.829421061786514,8.178995570722519,8.312930453534399,8.31291915074778,8.237759886302827,8.163154783909137,8.19849629796747,8.397715970882741,8.674310382429615,8.927727554944033,9.11010350151688,9.200878495438532,9.1856959933105,9.046434387011146,8.753575391321252,8.2710078867913,7.806270748596916,8.001532416800535,8.244828777157084,8.298161603112126,8.19963731115796,7.992458652408177,7.736623984940496,7.580913979687859,7.744376459306854,8.094958036547178,8.398627947491462,8.587863494365422,8.655543956292712,8.604271468745289,8.434862180676905,8.155440347655178,7.908866363789621,8.074032934910889,8.411092966694044,8.62130706724444,8.659135861241461,8.50489239713508,8.094299056413993,7.2842570791201915,7.543616802558465,8.199619428677218,8.539615582848425,8.710048852213099,8.7379278112112,8.56511512003882,7.969421263114354,6.148000231912008,7.890223919369536,7.407710437942988,8.813047124695535,10.011975195676698,10.707341272025289,11.153679182290551,11.426801258656013,11.557730226297595,11.55893568852158,11.431660965041495,11.167174844388677,10.745021841160765,10.13802357256576,9.44424772775933,9.219284000347873,9.224207860796273,9.11519359782618,8.922501580922463,8.637939391335829,8.138688132735266,7.055430902926369,7.477392805144139,8.19192001717552,8.49944948690861,8.62946626558509,8.659520937308852,8.611655443517812,8.460060476161797,8.150552129824062,7.733238616400153,7.770218878054891,8.035797474837581,8.063699334661607,7.769325699738817,6.9235022814692355,6.904219590538159,7.622484480306763,7.780199769541698,7.547528369741907,6.874335997308471,7.2474846076400965,7.844674156098145,8.054309584416751,7.99149049677051,7.6909580693621455,7.195838696064924,6.363444318086316,6.517158344077567,7.962798299200118,8.6607482647508,9.065039323303024,9.274805983955332,9.32716038483113,9.234520956120305,8.99163795793109,8.569581440833987,7.8977934538753205,7.187529861151364,7.5484064036383955,7.850445448663535,7.963069618821148,7.9763332237964955,7.936775534821466,7.86976226861249,7.7881961014379595,7.688841856602841,7.5409711419199335,7.270151976036667,6.766113587804618,6.827722752932411,7.585048770699072,8.084742472978647,8.413972994741282,8.648421343271579,8.826192621988653,8.956130406006507,9.027528378227007,9.024896378322698,8.942147783204755,8.803420255796697,8.687533253419085,8.666162983983408,8.695596154612188,8.707255102566776,8.662263119385733,8.512181420313995,8.369172114433852,8.661390270806303,9.010989938392683,9.243309146275932,9.7539500975738,10.425595169762762,10.954559753675325,11.315594285802751,11.52980248347555,11.611742650167102,11.56634762499297,11.388959403214672,11.06247497915849,10.54796650294959,9.767329204655606,8.882239895086379,8.935565249734903
5.145000006783167,6.984691840945769,7.831812617832265,8.192079352055206,8.29609613279337,8.276903885229338,8.334684081742525,8.664104731897249,9.16539374290192,9.654477762429856,10.04906965954664,10.327764411651895,10.488370933436466,10.531561726458607,10.455125004531913,10.250945116282956,9.901327276459792,9.374152462769798,8.652696072513194,8.140898420660784,8.182964112454489,8.110364594594975,7.7985862494327804,7.148856333725263,5.132745917542067,6.514156098162387,6.980507469955594,7.084938722065559,7.255131164677029,7.533079462264642,7.734930228144196,7.804800597249252,7.749598335518677,7.5940782734465095,7.401186903658861,7.271218027386881,7.190825839354891,7.044033805613046,6.972671256936167,7.296448333538703,7.6204202627238695,7.7165236425845585,7.520933236247417,7.014883734426862,7.378244255690627,7.9932939249025114,8.307613968328962,8.42143405584789,8.392523608339147,8.258973528857295,8.072987625337493,7.9697646585981925,8.124429690028277,8.43837363477504,8.735209638649042,8.951745920005544,9.069534356506114,9.07639121548304,8.954240250250198,8.665620190266296,8.10613371992054,6.710978344672156,7.263636482946093,7.987292756489034,8.250037430883776,8.333720510040205,8.300933277880048,8.144311839875764,7.8022885479464055,7.306785596642098,7.677629370186883,8.235945327824274,8.543976486905592,8.661776230864733,8.615328741900187,8.392650661672388,7.9678999671375035,7.8004669930544415,8.333952637600706,8.73582039563176,8.933146869582556,8.956574109062856,8.809415431732036,8.469759034967986,7.939955482697502,7.809425231675001,8.248071196731956,8.573426769971165,8.75889508704608,8.806457764994606,8.646143410166061,8.052778614301172,7.254578319098589,8.14037447534455,7.138039092581759,9.14844965116375,10.313637123588082,10.996843580021661,11.43835181966394,11.709802676146875,11.8407428017244,11.843037283554045,11.717647299548798,11.455497688070885,11.034315612815819,10.413015934656285,9.587239668888504,9.143468397572164,9.154696977909248,9.031576712134747,8.83812510236358,8.583491506164826,8.082679974562215,6.484726601760288,7.571418183745066,8.307881807812375,8.604699751745144,8.718353009034129,8.728447758104444,8.664209617605707,8.50174370185198,8.156004063534034,7.444785245203295,7.0300030782013145,7.686437815057803,7.8599866776851055,7.6928860740789595,7.430904458794953,7.66622701554547,7.967298586021513,8.02677707759991,7.7901386525307865,6.996750461670089,6.361338290728577,7.568596414961588,7.873214853499083,7.80205015436761,7.368565894856864,6.240837539401499,6.469597616566736,7.698298301343287,8.47511546668887,9.002381852590341,9.3359455902366,9.509496098224338,9.540861789055747,9.435088283364772,9.183573905198008,8.754771987263176,8.058159656598928,6.955255452186222,7.290378434980556,7.6805745364288445,7.808293167535146,7.856667792045559,7.904973151590379,7.970153199857144,8.037485135714514,8.085166464177846,8.091014812472636,8.033140619804325,7.902713092602873,7.775541679708976,7.888903586741151,8.221523550982322,8.543282711888295,8.79166227198824,8.971695334860103,9.08852319718252,9.135940759226038,9.10126546038743,8.978527379397796,8.802235566236513,8.696094815377952,8.742621117640544,8.830430575182037,8.86993527877266,8.835579408955851,8.700412168086407,8.557433303960693,8.753232755562005,9.040437713604048,9.275610042678117,9.854244447220033,10.539568033085057,11.061905619910739,11.41575721691517,11.624419416379498,11.702301492029852,11.65410721945859,11.475230732345446,11.14929632015927,10.640487245977166,9.885965148063818,9.064797921115238,9.023767483241782
5.059250006670115,7.799876459677465,8.272970066158603,8.481004177174043,8.492514580644729,8.400951422664937,8.448191979553382,8.855727974824225,9.429562451696436,9.957952454617269,10.372075404333692,10.661108199141713,10.827975055998618,10.875614765404597,10.802807909782901,10.601810393440324,10.254460514893182,9.72249338129453,8.920120925080054,7.7268050002580235,7.449954393412649,7.305775362390457,6.314542211718861,6.685095489330194,7.429840630262715,7.721806137489115,7.772314534404366,7.6275009840473444,7.414674984894752,7.46851356054858,7.670265719812496,7.739390502321238,7.616104081126361,7.308571955279052,7.113494693413671,7.408697654303685,7.681045023421467,7.765891873967795,7.6972018996911205,7.578378999619531,7.534538333339376,7.47495784197922,7.172962532624171,6.82440817195461,7.576808290415004,8.12319977242216,8.400517546789583,8.496915527388149,8.453073361417326,8.285121557936142,7.991968682720674,7.623426155079562,7.676373610246764,8.181282202577298,8.607939765739138,8.896327533846167,9.059200659878872,9.101645862431509,9.01909522959471,8.794652749409419,8.385869569358235,7.698746258565272,7.261032955587074,7.86053339281369,8.228262493425103,8.40926815716586,8.460015848080488,8.37800566042568,8.111728196892571,7.538780759500364,7.337316557922062,8.070257796175536,8.468685953769834,8.619787923222407,8.569489036462313,8.28419614641316,7.625710214944153,7.699740651909258,8.474607440565846,8.879942411358286,9.060938585121978,9.071765751549762,8.92515093073014,8.618207200275576,8.178858184324072,7.922584136542524,8.160298286759158,8.460466794014163,8.666119456195124,8.737869193730331,8.586871196303283,7.9941052461476865,7.805927167766318,8.412586674503672,7.739471394322365,9.32793296591513,10.468509519540536,11.146675237028177,11.586563298971507,11.8577881862078,11.989299701323574,11.992750457579405,11.869046998461005,11.60909607775664,11.190169394423803,10.56607696964665,9.675648049736505,8.996261063436952,9.009548795535936,8.877014199726256,8.71868300290513,8.559314834654131,8.159372882705483,6.953566246123222,7.4867314090430455,8.294715383137222,8.615765916629815,8.738693598707231,8.749035617518444,8.683533375512615,8.530126523059613,8.215296694126115,7.545170318013983,4.396761737808098,7.252807341633371,7.669465888589223,7.758717481951721,7.863637199387595,8.070161822285861,8.219680878159902,8.21488953160968,8.006582838259408,7.534858888914431,7.17646610785181,7.601501851448502,7.822910495887761,7.718859217050514,7.258379150374362,6.68176794451673,7.366733150351218,8.103307651216364,8.706864625636666,9.154985807853206,9.447912439307427,9.598284253224492,9.615171571949693,9.499152513727326,9.2379321132768,8.792891346790904,8.039814219008496,6.179110553734717,7.17485786386174,7.613448147841246,7.668934395268138,7.645319388400406,7.729214190682248,7.9216528839270115,8.1142443525594,8.255018296345508,8.332707460736762,8.343160008247237,8.281459926763786,8.158340525272424,8.067419432885092,8.194923909485194,8.490328517474467,8.774352288885181,8.986542220023791,9.117535851322758,9.161794401558968,9.11067894780283,8.964188463727854,8.779472267462618,8.725369129966861,8.839335707370159,8.950941306627524,8.98306278548181,8.930292456142054,8.790551069034164,8.647301896197426,8.753317723133788,8.957513065316713,9.197191117823648,9.847813916512491,10.540620456326497,11.054293889270816,11.40022894129685,11.603054797297274,11.676774242746493,11.625741336751826,11.445324359845566,11.119831367087185,10.61667846531129,9.889373424507086,9.14355493350434,9.038776527416063
4.973500006557062,8.240622602672266,8.56217371398618,8.68039593948078,8.620582941406468,8.447299497250524,8.432094090469542,8.889459634772669,9.53070706917437,10.09678130209662,10.53013378665549,10.82974451598477,11.003184348799314,11.055457663189149,10.986255611760145,10.788154976012006,10.44276112190826,9.909823291714618,9.087427917818337,7.533509250509926,7.172142285245543,7.546071862921832,7.644923018317762,7.89789945568299,8.094913934419658,8.194494957232095,8.186255562587327,8.042502474599585,7.784814303981872,7.629906454473916,7.720027247093595,7.764225499241102,7.573147723267778,6.924282148930394,6.233653859470533,7.46528048336464,7.939963474886018,8.124853036495912,8.128498589009395,7.994950342152432,7.747299461417019,7.343072289264011,6.397818395714732,6.657019354172668,7.702196772175774,8.18447683283302,8.427204113999759,8.511571403484417,8.467194691780383,8.293111277472825,7.934594127229286,7.19510635149731,7.359842739703131,8.257239377505554,8.766134344211382,9.071912611444693,9.234841661889954,9.27534800298496,9.198888965514406,9.002143461306037,8.672725441199082,8.193589049640872,7.693837646773672,7.796515319197555,8.14902495273398,8.379957443041453,8.481404802951841,8.451978973785229,8.261330786746187,7.8559512420351085,7.5357310303928156,8.001113931733773,8.382060626092876,8.527100460503137,8.455103247708848,8.100027983915433,7.0985198794448605,7.693339728003956,8.511147995704544,8.89246213652919,9.054370845850125,9.05335445984633,8.906932325196198,8.625092136763413,8.243633834731341,7.918606848582186,7.920851157665865,8.158779296564525,8.392763836829692,8.498712879250727,8.354523567748878,7.802356744750212,8.129174936390788,8.597031833030854,8.072022309904625,9.351290129696194,10.492341548251016,11.17164012840171,11.612118960023702,11.883947720694602,12.016237528437061,12.02071157220933,11.89834656353403,11.640140698002028,11.22335192709679,10.600004229026105,9.680927913101973,8.783940086135631,8.78684990961322,8.651983009810008,8.580414056783566,8.556583839854415,8.285417048238156,7.459160267477773,7.028876073193567,8.1072450838707,8.508567004975218,8.672340432180036,8.705063901522834,8.650904698541362,8.511257489429482,8.238749869722001,7.729846368554327,6.891829854661935,7.164273686750091,7.64104699539566,7.898360761963327,8.10111276651984,8.262767865736254,8.336903220612719,8.289104088845788,8.10348432149557,7.828346404197305,7.729134030747083,7.871886659603972,7.928512380353,7.76378889578596,7.361693441773065,7.168130268279954,7.6521997813943425,8.222277364788862,8.741533652459902,9.145893155634376,9.414419098353758,9.549732166510516,9.555992222951078,9.430178451444753,9.154576243960179,8.675570768873957,7.795384849596376,5.924882779863509,7.59187707478269,7.883896172313043,7.836813227487006,7.598843843791593,7.448686191182996,7.720727613355969,8.057912729451223,8.288370742865345,8.421020731314615,8.474645337873365,8.455365559121676,8.360218255101836,8.203241543468078,8.109874037019452,8.290312807613656,8.61214362555765,8.880912860741805,9.049131273421715,9.111063635705477,9.066538078427156,8.933185147742384,8.805078092919743,8.842005868618475,8.991571822223058,9.0971021700127,9.108617847529535,9.02867153755237,8.871107646229524,8.70743012365721,8.699656617166754,8.772466659546875,8.993592164759017,9.725850081936231,10.427562351607724,10.933045731569951,11.270946414680415,11.467660630743223,11.536953312306135,11.482875338451716,11.300813428222089,10.975991883451398,10.480293360953159,9.789752853624078,9.143849241638309,8.994920679902629
4.887750006444009,8.525619336683738,8.753757268636829,8.806096054783257,8.687366762607121,8.425586695296934,8.263426533805816,8.740590868367985,9.471875035169829,10.085841581355265,10.542505832607443,10.85454938572156,11.035441658421174,11.092728191830593,11.027257665705564,10.832142285632333,10.489210060891933,9.958583003638717,9.146060986849234,7.936332336157642,7.989774654092348,8.188267414739247,8.24708699859354,8.327416536945062,8.396948951473055,8.436891588360412,8.421662147285478,8.310154904939331,8.104382890824084,7.935967604094027,7.947499591903896,7.973964247952709,7.824205171526998,7.33034543006316,6.502050188769149,7.526539101293115,8.074821572504485,8.318926610155351,8.377957853661748,8.288759245156362,8.049618302533162,7.597427675667168,6.670322579373208,6.944373815728498,7.7567470204751645,8.158402793508193,8.363865254815195,8.440853608756793,8.41129455122373,8.258933883413842,7.887104617936795,6.826298501382722,7.565166014215999,8.498403925863748,8.98729949592625,9.270332145662946,9.409824952573947,9.428146267484884,9.333381000663465,9.126415787142163,8.802249150909839,8.35054433016015,7.810607742768443,7.637111361789119,7.954567793064783,8.22582063030956,8.367560967418939,8.382621974047824,8.266924430878866,8.048608811970363,7.94747079716487,8.149866734739728,8.362452959526788,8.423042461577753,8.284175652000874,7.828238990515799,6.426296128134847,7.742947924544037,8.460174475467818,8.798701804155996,8.937130759418661,8.92474828927447,8.782589165837953,8.53330039405275,8.219402809724569,7.8964941899068855,7.623124248073679,7.572191870676408,7.795930397021869,7.968053241961354,7.852374324222528,7.6595079469876035,8.347618660751161,8.69951951744697,8.220560343197194,9.21441889360355,10.388438064876299,11.075707909570047,11.518907664605143,11.791980764682348,11.925048372646017,11.930184371543868,11.808519880345424,11.55113877857945,11.13529507914361,10.512161194538734,9.57861790471988,8.507952975247617,8.488971591316936,8.360441158187731,8.425701345900828,8.531763120080853,8.371545510116823,7.804251519100593,5.564151356087103,7.643216373547679,8.245960257762853,8.494789397939826,8.573555627096779,8.541668729537976,8.414243029940494,8.17037168998348,7.770583363561774,7.300027954239927,7.350774613852833,7.7022241003563225,7.981551949935919,8.183392594131238,8.302596706802463,8.324226956517109,8.243346502727423,8.090231058430305,7.985253166376898,8.037743684993133,8.12029916178612,8.083610220286849,7.865209934606733,7.491492693522248,7.377953531162682,7.730705801045112,8.176253560296432,8.623795129412208,8.993321387713326,9.243152367950765,9.3658847478938,9.360816022937911,9.220136247321648,8.915816723088872,8.358345855448507,7.0871071777504575,7.225651751588413,7.99873390176979,8.196286311284636,8.131222651466244,7.834210650519933,7.315838393833909,7.35847579274761,7.883772820551778,8.216455721824861,8.402225227266795,8.495433446855415,8.519317846613761,8.47356042073373,8.343249536689891,8.13394072432864,8.03090133892261,8.29646582820161,8.64629877949823,8.885945910014929,8.99923443235894,9.00299074651151,8.942581392628442,8.922017363250575,9.02033137214808,9.160606544407756,9.24561837924231,9.24210674171666,9.149079973495843,8.979917226301954,8.783235974615273,8.643955688688736,8.516619972920106,8.637318861256352,9.475516539122566,10.194761097548133,10.69457708462012,11.024833383822287,11.215102995439446,11.279404260363016,11.221658897632146,11.037430116232072,10.713473681107105,10.22915330390723,9.595712326981285,9.082791753685298,8.912232656341333
4.802000006330957,8.742554051781335,8.892905385341047,8.890478250786183,8.729964812597796,8.408729231159608,7.997480150825036,8.321482163906493,9.220796448466913,9.914226178454106,10.405800118784741,10.735371198486096,10.92627481542943,10.990026662345871,10.929326775416557,10.738391367791994,10.400266098897252,9.87887199963164,9.109009184923014,8.278913883521827,8.354142465645626,8.470656717738342,8.491830176230401,8.507262405665262,8.527066029761018,8.548764560466566,8.542196172156252,8.46432285715413,8.31828884619802,8.200387336608198,8.201933783479875,8.22293885618505,8.12550933897955,7.82222801673175,7.354041939735838,7.619610592197708,8.128272929986682,8.409163992921581,8.510093058128207,8.461623400047335,8.262816258411688,7.878021990694503,7.274922656121405,7.21315418626416,7.716052333285643,8.020659245958267,8.180529901860591,8.26058656196169,8.277270845599206,8.18899376583438,7.868377670686844,6.847316679259447,7.7328735045895645,8.625840364471985,9.098468332086293,9.364289062829183,9.483849769880395,9.47993122369372,9.36111509620004,9.128668337892842,8.777754728543432,8.294430890993466,7.67514301094253,7.304246290474451,7.623678812988136,7.933387362830175,8.106810356723765,8.169503746909664,8.158079726348987,8.155036493027852,8.24726794954336,8.384131635926442,8.455372794918771,8.39656849921223,8.153153928649628,7.5862350096847795,6.713436716443367,7.772316917031044,8.338314195868133,8.618316589895478,8.72708743057451,8.704143222829071,8.575051313212988,8.376671070266768,8.158556844962753,7.937294598818234,7.653247059007976,7.153046368765367,5.923991473107219,6.562468703846739,7.301389583143395,7.9559843462470905,8.523438995254672,8.753451388779961,8.306102782414055,8.879906470226663,10.146999684662767,10.853616968224983,11.302885223055624,11.578138922561598,11.711896958879858,11.717017011173493,11.594891773496336,11.336613108648926,10.919162642918165,10.29254514932946,9.345050959900723,8.16679266024821,8.133608359213325,8.022432083489585,8.250739036906017,8.45954405337138,8.401473478268779,8.05903660147116,7.220153842744742,6.527796042112167,7.747113634178466,8.166614351572846,8.323753866424742,8.327148846241721,8.212866289840541,7.988131399266482,7.669003735555063,7.407104862999289,7.483259519913179,7.745483863739181,7.984635960245155,8.147567722572166,8.215561027579884,8.184004553893224,8.08196356104016,8.020016459844122,8.110161607334213,8.253464512098478,8.311240132901725,8.22366421640235,7.964613036575372,7.580958090967515,7.460341340070811,7.7213728079315835,8.04210490613416,8.392634845903492,8.712651938285616,8.936879611224198,9.040829776210535,9.015032588582628,8.8423715763822,8.47153286700386,7.706322121890401,6.014432736468358,7.786999562688411,8.238096577545702,8.370842027664533,8.297860443510867,8.01164512929788,7.409153962861645,6.887381441701466,7.617669019903795,8.05295193179156,8.283714510552295,8.413016696747368,8.482617762379974,8.49725000378222,8.434588565418213,8.2532110565873,7.930294199647756,7.814137600599079,8.25134392787403,8.638593887589069,8.862370064452431,8.967466817697701,9.016064500833886,9.079662692377857,9.186771756917548,9.296428261946732,9.35814180805486,9.347002205136418,9.256835958752696,9.093452068411166,8.879478767280773,8.638644460170083,8.283410002966004,8.056791246818328,9.078802988217516,9.836816783275541,10.33533335652275,10.658110662538398,10.840671366378205,10.898053204012044,10.83424691975623,10.64521949692032,10.320665130912072,9.854856783194405,9.317986809366925,8.974292853762615,8.809498213876786
4.716250006217904,8.929240475613554,9.014057145586786,8.970197140851718,8.79606583917602,8.494738699897173,8.015058723457775,7.289469592706355,8.659486482107896,9.538047088952654,10.095032223221796,10.454582875193946,10.661868963060327,10.736102565831507,10.683547533859613,10.500948785184116,10.175012046308384,9.680474085383352,9.004629248818432,8.448057799425506,8.46434015283811,8.52968622447859,8.533886364260391,8.526519671842921,8.534227122329838,8.560219611831196,8.56977716818625,8.525605350756614,8.438825349760437,8.38019396914906,8.392036571107948,8.404022996374122,8.322882597271,8.084610041551958,7.6885949243691964,7.658202035416363,8.10532882985397,8.41832828490452,8.55458016361729,8.538625172114319,8.372992115602411,8.038299232579776,7.5405396720249565,7.300471572743083,7.55018834008926,7.7282180893994425,7.8235916989786,7.952367063735497,8.096219365998925,8.133179821692428,7.928783249261919,7.219724012304058,7.709610310448963,8.599725898672544,9.076128780944478,9.335334233851684,9.440873992248166,9.416687174952587,9.270698376202757,9.001348393102973,8.59723773002367,8.028189006974033,7.2386585032081685,6.742210530395832,7.174217713206361,7.479768579466566,7.657923868714072,7.793929921710689,7.963303799021937,8.188981736313913,8.40841610397151,8.551442024432399,8.580206502215496,8.471657783515868,8.195132813955956,7.707505480683111,7.3391461611384194,7.7813216299984616,8.169152132257336,8.375466705079397,8.44836104351147,8.418250255525699,8.316841281934241,8.192356932244211,8.092676378123635,8.022924599309324,7.945444130368262,7.816825176672057,7.663794035017065,7.710055656846564,8.017366869025734,8.376537723679176,8.678422277107718,8.791888062908246,8.417354549648362,8.209027356513444,9.735567595102626,10.487950813468121,10.95111205078109,11.231061725320837,11.365757011214887,11.369775625770014,11.245019669240783,10.982452440308604,10.558203170557322,9.919819678590232,8.949111839181327,7.791948687581875,7.780800038307419,7.709862189254522,8.071648804187166,8.349819577700348,8.3915198082744,8.234292519358604,7.850050691562745,7.0546621746156575,6.879121863326223,7.622952731186262,7.917572907119954,7.97715221756577,7.885033235227343,7.692296856227731,7.488013177459841,7.432750847046839,7.56959827739274,7.771381733922826,7.941926793267616,8.032607813895803,8.017324968117785,7.903876829536848,7.82030316835426,7.981357192930451,8.249424164868651,8.426565605504537,8.461809297872765,8.34112975628093,8.0498302710523,7.623832167819766,7.433596800746207,7.640912093350931,7.866970365512932,8.095056376129317,8.327203783932402,8.497715586821649,8.558166699742493,8.481578066421225,8.232753567186037,7.730788273507918,7.078892280594117,7.621727147133466,8.10394611206508,8.331620614739968,8.384341845524736,8.277181402883405,7.976886312650195,7.362433577720303,6.533023155917701,7.337577882504974,7.810173744903215,8.055108927221218,8.21074402643713,8.329229765386913,8.411655701811657,8.42672196824182,8.321428239442248,8.00313566104802,7.3138064875574536,7.629253471671526,8.359876240643997,8.755167982909285,8.975990193497909,9.107603971569969,9.205712715992735,9.296617839592393,9.372967688258457,9.412250726475415,9.39636291191781,9.31671104531136,9.173081721739498,8.970644343982757,8.698119535954,8.231770966805245,7.0519328124271485,8.522145673918212,9.37038907479038,9.872965731957029,10.185431863650795,10.35461337145958,10.397381946665694,10.317453616972234,10.110976679167884,9.774134721870578,9.339589591726504,8.978743262851737,8.831478377405874,8.693291684012316
4.630500006104851,9.082125324115884,9.123008369428392,9.0564076082823,8.891982518362273,8.655085635179061,8.34990773440022,7.715729003523211,7.413615882945271,8.869834721979448,9.564038255522895,9.979587048616686,10.216688469546467,10.310725169747574,10.275286821499284,10.112956530041062,9.819445215136106,9.390942142003164,8.86590540103394,8.464304135976066,8.379827680377677,8.392803818892643,8.393278693451458,8.394318941526949,8.422384404534935,8.472981927025868,8.508534541486826,8.506023246032003,8.484472686974794,8.483825985269695,8.505766300673338,8.499792202623533,8.406731962972469,8.172287917633051,7.755229598711,7.530563426403015,7.9813044703200315,8.348525062521832,8.52227091206886,8.533947977332442,8.39220070229993,8.08514886436629,7.614265639280263,7.222113721432786,7.217519315672532,7.17690442415676,7.1689302357323035,7.575787166543079,7.964742313296079,8.13312880564762,8.036759625735087,7.543120559872211,7.502528787653998,8.413799513151602,8.919597225394448,9.184231789124736,9.281325975919243,9.23720932456776,9.057219676386701,8.730688251676318,8.222109159081066,7.423757489206429,5.907971759648607,6.379207835160917,6.750124674466035,6.79672181991448,6.88054389639581,7.23648191542944,7.721923157768944,8.144258342875865,8.445215926997696,8.615586002015581,8.655040971932468,8.561802755552563,8.33323430572342,7.994486776817411,7.734861987439626,7.810999412499896,7.996136873744307,8.113489689553715,8.149426769659238,8.122116588207803,8.063858541841729,8.02093196026362,8.030125580078256,8.090274780892495,8.16822175885711,8.233237952263645,8.29290107486809,8.38824958758418,8.529204582164354,8.680837226747768,8.804114960290677,8.827191756698445,8.558958227619602,7.0818046829004215,9.057990667136856,9.938175766503162,10.43868396508207,10.732142912291716,10.870415136675899,10.872268619545256,10.74076346801955,10.466382593172932,10.022885257350763,9.35210051683156,8.342593053683833,7.541526862569624,7.570443061060962,7.570844120648023,7.942511261176714,8.241079008758275,8.362156631084565,8.329253730976601,8.131564599894059,7.710254014233569,6.992109177801853,6.942305359225542,7.380711000840907,7.529453953100606,7.503737135895918,7.4313299271581865,7.431811353714071,7.53033948788088,7.674990184089452,7.8156435838256995,7.904993821706911,7.893910218261178,7.733678224561688,7.43976827219965,7.52213661262506,8.016884722968898,8.375366337449877,8.553950553450324,8.573222746408238,8.43684790034522,8.131387230426729,7.654877870723023,7.275272309623797,7.407702213554702,7.60365461226935,7.742366594381616,7.861404456376784,7.926716011651967,7.877495548944701,7.671955652302988,7.380728439755178,7.4776951373394365,7.863461472005882,8.141748270293725,8.286587238692038,8.320472164536977,8.24784636181297,8.048358062064098,7.667365229538643,6.998788364091466,6.630848885177078,7.206559426173111,7.544032708543958,7.746648317455574,7.9214888107150765,8.095395468503577,8.243717388453067,8.323655057351289,8.281812744286775,8.026435633864988,7.230126241173414,6.862878808206064,8.173113632027224,8.700315764361907,8.989874133021187,9.158773758130534,9.262632416528636,9.332657452564002,9.379345671334104,9.397544199592934,9.37695415507535,9.31015116215579,9.194421280356126,9.026473456042313,8.78335110092797,8.365323838102668,7.210365469465302,7.856889670419281,8.888814695527289,9.404280299675138,9.700892721412012,9.843729047497286,9.850826064284371,9.721223991161178,9.44353206608014,9.023265487639161,8.64708891615239,8.628911750983699,8.669069701609754,8.556982674193389
4.544750005991798,9.178415680622466,9.198303647992265,9.124970971944927,8.975197546450858,8.786637891145315,8.609118120777541,8.447342711531757,8.324136106385023,8.536529497031566,9.01039562688898,9.400630752625641,9.646097158018838,9.75764483742974,9.747620029570125,9.624307309898715,9.395217149689705,9.074562789148597,8.699152577991523,8.349493669111856,8.12130375601939,8.025278937658266,8.01055803620075,8.058472753752183,8.157809786263025,8.266692719793637,8.350991336571274,8.412436974112017,8.469700655516828,8.524179854387697,8.55146567760093,8.51901607429594,8.393437197621438,8.125695217739292,7.615442036884176,7.060079048632724,7.710591568926953,8.190550619026167,8.411826163630662,8.449811477405426,8.325138171978455,8.029850108014623,7.548900401991651,6.9870663504727935,6.647189781396185,5.936867557672347,6.330732739591776,7.436350014033488,7.935315061868104,8.141645648453869,8.096260418535135,7.710410075966526,7.089139279192595,8.020815046438889,8.61209641347888,8.903433481644608,9.000947084245436,8.937294511686463,8.711796377356167,8.289562969754071,7.549152112875301,5.978828134132084,6.687566402678289,6.954790656991268,6.6841204091378374,5.727450111712948,5.507563137375263,6.751503813537851,7.478898496463305,8.014719860119312,8.379608164331485,8.590321138735113,8.661895308296714,8.605454979642778,8.434272160098777,8.184283752107284,7.9533332554833835,7.85970565330326,7.877145455639201,7.913471529228842,7.928245124165855,7.914227065826532,7.887184531730396,7.88772998591806,7.959023243069682,8.10279113152597,8.275757188824878,8.437324604761447,8.576767480411196,8.698760796991076,8.798589853046353,8.862383823661556,8.882655312264042,8.84516986063569,8.671782434784374,8.065684664635882,7.757026859214557,9.116952852524522,9.73724610891552,10.07715587718025,10.233480950831535,10.236855120413784,10.092953775581483,9.789370357815445,9.288801203476938,8.505858487269801,7.518591018413566,7.591011052587534,7.649012493330887,7.683515998477289,7.926360126224687,8.17755143754074,8.327450914156577,8.351559987116193,8.228578368829,7.926707314170994,7.414531358873132,6.958083741440869,7.151463212209242,7.371012401780361,7.481583767088099,7.567805599162708,7.659198943003328,7.747879112858595,7.830808635959714,7.896327028038237,7.905120376010983,7.79196646705422,7.439403723569909,6.645087360830111,7.3400539073313595,8.066636843130887,8.44283968388731,8.615114985484672,8.629764550957091,8.497954893340573,8.21156830023024,7.750210657831412,7.160985431336668,6.948854551741948,7.149088775140498,7.298319777484513,7.34403471709247,7.238057779919534,6.885701505868868,6.735130015213817,7.452297600977387,7.964745851895771,8.255221615722055,8.389542562938109,8.400144307149173,8.30150964406996,8.095518830186103,7.77581797423066,7.369435143004386,7.113827548620921,7.202564392769651,7.346683587943236,7.481503076473618,7.674138290125837,7.896185723661295,8.081555536136822,8.202812539387606,8.246750367257027,8.180967415480607,7.921745532821201,7.180518519610869,6.919578714877236,8.112297040134012,8.651151488304738,8.95692407296414,9.13524987408288,9.23505832843372,9.286657096378322,9.308208570427436,9.306581727155496,9.280875788878312,9.227912272572395,9.14437822559518,9.022125265085673,8.835880851962324,8.5170617314946,7.85180957020762,7.29202641190856,8.481032331494792,9.050478522291286,9.354843444328738,9.483297041110417,9.454221829093783,9.251083343093756,8.808593121218953,7.944964194074668,7.7742894129959454,8.359735297657439,8.507333507948925,8.398589645315448
4.459000005878745,9.19850156699844,9.214042352312264,9.143607679491632,9.004296908380729,8.838508133693077,8.72773616350775,8.742728994673012,8.864940597492414,9.037237327200923,9.217326667105514,9.37064867682965,9.468553104661074,9.49206997710407,9.431376176329012,9.28439332234091,9.058818308313862,8.778630907890346,8.485220445241962,8.207064722624157,7.917328060693713,7.557669160315047,7.192643198356663,7.274319402624279,7.621530705654038,7.885494485200743,8.077256177809463,8.248308299024911,8.40300768463187,8.509370649259813,8.53851520127652,8.474785657252854,8.304034417749646,7.987432625062706,7.373387774943753,4.684089665216672,7.298816738540819,7.944716989970244,8.216630854095019,8.278529172920361,8.164848484769994,7.8688664551086,7.354686122267464,6.595814684434825,5.980023257624663,6.150932677721033,6.909050839289675,7.51994352351348,7.893095080604684,8.068021989829274,8.043866055044209,7.742244691461236,6.7516054560687095,7.180280583855199,8.08082357472999,8.453881926968702,8.57544670950286,8.504088332350761,8.238164676648946,7.738529645142292,7.152800046528868,7.3164121408277385,7.513937795244369,7.409541943204256,6.976064002110482,6.362650590557709,6.599541261754198,6.842487566146073,7.2192015583869305,7.806968039758628,8.254473074309468,8.518853237775064,8.627221320832925,8.603157720178025,8.46872408611614,8.25850935801162,8.036389423961612,7.882883832658224,7.832007246801806,7.847988229856877,7.868983165740633,7.851920745494492,7.799595351691062,7.771979352112693,7.851708520567626,8.04500880436188,8.281150235037776,8.502486756716333,8.686843109823279,8.827060622693848,8.914333765327473,8.938595477332862,8.901349359367272,8.822750107999292,8.708975740106258,8.484111411516176,8.020827367776135,8.268593213309998,9.010667978142799,9.442677712356835,9.648326921632487,9.673764130133893,9.527658526976087,9.18686019811418,8.564021642338826,7.263738719497571,7.256079945049703,7.826155109700999,7.913716848941323,7.923371397133295,8.018814158119781,8.172907173490014,8.29360303292814,8.317494195865674,8.203715745112698,7.913470808494304,7.407363489908577,6.9537791215168605,7.23062510140313,7.539530917542534,7.729613307594088,7.857936511910386,7.944561015457381,7.994912275228773,8.015661984943641,8.003975421210036,7.932311515611315,7.735659509181571,7.243303319401351,4.609807555415275,7.320174527359512,8.061893231202772,8.425915558681968,8.592367548513128,8.611459288725937,8.50176262990152,8.270758147567342,7.9232659476002745,7.476076723550703,7.048913564163562,6.980215251802423,7.134873403433508,7.151492018179082,6.835391081659866,5.537561551963213,6.950343202254344,7.755044334846393,8.177116088580622,8.40761748488398,8.506162687398552,8.500181496705949,8.408285672878415,8.252957023674679,8.072656022180684,7.917444803070738,7.802691082445804,7.695665689671238,7.618683708894007,7.71946759174033,7.98671655049731,8.236887660633078,8.391192316509821,8.438118150611693,8.375213192865438,8.183937973958129,7.7876646953368205,6.810242233636755,6.999723477175854,8.03820035936498,8.54018828612817,8.838469744720312,9.016318176253721,9.111358500057769,9.148801796628746,9.149488996437608,9.130177663465316,9.101129879343283,9.064450533132486,9.014127529681852,8.93616802631633,8.806068718726387,8.577185430035163,8.135898353062315,7.187778090483904,7.928679331569868,8.677113405868095,9.05488667315105,9.218954741190155,9.20482431832486,8.997647025348043,8.514012639936766,7.419899915347999,7.623584538150052,8.245735600244384,8.374223221902586,8.24346900482116
4.3732500057656924,9.132423624512871,9.154326560271404,9.09326892257925,8.961762945007587,8.803284647983508,8.727292814849195,8.832628008280869,9.049632264502044,9.269094030263556,9.443150667458346,9.55418656349598,9.591405546472169,9.54430837547136,9.401285025476053,9.151312652159975,8.80007418671565,8.444042498584405,8.298216145584927,8.293726553132789,8.21076923175494,7.960399827050827,7.459466127161157,6.3423513652911465,6.147559236694914,7.159652166743261,7.645778531201678,8.014356768180269,8.286272718555175,8.44173006917889,8.47291350289205,8.380260609674078,8.169183301002978,7.851202774248143,7.4461767479309895,7.099709192192724,7.296837953344749,7.6981158003078285,7.943656760455465,8.008155540919875,7.894164823939966,7.585206529301843,7.029716343803901,6.196672453575824,6.21241545615075,6.7442041483666415,7.152886386421831,7.46992863149558,7.697625727472256,7.835008466128732,7.863672128406292,7.7361166132363,7.346796024937062,6.525566674402442,7.078575193367132,7.680582450068553,7.916240066948541,7.929333714938543,7.7998101497356975,7.684403603451149,7.756865982837519,7.883396637531904,7.894758514970628,7.737387144374642,7.429122834139022,7.1862574078824935,7.161170620972127,6.965683254219484,6.77104586595753,7.578934590158332,8.16014081998801,8.473597029179519,8.602514437181203,8.588842107461765,8.461442604143683,8.256406284035268,8.036313379460257,7.888321698344564,7.85823449164068,7.893533115607784,7.906432152733267,7.844281591317595,7.710585880979939,7.59876341052191,7.666635104963508,7.906403555988529,8.191379870494664,8.453453189800925,8.668266863073727,8.824739203480627,8.912878627837122,8.923152965207402,8.857055656336929,8.747115662970185,8.653196115515529,8.579398480423889,8.47608932355495,8.490384055912584,8.823641341829864,9.17805942072382,9.383069750469398,9.420723189047651,9.283796609994475,8.936503360798694,8.245839942585846,6.128781321741018,7.616551408634325,8.07405007582018,8.162401706783754,8.143408068147231,8.144000140255274,8.199792918487397,8.258509327374044,8.246313640766443,8.101250574475262,7.75107053794354,7.0175350643067524,6.177318246952117,7.18935763571106,7.639957821960491,7.886345282898518,8.044622736427433,8.144669195322315,8.191617669298987,8.183665227685543,8.112647204743556,7.959334061525082,7.6759844925693175,7.1047608022298565,5.8616179735961325,7.308304633418655,7.970866255103852,8.312083514541762,8.471912375682676,8.500042465213912,8.428349294058565,8.287051523777123,8.097407069256375,7.856077687789453,7.569250469883866,7.380342222788369,7.4071989532324904,7.395169877295218,7.089477687880658,6.201635681050222,7.099303872166166,7.834401853903334,8.224603728749997,8.444583775306027,8.560977830602004,8.607964983748232,8.605134820405532,8.562654465996566,8.48305134342279,8.362106685513332,8.19178799771784,7.980439679435392,7.839038273018321,7.975189353558862,8.269940717741445,8.5164802011519,8.65859187125267,8.687059974402233,8.59307864826391,8.351920133573381,7.888755037386904,6.867178118434015,6.848662575203206,7.842729054865993,8.312104985369338,8.598821877095018,8.776428522468299,8.87076898736033,8.899834293678605,8.885761022706394,8.856112708271448,8.833242823099294,8.819032962215651,8.796273094195326,8.745267067852,8.652191498820478,8.498062318442544,8.225528615134058,7.6438088587222275,6.599337648926492,7.994894848748484,8.590083488689793,8.860013619197343,8.918640453636488,8.788159671080434,8.46470692074262,8.057202158184845,8.061287274695708,8.261909494170071,8.29246294279649,8.136365619711535
4.28750000565264,8.979724429781866,9.015558873318355,8.971099180791756,8.850333266355467,8.693242783111241,8.633895341053643,8.79320569586463,9.054738015021702,9.289345589645086,9.457047216511974,9.547764285315296,9.55420210989916,9.464838621295165,9.260178748288718,8.909036715309277,8.400120004281883,8.106101139455172,8.361250461284953,8.554024779915066,8.574379454644559,8.447023064804656,8.183149837699151,7.770226833967215,7.128961572927188,5.95285171394261,6.9575473357305375,7.707851827857428,8.115766189834076,8.318743727611741,8.356176144531446,8.248561260521758,8.039689742220434,7.856780287733581,7.811317649902144,7.79972454428597,7.735231812090055,7.671787023599397,7.667448970076126,7.644520375925734,7.497985873446695,7.172037732487073,6.680364859694606,6.3510034182678465,6.504557491377255,6.788121322802592,7.022996546121009,7.1399170535010725,7.196739639547868,7.373197125990124,7.64939296644501,7.847421370992049,7.8895957079808845,7.739370471300351,7.312223204623216,6.253878828205827,6.651063476271813,7.418322484056625,7.770886279267629,7.971278694691885,8.09809646583424,8.163113319481914,8.15225374035662,8.060983332907133,7.9209581201810515,7.782840071720037,7.596430816503147,7.0932865434005326,5.301090398273561,7.547491534883468,8.204273224390672,8.516620823775654,8.632182358327364,8.602039783516258,8.459823116382521,8.256650274418806,8.085845485770399,8.024363636063235,8.034369109943395,8.033106866870481,7.963359876417989,7.786801398109955,7.492950257525505,7.229304440319809,7.3523318019823485,7.685085588224222,8.007111539348356,8.293358650057856,8.53281715060989,8.710635136483104,8.81346823236791,8.830290158975494,8.758720448552422,8.626013323701072,8.512351079332015,8.478077616776487,8.478102908918906,8.52468656516331,8.717112401159198,8.972192488315516,9.142106122301632,9.166917320509816,9.016876221480803,8.633316355118092,7.790176546935381,6.382516339039271,7.894955551644837,8.237631202785105,8.309579187037398,8.277312173952915,8.232930584832605,8.219375348680785,8.213856290640287,8.153256221658644,7.9688705267220294,7.578661893255871,6.864418039058432,6.767871398650936,7.380970329573601,7.730194994064814,7.955035167595576,8.122948543776758,8.243615418373247,8.306477317157743,8.295828629868241,8.192460070616036,7.970615220647967,7.5823606196729925,6.873298299759269,6.0285195375011345,7.197717775992774,7.776909379009896,8.088663192401851,8.23812369674339,8.281782491094035,8.279126011990316,8.270629231967522,8.23051478261874,8.09105446897324,7.80324112442475,7.468805840642363,7.480231201690081,7.6216368827843874,7.577018174268695,7.404646502325519,7.539722584254111,7.932650647212588,8.240387573449508,8.446202408113418,8.590984293828928,8.695987454192652,8.758378508428677,8.764664773167398,8.701870999760295,8.561056837544813,8.341605467155992,8.081418341627524,7.953627045726205,8.126403332105504,8.409110165821827,8.638408852825599,8.77462263260598,8.807489000779855,8.727306257991318,8.516169148433333,8.137399298416028,7.52555883567084,7.015671583462397,7.485629229141956,7.898038069866591,8.172388421358425,8.357309931412761,8.462071587848342,8.495454174356635,8.484571688979338,8.473078422899507,8.486943173168909,8.504191876428557,8.485400375621152,8.416804302221196,8.326683500506116,8.259642172157323,8.190465541891516,7.997127302617503,7.454027974064182,6.872541209030593,7.955003406368283,8.467303983976988,8.68660314936366,8.719852439640428,8.623838130118994,8.476195306403818,8.378680919778,8.335831643883195,8.253626877089829,8.07892924429332
4.201750005539587,8.75246964462455,8.808227090695398,8.790390325723672,8.690386165994106,8.537239464746111,8.478552514457176,8.666045938033543,8.948894665591622,9.180068225632956,9.32579365895764,9.382060012727123,9.34399989968055,9.19757392868144,8.911746488433952,8.428589886195967,7.866567208206779,8.160266486201952,8.558864010808323,8.748348924988552,8.787761626904453,8.711710217821926,8.53274758571777,8.24692252371376,7.819375558555355,7.087043261526691,6.0260749591782075,7.342213772297936,7.89181946949709,8.136354214595574,8.185762068756896,8.095352836137547,7.979614751678795,8.003919587391927,8.108629381845226,8.135114001884922,8.029749431497157,7.804595109996975,7.524131082414714,7.2710418782583455,7.027220872914501,6.771212960476007,6.680867750395113,6.7303636947065995,6.704460541400876,6.6454800887336205,6.624001267882281,6.3823266837927,5.749944702709508,6.958537412393484,7.680020220867124,8.059194602705906,8.220863647465954,8.19729115008629,7.971497838302207,7.458344761933727,6.809113858470937,7.441577087083252,7.914912647221985,8.158785734162452,8.290861054294892,8.365517425230818,8.400466718722898,8.39652194676725,8.348985426286344,8.237220127045013,7.996867312889526,7.456724709355165,6.809305633941474,7.834151538572621,8.380511892616624,8.641320134004376,8.722186746472177,8.667529440367176,8.52162748251587,8.374222327705407,8.3317724043424,8.366097501689511,8.371358457905943,8.288934275760344,8.087718932165854,7.7188078749893005,7.049567480065937,6.173742036504376,6.985763047416612,7.4627401315632405,7.7623801868572,8.032032064905987,8.289083952366857,8.500723658515957,8.638004738592423,8.683763327807776,8.630826511672415,8.492630866896796,8.331962553984566,8.243467292181451,8.228178276637559,8.258473164871623,8.400851115222922,8.62074813642496,8.778754527029138,8.795211477013122,8.624197217235979,8.175795522152915,7.030191780608684,7.208761087052575,8.010846981442784,8.274276794566447,8.337988422547642,8.31150766440758,8.259266516042548,8.211845326072792,8.155553252951922,8.046353859929265,7.8470126167272305,7.599460057746063,7.536778608052039,7.705253928749395,7.863525072532198,7.954651513650282,8.029203573722128,8.130531847079657,8.243509121266026,8.32162621176172,8.324250372183606,8.219111611202994,7.970177797985571,7.51168865479388,6.614500189446946,5.4616424821979725,6.933645776500563,7.453733410147145,7.73273398276046,7.878304386758072,7.983154088971885,8.132571801206684,8.288798298096626,8.348176100186125,8.231838235289683,7.846174097261506,7.0404389817902135,7.331911809119928,7.887245478631462,8.081917920651522,8.099982123697893,8.092663116120725,8.168951141936969,8.305336747576145,8.45101300560814,8.594841490242759,8.723028028623506,8.80685944150318,8.819956934729744,8.745609061809983,8.576103019752237,8.322694231065997,8.06837180932025,8.013543806508727,8.188320651672822,8.416542982195947,8.608497045311006,8.734303690825628,8.77805828990661,8.727769780180616,8.57085470928153,8.290156283685807,7.864472223655686,7.314135348611916,6.961007855757825,7.083613036302641,7.320986653225303,7.546438545928987,7.710894554333795,7.807698540927104,7.889105635941925,8.0042230370213,8.118730641796379,8.160210006293958,8.083537853897816,7.8987440189431135,7.784097571103125,7.943184480224822,8.130093087760613,8.150287961300773,7.946388284385966,7.6719963105759295,8.040066133920556,8.517671147292843,8.79330346665987,8.902679042623664,8.88403021209632,8.770422571308718,8.600612632249975,8.412985449733961,8.219724648917826,8.010508717364138
4.116000005426534,8.482110488164956,8.561504639441575,8.581332885868218,8.518067453552698,8.382773753665504,8.309087877984652,8.4864386035766,8.772532835691317,8.994900137448612,9.115445751968963,9.131832853406264,9.039528233624912,8.820575251465506,8.434374047132739,7.881716058526735,7.887079616823598,8.357441594495354,8.657828331475427,8.811222694907324,8.858479175791361,8.815621981495186,8.68295770102577,8.449321033580613,8.086717625770397,7.5216399490719,6.723359761159265,7.140975767855638,7.665140528644349,7.901215858659424,7.958343425631162,7.944063513828527,8.01314114725619,8.178075313192148,8.299860542916834,8.299795272180575,8.15587966047857,7.863972091470778,7.442410253991004,6.978817936672196,6.6512041962521895,6.640925360664494,6.846535184532246,6.96409284096423,6.888057311350018,6.647407617861498,6.377570444544694,6.103137812460761,6.449370229397419,7.313844077692237,7.89085725320286,8.234950711172832,8.399374306506074,8.402336888244662,8.23449532805501,7.8568681401801355,7.341677939808701,7.559511210499917,8.013614039202618,8.286796744566074,8.44952860508137,8.559654502529515,8.63929795040876,8.681973016665303,8.666165087751786,8.561057874913455,8.319693929631178,7.887881286621089,7.673004878580485,8.19408732623559,8.595306167629417,8.796810723866425,8.84635533642124,8.781788679359549,8.666056458290383,8.611721687807933,8.664800272032188,8.72876790913434,8.71577228544529,8.58844913317236,8.320525579728079,7.860862424947065,7.083299189577198,6.611636847210755,7.2222303223857764,7.514003943830444,7.645725334369173,7.778454140265592,7.994322968126612,8.238505146325103,8.427958609085403,8.522039615346104,8.507712267959894,8.388847974658832,8.196450877547475,8.000258633733377,7.868003862393676,7.864980685929511,8.071365097092086,8.350820145987193,8.533971499180835,8.560549925198742,8.39770078666048,7.9748166817323,7.146282779003579,7.342621863621129,7.924766704053574,8.172381678920623,8.25551414522795,8.260498755432797,8.234296946688247,8.18728441328575,8.096040422282273,7.930163921658438,7.726386516254266,7.711003076284034,7.934297840045058,8.135932947504044,8.223434658370127,8.207258655776144,8.13450680270076,8.087709614983652,8.128275212653014,8.210639126212094,8.247490682578382,8.181503400283354,7.97355556967522,7.571878599927423,6.845802369762468,5.41092956106053,6.412536423608423,6.960449006909252,7.263500080622314,7.518073318163199,7.8337746399296435,8.165716317482199,8.404382025553307,8.488901377169485,8.373950082043308,7.9535046966842495,6.655853966128599,7.385964073958982,8.12399101689818,8.384505018781978,8.441659864024363,8.404387225417524,8.360097594891844,8.366380998584537,8.434593543838988,8.547103606138839,8.66437481840023,8.740207259938876,8.741842826357699,8.65383792298109,8.481004002133922,8.272564253362901,8.144955793164282,8.160825709318932,8.245057495392219,8.343814331053684,8.448517689785644,8.5426053317154,8.597655752962533,8.587678937579451,8.489989017097278,8.277710109526513,7.907462512178213,7.28445797205079,6.053203510725736,5.597596758674985,6.181327058237103,6.023292378400843,5.901361788869918,6.627307628752468,7.249812758807571,7.648616141482107,7.851462524300986,7.856415198917582,7.625877653458184,7.171636363891733,7.377608623045351,7.902007102220755,8.155003882793785,8.16729913381841,7.986273517456478,7.9489099141663075,8.378421829500647,8.778476636641763,9.015589313890732,9.110699677526256,9.085612073592065,8.956130009475144,8.73883079170806,8.45899410197483,8.154258898658496,7.865732698388571
4.030250005313482,8.212779943289402,8.316038984500851,8.378228857271953,8.366297168199024,8.27529900552509,8.192092646672073,8.300704938716668,8.551267555199013,8.762227342890236,8.870843805249354,8.867307142671882,8.744844660702093,8.48605822664465,8.077565569760557,7.752519263601909,8.013596928839831,8.363652788273301,8.596374836682434,8.736448505756803,8.802294244765877,8.79286006839591,8.696382186393691,8.496396588389477,8.174282874732638,7.731091286671325,7.362172465336198,7.431846389781562,7.606143180494646,7.667403439232212,7.679557885956471,7.824753827382134,8.097243895822457,8.319894940499148,8.414238313155431,8.362112901004005,8.152460112947773,7.766876712654804,7.186764629402581,6.486865802158703,6.132704087006184,6.43415377210315,6.828054884464017,7.013544489686083,6.964511013721701,6.713569562461471,6.426746100328939,6.492166240922503,6.99668233814403,7.579233134840023,8.029427354596113,8.321235256721433,8.464100876187098,8.460623986504539,8.294056179739242,7.911540941078458,7.298680354399782,7.515451220486255,8.066492820607753,8.391010920871095,8.58780678164731,8.721827947291347,8.81818263638042,8.871336965801978,8.859610240861771,8.756187863982596,8.535124158051962,8.225953108767898,8.17005368755991,8.498204614180022,8.787580796705374,8.939051340512279,8.967532231957293,8.907671579631828,8.833735965000203,8.844198734246593,8.930846063428689,8.994251389622113,8.969965445453731,8.83255232041508,8.568272852329722,8.172900886510863,7.731435875317113,7.581555139924933,7.703643880501773,7.792124427033127,7.794561772302895,7.758720059043505,7.808958700890415,8.011576492325846,8.239279218141988,8.382611718236301,8.409975473388576,8.32190223252187,8.138103688050352,7.912207598503385,7.77634105590987,7.90998484179606,8.219383765312736,8.488861613369062,8.635279333567512,8.635167341575439,8.466207910821556,8.072850186689587,7.294250510207151,6.906778096595044,7.630779128834008,7.953153336781317,8.094419896864057,8.16384637381435,8.197778420011616,8.180261209508018,8.068620979808752,7.822401728906953,7.538629500199834,7.700634886839857,8.075951834009354,8.314234301252911,8.40081957996019,8.356772652187033,8.199817997407218,7.975974558602109,7.842334823332037,7.927027098577132,8.060078510326578,8.094215005777173,7.9848111588415005,7.704580746469904,7.1942224141289435,6.213474256478624,5.298172666273296,6.607475151368862,7.18463211482602,7.63920755604545,8.037314086579357,8.356397760193811,8.564158069755393,8.635484561595305,8.54249008702608,8.236524416455122,7.693226261978308,7.705649095606068,8.183347434676218,8.426819758976011,8.489970305777646,8.447693153728876,8.37071061762691,8.325594394478179,8.348848339120927,8.429562482401407,8.522851364308929,8.582488173322636,8.584316627830416,8.53457281950289,8.47264263895809,8.445882374175701,8.451577545789554,8.444347852751381,8.397827396036893,8.327043202655025,8.27666048278634,8.281729283155217,8.325270562964839,8.350061329817331,8.294232867334202,8.095146315282992,7.646933091976544,6.503100356992107,6.547184053581686,7.446379063422344,7.722391370407238,7.765728486165931,7.675294919234001,7.538342935358475,7.517765738303972,7.655300243407301,7.759267484052582,7.684313454856051,7.326553240866359,6.978359351847845,7.614724960188158,8.059771363580797,8.213113821101071,8.106961087399851,7.767014461248984,7.90703445086989,8.514164714137413,8.91815379105089,9.13731974958305,9.216043014397998,9.177168540370113,9.032212687100198,8.788149385623806,8.453212870635488,8.045355563683886,7.6053005763728105
3.9445000052004286,7.960834031019837,8.085995164653802,8.185605593826095,8.232121740430472,8.21478704196599,8.165233863102495,8.17949950030035,8.311927638068383,8.474379367983495,8.575055333610983,8.57509429607244,8.45397812578427,8.18770129947442,7.773152815423994,7.5292136359376505,7.825740342878981,8.14216618391087,8.36114189891996,8.51860456800297,8.623284103688826,8.658781637124079,8.605284663857315,8.45032863858399,8.200834925167172,7.930106528702886,7.802990819576217,7.810546629979814,7.7610813776758425,7.556353649234548,7.387423989129124,7.75330739685845,8.176544598693543,8.41509546634945,8.474829205368144,8.361544025645411,8.055314085181118,7.488196987718308,6.4220353202810125,4.300265487992023,5.512250918231039,5.916115726532786,6.593186570055526,6.882176918856862,6.856636567015318,6.591919502728025,6.260591517786544,6.354625171338238,6.990479350399901,7.608658688714602,8.049122001938898,8.321342662103579,8.442935371653238,8.416042599674839,8.214839262491802,7.737599299236757,6.505566196547329,7.3217563933070196,8.070773583189588,8.44086195225537,8.660735132208572,8.805216758420913,8.90050026361092,8.944875180613595,8.922946823919002,8.818183381122752,8.631526130402335,8.451126935854582,8.498260377264266,8.73282144796583,8.937648763329022,9.044261159141216,9.053806810560639,8.997306238830571,8.94878980616395,8.986040680008571,9.078575103466553,9.136769463391099,9.10898679101587,8.97767918422593,8.74220917657983,8.429396903789858,8.140355719253073,8.014712121864624,8.012141137360409,8.012319224828914,7.962961371356682,7.853174212730376,7.756133255815953,7.855918255145996,8.097271693388885,8.279813729980114,8.33679464377252,8.266308827668016,8.092545308530479,7.9027926016599395,7.910691061719928,8.17393317542976,8.473606775831191,8.686608971120846,8.779240463940477,8.736423563332831,8.535347089924597,8.118018051248956,7.26824530603717,5.568872260062068,7.3048171980925645,7.720281343093148,7.927129321806542,8.084020029406021,8.199002047687937,8.226679710919226,8.115498429876927,7.797135943190125,7.239887207496841,7.432733776881813,7.995996911306912,8.298379920905516,8.408861142800333,8.363831691771768,8.158918412973362,7.752439835946907,7.218115190887479,7.437474339412345,7.844838156657662,8.015938352377066,7.985340785224545,7.762898694088798,7.303760223130539,6.39275580380563,6.01877553770733,7.032809056805895,7.579721820483368,7.975960817998417,8.28675188830386,8.52304134986941,8.676427798876126,8.73057121148215,8.66639234290013,8.464916492901624,8.136275580291114,7.889941063263471,8.006460752453846,8.180905669792415,8.24307329962746,8.214094085139232,8.155659684279524,8.132286382769474,8.173454716293122,8.259705963411625,8.353515820603741,8.43412841895564,8.509627393764708,8.599700434408332,8.699774429393681,8.775966708113517,8.795188137944411,8.743799687582525,8.630962864664035,8.489848849715377,8.368995558593298,8.30261400039863,8.284498289535538,8.267680575437002,8.181063424987581,7.942704676282469,7.462970386013082,7.182900706848619,7.736637741820565,8.110426724380922,8.276759081221817,8.303282207355455,8.226049824661914,8.072110112765339,7.901098521094082,7.821366366298418,7.8281147957579345,7.772255208911833,7.564271004167708,7.427378220708271,7.760510742774929,8.08148096498653,8.171801031715187,7.972953463978894,7.373784539684756,7.762123073971469,8.516165734945218,8.927233198296081,9.136568113396605,9.203318253669838,9.153042776419221,8.997584247360114,8.742161629045558,8.387398441745516,7.923991994685095,7.299300670345056
3.858750005087376,7.701245217797788,7.834046817776422,7.964897425661631,8.077990897370572,8.159518510694424,8.190106636877214,8.169712495659798,8.131984819795827,8.125183459277812,8.145766435935952,8.126103354589008,7.989525376145392,7.654451325029552,7.001709851088793,6.809144633757582,7.423836891669581,7.758442270410017,7.9654627080844485,8.153337384808564,8.32310444814719,8.431312226305012,8.453104908829335,8.390549759597839,8.27336229502635,8.162717433612709,8.107069479272928,8.064144091241324,7.929217159854079,7.587234362710417,7.180936112508009,7.716689153157929,8.220508607693027,8.461557884609418,8.494081978245143,8.326244846482068,7.912589403503915,7.077296597048049,6.167745986651542,6.888618282604069,6.950675035265877,6.719599792403201,6.636581508403459,6.709118226232873,6.634313536908324,6.521627584015481,6.527605235922936,6.479228133685948,6.823143214091403,7.5012883185960755,7.978967000742924,8.251719539462927,8.356273777131436,8.305454717773813,8.083257020283476,7.627381262223311,7.033784101327157,7.526168206570025,8.070164808253264,8.407469918116602,8.630110444612802,8.778941735364398,8.865471050983613,8.887587274878229,8.840441745464304,8.729539466390175,8.60164541854562,8.576582815201943,8.71444301595091,8.902898009219706,9.043689876300883,9.105718340801332,9.08864810205459,9.018988983470337,8.966786169383939,9.003020805204692,9.093533528496435,9.151676570406972,9.129567830870156,9.014586261076433,8.815085182956775,8.56759299659002,8.348262048788389,8.220350539352852,8.157195503900855,8.098121504253477,7.999436218920742,7.829972989306243,7.644895312086135,7.719940164393592,8.013197706095385,8.229801977438127,8.296308463408254,8.214573718545918,8.01111664273614,7.826949746893587,7.963363299648996,8.30146843409159,8.589031757595821,8.76459095861585,8.816271973911734,8.732669496158506,8.489012258204422,8.02372644981625,7.159331444309006,6.659811072083152,7.3411742625312035,7.62824580646253,7.838839510087406,8.071868628535638,8.257878269563978,8.329136414227012,8.245993110214433,7.9487112914784275,7.2394016457317365,6.511403903586687,7.635358533720925,8.080044125763056,8.244572940068846,8.215268383479518,7.978998426433623,7.389663593829191,4.435871162957275,7.273643765711491,7.842839778793101,8.021083727912474,7.965391356482633,7.689047004835625,7.110205029493842,5.943258898783242,6.696498539488054,7.407242195665934,7.858308566032878,8.186372729441048,8.42396897608662,8.58983080467076,8.692643040258345,8.726186249797916,8.672443418207205,8.507834061207394,8.210372375754854,7.806924412026528,7.57200808817422,7.678682046475491,7.783075847867062,7.7893371726760074,7.766533950463075,7.812502540230816,7.946326260491343,8.110904306586386,8.273070527462124,8.442481777315445,8.631526752664701,8.82045369958531,8.970676563345652,9.05299064071935,9.055244517541198,8.9817191245977,8.857463170004769,8.731059699972034,8.64733331498317,8.604668698662184,8.57081922323236,8.51711180840256,8.420732005364258,8.278804603850896,8.169322777733859,8.232815621398862,8.411828089088045,8.558624636680248,8.62386640958496,8.606939201780445,8.51349083424101,8.349069083602066,8.146149092015124,8.013992503709591,8.027790044541824,8.064638767845585,8.011052772859898,7.885340392657498,7.851075948363509,7.951783366739795,7.969959013777589,7.708129736988213,6.928969318000902,7.692856958557958,8.44761448970381,8.83975470953801,9.032325623971895,9.08292138369953,9.017303437827296,8.850413855565533,8.595393395950522,8.267210046175938,7.87239928822815,7.371541543213816
3.773000004974323,7.4356478886555175,7.502213794757051,7.659767261461309,7.865508416910404,8.072096481977756,8.204187169369392,8.222371383187328,8.11519120681845,7.8899743067569394,7.590431990731893,7.289037298545638,6.915335332722855,5.969281006844744,6.198698536256978,7.172990184909712,7.543870887423311,7.660569884847311,7.6703028319778355,7.753400344588561,7.96574769153966,8.18214410661575,8.32991941075253,8.40176117876974,8.408221019916544,8.36462154482937,8.288252913609519,8.180750050604523,7.996200223308975,7.626296982781903,7.155664356558557,7.69951045869475,8.220662797856924,8.460152385226195,8.477328474613627,8.274861230920083,7.789447756242531,6.953263936339608,7.167456778919298,7.532390973555337,7.550409976592315,7.3641686193621565,7.098983600057002,6.862718918823606,6.807793697357887,7.020031296340372,7.177419712593367,7.1014814153678625,6.97284848502363,7.391964479728855,7.858768235229541,8.121543789678396,8.214142526152061,8.184514166913113,8.097870987246129,8.042684981942365,8.060608374177452,8.11681347610105,8.197009920996036,8.325218716343725,8.487585931099064,8.625932957601878,8.693743225546768,8.671731743449945,8.566786355844648,8.44133811884508,8.444272070339688,8.623344652045803,8.841541426478502,9.01004259553563,9.10645627802605,9.12664444576652,9.072737427182423,8.96472859960638,8.868625430534674,8.873893859069554,8.962025528255445,9.034159340096203,9.033354443960897,8.947660100365484,8.789712440238624,8.594496636824804,8.41380150032658,8.278998238363776,8.172376378899605,8.054986132369539,7.887436933710216,7.640741340373194,7.453493573700552,7.692256118523896,8.050450271690385,8.2634026525647,8.308234012362544,8.186806519258713,7.907369458579703,7.662783208602236,7.919042326737195,8.319914123132891,8.59888486969928,8.74322988220122,8.755373504256328,8.624220061598034,8.315282085591807,7.732051281753987,6.611685740901064,6.968732841850069,7.452781096032804,7.632195538236751,7.833401428359184,8.11307116390938,8.340533936672974,8.445948203802367,8.408576727275541,8.203924281414366,7.754085248878211,6.66350704810096,6.608036868409733,7.565757850355453,7.870471967698292,7.890036797373882,7.6394085539275105,6.9655595131259185,6.8613668740500025,7.659877569184457,8.012398481235383,8.099507804000476,7.96887407001882,7.584960949349189,6.725774922785389,5.706609997730589,7.0481417065473995,7.5859466385677825,7.965467527764061,8.246185995137223,8.43154861594643,8.538345906275856,8.588063796231735,8.585708172776068,8.509045079467255,8.315034922034581,7.9522439041127635,7.496571528810394,7.587679634031821,7.903839779429152,8.026139320554066,7.962750946278001,7.770047973246409,7.630076683347494,7.777688778529557,8.054600642771984,8.31507697475097,8.560930514034554,8.798952208897068,9.006459428594509,9.154998328403218,9.22764916381892,9.220803410071026,9.145317907225701,9.032529487802304,8.93207942600534,8.876805563779754,8.852479905995562,8.829115188338333,8.793292572577723,8.749386530466653,8.718643112163951,8.730679698124474,8.787384393287367,8.851405685736863,8.884793226008,8.870966925403158,8.806872992253561,8.690205967032798,8.518826084090117,8.321383374251791,8.212292421320173,8.270214924447293,8.366008215785868,8.38143622395376,8.289706151216688,8.119318913914627,7.936627474618383,7.748518165561317,7.405148917138753,7.0328362351759415,7.770830050393185,8.36562847633609,8.699581465477758,8.856102062310326,8.874158607481421,8.775334378615742,8.58241276341016,8.339850358239056,8.117467273706554,7.941497893421221,7.754494980797796
3.68725000486127,7.235248701081455,7.051212897393616,7.220060957812993,7.58153646214021,7.9385670724101045,8.171643640563365,8.260032567355609,8.207846030199436,8.0216183603903,7.718466569054886,7.372468553996494,7.190218068596876,7.311097958763915,7.567700665339164,7.791382458295602,7.91544955278456,7.925571508957186,7.842238062181641,7.759109531998383,7.845388582382203,8.086053178752882,8.320963796788705,8.475372552836172,8.531218405441273,8.487795249818978,8.35729391107842,8.16599226782594,7.924972359091414,7.577820526813604,7.255464493448221,7.705301721756869,8.18239704065161,8.413766407890245,8.426453197023308,8.215617458667944,7.72850630490856,7.166875792207736,7.517998285817537,7.797201722158072,7.817386209379712,7.658378915012233,7.388858809756327,7.179693350857208,7.310783076158127,7.55718148142723,7.6498650144773315,7.5187146615023694,7.219998747074581,7.309768598516965,7.698200659840673,7.920653892866435,8.000522226878553,8.068248178160042,8.21882414608118,8.38929839511935,8.48942029315935,8.48741210028605,8.396035730676408,8.288787234579248,8.282462729025651,8.35543229919758,8.371745062206443,8.244501202416723,7.9538254542168225,7.810099371096857,8.21274832191143,8.62092905591063,8.891442619141836,9.051420079278019,9.121979972697012,9.111058385673392,9.019508911654135,8.853048660857466,8.65842800445536,8.571126194856259,8.656582776501462,8.776122808505615,8.827429757909522,8.791242809484025,8.681922108906631,8.53083114251213,8.375724208310448,8.236575719727142,8.100134683895542,7.934146960220496,7.708701174769923,7.469220434001437,7.531875610197588,7.896541243401442,8.2014112578468,8.35792881104969,8.359092264472753,8.19170760194452,7.828702312652298,7.463332786213098,7.820227051603944,8.268993179004136,8.538227078872225,8.654219638801948,8.629338284470691,8.45194543049677,8.075380481263771,7.339584129746458,5.665584756082254,7.052117954420787,7.458894126547302,7.620225087186816,7.837561360486231,8.136553626343304,8.383910448335472,8.519865544815524,8.534767213961604,8.424856284947493,8.171298219406577,7.707253682080923,6.76313281470821,6.241722430585688,7.15785671390143,7.341021442445308,7.10729712273143,6.614479011466638,7.2631390106358475,7.836417561967825,8.111699350933346,8.177302687616432,8.05879237846511,7.750744412872709,7.283196106987159,7.063196907057777,7.3265517619864164,7.643698772303077,7.939385236411493,8.171634783375383,8.308163348338462,8.352537357639848,8.32901718064839,8.257536043804198,8.134965093316255,7.982677131783924,7.987471433187659,8.249366238957528,8.51836982016734,8.668337249983491,8.682758595168389,8.560192118894683,8.297981009103937,7.940599086114718,7.800834236702497,8.063781909025527,8.379153537220079,8.654346277957094,8.896791151511877,9.097236573180563,9.2376853891713,9.306624216214253,9.30349481249789,9.240958885101627,9.147898225912913,9.06303952310225,9.009796869136604,8.982196913908991,8.966743473899554,8.962381739500016,8.977840022525985,9.018572303474166,9.07455490868294,9.121806850841189,9.137234759585304,9.109800839229303,9.040892105952365,8.936669232676618,8.798138676706815,8.624124624854456,8.448792713693987,8.384958814941482,8.477690605728789,8.596198393165041,8.641036809180646,8.58608289218685,8.435312777476899,8.208473631874353,7.934792238006962,7.661351946487097,7.6164873158928525,7.961059784856503,8.329031455280496,8.563760224811697,8.655720347290126,8.610565366749844,8.434472924197225,8.164091932681943,7.960625671968495,7.986424195891833,8.072459370995462,8.07465070263595
3.6015000047482175,7.086115803119487,6.522342086587246,6.650552533553668,7.248588741404877,7.756106080235559,8.07976155772083,8.246128047574274,8.287286999641431,8.234319253176746,8.125567171177943,8.011076452825668,7.9399996298951,7.936759406795659,7.990511858676823,8.063284368362169,8.11360334003402,8.116964264633943,8.072934826929094,8.016780915994797,8.034285681842118,8.182176994095343,8.382570902985194,8.533631809039983,8.58581335130239,8.519279443900372,8.32690627194088,8.022638971318205,7.671869094343747,7.379886504760682,7.34347418688528,7.727406598132144,8.117537812870507,8.32777703467174,8.342552358144903,8.148425009694593,7.715926645197704,7.294423094451524,7.568915672314938,7.82110381643042,7.850472725724284,7.69955809540383,7.456751262162885,7.4609449102592995,7.7673649391250095,7.996071075595692,8.035089234725966,7.854959025214038,7.440365480982948,7.175729630377141,7.464651865614682,7.6259511810521685,7.645648214796276,7.829620750886878,8.179159236901832,8.453502357778598,8.591439288795792,8.598161730796257,8.48891328419597,8.305340578018512,8.153908551839201,8.104071838262108,8.026947408120673,7.7215826495035,6.669256610100357,7.117982000329124,8.129039225274663,8.601420545996437,8.872179574323463,9.022594370580695,9.08115206069284,9.05598994163464,8.943281261915004,8.729299515755118,8.403030133730327,8.071947629617549,8.114546317740981,8.368754095493802,8.528528088092338,8.565569195711301,8.50872994020393,8.395997770543664,8.266008791882248,8.140351930707498,8.011496154015358,7.859335186587708,7.696851710795618,7.65305472154312,7.8538188946827585,8.137152773949033,8.348757768363475,8.443873226464655,8.405927584142285,8.210713967581698,7.811006530208721,7.3182558315536195,7.646320647583129,8.11542483473904,8.373838001433663,8.466546790523727,8.416905961396255,8.229019715130386,7.906536993788369,7.5165698244904355,7.321556526238686,7.392339323633251,7.481691383977762,7.569751705748924,7.769357241052832,8.063520686699679,8.329254686622145,8.505280456664421,8.57925233767383,8.549792060702355,8.409547653330716,8.133078931976472,7.651653901556948,6.734980982348591,5.548551703436618,6.529868200743425,6.382267036246538,5.750823731641821,7.086274387563138,7.735826078739244,8.067217691797147,8.205344613834644,8.196548253151931,8.07267764469346,7.884435843902173,7.719560669324782,7.66123945089014,7.732472341055193,7.884540471069134,8.0201825660645,8.068471951952874,8.001369982965429,7.82035728010023,7.619738278854033,7.758666529186151,8.211215353965802,8.627147681093474,8.92822537335466,9.114762875108633,9.192131119567005,9.16175523188736,9.019631381868304,8.756337867645492,8.372216040790953,8.01254246225983,8.087350823918804,8.396858733759613,8.676070391608429,8.908232103586815,9.095828762930818,9.230224472458438,9.303494698781575,9.315735530548427,9.277129052838605,9.207096698461537,9.128675671906407,9.05970472252374,9.011035376631531,8.993688280998835,9.019884867091939,9.090446045762919,9.184483822245033,9.268519210911155,9.313964286043307,9.305841477300447,9.243335508428236,9.137060601378,9.001640984933948,8.844431196096467,8.669504218094088,8.520707831730636,8.503069367099181,8.619929696834078,8.74442818840958,8.799069837353322,8.765627186627096,8.64842898195129,8.464086570605996,8.246605742988486,8.064137954431832,8.02609721319969,8.163768506124264,8.351879842020693,8.47706012811885,8.48822329117635,8.35340498506909,8.028598578656199,7.499065904611202,7.458970947410646,7.921579708285113,8.192228286904387,8.2926489124841
3.515750004635165,6.755435004503686,5.958293185793177,6.04195500552866,6.852411853718567,7.511742259049029,7.932390176731277,8.181197815284195,8.306932220663661,8.343198787532256,8.317402443361004,8.25679784482806,8.1909338307207,8.147147187775063,8.138609810176213,8.15720273125199,8.183116179507602,8.200357740075015,8.204246085395079,8.204479656612648,8.229182888063379,8.308862507040907,8.429158016843566,8.529939742149294,8.553689033290423,8.460707262691725,8.215578883992498,7.7706285270941295,7.107039854280693,6.901547938199731,7.333344767414581,7.726210930225825,8.032830902704864,8.209446578581401,8.228011376572816,8.070016975636152,7.721454387400238,7.325081515195971,7.398607711901534,7.615761291184428,7.648293132330427,7.49522634260448,7.40439168758081,7.762360047752099,8.151796586232644,8.362757292240325,8.385580736040191,8.211505306985414,7.813454615620243,7.2920117450110284,7.264457102611583,7.339929017803791,7.123270501755354,7.226938896874764,7.827874422853617,8.23011232762266,8.433101605882309,8.485406699097892,8.41832822297261,8.275440479729346,8.146927901115616,8.10431051468378,8.078076700473465,7.976769243861625,7.85046305491897,7.956269239924503,8.278179608479743,8.576960133125555,8.790025586952877,8.920138841949875,8.973280273298803,8.949990985975829,8.842957915044881,8.630369703857411,8.259589654559534,7.6152528007806275,7.16176895838,7.789611853548129,8.137681673930734,8.262114571035879,8.25608694099049,8.183499641153519,8.097957851318123,8.027194608062326,7.9643729090587385,7.897608348169903,7.852430323501892,7.902308061016318,8.070764244687274,8.271881236585687,8.421351274033487,8.4786474152837,8.422009488260851,8.227591462412395,7.856294053669429,7.325611982458069,7.333832678181812,7.752979999064783,7.987572780064763,8.047986521192065,7.987843032862341,7.893215369179822,7.867020582688069,7.889436621058435,7.859377095883548,7.735774108495822,7.559056597053734,7.452462848690769,7.550640838103545,7.827925219522333,8.135284441347565,8.375947201323092,8.519392635014665,8.559087094954835,8.489881661825704,8.297120072476766,7.943888376984503,7.335196639298394,6.275910427881224,6.455964965526598,6.708181154228349,6.184471211167835,5.9742996678920655,7.305021778282124,7.869765102676813,8.161201473590806,8.288558105713234,8.30099106886895,8.234636983138879,8.129039520708885,8.035631845855962,7.999802338792346,8.0074981380771,7.986649942745829,7.858412479112783,7.520670732643941,6.619022063838387,6.898096545595079,7.97046004458991,8.552211320420371,8.93855787321047,9.197736790119706,9.352128946589191,9.409554636614748,9.371013663775406,9.23254186313568,8.98565887699956,8.624323636548436,8.214869114567572,8.104626534478838,8.355353912972939,8.625909824622669,8.844736874280677,9.01843350835758,9.14858891571792,9.232141727670351,9.268246684057683,9.260347980797148,9.21496292882952,9.14062669017004,9.050326705596964,8.968089656226176,8.932716731774365,8.979216951379101,9.09858802007666,9.238453289130666,9.34742923383992,9.396698684372854,9.376814516622495,9.29237062982316,9.159250027226895,8.998218045192054,8.822747142774817,8.644827976062958,8.523689831536903,8.554423983151704,8.693702343019172,8.817900297953244,8.870037180304964,8.841095849470678,8.739347143251647,8.584029136649324,8.410310084147946,8.274164353595966,8.233097688574736,8.28978016640151,8.379018954280665,8.426434424631251,8.377151708665565,8.177214215896754,7.714375059658923,6.395469086538642,7.085015259734482,7.912296268010348,8.265487592046545,8.426385766422701
3.4300000045221117,5.424357030149826,5.06835296930909,4.190602460027862,6.263656721690643,7.256887356066201,7.789214890509412,8.100923664720959,8.271530068953707,8.340197692685916,8.33397113398683,8.279849806392923,8.209222277246125,8.152785553709178,8.12930935444785,8.140497896218104,8.17610251390845,8.222789404923423,8.270454976319195,8.313643514675972,8.35208636855456,8.390990786145,8.432274364945307,8.45930839306375,8.43604389271406,8.318667563157986,8.055115960066681,7.549195643628306,6.420728433053718,6.398798645626346,7.290272270891423,7.684390908199969,7.928613742955635,8.066732059496939,8.088254556969497,7.979577386376706,7.732618768986573,7.376388142642373,7.117245459848402,7.13487048458181,7.1334854264360406,7.090425403182469,7.520661505568245,8.082927946844224,8.459682802421641,8.651717874741706,8.676298146734435,8.535631950654352,8.226086370907117,7.809250023332745,7.5817848857584025,7.536960419567555,7.255469353531317,6.452559842273852,7.155308215736303,7.838896446174375,8.159350854748789,8.276501376005022,8.254454580148415,8.158686522060417,8.10481517399318,8.16367126381391,8.254881966831705,8.303771871182903,8.31521602166994,8.338064998002322,8.412083931682819,8.528753326194481,8.650560284447248,8.744427720137024,8.790475106168852,8.778007796390835,8.697842137622356,8.532318438104541,8.241315961059566,7.725926421406662,6.646577084776963,6.824477470731577,7.523891412932865,7.763982728890379,7.8190963063445444,7.814286884082996,7.8313298019532125,7.878399528316701,7.918100607690267,7.932612103383537,7.943404572873851,7.9995625720266075,8.126442897173153,8.283462039694015,8.407733120001435,8.45713290348195,8.408233852065282,8.243976860218247,7.946614287169913,7.511184769228249,7.080664751602546,6.9919699191025035,6.979967933440772,6.864310093184006,7.142579089099211,7.6576434070299335,7.9979718185636415,8.144729645780398,8.117868127968336,7.926695435679056,7.58760170457479,7.219449084051209,7.179019996832737,7.489269045121309,7.85724575705065,8.157972896085964,8.355291055557998,8.442154699936257,8.415521499565969,8.262765879523037,7.9458713320215875,7.360829565110995,6.494562829590268,7.032376775574072,7.377236068716869,7.2982798346531,6.604339550691892,6.131213038554887,7.509947919288087,8.028959255733882,8.286559415789965,8.400809367119491,8.426390916284516,8.404673441637168,8.37274668265373,8.347363974156302,8.306400791263965,8.201062371484543,7.9741153304029035,7.558290745173243,7.126229062607889,7.600553978782243,8.152211768222998,8.539431271577682,8.819399822223358,9.019929702718931,9.149787375369632,9.209182071477143,9.193981392158763,9.097209224656433,8.909901289437485,8.626423815721445,8.284448068467198,8.104440047684728,8.266057647492376,8.51734135584992,8.725798884014594,8.887372881791691,9.013355981412932,9.108484456684819,9.17052947930014,9.193701799748048,9.172707569222808,9.10686037209037,9.00469358341394,8.891296540061239,8.820582522750607,8.86264666104016,9.01687827994882,9.197084761709831,9.330814887662381,9.387972879144925,9.362814523522324,9.26312369161967,9.107617886089718,8.920928573058745,8.722320726300095,8.537564260332008,8.454331799681059,8.547623995196675,8.712548351937805,8.832451017442498,8.871694383123675,8.831178197005285,8.724627259969168,8.576248837026021,8.424231593560435,8.316284299013242,8.284005322997125,8.3146340213192,8.36029943905015,8.368780065664119,8.29570199511421,8.093593093416542,7.675788595491063,6.860920421207648,7.173258178528853,7.889271865333656,8.271698918618755,8.48312109971938
3.344250004409059,6.589479240801001,6.663949337380646,6.550997993009531,6.795796219453101,7.384137587320324,7.815544587437095,8.078448600309471,8.212861985203196,8.248093821934711,8.211667747384174,8.138492196413177,8.067167465386083,8.021859218645329,8.010264704512913,8.041056025466693,8.116082043188223,8.214563024241558,8.308876854786584,8.381465294923752,8.423516596065168,8.430749957957557,8.40305165192075,8.342706047792785,8.247491384626972,8.104374673027479,7.894476319826586,7.6210824233914405,7.390172326050666,7.395056640515456,7.561073194020034,7.7265211849925945,7.849464943808,7.922172950006813,7.936617667369919,7.883727639195149,7.750617423696566,7.517746198717755,7.1772284259754295,6.818342654452364,6.747698799535573,7.219107979359444,7.853230496698901,8.350564613392631,8.678421848553201,8.850514652721591,8.8778179261339,8.76663676194441,8.53399868355991,8.25859317846064,8.088958493323764,7.979003557938233,7.691062380027164,6.837347087235236,6.730279809050841,7.742796160068845,8.119617206184703,8.232130941808647,8.168522517347041,7.995499668668834,7.884455992870361,8.000751384213169,8.193431189420913,8.329956542706398,8.398476774174773,8.420336559655457,8.422583493825451,8.43243558207848,8.464196818261337,8.506330045944836,8.5338318858408,8.528609590925475,8.481654722750598,8.382320397842138,8.209709080621698,7.93431614814453,7.541189283640987,7.14858312063043,7.03762936029478,7.016786095714223,6.89778400489258,6.968234522752253,7.3203034828528475,7.614658297711371,7.780788186692074,7.8536376285337575,7.884649228417407,7.932242336401907,8.037910621072527,8.186163262911,8.32050507911969,8.393118131776577,8.378810232519548,8.267726896022108,8.06118067304557,7.776884877578749,7.459781807305872,7.176088604200443,7.048542861636569,7.295171126798409,7.721318981564793,8.065894229257955,8.274107276269676,8.341266013920555,8.26092180477306,8.011778784016174,7.552396420989747,7.024027790466244,7.27375859739843,7.6684201009261335,7.910629988973344,8.062977644994543,8.158845413230445,8.198795864251485,8.163246770745026,8.014072394658847,7.6737847625721765,6.928394296281212,6.573411952950667,7.444769663273195,7.764346959912035,7.7577173098947565,7.401061425057536,6.0453417507777605,6.950809861492035,7.80235394146633,8.189384695776896,8.39872588886855,8.517417717681164,8.58923344272225,8.633973803753445,8.646661537423286,8.603039263272393,8.47351130659645,8.242320662464522,7.97067250645435,7.883044923394641,7.987597993580855,8.040817631750496,7.957276682975661,7.760582176004483,7.62267337574453,7.7923017629087985,8.103728829469917,8.35964721566851,8.512516521351516,8.55118281724156,8.471579066580809,8.28957833892811,8.114237083648419,8.16412614846674,8.382690002210177,8.586946740266367,8.738829095617527,8.85585085886819,8.953778146178905,9.031366399939273,9.075553425135729,9.074081070096543,9.0234822872097,8.930579638091885,8.812472424311386,8.710218636378018,8.713366712802433,8.869541810694228,9.077924311767719,9.234923463816498,9.302670197911759,9.276226326721167,9.164403092519976,8.98615308628501,8.767535311276111,8.535883433460379,8.349210600371476,8.343405202763295,8.520986354236948,8.707656357138234,8.814652528536406,8.828927653322106,8.760279557581065,8.629226458938533,8.469587172204108,8.328375110084002,8.248110938493944,8.239312091462237,8.275061030337143,8.311091101417446,8.30684543632508,8.23150885011253,8.056870798830404,7.745135350194441,7.28801619910138,7.245559982956505,7.772827900101268,8.18667034692423,8.456695337247371
3.2585000042960064,7.460224660923486,7.439123372227644,7.431988341369911,7.568354188933359,7.812866146867748,8.026485862965368,8.151107350854595,8.177783732214275,8.111923476802978,7.9759086501410525,7.830650497937348,7.756598095002534,7.755743717199717,7.783213948456803,7.856311945436178,8.003753225409168,8.182321849308899,8.333048893838395,8.430350773159928,8.469109111514546,8.448133688518569,8.364823443187555,8.218278833398019,8.022770136369786,7.8395904335278335,7.778919485120728,7.854235083624402,7.9602030218070245,8.02817831312247,8.042169281049997,8.007308142885005,7.9387715946980695,7.863606518218447,7.815938204139773,7.802586441588955,7.780674137188765,7.697045999990857,7.5370682064786765,7.373014185864819,7.392119872186354,7.695516418744484,8.12873597659096,8.519751047059222,8.799639853527989,8.952872047099607,8.979766141871524,8.89008630405047,8.720508738146773,8.558799845678276,8.46051498263378,8.320673210518247,7.952557466918636,6.936809016052141,7.264704119953807,8.059183538114722,8.337204978038837,8.36223337241479,8.196844168991783,7.852005531679917,7.369680334320669,7.255179793426774,7.654733217855314,7.988640155446267,8.194056776238245,8.295234467398114,8.31793160561672,8.295162607838728,8.263928002127477,8.243551549876402,8.226698827336499,8.204932962114007,8.186838383756637,8.180802337472793,8.175652437528251,8.156110070276013,8.122766284114693,8.077693656900843,7.992934906379289,7.804251005691296,7.4031914750259675,6.462225750361211,6.175273381915668,7.150426503447073,7.486896007915462,7.610555771365045,7.656100181660611,7.70906449034767,7.824428244848797,8.000540127637791,8.179305432959511,8.30308427731392,8.34403160802795,8.298382597817566,8.1813197857004,8.03142569470621,7.914602241339994,7.899359914702879,7.999959030275575,8.165222911129552,8.331906064285599,8.45767437362134,8.517166246477297,8.490256762294793,8.35220835065604,8.062124536872279,7.567919547120674,7.279533423931483,7.75516278605686,8.108232466630815,8.260432813440133,8.258687081001588,8.13341831536354,7.923346444640748,7.687828457834955,7.425066060495609,6.922825752810372,5.2103945098104,7.055231344815206,7.697058813386141,7.938565879880307,7.9202516760320805,7.624349192648155,6.7837164603611715,6.351204974861132,7.546208653555528,8.037822509183945,8.331866443966586,8.539550915278484,8.697859404658114,8.810666718213106,8.862273105714866,8.827752342078405,8.682613417160752,8.428841444860556,8.194663650475006,8.169130629757717,8.130720102264817,7.7338234263764765,7.1133578547149,8.264503017382946,8.839473201792229,9.100943257443449,9.164595351706708,9.081440475580544,8.903436612760261,8.710631611133316,8.55429708862265,8.384999481379952,8.175499829541128,8.101749696096181,8.277952807617424,8.484305933854916,8.624982070542947,8.718766863285152,8.794468561066195,8.858419113429285,8.898506183583583,8.90269445002083,8.870204750701433,8.809298162507988,8.726745368807467,8.63325056302309,8.591609869691466,8.701206800879714,8.908812247619473,9.081531247058846,9.160486839734451,9.135586385811346,9.013523519557687,8.810286391212493,8.551436513158883,8.284504893086556,8.147368365955344,8.286358887015698,8.534165446631588,8.718188608119313,8.797965898951453,8.775241506853927,8.66344408092209,8.490061352074816,8.307772994424575,8.185046533873802,8.156052739202188,8.199787580157723,8.27020692424102,8.31950829286919,8.312356494664103,8.229021304396891,8.057838157516505,7.782872884959952,7.382457425588456,7.06813193623518,7.4654989956205,7.970992898983444,8.329031905996876
3.1727500041829533,7.860657780579078,7.870192642308204,7.910494792432058,8.015176112741864,8.143413789820345,8.23338173396107,8.251670471451243,8.182971614335946,8.013096472132725,7.727118548072333,7.355491440333682,7.133752492478819,7.211847347662619,7.3463644704360425,7.53480634609669,7.825799906748009,8.11855541154396,8.335421695498232,8.46108665085662,8.500509564218623,8.45937840805469,8.337318422479171,8.125593579173646,7.822927835046409,7.568431990657184,7.714733512300541,8.040283275084686,8.278960206500747,8.40335689186423,8.424831077367907,8.353474569578683,8.19957359714117,7.991156873471133,7.813010651322453,7.772760128851471,7.824014254062264,7.847438005903039,7.805911354186167,7.744903395743116,7.767288655743408,7.9515094245999585,8.257479960120182,8.572782181651391,8.81619213219964,8.954330108234668,8.980959840840915,8.912771535698125,8.805500505941488,8.73504361218249,8.681667200722373,8.518227781402539,8.07324855975403,7.150177790767413,7.897953074540008,8.434102587625905,8.602808085199738,8.544710338980744,8.32316524520971,8.025058074176458,7.754042225816039,7.41985534490774,6.764855285078084,7.0374042610891605,7.723368603670851,8.052627230921715,8.17841748505756,8.182810948113383,8.122115521403261,8.03387840247657,7.933622671608732,7.853441785079407,7.88533377751923,8.05651496703688,8.25984293191582,8.41885237495871,8.51626285055065,8.54979751670308,8.509881409554584,8.375047842140923,8.112443818161715,7.6790115334715585,7.098726191934205,6.915997839550486,7.111762509722089,7.196650938023419,7.230338358050994,7.321188887842731,7.499477114549371,7.747149642486899,8.000351229628913,8.193462923566804,8.299144329097924,8.321213489835515,8.285365104577622,8.236908669611076,8.228552447900906,8.28832527305545,8.399567889595767,8.5208093762534,8.615184154442021,8.661002315565423,8.647522327410732,8.565790121015247,8.398146081203818,8.109575805407642,7.692906074727059,7.6143484144694265,8.049215339397724,8.369694925979381,8.508201212211253,8.484153793181365,8.297976954698859,7.925149613642841,7.299045025418942,6.201014997633976,5.572985944024961,6.784591600220634,7.430551009015434,7.7944160801234545,7.932686823400385,7.8579323791411415,7.536990756866044,6.887370413702937,6.8212369435411935,7.477201865595758,7.902586174735184,8.22393995588172,8.499854379558593,8.732076256111718,8.903020577462888,8.989803346760462,8.966556774971272,8.804376396986708,8.490589493007485,8.181964763666848,8.186589400000395,8.150257673607475,7.797837414874668,8.289237314301387,9.02783970922617,9.442864042951378,9.632551378148229,9.643048923629765,9.48877603468019,9.175075730043119,8.754228056358077,8.448154492064011,8.342297899800823,8.204865072486085,8.090499650443617,8.224368109382553,8.43420578500131,8.565425706791036,8.624818064468453,8.647938567337183,8.654915285698854,8.648414266420986,8.629396747712429,8.609920711537065,8.60361318801072,8.599035970018772,8.568139547675306,8.52528991859125,8.566469321203229,8.729125504432707,8.899114964497228,8.986661643827066,8.966332813458434,8.838455233447947,8.61442565465782,8.325034181011121,8.07769072473853,8.100375789697434,8.355875675654103,8.60396081036397,8.75674036362865,8.801267670287418,8.740053796147048,8.583230714754725,8.362595626324971,8.161201552683558,8.089941192840989,8.158714443314127,8.288599248924058,8.409524322613402,8.474998712821304,8.458779864269292,8.349958360888659,8.146301368259236,7.8440444384069465,7.407692504386937,6.702068089030095,6.681035529897864,7.542370703812408,8.06661111046704
3.0870000040699006,8.047902870291635,8.104119725812877,8.173213385638002,8.256930146095705,8.32509641862616,8.343976184649662,8.297035196718245,8.179654281658607,7.984342481759893,7.68576298772957,7.227281605694349,6.503224856142144,5.7375384516641255,6.298087174565793,6.993834253648309,7.583013613646864,8.015181528656976,8.300458845189686,8.460693756053516,8.512823088380904,8.467497621298465,8.327793332730641,8.08333707617678,7.710280315451514,7.365270846546399,7.678213782994139,8.14332652227033,8.449978611129746,8.615270972908691,8.662792637640372,8.60472518815745,8.447431347509847,8.204147187803281,7.939346154690259,7.815784152178023,7.869626247494979,7.934417828527083,7.931178063058488,7.884826088024301,7.877701192883131,7.992163974031232,8.225732801067437,8.493546769427752,8.713236508112518,8.843779709401593,8.878865247875035,8.846008808973437,8.808170192528962,8.802133737994607,8.761022952118909,8.560529921320216,8.012230941371298,7.407299979942722,8.351327497693157,8.811826070926758,8.989001462846282,8.99999693832213,8.919813504684225,8.818301927395897,8.717803594791567,8.566485632810018,8.298305399752975,7.929248849721744,7.796569330495613,8.00227907131865,8.153062200520859,8.171795170144712,8.089562049299413,7.939450875676266,7.749520097448775,7.62758341738134,7.796024291728158,8.135702883517636,8.427984356084316,8.627368460094115,8.74144209144643,8.779755516713768,8.743363685250998,8.624170166724952,8.409158479926043,8.092894896214176,7.717508422106963,7.417835226426817,7.228235601984117,6.987117917083514,6.6986531086140415,6.7284885674379336,7.059496700175138,7.4385821376717605,7.78711180978858,8.053450662313853,8.222655743827392,8.30994092542576,8.348284252963973,8.378349067519517,8.431787808993636,8.515687353384797,8.612936339591426,8.695579687160611,8.739163945030654,8.730413490781078,8.667528704590923,8.553961095668408,8.384995443195434,8.13753381689718,7.8259894254349245,7.789563445382669,8.149531646629864,8.454446406788492,8.60256544944032,8.599799350221257,8.449266468989396,8.144757176205095,7.695149283558211,7.26621123346886,7.209653059815934,7.382095786807661,7.59185365988136,7.744576546701544,7.7593895210651835,7.5832148752905635,7.195321730546374,6.962536487598632,7.302309799000278,7.589885989682625,7.790326506547453,8.050010041569129,8.381511762479848,8.688861033905889,8.912045172708583,9.025773581719587,9.008926717741293,8.827452385903245,8.420909779694616,7.824391479561468,7.888617298429067,8.13982037601781,8.36075332941034,8.920276139061437,9.452765379028337,9.801205479465743,9.978115312456993,9.998521456733377,9.860734958482361,9.538914451352,8.951952547341811,7.773800342948424,7.414660376789422,8.038489991042978,8.11112862414558,8.173830898846436,8.353811269162117,8.495033557390274,8.538254534841276,8.500991388038976,8.413024479124918,8.301598839519839,8.202757719078717,8.182308607632573,8.277342174962675,8.41033660618927,8.488449128440282,8.490986319869142,8.48241231943186,8.561445376586796,8.699845704566437,8.791047496497207,8.780465664536296,8.65638363229164,8.429332080816286,8.158698097562974,8.038389057438799,8.207026905794761,8.469112941846316,8.677278864434308,8.793803715491864,8.810174126913315,8.724461159572417,8.542073521698816,8.296876709601909,8.105580705598614,8.127937671825755,8.318903355992012,8.532758677912666,8.693018978927839,8.767695023704748,8.743118566146128,8.614722907623532,8.384657610702625,8.062356607756847,7.654394951427115,7.094313273408026,5.900880778391705,6.743927945510926,7.615882025053247
3.001250003956848,8.124490249288666,8.204749351208156,8.284034486339591,8.346986964377969,8.372812118661999,8.34050105277634,8.242880166438928,8.092480200917262,7.9148998732536775,7.724441030050156,7.507788038775695,7.248756743718712,6.95318372336228,6.659897863516514,6.771622813908726,7.368982234184683,7.876107435977542,8.216075117004735,8.414313134995602,8.491637722178561,8.460860382737357,8.327483049493168,8.083914952153686,7.7009747061221,7.304110621702255,7.649443704712895,8.169401209950193,8.508916116426674,8.69782271691503,8.764775931532238,8.724383910353898,8.583559211699631,8.351041615519724,8.071482036248062,7.887920414052917,7.891234115449817,7.933751440167921,7.907626809872203,7.822341624415797,7.759197905972931,7.816046150851182,8.005433050958992,8.245644757556503,8.453333662335643,8.590325295824023,8.660425376820779,8.698001127383508,8.73508817034399,8.755580705717595,8.730614584061808,8.764209389928899,9.058919777692186,9.454664438096518,9.762198012513975,9.947770518585008,10.018485956473357,9.986018865900355,9.86370937825503,9.670052610514063,9.429678268211497,9.1624779319794,8.868354018268661,8.550437716012313,8.298569911423765,8.23699831068181,8.261097757774467,8.230372080791573,8.114796968226042,7.93382382372679,7.743117654489428,7.712920225299018,7.968240463000159,8.29968782993451,8.56115592196487,8.73094583590414,8.817579802076958,8.831432568157881,8.777959451140685,8.656489080677675,8.465056789708342,8.216869096142528,7.967615834912737,7.7862632024805185,7.631602510555916,7.3839369377847675,6.952392480342453,6.398046735106701,6.537543846659205,7.079063857113857,7.523852439128719,7.853055356408306,8.080791234928538,8.234996145150793,8.349518188883055,8.453048591409086,8.560564838048812,8.670033293958237,8.764200305768812,8.819121893894417,8.815261497044128,8.745214427632087,8.619211455988195,8.46551351571533,8.30667104136545,8.12326968498989,7.89762163287967,7.8178585327058565,8.08411336787012,8.385218859103826,8.55947459485868,8.596286492710355,8.504410723962314,8.296915473087681,8.012421901774434,7.750843804610441,7.612643010607467,7.573427085022601,7.57602942888161,7.560287293617631,7.4332085455878065,7.105059004020183,6.767743893305898,7.147390072508406,7.518121925416412,7.641560453736194,7.595159790895451,7.705145469635508,8.155266206829603,8.572119915431351,8.839397517014454,8.96082470515907,8.935982826705729,8.731976460284661,8.232900363830863,6.801124742383473,7.36197273833647,8.270964782144398,9.123358177702439,9.85966752736181,10.393460619146916,10.75246317523983,10.963390300600901,11.040340602354972,10.986607805362635,10.794742294513828,10.442068806789392,9.875080637238417,8.95999673650546,7.928115012528212,8.22740764427031,8.155235151589286,8.109600055657394,8.31056328895147,8.405934750680107,8.32824797850609,8.1178824012432,7.819581940313173,7.504673804177063,7.474614586221965,7.845715860768575,8.202169212102515,8.409221761994937,8.46767107383156,8.420268777309202,8.377198740935526,8.439305874517265,8.530859749693226,8.540702994342286,8.430695329233926,8.217596261796329,8.018026542697818,8.05515991390625,8.28669146079821,8.523376773526257,8.696663357164908,8.788677755109118,8.791032773625837,8.699021495584963,8.516316814885219,8.280966826479998,8.140913648773566,8.277713440005982,8.568661898352412,8.837015000664694,9.021636514799985,9.10598612624919,9.085212685953115,8.958741993092833,8.731257957015568,8.420644728714365,8.069353715804429,7.725162744965323,7.369378597334697,6.992079719694304,7.108164944476405
2.9155000038437953,8.179730248094142,8.215721174394002,8.272217791872649,8.304473168269137,8.29130936556852,8.214673301321954,8.063383947723064,7.848510645689797,7.624138904552413,7.470568095582212,7.401261227656342,7.365362303836149,7.3245299710215095,7.2502605860117315,7.175006278913938,7.330148901121092,7.724351155517517,8.080325170851784,8.312320086521511,8.42161929535135,8.41975436682861,8.314564770181116,8.103143476334598,7.765361720117844,7.390254597248207,7.6222480736172225,8.122644669617289,8.46641410815582,8.660239651935296,8.732683097211712,8.70075699694918,8.573614901238445,8.361101480811314,8.102608431773644,7.910029743363523,7.853001168551082,7.815753373474667,7.696359171161548,7.500531143994337,7.336478311261285,7.349228910698891,7.529757153140322,7.756373312819475,7.952786760926888,8.117402898113614,8.291963890041371,8.475519789960233,8.583965327610269,8.56713734431022,8.80500515891831,9.493971026424353,10.087091871156174,10.502821136246038,10.769900055261427,10.910144023497683,10.935691116328828,10.852606937739521,10.663867158305102,10.373179242706286,9.99264819906225,9.556269532826283,9.125440138430347,8.762733798024131,8.524412713843844,8.427701995942058,8.37531397071716,8.277060008170833,8.123628998860056,7.9656883760602035,7.896111233500689,7.991886730916656,8.210486247385571,8.4431837084361,8.623704491790534,8.730373234760208,8.762197585970176,8.726656681249256,8.633978657364025,8.493737340531828,8.318193037571742,8.140299388698546,8.020440139770226,7.971155945330338,7.911855800013553,7.7575728333249705,7.457622698644143,6.985629925374821,6.504043052711106,6.705343655355602,7.166526441429178,7.53928829205393,7.83108712380243,8.070283270220433,8.280482437425723,8.479191767932246,8.672130019954597,8.845367910260428,8.97159107608967,9.024666294593743,8.986565547056834,8.848795687569298,8.62115383985956,8.361163540045899,8.173917412324268,8.059492517154402,7.9068346846378175,7.744317149696571,7.856113171382553,8.162286238230367,8.390053355113386,8.484963077074838,8.455137410280775,8.318473921897812,8.107911988521534,7.881405636168435,7.6923584142432135,7.5425244909379545,7.41220455653901,7.269470659791571,7.027215199248769,6.621713533601316,6.68953755506034,7.233199365130856,7.55201400290357,7.597150779050118,7.261098437726076,6.813310031485914,7.841878940614556,8.421112545820334,8.695616993663682,8.777849341213736,8.71171483163056,8.481237270888235,8.0807628172241,8.083080627872278,8.255225022542488,8.640808210542646,9.804681812922317,10.623549757517392,11.174696553909312,11.538747781756747,11.753227559975464,11.835259532816305,11.78997028632859,11.612488921897492,11.285436409669105,10.76868581386244,9.96534461489711,8.680965868877019,8.495903712201722,8.361365595468774,7.518112987137717,7.961386463161558,8.2887640503411,8.194707705882436,7.822795837926738,7.195311256127128,6.000955378535235,6.569266608176337,7.536946167550906,8.071210620139167,8.364269198669975,8.454477636961943,8.356009217001908,8.120698214220218,7.9814038623474035,8.079516625010006,8.143735357546847,8.04876670593238,7.83880919051731,7.7623566264310835,7.982450733840219,8.259018397925411,8.479182731936925,8.632098159457737,8.712769929325821,8.712844514062375,8.625926535438138,8.455608549757546,8.24839730824037,8.190355861007086,8.444941856809162,8.805476449589657,9.105764636871516,9.306724480481826,9.402493804684678,9.393177602146414,9.280470579812027,9.069908789139253,8.779608202250035,8.455229499725293,8.162340520502331,7.916431868748846,7.660980575312207,7.377590320860872
2.829750003730742,8.261865736872815,8.169356310174427,8.147647615793753,8.122237465983332,8.058341605467836,7.937728755231439,7.737992281913077,7.42659984779043,6.937309482927137,6.028231115823881,5.561398440936635,6.604601240015156,7.038325113681587,7.2281007223770235,7.27778676216049,7.337525736672878,7.5823664181311,7.904861585125277,8.152398480356357,8.289884082044054,8.323220981648891,8.262677159637693,8.110722594098089,7.858795085371612,7.559847666026816,7.606532820608847,7.99838972954762,8.31505120136287,8.492230949631473,8.549434521434636,8.50705235203155,8.380303139641953,8.18725976738824,7.975977978747967,7.824752708659308,7.719127368171984,7.535325390416332,7.181055617722589,6.728676824262559,6.697488800949459,6.990273281180318,7.254675473649334,7.44276923887678,7.514762646640348,7.502472934738105,7.779744152087356,8.243600782359053,8.403830583474281,8.159475465008759,9.21203082411047,10.172358182782498,10.794794109865837,11.208669720111653,11.46750551743049,11.595795245418445,11.60471581783576,11.497656564072514,11.272399641733253,10.922501261453785,10.440946633474974,9.835813847040578,9.182174076854936,8.676144135940605,8.477410678131735,8.471190101995628,8.427526500562601,8.273670357695401,8.082804770822113,8.006651077324955,8.093921667378734,8.257144461620603,8.420352763025413,8.54905337050529,8.627247441629816,8.642695078580216,8.587273007955568,8.463388818361807,8.289124309831113,8.098472497830343,7.938930170798399,7.87310364761826,7.926951184417883,8.021191016595642,8.057332930152713,7.983402778862862,7.775943291303331,7.420877015289417,6.927888031174272,6.512781638369767,6.638320967280387,7.020484614362745,7.419058835463395,7.795418614120013,8.155153985136787,8.508835338712418,8.836043885532446,9.09962479713672,9.27214519890823,9.338619118184189,9.289187615302266,9.113525872178938,8.801748729524125,8.376441772700689,8.026493694058848,7.9468254293983795,7.871582776589234,7.6296984036250235,7.44368542880058,7.757615480542486,8.103194812040192,8.280073680025936,8.305111009817509,8.206855020136388,8.018818100134963,7.788702652313332,7.559140629117076,7.3347743620545325,7.124072386167487,6.968487003950458,6.841555443694727,6.74688207963609,6.92989929718176,7.325172605845484,7.632469043905144,7.717658283174016,7.422499835538007,6.649207528048918,7.781900497127901,8.351206088056273,8.526611156901177,8.45526281307721,8.250626839432611,8.000947580476165,8.235180500277632,8.808153225010967,8.925449377974424,9.067512955099,10.319279724408837,11.160055621683393,11.714460771401368,12.077763728855812,12.290767393481214,12.371695969022054,12.326366441182039,12.150791157193666,11.829295337700087,11.325877051703987,10.555758527117266,9.31120838766901,8.79930929363907,8.722152353487315,7.437678617343931,7.956802541430931,8.442282083255208,8.306121927808862,7.793612638108649,6.951493938575024,6.384259274520677,6.910592475039254,7.542510051468298,8.050751294928675,8.360230144982408,8.44870244721316,8.28990717999472,7.795618867760549,6.781006250481532,7.172508709772001,7.489408854649071,7.299404182039492,6.83089665030051,7.278171639439199,7.810694440808047,8.126784555323608,8.331360721964762,8.470211150262413,8.547141793898513,8.550601040142455,8.47054831034259,8.310452739937736,8.13573746256308,8.191945190554526,8.564478350343235,8.97328092404432,9.293129230270567,9.506013526022196,9.613009348311822,9.617075189806613,9.521351668942057,9.331774658292122,9.064402803480768,8.757555518843413,8.469745841080142,8.230314228737942,8.006830551852522,7.758074156028308
2.7440000036176895,8.337365298394742,8.076196386525345,7.898317931641783,7.750740098575574,7.584869364461114,7.43176698243198,7.396509193494665,7.519043426828934,7.694243909516301,7.827129248830773,7.877325149792707,7.828190747062621,7.675180350652802,7.437227298890298,7.205013979530804,7.182590362980178,7.416629993688731,7.707572495172942,7.938149782427714,8.0835289396008,8.149532311171575,8.147174876055017,8.080297865460958,7.942886755169391,7.748131164942786,7.637967807193065,7.791328694915249,8.018918627262186,8.148858277569278,8.158197960935023,8.068993336899336,7.919534720884103,7.7684411230589046,7.684035334417251,7.636196934680674,7.472273950359978,7.015483245393969,6.5032649192394345,7.116465745943257,7.519603428864623,7.735836023953768,7.9103395550811495,8.07296409135923,8.14919751376881,8.00787328133428,7.780460889809483,8.263050763903907,8.428280074136243,7.28126626118008,9.663960800847011,10.664774023658435,11.2902049718622,11.703085841736096,11.959015457694134,12.0823457304873,12.083459339466135,11.964100021254776,11.718679401643115,11.333362150384259,10.78337272297971,10.031665573953239,9.064872769993734,8.183341871440398,8.092974975870279,8.35516059020104,8.40354787748538,8.21101756160601,7.982419506665561,8.034318723419105,8.239388404722357,8.427006855613001,8.553125246054636,8.603519562142159,8.579359141215324,8.479749850787265,8.291528571985149,8.000178520124411,7.621404970919955,7.260368157471569,7.129133678402429,7.336220353236723,7.675442803250325,7.9432842873014495,8.081491091278208,8.082768597299644,7.947078282262134,7.672148225885798,7.256058936398718,6.727225504592337,6.268170224782275,6.2889299592634815,6.77895741344871,7.402885612928305,8.036125496221144,8.601273023312865,9.051573578155983,9.374813424191414,9.572173843845084,9.645793476662664,9.593781481873945,9.407146395437858,9.066189450244943,8.544020861340945,7.936422750972271,7.78471454454106,7.80211309553332,7.535818863483255,6.8441982706786195,7.103473877492319,7.734827171396057,8.00555915118717,8.05761906877605,7.956493013261162,7.7494899173092,7.493995094413051,7.230382988462121,6.945501394993124,6.762998245590716,6.922055066473323,7.151571333155686,7.312043650205051,7.487299858653908,7.738919215688475,7.987480423711908,8.105730146543427,8.007612747692317,7.822218871800304,8.124957796321782,8.447733993950944,8.441240576903256,8.038613524949126,7.257971457230772,7.259599765762374,8.490780023751151,9.184420722659194,9.299883553317716,9.41836977676762,10.681120477122816,11.521096858135303,12.073007112012073,12.43379170330407,12.644586054883925,12.723752749922335,12.677272682952681,12.501473007672104,12.181370198074033,11.682674779181793,10.925579301354153,9.705321994066662,9.029613380158166,9.018534703793344,8.227737222437186,8.486892842277054,8.782391059221629,8.588135314129518,8.017090039339733,7.220991348925128,7.052576095308248,7.318264838112152,7.721758788161875,8.130987894624466,8.393840688429668,8.44291478311533,8.230255124682415,7.679569549416759,7.2767080569244476,7.686031457396987,7.768094971049172,7.4580467482194654,6.893156575284515,7.273418718257915,7.724797765449139,7.957654484452645,8.09718000922298,8.203079560479587,8.272163870643274,8.2765027272832,8.195279641443191,8.033863411210184,7.910982599858658,8.141394457126372,8.618139788235643,9.054170813136626,9.383974424232608,9.605052115075987,9.722167961026988,9.739766131546608,9.662051278376602,9.495565859651984,9.254784734657616,8.969897261450066,8.68463639005842,8.426479414071167,8.183692456839767,7.934796480904221
2.658250003504637,8.350952367585604,7.919380724458017,7.472992200080552,7.003830467571279,6.437312918328342,6.844932415879482,7.593036951386949,8.103110600955779,8.449745112599283,8.667115319148394,8.764041634039733,8.736954262415578,8.571701918883125,8.236786180462511,7.663831706143642,6.880509242537974,7.100627069628682,7.484817342862636,7.6717790084942905,7.7811888909756535,7.869350397241482,7.945280823031883,7.995350397705065,7.995709919233614,7.919772032237707,7.758083402828499,7.5674016142887295,7.47542614384406,7.46450298963646,7.40753992628024,7.30887918463829,7.296560927234437,7.42046942981978,7.556810165923195,7.547907967690771,7.209259068107875,6.178131103868503,7.2127139858082625,7.8382303405969465,8.1094141492241,8.252955015373857,8.385834081114076,8.535643923178164,8.627264546120523,8.527195706279189,8.25618259169076,8.562572508843298,8.719863282751305,7.150335046601108,9.992296714900316,10.998470370795754,11.625245436087322,12.037953878637506,12.29254963073935,12.413302434463992,12.410149883408206,12.28382102734815,12.026523110701259,11.61923992697639,11.02307563001435,10.152799032199042,8.765940139106887,4.872677047073711,6.750050078911973,8.050814274215869,8.29557337725127,8.07862994885599,7.817919810274446,8.032005333427687,8.294333472361894,8.476501262473485,8.576799755348768,8.572896967024077,8.457004983126533,8.222269042045982,7.824820074148997,7.118805874437003,5.280478115220572,5.946982842254574,5.814554731855704,5.928271522157073,7.159254522266407,7.716144344658292,7.989256920958407,8.076767743906979,8.014626555696333,7.818883088397311,7.503797476498381,7.1155201189634285,6.777908192738877,6.510855484236062,6.067097670478512,6.978301883967507,8.030571694170447,8.746029482530414,9.24957844227264,9.591164266163965,9.793538729182142,9.866738660291068,9.81195558723219,9.6211328522614,9.272397555228984,8.71939895786499,7.92716612177419,7.570943498184575,7.699305673622757,7.475731976275618,6.537324934174032,6.379385237894635,7.4071331201259465,7.705969169975366,7.724199271938345,7.564165443149068,7.302947444957791,7.042329439328571,6.77402187888615,6.327466356178044,6.4879343968278835,7.173653536424636,7.583870144093145,7.828702627835561,8.014679369879635,8.20060683444947,8.37245462255967,8.459266117982983,8.404113135225458,8.301373790400982,8.441235662613181,8.6151399921296,8.505413689199996,7.947789097920246,7.279529444965525,7.479592979585409,8.632545440842927,9.359499722772133,9.480955191843536,9.66450590576283,10.911640794801539,11.740385063850841,12.286725408631389,12.64396597400008,12.85220967670146,12.929463933985117,12.881605884874368,12.705023439871153,12.385019274396715,11.888117147046975,11.136961147459477,9.929482365153397,9.156788030537319,9.187793089119612,8.632838168357535,8.870340740958705,9.056452025369094,8.820765330670095,8.190334253334793,7.341815008070474,7.50791214818873,7.807693630530462,8.074130938942952,8.324608200538249,8.470733263292251,8.43370578527781,8.177040711870834,7.924544510575654,8.154925625319335,8.377893418304948,8.378612526840987,8.194159406012007,7.954250047918123,7.867268972910034,7.8904505964893,7.876385943600307,7.8311349622120385,7.824408825339671,7.855105245566662,7.849446704486093,7.756181959859359,7.607213570404665,7.661897360401328,8.10266888441458,8.615683325731897,9.046576728633495,9.373874831200613,9.598505211605826,9.724463073650085,9.755984353381901,9.697789831644478,9.557080688884612,9.347256463303646,9.0912747815615,8.816868090992266,8.539151813324258,8.252851501669706,7.954894414678573
2.5725000033915837,8.275119909565852,7.66868978639244,6.708993701536414,5.36017510454637,6.532431709696677,7.314206468396919,7.976435608724236,8.494612706735644,8.871549828440305,9.117898879619146,9.239053606219873,9.233329260652726,9.089762019136792,8.780560262605276,8.233923572804095,7.181092242905314,6.273630614855463,7.20041982802706,7.338977836775696,7.332583202475476,7.434146072394433,7.640284899716938,7.854237633621034,8.011973548080004,8.059892863997304,7.948047313794459,7.603018928747068,6.771770076626079,5.733146096036567,7.189666943330446,7.637856337755759,7.834592266966978,7.911868882640589,7.910710864212733,7.770049287449859,7.2509526100837,5.584724313014636,7.6022963627789055,8.169354112796437,8.418094834002224,8.548968298744535,8.665058677606925,8.798520190129082,8.885361781216096,8.799954517756538,8.575688845975828,8.851852146182994,9.009806271196888,7.951655898040529,10.182435807640877,11.19570700612378,11.824876304304954,12.238050308753056,12.492062668141523,12.611357830297877,12.605674993035718,12.47512032626331,12.210448016975405,11.789042623702453,11.161358942482229,10.198503582835878,8.276870705694934,8.187457885804648,7.596896345342914,7.468699096635931,8.08071417488779,7.845546475911458,7.604502581052379,8.00574208862968,8.253970934031072,8.38918188872949,8.45662313849068,8.406432717879103,8.196895756546716,7.775270825438029,6.894957595317137,5.953974948654658,7.234720866962182,7.5280197202233605,7.44173813246778,7.00330147730214,6.738373648499652,7.400553962912348,7.817830547530839,8.002792137932653,8.025723725887982,7.922888622537096,7.720840886651456,7.456373871038822,7.181776557264346,6.8512739177150985,5.785358799122852,6.93784633275888,8.149745871083073,8.87737058411149,9.377359258203207,9.713537246457356,9.9108039688182,9.979332687505348,9.92009515180262,9.724709728315739,9.370315909490577,8.803601560404609,7.914541448736442,7.308443966317839,7.568558117731927,7.411795300268775,6.736060429423623,6.556463028295912,7.222168017182713,7.429948557545422,7.36373746754956,7.148137589953286,6.9779342152627954,6.929612762661671,6.7319893127725345,5.776475931714794,6.4265787161918455,7.424843718554825,7.901748523151985,8.179359301340535,8.366089452610067,8.514316226092289,8.629669563465733,8.674984055884712,8.616437748411817,8.538514329513774,8.637499133992486,8.754630732753043,8.636149302751155,8.237519932372154,8.033807521971083,7.9202024487067835,8.630921483640893,9.376630331765885,9.503049409197391,9.805733470083544,11.025272793345374,11.836196070190395,12.374470155950807,12.727103353678713,12.932323001935565,13.007445156754285,12.958066403774179,12.780496360510174,12.460145149921756,11.964014542519028,11.216461111365648,10.020358015462199,9.181699678863472,9.227465848743588,8.80145132136874,9.069670632992555,9.20721096011361,8.94116498666992,8.224595040567664,7.267055563589364,7.913880506945856,8.24902198451244,8.432557055479801,8.548980274332003,8.563284628857641,8.4117369387828,8.117805440572495,8.165703517271616,8.51657085774998,8.701589307601642,8.693714180108804,8.54914298897361,8.359313431634208,8.212327038003485,8.085046416601454,7.895054543787002,7.613509102703734,7.330698711102391,7.241336526425388,7.284208105300727,7.316839073314753,7.42561480427771,7.733003497155353,8.15238351150465,8.575795764782047,8.953342000884831,9.259014755907387,9.480505807464075,9.614283690618224,9.661451147903525,9.625991331366695,9.515222546735599,9.341204578810839,9.119966530072178,8.864263958366498,8.573236568525694,8.234321298925641,7.8464189457589315
2.486750003278531,8.10781407372608,7.305015040311887,4.907262445323987,6.867122758696523,7.33506986722442,7.684507520940906,8.190341221755185,8.69793040449802,9.092648251723864,9.356943847257508,9.49301216640748,9.500776371248696,9.372310677977524,9.085886119018504,8.589293615020237,7.733119737022586,6.241192033652043,6.906455984733822,6.9051187246860115,6.62303391348273,6.86604009465987,7.298714101017986,7.692729326513457,8.001886104595455,8.162071656372314,8.138090394780445,7.898320010172931,7.453859870091152,7.430840990224787,7.881725763241777,8.165333223817248,8.281295143226556,8.286319527340309,8.216246192277383,8.033254346799806,7.536455077945891,5.513532144859635,7.6488816138710245,8.272382488021991,8.55144197304565,8.699639526066242,8.812891936333692,8.92825630630784,8.99891566394092,8.91449197574042,8.744717025861396,9.040269560581455,9.198211097582352,8.253670859364815,10.23768328934604,11.266726057874203,11.900270111097676,12.314736918141342,12.568786360677873,12.687344515340829,12.680157043432073,12.546977802782514,12.277611256994062,11.84695005865674,11.197573315867299,10.163613864955257,7.849224567566094,8.78932688304982,8.370074031975342,6.856025350514993,7.706634519296569,7.447086144506047,7.458153869207751,7.992533557965181,8.142253484887817,8.143529393570105,8.12753787356093,8.00856444295901,7.6474151282887455,6.7373833838093855,6.397666426438706,7.493042977640349,7.900244033052711,8.042993944346597,8.004254340809135,7.81724563805346,7.555526728318193,7.497860098016055,7.727094130771487,7.937189489950735,8.03094733497187,8.014863054513105,7.901692391165521,7.695658430714411,7.386999843762736,6.871197954133215,4.29204036190592,7.281252192532512,8.289463198309214,8.94757345591806,9.414547746067726,9.732923516312022,9.919425107145454,9.980336195439248,9.914445474310675,9.711752387908891,9.347295117062774,8.761444197598188,7.796458677597241,7.031119669961991,7.432816247749014,7.31007535099479,6.774897137288836,6.6215862870361235,7.038059637131207,7.169227561313193,7.106969941406754,7.073170632499979,7.172753393543551,7.227605206243373,7.0511429842456685,6.22064629384708,6.371218547437137,7.544745052733121,8.068475265274548,8.367972021518598,8.553945650237308,8.676019545725271,8.748287657337299,8.75467340092162,8.684926999305683,8.632946956540627,8.738592630391123,8.843445828380633,8.753326956855572,8.479448913637707,8.314855508247678,8.085445805534828,8.496647574548176,9.246794216525185,9.37191221179612,9.845432270514003,11.029446560072289,11.817024591979129,12.344556105541821,12.691211958818677,12.892678605058196,12.965284679796971,12.914196477667481,12.735557233269349,12.414825118885327,11.919464547930437,11.175900617455664,9.99875336188627,9.116843129974608,9.143884884855444,8.809775454621018,9.123818345410148,9.237212552839205,8.94632922984888,8.113673100532816,7.115409105615599,8.199438663513606,8.535839349922385,8.671210362121334,8.702020287894486,8.612012955408996,8.348141776943217,8.027794072772046,8.283249568931758,8.657061558830474,8.82190470285381,8.809537670706153,8.678813284922606,8.502988265208403,8.337558308273072,8.159551515122336,7.893478338216998,7.450465456956945,6.724808340246435,6.639148167709067,7.234041179647589,7.587288810217366,7.827259169293813,8.038649352187404,8.260311142810828,8.508931762450873,8.7768341343381,9.031922335197796,9.240454616320037,9.382235247292334,9.449634289732586,9.443053460006858,9.368394852584355,9.235258849488961,9.052394028566265,8.819172756558425,8.51900424060832,8.122078863335991,7.6008792631239785
2.4010000031654783,7.8675775234942344,6.873059255597264,5.939012718057417,7.140785786334357,7.467791193775585,7.730081343866816,8.214506511391463,8.740785685658983,9.153493027300245,9.430385033216165,9.57571685965711,9.591734482467201,9.473349759589908,9.20480185390531,8.753910256071936,8.073332772189938,7.288447030244012,6.970049386169168,6.479522996238658,6.29411999504067,6.96183788317709,7.285736451660545,7.626332354374819,7.9928235332684,8.224053934759606,8.275048206006861,8.155468596291593,7.956107360672022,7.9611670770545295,8.189443045335084,8.3741659223827,8.444761501395538,8.423635096842565,8.345931530196033,8.191775991398634,7.822524760296384,6.880157363648375,7.489634453532941,8.212665311875103,8.552947387017438,8.737840598484437,8.85999266323075,8.95922385429826,9.007249069911744,8.919103396847548,8.811418798361448,9.129908946137773,9.284817216468367,8.352380193803997,10.152111290516833,11.211687937193865,11.853111063783087,12.270288414140355,12.525200115885664,12.64370805046038,12.635798853119866,12.50110351381567,12.228851230273456,11.792257972373704,11.128212394432806,10.040656241985502,7.9260906923860155,8.99807316063221,8.6510537082683,7.440014045947503,7.111545099095467,6.882082533375424,7.549918709253913,8.025423522869959,8.033832506305588,7.758690391697305,7.400202220578229,7.003028117409726,6.1133570124484775,6.829940121810682,7.6029950275578155,8.006735110249906,8.22953139522429,8.327337743174615,8.323826432453913,8.23202319856852,8.067188423965588,7.8928416476834995,7.848329754941109,7.946704699421787,8.050098943075726,8.082255410195314,8.016281602133922,7.826768496784749,7.461733260050215,6.716300762543021,6.20542789257748,7.606352577263718,8.377985211736487,8.937909002468846,9.355735368460726,9.647691704554779,9.818617434638831,9.868604287600586,9.79264686143307,9.577490684463427,9.193391466959493,8.56808611266625,7.483462917155866,6.890148422237392,7.330038723992075,7.165603793604535,6.579855102229037,6.2746792038163255,6.673147276622723,6.842150741054775,6.946470096901563,7.142770564114926,7.33150272818989,7.3969274603442585,7.250443709311965,6.627469057873991,6.072656386476745,7.492750155967391,8.0803144843185,8.407995182367284,8.598829121934097,8.702899775435526,8.740024329740331,8.711964014499598,8.638970331742133,8.635447224390434,8.776349464524104,8.890694002564278,8.83888373165305,8.632187348249747,8.415505789759338,8.091933305156086,8.255807433643296,8.965313968949191,9.074410508957238,9.784777009513366,10.925466752181956,11.684158142220177,12.197679642762287,12.536479139165692,12.733106191633565,12.802598995960475,12.749543910840703,12.569860857909607,12.249097301797626,11.755470362662745,11.01901120259543,9.879674097718674,8.990357970300565,8.950446125741621,8.698962370066532,9.054316460408431,9.152721026699231,8.843082601320855,7.889635092563669,7.235797897834684,8.351209015277975,8.668449731252325,8.768611563568719,8.739238751876075,8.567153447239615,8.198156575158936,7.86725247955893,8.271144828771009,8.640225283962069,8.784960812120461,8.761378330948839,8.626977319705587,8.447795952846942,8.273348116190139,8.083429278666491,7.797903976489125,7.278285087548983,6.113610180637215,6.896987521533118,7.616316871516548,7.9762854216789405,8.176299566957148,8.287381835962233,8.353361000237292,8.417276464306536,8.523611132504666,8.686435552022017,8.869463761879016,9.024132643600419,9.121758673297041,9.153254112743795,9.120771024690134,9.030378663380393,8.883678314942188,8.668721863003515,8.354033777191992,7.882493995809221,7.152036573631812
2.3152500030524257,7.604721503674584,6.607358020575621,5.646330647757202,6.829773637876743,7.127668160951367,7.4393478595566584,8.042422087722557,8.623740200357371,9.056629807724855,9.342544450993445,9.493130445699833,9.5137584586285,9.402500846831982,9.150755921874914,8.748942620988535,8.221827162599167,7.712195537342436,7.25745100547863,6.6027748378994024,6.9473657768213,7.422645002406929,7.592362558836913,7.747735614365757,8.022145066151102,8.250319364935125,8.337382130793083,8.28945826783468,8.180821203089703,8.159402302209173,8.265390977275498,8.371721965192283,8.4041285082668,8.37398943209947,8.327448822607996,8.256958241360289,8.065105071998145,7.657352761779906,7.5412920655737805,8.07603394047332,8.45855102236623,8.6858184051684,8.826579151217109,8.91657301861594,8.942534788558707,8.855258434279673,8.814174721050835,9.135644297719953,9.285396226651294,8.416543455396363,9.899815681521734,11.019273249601552,11.675477442724869,12.098134959827258,12.355370323680289,12.474808754980861,12.467044359732885,12.331851683747477,12.058230591848206,11.61841993487261,10.945554246025983,9.82065116906938,7.97181442060199,8.979740874829362,8.691518770776563,7.803828344067912,6.877992671243905,6.970833123413637,7.735836998354135,8.07355958892014,8.015315719763668,7.60463102924642,6.826200575488049,6.7538060166895955,7.340438565892842,7.749941578098041,8.045129480828228,8.257410888690012,8.400981734863926,8.48108635921305,8.497692472170352,8.445612260509122,8.321218796252971,8.14739760520599,8.008369874328087,7.993415806648844,8.05644081072621,8.094402329236575,8.041709359642697,7.850351189505634,7.454605072782961,6.795312562881978,7.071305269602109,7.830375221176463,8.39378240051543,8.844150276458674,9.200241701265437,9.456962803525078,9.606377365936572,9.640548687124678,9.54872002532693,9.311714496496588,8.889466363467543,8.180271717358076,6.899323519644215,7.052564377760045,7.289034162927676,7.004461379895051,6.204794784101614,5.112174705509071,5.991604815585262,6.3311544902538355,6.678519545875272,7.033617436163459,7.282903545404616,7.392800881958628,7.318633837497374,6.9003720609813675,5.572987971905407,7.208279393877761,7.920525925303222,8.299337712761792,8.508326556496762,8.60473185796798,8.615786861613989,8.564847517697652,8.515838830093639,8.5927472163499,8.77903728927288,8.910469462432292,8.897647607166626,8.735715389269837,8.464113809709524,8.04774319038184,7.973540351801254,8.520394381736393,8.576917073839017,9.620331712379302,10.708306897376035,11.431996703250961,11.927264210670888,12.255543737695303,12.445718411010564,12.51120905388549,12.45586016912515,12.275345258196662,11.955482224972014,11.466005990238159,10.74410990840446,9.679559630822945,8.856187629951652,8.68966107242727,8.502332299068168,8.868977819965593,8.957710386777107,8.648719753683297,7.736255542321099,7.585622676349431,8.381123880799498,8.659949667596548,8.726186991252353,8.644518220189621,8.394733505523366,7.902223634496164,7.572711209714828,8.120901133502791,8.47518446950464,8.592309098244662,8.541407747390064,8.376360751655326,8.167195038955605,7.987346249890019,7.82981789598256,7.594546179441408,7.114259621921425,6.193167958702005,7.163364151548664,7.83280990461008,8.191129353780797,8.377296626411349,8.44171218433347,8.412383024108124,8.321371545668157,8.23748673253679,8.269949065759144,8.433047882269921,8.620429030248262,8.757728719098715,8.824296675809261,8.821277847271807,8.753427277838142,8.617457851869034,8.39232593983773,8.030205275929193,7.439501416554103,6.6519940141221925
2.2295000029393726,7.424124235918936,6.805519911975938,5.785133306084835,2.7699891998240425,5.4551064232138735,6.788052689374396,7.696462738454409,8.332266980019538,8.775702204243048,9.063957778151037,9.215006499583424,9.236671749723493,9.131116348443436,8.901018303579889,8.566944489178574,8.196831001322202,7.847871968156638,7.399791472230807,6.879676177276384,7.300625695274114,7.696297246291958,7.856588010632933,7.95462233229072,8.107316720651314,8.259752370593361,8.329513736198765,8.30277760453567,8.22082674429391,8.161091522836209,8.164702115392487,8.18472189804377,8.173405864008934,8.15880003283744,8.203651261901854,8.267464631015427,8.244792705635554,8.091552941724096,7.926310148132511,8.048028279198267,8.339400458592083,8.5804493911975,8.741730607021966,8.83376096806122,8.849179332808863,8.776317281330254,8.784843078010567,9.07290731166168,9.217798483683499,8.559795310486352,9.402659959153322,10.657832033867729,11.344635732238803,11.778946637678576,12.041632996060375,12.16390937989049,12.157719882940173,12.023428569606732,11.750266558428205,11.310328753072957,10.635348443530797,9.494536036160932,7.737898024138318,8.760122801805064,8.536465593575091,7.876709471634788,7.2359842672190755,7.3147656293551,7.808137797118624,8.06252214528843,8.047406906043582,7.862639612289368,7.720823466967048,7.783554487313272,7.932449793171354,8.080692926440305,8.217977476567844,8.34255930463697,8.447238503634269,8.519837173299155,8.544904102076366,8.506608712051651,8.39683601753512,8.231328869734535,8.07084318212999,7.998233451611997,8.01332986409724,8.02960126713203,7.965689790105399,7.764638076469844,7.402240760729488,7.151823781543792,7.506361541078947,7.955214097054351,8.33616473272462,8.66871680704175,8.949689683491194,9.160049191377691,9.279717293823836,9.290906173792093,9.174340605824643,8.900606164299067,8.410472980570438,7.568685198862272,6.929409303246809,7.336171705340081,7.3059651654743085,6.875242059678165,5.92112288157108,5.391762704338577,5.845224106742137,5.9285640738877605,6.283441918424237,6.748564595564563,7.08943815624337,7.28888158080366,7.326969181028671,7.126329426720069,6.420723857794087,6.5368270987805,7.528163454040123,8.015441695857719,8.272090050417717,8.381992840492066,8.389161784196872,8.351180988509089,8.378827172948068,8.548511076501487,8.765202040809488,8.910344657427999,8.93171372877689,8.810847306866641,8.53357320771565,8.081646633205214,7.782856334605593,7.924602335895498,7.82251470161198,9.341134881875357,10.364961056526777,11.0463957538068,11.517603242757993,11.831424390978432,12.01267822260893,12.072812322297006,12.014742008226905,11.833924616240266,11.516902590805362,11.036750302995404,10.346120137732026,9.424985081592656,8.771839056682477,8.457241413433882,8.236513064508785,8.561315307867503,8.660027009033081,8.413434784846471,7.856855564297975,7.854575204611636,8.30257435288864,8.5155132746506,8.541064603834345,8.40418192157296,8.061688312459063,7.346775127606953,7.043261655656349,7.823435995311845,8.157726268088659,8.232745094015172,8.121713811781555,7.854785365580963,7.49714935877836,7.284030335776933,7.318143764698377,7.311534172842149,7.074626444308724,6.633522702954578,7.212065756611615,7.869337597371908,8.255945643935684,8.458362227233161,8.51759764265489,8.451191546342873,8.274416081193314,8.05745963712992,8.02492523229778,8.24019548520266,8.471413489834674,8.618914529295797,8.674247484426296,8.643402661300357,8.52808061673498,8.316483972151595,7.970068342519443,7.407921247117433,6.850325391979583,7.258639024037652
2.14375000282632,7.440521545513976,7.272891618284424,7.1646091708523025,7.147535948269641,7.220796461870948,7.370476254557192,7.6187301699426655,7.950311830694977,8.27239615376232,8.511909914850321,8.640933049233235,8.65382441476205,8.557847389322594,8.381861246117023,8.18529847250041,8.002496310100755,7.7565256977620916,7.309280809422348,6.922810479926162,7.419726777327679,7.811287026256894,8.013165321131517,8.133273956893953,8.228228102047941,8.291693076088684,8.296738024028333,8.235206168626997,8.1244458673116,7.997828470323653,7.881587291155344,7.779855214498639,7.724850947892678,7.823499314439521,8.053540348608882,8.251612015007302,8.336910731737952,8.30625539956501,8.212840366472753,8.18207975410636,8.302328369137408,8.493112968010237,8.658702037354624,8.761217043171857,8.783768001114739,8.732705016823408,8.742233849147752,8.955949600710323,9.099705129852893,8.736738092972066,8.316529485689601,10.039363469127398,10.803839791678357,11.266713981757453,11.543050614002118,11.672912016965654,11.671569824625832,11.54104382186906,11.271751093967922,10.83723248810492,10.172369937950078,9.059725088794824,7.038516768171942,8.282576006068783,8.149104120213746,7.684936019783608,7.264491011035956,7.2818557651408495,7.66355371195722,7.926869058989531,8.02228669679014,8.034155601791143,8.042131105680456,8.067804771219599,8.100002196426447,8.140067743514495,8.199318279646445,8.280259115219552,8.368866998565256,8.439824095144848,8.466421671962536,8.428947260380918,8.321960205046608,8.16439216342973,8.009606530453283,7.921590666048602,7.901881124532175,7.880567833058372,7.781371174756465,7.56378535330252,7.328790628380236,7.424574644432965,7.72808403175346,7.991114055875735,8.212174934024281,8.419488780768814,8.610273832332869,8.760423414270138,8.840743513895346,8.823116549924144,8.67863755859814,8.37152201190559,7.870481158237011,7.408274145872285,7.497788177093434,7.558600108300255,7.346699778304,6.803982665862665,5.906313576863624,6.107009073550957,6.419277395955504,6.51605761176154,6.644481664970398,6.865876204991176,7.096812667584471,7.27676608137827,7.371033626843367,7.338125635097526,7.106322812994357,6.6001514566864525,6.797857971192127,7.466778700807309,7.845151617456826,8.025452139477041,8.091768587354908,8.146269741516782,8.291437188459014,8.517406862793282,8.736608830109075,8.886402476747133,8.932811970180657,8.851282786250911,8.617537799263841,8.22429752292017,7.810270492752657,7.4026859414446955,6.906309185811491,8.928799864973644,9.873439496153681,10.502375423794078,10.94068541584696,11.233685802447717,11.40184673361709,11.454147444651243,11.392245494791945,11.211460403500677,10.900242825397774,10.44032523736614,9.822881495481683,9.161885168115944,8.735926240638852,8.31961541274482,7.856268484193682,8.09190439076304,8.287094614257851,8.216726246995487,8.01315394243766,7.96840006413284,8.123047778320661,8.230370653859639,8.201007332021016,8.001545205493134,7.540516709254007,6.301487130758762,6.689993975884101,7.534226442142445,7.826707529337215,7.882194592527665,7.763901504813297,7.464820286668603,6.877223874820777,5.467050149365333,6.48720983894262,7.04139264863544,7.139241040207005,6.945707397362499,7.0915337933964295,7.7292474360563785,8.179986883540995,8.430344622168942,8.521807542590533,8.474828526596262,8.304812061136614,8.085973757503547,8.070853385284867,8.313504243681836,8.554920757657271,8.700747866430625,8.74416353674028,8.684830552048231,8.509436228458712,8.173216979812839,7.5244505883794535,5.336396281795901,7.261936898233774,7.814824227298539
2.058000002713267,7.622959248047111,7.703496708628055,7.783933148485632,7.857315683575448,7.925528786994894,7.983178588192474,8.017336685871195,8.017064293452181,7.981597695844987,7.921590999636191,7.8560774372840845,7.812278655624352,7.816956559944608,7.8575671758065075,7.870431784633468,7.780689799523651,7.509557999102158,6.93039840331569,6.59391923221024,7.339243038813797,7.7977540141151716,8.07306582020861,8.25016166370323,8.354549045755444,8.386435464864418,8.340791161848529,8.216170378982085,8.016395301181031,7.7483157583004285,7.423054735869282,7.1347242841311695,7.238411906199922,7.641552235895706,7.988599881740685,8.213536473727835,8.32615432371086,8.349613617867325,8.321810645506512,8.303271310219374,8.357009957677368,8.486703165812262,8.633982257949572,8.74113730444458,8.77431584128844,8.73011384762384,8.689336785039941,8.79721541043838,8.94491668358139,8.856892839489769,7.921262274313113,8.77550976613573,9.873217626178318,10.433354758288251,10.752982921746925,10.906261743678932,10.919856455597776,10.801305902210464,10.545328866810816,10.131758712607116,9.511745454523513,8.54537324882271,6.450357317623695,7.257117795121091,7.387296108569415,7.195694708215822,6.803438968243188,6.524224619925195,7.175864382859998,7.6419205683054425,7.88940533008076,8.008225091918362,8.04657988836376,8.033845245356853,7.998539705314888,7.975285471961747,7.9948074320526334,8.063107627686101,8.154570269306433,8.22930917506875,8.253832239851572,8.210606024918592,8.102216949269097,7.957298376592728,7.828932417445683,7.7574334557809745,7.721342871435282,7.6524176579767005,7.4856190886953815,7.242544474158082,7.247348892825717,7.554339088693904,7.805906167312704,7.947201303771295,8.03172977643778,8.111140205499254,8.1987493489395,8.275922453101773,8.314971800194506,8.288226990996705,8.175463363243523,7.987899637656151,7.818829081618896,7.780145065352374,7.780584756125209,7.670215848595939,7.36509260315728,6.764221292673834,5.753494554293422,6.201939254658207,6.686200918132907,6.965924267964901,7.186406899814436,7.353251602748908,7.448227629618281,7.480978605978418,7.496169731718668,7.52563184369955,7.520742217003302,7.38264206399639,7.006533276860547,6.5778127389342265,7.0628195650573975,7.5174955065551,7.792549705472981,8.013969348219657,8.24411592709285,8.475708883405714,8.678665775599164,8.823956191779018,8.884636358081305,8.837293049282632,8.665762030192397,8.373571846374542,8.001724478713836,7.499781776015468,7.125285982413208,8.419696569153974,9.237013752399868,9.78977383273427,10.17809939383931,10.43805570359248,10.583792730389554,10.61968180027871,10.544328128796485,10.35236909821746,10.03885433569507,9.621209782375699,9.207337576928095,8.944210769614134,8.700685005181448,8.23523705077343,7.260251718485353,7.31890268668024,7.898841819381592,8.04803707257575,8.00283033473589,7.895924777045843,7.826341709564122,7.787948259644644,7.694842885093559,7.4704499192162475,7.085019549284895,6.914340137196678,7.335822053907842,7.713859670007653,7.9478942312078225,8.073979809621283,8.109850169516633,8.049792649901041,7.865078926019024,7.5010604617077865,6.949110398879489,6.8875982077010995,7.178236332480287,7.160540139561374,6.933765571460616,7.358691935622785,7.940155417436034,8.289349894679413,8.454260171608293,8.474151879732005,8.37709883945965,8.227187375047832,8.198211743378716,8.38083588275928,8.605313335283038,8.758096552815443,8.813309717963236,8.761737388744626,8.583468614238114,8.224971889717912,7.531010673891946,6.9124308036517315,7.749500304849658,8.127823578760243
1.9722500026002143,7.845274906656083,8.011169183673362,8.122159549327685,8.191381566395263,8.239952527045089,8.283372129798746,8.326626123884955,8.367738617698427,8.405390272351402,8.440943539506687,8.471903219134065,8.485993612704757,8.464061889735245,8.386326119423945,8.233500136437748,7.980145060470137,7.572606765643938,6.822194490591055,4.716501233291395,7.013979354617,7.660402113260298,8.049184380291138,8.309640248859019,8.471562027088677,8.540628109860506,8.514744911588926,8.387691441079577,8.149223457067729,7.789213628802168,7.361469281483718,7.24509657510858,7.53702199556784,7.824694333497274,8.023086198119888,8.144931349661798,8.210738009502126,8.244422430548594,8.272746050755794,8.321640764484425,8.40904276841813,8.532579487145048,8.664055652279437,8.762904027325634,8.793258057262193,8.73645328834674,8.626659799461025,8.612554786696387,8.761640018696104,8.886636676833932,8.842712229152541,8.57234664766376,8.42901808764759,8.947973426260864,9.374727579701615,9.592279499847935,9.643610026645268,9.555005952385052,9.340602904577754,9.011396492074919,8.582916967963152,8.08289654074366,7.599818550990027,7.398011717142339,7.43802243331495,7.373348520986651,7.0555086566970395,6.597149053198057,6.986626714522031,7.454090454068591,7.6940536074757775,7.780896762858295,7.767323011100156,7.697767808896061,7.623834311005812,7.596162506679845,7.63420427802999,7.719198984284866,7.814822155841621,7.882882821445842,7.894724180411913,7.840018602570218,7.733523588916447,7.6187667830635055,7.5461599598684845,7.519710396883969,7.4843381175821575,7.362042942294468,7.084336790823821,6.823975792960083,7.166137266787563,7.565699918875314,7.7729787987972205,7.830449427903759,7.8045928689964486,7.76624232306692,7.751461174689533,7.753278678549682,7.772189714159306,7.8182913667459335,7.877570313830598,7.924573254508332,7.944846714370834,7.925359429516659,7.84110390334089,7.655925217501193,7.3204061239569755,6.731677349197808,5.420242509772072,5.917844312846884,6.736354462553993,7.1871926050206465,7.498656771989135,7.693725826668206,7.7671403480729655,7.728175258897184,7.647479359493612,7.665568506531166,7.768903680603898,7.792027608983381,7.618666574253442,7.0986712992030885,5.1490817854833315,6.873749483542703,7.558397615793061,7.917452429723746,8.1726806919836,8.385847018260547,8.56676331446515,8.701681544286073,8.769150115886804,8.75210414686033,8.645164815085637,8.457470400366196,8.203729206353964,7.893702395373976,7.756528700178845,8.21709837928228,8.769533523580682,9.205377227362606,9.529866205945448,9.748566148551022,9.856821825489806,9.843419092847599,9.688826731838388,9.358688671479003,8.82049033015109,8.434475698670896,8.668249665209224,8.784562466114506,8.642526971854473,8.215134663737148,7.329812346833268,6.922490674324976,7.584785803135317,7.764291180003695,7.710916019338106,7.529695560442656,7.3051762220406005,7.143084495159485,7.098524477499005,7.1444087521777915,7.286301677777427,7.527583841756798,7.80433834819337,8.05651209753902,8.258599067087708,8.399717955291978,8.468826518215137,8.44886973797649,8.312322865342452,8.010879109939353,7.454346751920652,6.808308622175478,7.159209708082615,7.334919730419525,7.050942709614933,6.572657197988144,7.467424189708438,8.040716069994142,8.332976473652115,8.453287738831575,8.454404843598825,8.38980421880791,8.355189541633806,8.441088443256168,8.601480929664145,8.736518166879812,8.794815336817349,8.753825792966591,8.59046785868477,8.261231753738778,7.709117230769778,7.478100570463427,7.97096601396895,8.268446086942713
1.8865000024871614,8.027616069456283,8.1924278139507,8.281026201580975,8.320697319329385,8.347498597886966,8.394257177432426,8.475551426267854,8.58271244071981,8.695851937596105,8.795677483820242,8.865739527586712,8.891488023754771,8.860480838037436,8.762964563043449,8.59156778651129,8.339158450720458,7.991374997128352,7.499979306899477,6.680156909212377,6.415361960247407,7.400621023508726,7.964463183820262,8.336091256670962,8.579311762031956,8.711346202496,8.735906991335746,8.651119587067607,8.452613524227973,8.146221737455075,7.821098336488529,7.741557114049216,7.889932598916812,8.018147896047957,8.063620101033798,8.04645656670641,8.012607705624696,8.018222349050426,8.09784655300327,8.239418234529523,8.404995462565513,8.5628620344773,8.693335702112005,8.778550489466708,8.796042087854595,8.723317379131203,8.562994076672778,8.435664643849057,8.563142875016357,8.830044231829634,9.061019699380012,9.24098539142318,9.388832637322956,9.499608769684352,9.547709244426903,9.505331548829297,9.347025980524192,9.041495587641982,8.534573995928227,7.771548099396106,7.555703963458195,7.936238573447036,8.115722076414148,8.169558546510547,8.14663495007647,8.053543271257016,7.914297310665462,7.804693464261435,7.77127658701409,7.739914863401904,7.618312393034132,7.3606113334977525,7.005586861027622,6.912661628255502,7.190820063539414,7.436512651758453,7.569470025404292,7.613739415746801,7.597519929888802,7.541163609612554,7.454602694852984,7.346191911312198,7.242224955651142,7.189222300033704,7.205049888556646,7.240184441765681,7.213343700896792,7.036096931940214,6.610759017365602,6.4501582532561335,7.085965581858343,7.487624557377981,7.652834618786774,7.650029346362869,7.54354672124779,7.423188752728675,7.347628993418776,7.293174936959864,7.294432024968381,7.448846726910757,7.672222475668289,7.83356021296144,7.892775912290847,7.851056040985489,7.717705922125148,7.498881879972002,7.1859205589656545,6.724899631123215,5.872179101460221,5.313646442932369,6.614513854513759,7.243027756151156,7.642228268162705,7.878342842442971,7.96283936823383,7.904168206015302,7.764832235641981,7.74366232643616,7.892202040141772,7.988458337260783,7.907404324047366,7.5706733978355505,6.74749336474888,6.41958412559358,7.360319693689806,7.77651853125181,8.023096558873775,8.209866091517707,8.369122535991844,8.496442918286862,8.576000441761717,8.596908430227506,8.558662544399906,8.467628449808004,8.331815800663044,8.181726766517249,8.151731797554973,8.394984317828715,8.781131594723362,9.151777336267983,9.44956674008328,9.651299956553414,9.741715099848497,9.704186715131572,9.509792686098182,9.088935295047154,8.180561347889817,7.182729098375841,8.397841398378125,8.649904396056886,8.583625011552744,8.317566821153552,7.969290176706146,7.733732458928585,7.577148420011447,7.280773358764223,6.727914715307431,6.191606790897618,6.297054605947477,6.370550554379227,6.6627163357416315,7.171611323731184,7.577054651660794,7.868214200626032,8.095932335512227,8.294507356655817,8.467975492967938,8.599402044291374,8.666541193485575,8.647058409775244,8.513487676114224,8.219208623022622,7.659747660880672,6.723408761602283,7.136452441054792,7.472172680630737,7.31994526366413,6.296722962299925,6.81241119047726,7.805288368348715,8.236273157883538,8.444686319940889,8.520991488302647,8.517405731923553,8.490299413889668,8.500592984002491,8.565677180066695,8.641815013007546,8.67564327531882,8.63050842289342,8.475870335300861,8.172267761595293,7.708231648724269,7.581425488532265,7.989138266902258,8.263985794196394
1.8007500023741088,8.1378159789783,8.255505740103919,8.295304108744656,8.2918064325812,8.299296012104406,8.365735805613596,8.492198318680115,8.641628974898715,8.780508712656829,8.891426694045684,8.965166244301768,8.994010923412098,8.970647319249215,8.889799186157482,8.749586777998118,8.550764712637015,8.292001836278972,7.959245421269944,7.508600928476145,6.953125613372761,7.241773278369821,7.906648087772008,8.373776690234303,8.682279288963715,8.86128704008074,8.923434666844827,8.873597438744666,8.713119560599676,8.449739474605636,8.142092440688588,7.973525962689308,8.012752707741672,8.067668148516168,8.038545648741989,7.932228917417169,7.810419361198373,7.772317635174806,7.8865713934348145,8.110598314511495,8.347616656109684,8.539703195905027,8.671664712164324,8.74303435794419,8.748003275926,8.67010425803608,8.498095801043277,8.308793322544751,8.38347455082569,8.709942526750412,9.03379883380148,9.29886308508111,9.50700965513629,9.65146183565394,9.717533123642328,9.689257332799265,9.548908257608137,9.26988375223529,8.798298851954522,8.012583061232874,7.530523156762658,8.111952470276998,8.395915204596756,8.499012339321274,8.50403921760296,8.45132885614125,8.37528592790202,8.299147601796303,8.205176038603943,8.035832929533553,7.7077726070143076,7.038669215035588,5.755308479927965,7.101475688106748,7.629828900805647,7.868942922856762,7.9566272721031055,7.936794980927181,7.826123715075177,7.633614249193066,7.374794925636948,7.09213779327378,6.873928777112594,6.808876927423041,6.87300715989316,6.948622471751886,6.924202740970838,6.698851293826531,6.173669970555305,6.329268091924017,6.997594573539061,7.3488364663948325,7.472299682372676,7.4280539690880545,7.282244957394477,7.160910070632912,7.132886972388032,7.094719856874675,7.026539925075777,7.131936064256544,7.404002553017351,7.611282176609904,7.677257098826094,7.601844859612078,7.409600661110839,7.164890090913442,6.956030218745832,6.757812760440558,6.3990105859295525,5.596779085273814,6.30158024548954,7.1672314544491105,7.667624830153992,7.950573234139839,8.05610886609494,7.999755851282994,7.833161972144894,7.76265305686147,7.909228185647051,8.032552794819718,7.9882495915248635,7.718685000428194,7.115492888935297,6.42721336875582,7.12281397450974,7.53442724472149,7.7454247441957484,7.89440030210896,8.042804953334258,8.194744540964708,8.325612018970359,8.412820042540131,8.445991848718075,8.424998903782173,8.360932932191316,8.290828112935813,8.299233091705903,8.469587238298073,8.76615995408172,9.084372396336859,9.35235595202694,9.5350893858849,9.61417039350011,9.57415094058102,9.39201762039964,9.0213546951616,8.366011375360497,7.80747449342684,8.292320823985367,8.541059235941079,8.561683840352238,8.46431064822262,8.324641433052705,8.153634268965195,7.889789562345899,7.4774780071943105,7.14578029256566,7.266848294515883,7.30529652614948,6.952112856194449,6.197513296037807,7.201887778001799,7.799180950529479,8.10922376188422,8.295988730334049,8.446614799887335,8.590726748980513,8.707018100384188,8.761055631083027,8.725342831627525,8.572889071798102,8.25859719641846,7.674609541500865,6.67638683712845,7.1590894988889975,7.52380114685125,7.450502041978359,7.022521711823192,7.214835596417799,7.876230409866203,8.268564973560446,8.47572654269703,8.56141109427282,8.565759131032127,8.524606948576876,8.476080364317898,8.44964098490242,8.44466187491703,8.430112750209714,8.36486225601885,8.20679236385369,7.906429971246571,7.449821666552819,7.37749333221518,7.823145562956502,8.121968126238993
1.7150000022610559,8.166226434321246,8.206631004513614,8.173750220552716,8.112693945919752,8.11141117933651,8.221788502205653,8.393535466291814,8.560949643410664,8.697001571531372,8.797903791020909,8.86483386227451,8.895783817926336,8.88565324412818,8.830561680283184,8.731414031963409,8.593548117207279,8.421779861961285,8.214297273018753,7.96387191632601,7.698707464322606,7.66736763439013,8.046160141177863,8.469828045082377,8.782750973396528,8.97462173143368,9.052525668884648,9.021633459586711,8.883707433220533,8.640630684109032,8.314944232968108,8.01835499272058,7.920256698797428,7.933321618088353,7.901007409687009,7.808695091225174,7.721944258680376,7.711317326454649,7.813420066808045,8.019884727371274,8.25279278753513,8.439681732963818,8.558406990259655,8.614394489533952,8.612993913353403,8.544637246848202,8.394796612462992,8.21464987603016,8.252755192064761,8.559824342892606,8.8752511890975,9.11736903868287,9.28912657626199,9.393614931307512,9.42283503027888,9.361487982865002,9.18855737861207,8.872107945983704,8.360538658478454,7.749112361783389,7.937569596849241,8.32102693455602,8.533624116485148,8.633936981747699,8.662916799507279,8.645782333943492,8.598877104118856,8.521114325017107,8.387716677822633,8.15607870268995,7.773487421812616,7.28492567513096,7.369744606579743,7.791736997464771,8.065357227106453,8.207029513462311,8.252443754935266,8.218479417533196,8.109379688417224,7.9220463425712575,7.65079924794079,7.296011459847652,6.893857932276012,6.59300158745961,6.550053558219746,6.607482966665796,6.568302886933907,6.327775788522801,5.985848073756522,6.389108771902714,6.902744353221089,7.180061111368445,7.266458395572371,7.205773125640495,7.078083858160392,7.037974014743676,7.106345820159047,7.128384501558816,7.047298815389638,7.002204466899546,7.1617623614649855,7.3455470040265345,7.38579998732595,7.235454223618703,6.891927804066427,6.570503473642942,6.669068602580339,6.783618420247249,6.6525957345141356,6.0587940989726015,5.650117138731189,6.99164830565009,7.61108907978072,7.941543009709141,8.071950547697076,8.03198331196703,7.8673944279569525,7.7502218696171195,7.841707614786309,7.948911464045653,7.906897670080899,7.656921848109757,7.132977685783743,6.483353711189456,6.813776266779309,7.126854119054336,7.2328027933797925,7.317979551178577,7.542978285550092,7.84778767004897,8.106103175893645,8.272830228375392,8.345673775236142,8.337385219752385,8.273826205825626,8.203427398848325,8.200764622203623,8.327110682778994,8.566812656269846,8.844757580549796,9.092382208060176,9.26964560975024,9.355394257730525,9.33554927893643,9.19576148253497,8.920287279202254,8.525742574756817,8.252347161724575,8.360642256168767,8.514720813875396,8.56995748149453,8.547166075541956,8.470790774011197,8.340958971288197,8.166174652158032,8.036950672611683,8.055280798903555,8.100695438751037,7.995799804978883,7.571285190231318,5.915615101699849,7.2612495293694295,7.992919392833954,8.299744015912752,8.449655958618381,8.558851431248396,8.672791654072725,8.76479424659642,8.789619775949951,8.715890899028116,8.517895163210621,8.155724175778634,7.55310884602411,6.90598802501798,7.218187434532846,7.419240296025579,7.343261589282181,7.3257181703894885,7.725459343861897,8.131402898601277,8.391105200036174,8.524871831472844,8.561053986769966,8.522656503940926,8.430679275444577,8.30788170240462,8.180985748904664,8.07437118966209,7.988593374792757,7.8854895446525815,7.699102132148068,7.336133109884304,6.699187120788244,6.884863352117199,7.520828650727761,7.865903970240332
1.6292500021480032,8.118360299500972,8.050993401705576,7.907382847868577,7.7694585011720605,7.8055898929991985,7.998386413705302,8.197271538164282,8.347388242999955,8.451514466617132,8.52453576966476,8.57727829047081,8.609945061663298,8.615248688443714,8.588428302510385,8.535135828099095,8.470374524499412,8.406655999247961,8.342680459931813,8.270057286301304,8.199421212612467,8.199795828137335,8.361976704231742,8.63086691842415,8.880605884427295,9.050556528108729,9.124588168326456,9.099640027412551,8.974045940418305,8.7436616689215,8.403092971664872,7.96906461058484,7.587904103467731,7.5021506890037895,7.573850573654203,7.651798305702737,7.730982331320408,7.806531992451988,7.881234923203561,7.982366918503574,8.109574888967595,8.223136435024715,8.295885129095689,8.32942923584928,8.329874323189772,8.284689779910996,8.177996053317385,8.06783459085426,8.147558623439293,8.410582547444104,8.656356849221275,8.816523612307883,8.895287788852997,8.905715665892455,8.850984936300941,8.720873560966957,8.499075666985174,8.193865018358489,7.9528641213478135,8.02253528959157,8.240739267768731,8.425535131438316,8.555236851405176,8.638092588975743,8.680430316987543,8.685488351100657,8.64980926714415,8.558611458056005,8.386765287778312,8.107304621785003,7.745697451403299,7.611626172884445,7.869720883378291,8.132890296339145,8.297202054637914,8.379445553140538,8.399432285848532,8.366163649413801,8.276801977333292,8.117998679358609,7.86822300777226,7.49968177364936,6.987571222104763,6.401916480877973,6.112739382665274,6.045991904367098,5.872399022782616,5.758068663877467,6.083069987507973,6.520375861745846,6.8397179958966925,7.020545978078144,7.070851403740684,7.01461868641609,6.931343970355289,6.951265936797621,7.053705688270751,7.098218224583763,7.029085642757766,6.930066263848304,6.986920828398596,7.122373116843472,7.128218597545624,6.889910890330945,6.224581740559624,5.452561297842701,6.4145739113381675,6.7304699246957,6.6930468092595685,6.23423300098363,4.439932902133781,6.782312135351541,7.500073642544176,7.868840998400593,8.02626777749138,8.018136346017805,7.891613676978609,7.763940130735562,7.761845514337967,7.7963280819193725,7.724711304156855,7.485965145877558,7.066103518677191,6.601325383365454,6.458341213497705,6.361719204278725,5.9547723426179395,6.272451237570105,7.122987823472492,7.661156962175646,7.99055204223803,8.16569545698828,8.212577917657844,8.150993147970054,8.011535159555432,7.856896732614193,7.786637846511032,7.881404064467787,8.130068882968107,8.440678923150678,8.726962758242538,8.945884501654811,9.081163583294304,9.127045985724093,9.08303607310445,8.957483702891961,8.782111887247234,8.628235604156545,8.5615330744026,8.557530444884529,8.555244732927006,8.52545626428453,8.458818924670416,8.361165251353725,8.289495295804231,8.331094670855954,8.438866666136683,8.47620550127304,8.342791685349708,7.907645882140275,6.4873729639835185,7.422449780914699,8.164097089493898,8.455033322169097,8.57986492523158,8.658343859677771,8.737268270331402,8.787219277688276,8.758552085581266,8.617085515653486,8.340825248754207,7.929643317530858,7.522389076546796,7.405186251947735,7.3466558654272776,7.060902557206787,6.89342845041758,7.522980893978174,8.028180520047863,8.330410357512672,8.49149393488531,8.546707244534428,8.516725740590374,8.415142502360526,8.250462800478815,8.025980243725039,7.74494787136879,7.434013104700435,7.165427808050428,6.949105109473968,6.597855390137783,5.676597803933219,6.200275920542047,7.036098613575643,7.440011159141666,7.651456411786413
1.5435000020349503,8.020007246958242,7.802056402322689,7.4674940864230175,7.272149912979977,7.526346344502801,7.807645030636786,7.963834249267593,8.021953762679379,8.026203680849806,8.019057710615085,8.028483922343773,8.05498032887101,8.079275057353659,8.088749036007924,8.101279621737389,8.159355516161645,8.27375264371198,8.40106429110022,8.498767944802983,8.557811417885539,8.603226965266032,8.682631844212665,8.81915266624712,8.975563516178374,9.09692323719259,9.149602134045404,9.119086417743441,8.998889629247035,8.78265681235919,8.456346667961348,7.981489319317767,7.2318225260122,5.923952807488869,6.918737830507188,7.4628914958974,7.73624246860876,7.877957567302335,7.934153510410123,7.9329686862190725,7.897116941192195,7.844910695712059,7.79755813938318,7.776285139883702,7.772104878932949,7.74975161848328,7.72220093657349,7.807112835082995,8.042169406809434,8.284128712894324,8.440871977759327,8.496232260701056,8.464108027474014,8.377570940861304,8.283714911951103,8.21744591774589,8.182692083845168,8.177956143491778,8.208833971937322,8.26758139135936,8.335893738163072,8.404194122708931,8.470680076677416,8.530780529788789,8.574284139525952,8.586409696474663,8.547211268597602,8.431674879305564,8.213964917591257,7.899012031122612,7.691751283229234,7.872012184569101,8.138849447934504,8.316272657247206,8.40801560203673,8.44118524641323,8.438235879701601,8.408274229137922,8.341250579428412,8.210774989897011,7.980828651688721,7.6041763250633085,7.003308807089786,6.06055317216651,5.610446413922224,5.6270749252882615,4.971889311556528,5.684243806179958,6.365035508147913,6.694634225087841,6.857527828207899,6.924228997835339,6.915772413499,6.842286461140116,6.752970180640903,6.745736439097932,6.817120984589361,6.841967106195938,6.748103255771758,6.613318788284654,6.680791178151363,6.858429684404959,6.88974205817481,6.659810908401923,5.974550599037958,5.0883679238377555,6.192061029760235,6.538724235859071,6.561947678182125,6.290242338676844,5.807045831204163,6.654446816406775,7.3456726946926505,7.733139086867978,7.922253097300515,7.966646859706678,7.918075997030777,7.8486890384839985,7.811987198883377,7.78050416649089,7.69479217077307,7.525889811780495,7.267372850481734,6.88621729531969,6.1998844254888015,3.8240836009014547,6.308511765969439,6.957946748406777,7.358940302564746,7.658505388207519,7.864070565624812,7.953838012045986,7.905570139433626,7.696502987230749,7.321618377033951,6.963617232289497,6.94412523358143,6.961118524896935,7.184808997522263,7.80847283634677,8.349540937946744,8.728248597349126,8.974837944349767,9.112997636011912,9.157258769514414,9.118866311907356,9.012074696668236,8.860739286901863,8.700781784412818,8.568086267619927,8.474849044894327,8.401915256799626,8.319229797678435,8.234475228163218,8.247043006319801,8.408207416339668,8.575973105080084,8.623708766267951,8.479940863265535,8.021429055454426,6.620631258159915,7.6383517623037465,8.316054968505977,8.583674369950138,8.690043901961431,8.741680918690182,8.776260104601034,8.7638524798915,8.654067602942455,8.410994410867005,8.05316388877974,7.81690571164321,7.870732783035383,7.869538333523258,7.592431176653954,6.632191657542392,6.696112781298847,7.772405758479539,8.212514058948884,8.42920734254541,8.516187106296032,8.512053354742426,8.437458362518722,8.302896489835312,8.105203608442,7.816471205745365,7.360871314466649,6.499327665829097,4.923304531619521,6.495195090860876,6.863633910716355,7.096159876870385,7.372592273645106,7.603167709781637,7.712475366066034,7.695037826604722
1.4577500019218976,7.922158217788469,7.5054243008510895,6.813855972134769,6.997967696484211,7.542817286256814,7.779232699075407,7.801698300321872,7.654920570505947,7.361156109082078,6.971629218583868,6.7277555433530045,6.8775681228800805,7.087209099534389,7.156823571982373,7.205998180003599,7.576610474209115,8.064709180408173,8.434054872563685,8.673372225944464,8.812452349799157,8.886638522254907,8.93597999495338,8.99454371525768,9.067035866096917,9.127153620178554,9.143164559305497,9.094429577618858,8.971529798001862,8.771901436350454,8.495640164322637,8.140580596026854,7.701943997132095,7.250910028572198,7.199563750931562,7.5089840750801455,7.768967904627704,7.914688328665723,7.954250086078974,7.9004797708824075,7.781242542856438,7.65805323055695,7.580715086628688,7.483148674731094,7.205785003229564,6.489622656999075,6.748793052973144,7.578167470432892,7.999520085804105,8.208778725921286,8.277984144582005,8.249347500419555,8.181920076130409,8.165222657249371,8.231030877968404,8.309202149104474,8.340225530346155,8.320376911129017,8.28125207570416,8.25787538254332,8.259693457637516,8.276865099122032,8.302473446846218,8.333019355195201,8.357269847727485,8.351806287812595,8.283787564654533,8.115032127526158,7.8179872737363825,7.53601450584088,7.724340156389428,8.074519954819719,8.305074602187933,8.419196902369722,8.451031910016038,8.435211479571723,8.404753198041561,8.375530535709904,8.329492381130434,8.224153653748505,8.010117462590474,7.624249366697691,6.927177293353286,5.169046890856775,6.129448994317448,6.549617616063559,6.600888430972415,6.647312958036192,6.79073792394204,6.914903484789268,6.958831255064355,6.928391258723778,6.837481600692907,6.686542866096671,6.481079306078809,6.291304694375891,6.217558890553094,6.157582325536473,5.917942011884819,5.6300827558451125,6.056317981451589,6.457511674234351,6.572317668272061,6.413152189355195,5.95422345319216,5.467732017122693,5.819117885587306,6.154348822375866,6.339777208154977,6.401206702334205,6.394686385113472,6.65400539724893,7.134556013599819,7.5139759329792115,7.749030590819177,7.87488716187148,7.936698735784571,7.9729063053924385,7.99741209342645,7.998926256725945,7.957161477285357,7.848079821369799,7.6314697811738625,7.217258000201882,6.317767887338833,6.246887202336151,7.107159946213378,7.448553822317935,7.568052546899839,7.572875226878326,7.523585820518852,7.41448496649623,7.138155042798618,6.38383843435918,6.326226697293319,7.291711579461107,7.651879641779882,7.650026438622476,7.133436820052102,6.244152771767517,7.949632309440155,8.601524791380605,8.965290027782066,9.163690396772449,9.239238554468598,9.212009232203824,9.09650849413916,8.912097362132156,8.692694400575055,8.488278518040689,8.339127711413758,8.234608310292483,8.121681385728104,7.994790404486067,8.030082800724436,8.292700674910511,8.525258521234484,8.593131511201124,8.43708412863911,7.912087576677675,6.368225969907842,7.879808025736244,8.452437634087117,8.68242961055013,8.762910247754435,8.780209624848844,8.759773503051592,8.668244835373526,8.451326391517158,8.097361203168546,7.8957466089826305,8.104285828874183,8.258121014994837,8.193291386672039,7.860953846845609,7.235958751644263,7.459508861965519,8.014266626784357,8.301185414762793,8.424090395422207,8.446566456570912,8.40849059697701,8.338282964955235,8.246674551184572,8.113689427976526,7.885596833447161,7.470897027483214,6.777480406502392,6.876167375165528,7.397348890145946,7.638910031180745,7.742354079923946,7.81578449585855,7.880496966612663,7.885936659226246,7.783883605733661
1.3720000018088447,7.87662754614039,7.2660993619199,6.210243670336621,7.2156869404910795,7.692317895070411,7.81965005897007,7.6873150468560025,7.2207391048288105,5.627697708342859,6.718692714364143,7.462820193068443,7.761735742137168,7.844070443452552,7.701548128956006,7.106646123672318,6.3123218826077885,7.856502261962833,8.463888681058279,8.794925053476383,8.977415839726714,9.068999146143954,9.110380294429394,9.132926760308756,9.150829312473585,9.156018605979984,9.128062981426734,9.048748474923125,8.910456110756282,8.721504115374993,8.511697635680894,8.324038081022406,8.177185888978363,8.053388100600584,7.95217883656617,7.920013780558826,7.972771094445084,8.043552870317852,8.071603541802363,8.059436559257245,8.066986498357924,8.131031805030613,8.185417474487771,8.131665695323429,7.88141145921532,7.32018146926454,7.092714336186874,7.742533043512095,8.089130431227352,8.209649115173121,8.191216929327974,8.12519756629592,8.146561666566724,8.29381301035143,8.450145437850228,8.527837475220482,8.501589916788992,8.379513456077706,8.210196911838084,8.09453269312118,8.088824869686674,8.128443987524825,8.151507810793625,8.14568500982686,8.110974839825733,8.030919767972987,7.860283801518828,7.510383004929272,6.8864178148549335,7.175383531485363,7.83507790619805,8.204600670039365,8.394246942618956,8.463333459749524,8.448553193132065,8.387514970179131,8.326413229779856,8.293829159464439,8.264115455570971,8.177266042411373,7.972375111233798,7.572726397163909,6.769808588063899,5.206227678562159,6.748259579153077,7.12878879966994,7.233149795898035,7.233688045126234,7.207626262779979,7.172696734811233,7.11214641320148,7.0086502232642705,6.849321183525487,6.609867914659312,6.232843396271911,5.572182832417965,3.7657333864656852,4.7205832771481155,5.259151713325582,5.594841092356857,5.976687575170561,6.227894101625145,6.2739481793364105,6.103802725885063,5.722516085870236,5.178848861915743,4.893223418398361,5.64992470285148,6.264511562763485,6.593303203001036,6.705848517768607,6.710753981197619,6.84229127132531,7.163369967105532,7.484508787538108,7.7359679865313105,7.926134755556949,8.069347365495211,8.170162652160794,8.223345492777426,8.215155971166029,8.12224922312018,7.904986795738279,7.481796207972171,6.656259977385182,6.650850220604038,7.323138256814749,7.5695287971485525,7.541491303183946,7.233573142517101,6.466235685291768,6.494240366541753,7.299132378731881,7.719054023690541,7.989206492313397,8.182077964410459,8.28889516881937,8.261289872293814,8.001472602748866,7.116610841818867,7.165979100133536,8.323187353735284,8.819527262883382,9.070649544562523,9.163741219149971,9.131207235321124,8.992885420614062,8.777048907129858,8.539939190513774,8.355381849700064,8.247301445121748,8.169068419321247,8.046906055134587,7.822194436032744,7.666895341291137,7.959828260972615,8.280082461438159,8.38068401168247,8.199080654612859,7.507972675083881,6.862720477395539,8.11355856818875,8.55806873779946,8.73145427128395,8.767657804344438,8.73348729770298,8.643251802943206,8.452920185705384,8.103238061809025,7.805648238461616,8.10306688616769,8.406549263815451,8.4900880281153,8.362309418007186,8.038772987390287,7.727421380569594,7.894090728899773,8.15640146690786,8.28339918238529,8.300991326609703,8.261217741269808,8.219042196948198,8.211880070357692,8.22360505693876,8.193803024352329,8.056888492680999,7.755698148732067,7.338417010410875,7.3957486661182505,7.7515714263856665,7.947510349638144,7.997653567119817,7.9663614091896635,7.903246289445598,7.815537128184071,7.676843849370015
1.2862500016957918,7.901009078359325,7.224123599306052,6.467344921657594,7.397553084906059,7.7736792484124715,7.808286226670088,7.504058373907523,6.449655288321252,7.0991054259240105,7.937544825974739,8.316329407048594,8.480113153487729,8.48427584836772,8.312828275660667,7.837719125375567,6.057605310805707,7.736893531294733,8.486570099096872,8.85746072644483,9.058412843009219,9.16109010213725,9.206242486949016,9.220481200263292,9.215983764009845,9.189473216357566,9.127448000014228,9.015501497007293,8.849120831756455,8.651372807765089,8.492299872996757,8.436237977033695,8.440668001310428,8.427348066824285,8.373603605265664,8.311272153865266,8.287728046262854,8.305129085914805,8.331140057464143,8.364792956852323,8.433131321985872,8.52080906466065,8.561097445462742,8.488028547304758,8.248374976776612,7.8321375185124555,7.680385008620607,8.022249301438594,8.243175195884207,8.277996613778948,8.194063339584627,8.138138055985438,8.264154397448042,8.476780141769785,8.631117843630658,8.675567362362054,8.593641931693899,8.37875764454315,8.069822509859103,7.889955746262757,8.000583134590537,8.14589445897422,8.204046066021563,8.179365964373636,8.087522346007828,7.922285381602317,7.634333647626153,7.080955873061533,6.463903407414747,7.385655334662587,7.9480487250348855,8.253588873045718,8.404613211198942,8.44375108898183,8.399035020210505,8.306659963203188,8.222258176479928,8.185673979810403,8.164400814662912,8.084844008910158,7.879660033725412,7.466762663732519,6.662601867787768,6.446846909869369,7.164880585767104,7.476150206166443,7.585568324977966,7.583237438524087,7.515426414885968,7.4085860240189465,7.27396184273853,7.109577631801512,6.901931957892881,6.626536397969438,6.261144983464991,5.914799643232545,5.978688146660577,6.248219082459414,6.429702128768428,6.514848093027194,6.531540501488765,6.47690378903948,6.316947610075533,6.014351497517107,5.561761417773942,4.92172936981029,4.49663700904392,5.745864741686577,6.417307873023521,6.765090065007601,6.878773905732825,6.776187753189505,6.499826397623007,6.571446861028601,7.111257747756502,7.555990506636185,7.871776544794747,8.09638069635428,8.249479660072302,8.33435447782891,8.342841256348544,8.257415320732314,8.047207593507368,7.650449165760273,6.943144260504152,6.660530304127336,7.235130910485112,7.438445950380214,7.3008344091463995,6.6777839289280205,6.723791002779805,7.667474924204785,8.15683903247595,8.429106021342719,8.573619012093515,8.634281043565737,8.630218497979651,8.550477913746422,8.341129935301584,7.8468570262297686,5.789738937479583,7.716419027679649,8.448008386738753,8.771702124818356,8.886483063974755,8.847667183091886,8.689596131283869,8.478387115707868,8.333464088807785,8.296104842979169,8.284164094485252,8.247258999724217,8.157185324321393,7.945697332336791,7.5409106253576486,7.366138443249633,7.760024216914324,7.927018487190901,7.688881867737667,6.546426329712253,7.5149975579223165,8.28571966437372,8.605228071027764,8.70515341249127,8.670447688462108,8.55207217498113,8.355301102453321,8.008704883560538,7.509113677284313,7.807079195883343,8.30995935359888,8.539318172887755,8.547202325464552,8.36898097145703,8.079839610480315,7.953194128736422,8.075999853110194,8.16600320647428,8.138509183826029,8.027686144426848,7.912183876512733,7.885762584352254,7.964170586003146,8.059617161330934,8.079843681428759,7.9643799233302905,7.676091031616116,7.353819090424324,7.538457187462401,7.868039649037911,8.030850380861109,8.033551061258402,7.900130255511843,7.648609403807258,7.341642845282487,7.200289216632166
1.2005000015827392,8.005640765917999,7.472675346060829,7.038358252498271,7.521161178337287,7.8105038636638024,7.791787455369343,7.446560875045504,7.259058288392487,7.9822225907202835,8.480051768925541,8.746629624025822,8.846617624588449,8.79962477286707,8.58579439831538,8.101521488483586,6.816041919896609,7.727753067647221,8.48543957136711,8.854300679237777,9.056894985466386,9.167000350503542,9.222860532377732,9.246209762218843,9.24500929768955,9.214823104460148,9.14290143871397,9.014466415414446,8.822962801033016,8.597462141391452,8.447966453757434,8.46637454499001,8.553604855474513,8.602608356921298,8.595992350419857,8.565225343598376,8.551789718685407,8.567154024474366,8.594633295361515,8.628277924605248,8.674227602045624,8.71476469953361,8.700710114778614,8.574961353036008,8.283288709565774,7.855964047478634,7.864552727632747,8.214458164289374,8.393875638439255,8.395517974206205,8.299694347129773,8.274805205975648,8.426720128769222,8.617003722138907,8.727568528859067,8.720248947733296,8.57457594714046,8.270364990907856,7.8793817746525185,7.872148370983361,8.165044698194297,8.354059207190923,8.41571373310478,8.38660072128305,8.296136003372307,8.159654336551469,7.981663212842766,7.785967418271556,7.690021785658598,7.820627313651013,8.051482153145578,8.23727549609367,8.337814067512344,8.351884327612456,8.292182181849592,8.1909505848596,8.104930984343566,8.070311542454304,8.046356835744016,7.95805793628518,7.742410145052184,7.337768229659842,6.8069374330958805,7.004422109906493,7.438420171297174,7.677160608323968,7.772035298186065,7.7678997758947705,7.692254101773495,7.563485854844184,7.393215453700448,7.185103423530022,6.934388717869511,6.639798106145155,6.366904883669642,6.321940812358473,6.502270935272,6.684713078175992,6.791296215511958,6.823178800165801,6.7892390947552395,6.683351305003491,6.482310188774037,6.162256333320278,5.7455960725193735,5.39770255253034,5.5072066499274674,6.070813460561779,6.565373986506374,6.863477632374288,6.9607987934989755,6.8282867967739325,6.312518456401227,5.274203209248774,6.718550273964262,7.382148079133834,7.777830049447984,8.042110427578747,8.21754997781101,8.315212713338418,8.33209664477204,8.256711826482846,8.067173165842405,7.719462236782311,7.116001626995537,6.3692380667075374,6.818246342446155,7.106171215502785,7.098662633619039,7.206439619191707,7.73472708837959,8.227818932895598,8.56672344613835,8.773952691695893,8.873634966830412,8.883459851442826,8.816313786357513,8.676374438988322,8.445239750310929,8.049032012521371,7.2161920446298495,6.802903311582965,7.866202705405819,8.26905643706582,8.396316213739274,8.343264443476846,8.199317210725294,8.144761805443528,8.239760154731586,8.3257292626494,8.33699880979889,8.309403814777443,8.268251649681867,8.155674798234957,7.86385378479887,7.262942713952588,6.732118528458381,6.986469260794452,6.605314759450128,6.741798821578608,7.859337079688337,8.363965134744625,8.577279165312929,8.591334648904514,8.445943651068188,8.163279478721895,7.717021004368269,6.885477687605767,7.151364357573868,7.97712113594327,8.360034559495737,8.487060308280073,8.415814415676552,8.19194746100309,7.980215919737387,8.00267166024136,8.082504532828068,8.0366172213928,7.8427956055106085,7.550927151774157,7.299570825286635,7.232120574325929,7.291787597799177,7.330878118246394,7.227938610027425,6.894238235412582,6.7205472865041855,7.294369604660997,7.729965748883923,7.955871592638517,8.024629263878648,7.9502584805931855,7.699892871703907,7.131892813717588,5.106262701218013,6.916477337777128
1.1147500014696863,8.197454173502335,7.884757284775808,7.631908137972106,7.74929861387777,7.916160750001937,7.900549639529063,7.734381075502258,7.875719501339329,8.366788408102359,8.744090682647371,8.952748242602587,9.011097583700233,8.923338914857709,8.665254323219914,8.140886457250847,7.078574752765029,7.7887469849266235,8.44387052186988,8.77918006354996,8.97096532397175,9.085029000758992,9.15481202184463,9.197452587997752,9.216457996675025,9.203668487579336,9.143790443713826,9.020124993115102,8.82309134493256,8.57780310978078,8.40801299114165,8.44120337453485,8.562514447030551,8.646504041888532,8.677802739188763,8.687628731523015,8.708055097885609,8.742787657735812,8.77474484925544,8.792353811471063,8.792344766900722,8.761244769200799,8.662218827950742,8.433882090379585,7.982269281563996,7.454458989994045,7.930898903649422,8.358174071370195,8.532723058509506,8.54170074533941,8.474587346772902,8.464881726921814,8.572754767182511,8.696821446589817,8.74262280383292,8.667262749350106,8.439331426842887,8.044619638198814,7.795062884723742,8.115581268201575,8.422584555787434,8.574021382477117,8.608605258278185,8.566509176905054,8.482412290028943,8.383815240089774,8.287179075165188,8.202512166482185,8.144564250557636,8.13050388461134,8.158207858220326,8.198638825664148,8.21687793466969,8.191557685434756,8.123234504860223,8.040030079297662,7.984466635361715,7.961627906693998,7.920842755759329,7.802660829265432,7.565233703915047,7.215319022305935,7.039953125045687,7.305798423701015,7.5924790408341885,7.761804927253543,7.828609216704606,7.815021566148686,7.737297574110872,7.60655897952689,7.42835150989203,7.20058620972153,6.9139187943871505,6.574685853519071,6.324029895706829,6.4147362661024,6.653416065582853,6.829086420720845,6.914545617904501,6.923896410215429,6.8694293116785605,6.749108063439188,6.545030674653014,6.2383555680236915,5.859567000978766,5.603888792662358,5.7542970032843055,6.197417683997319,6.61594178226836,6.8831916103427355,6.967887915521971,6.829621925531972,6.3161060080488225,5.260395549911398,6.649715044286554,7.2965456160262745,7.671876630710183,7.917418898755109,8.078707462246042,8.168846721491086,8.187422179707871,8.126900156073557,7.970934116984467,7.683311247622239,7.167479177112294,5.96545549596137,6.109975713349304,7.010812856260413,7.423054402906856,7.779398703575659,8.155156788384392,8.496619989836407,8.759468958973466,8.930274616498647,9.008245993522966,8.995615526483718,8.894543507540824,8.704912360918433,8.417908143176174,7.9952564471011955,7.293028266670023,5.920186687608419,7.047461643197474,7.5016756546713586,7.588502880057927,7.536347237737603,7.683335708801674,8.00286031951545,8.221756719635923,8.289390453684392,8.257503064145624,8.237290828229144,8.280430362226804,8.286255236967712,8.145389852554276,7.784391805547898,7.125408110235598,6.256134242766006,6.431818133051146,7.343853337628988,7.9912301425322,8.355485963906943,8.494414316700393,8.430604098392847,8.1488062187788,7.562389065666003,6.54570723452844,7.220371677878249,7.805805936970668,8.120584573383635,8.26054415891297,8.232740919888863,8.041476664038452,7.800732124863326,7.81589817345767,7.963783043374404,7.971752173748127,7.77624413247877,7.369313148221577,6.849538788007409,6.54772734384008,6.254355520511975,6.085859094836807,6.917339903064982,7.529193399327067,7.926859779995662,8.18025381421524,8.315376208377309,8.347642627135235,8.295693104064604,8.18146307554977,8.017442421116083,7.806724076521664,7.618846558700328,7.645144379547852,7.8563695768962996
1.0290000013566336,8.428219434613196,8.272941246952858,8.121766415069922,8.092013416653812,8.132630024080258,8.10263618766679,7.991931668851594,8.081914703746365,8.463342854525527,8.79879197558327,8.98650052682851,9.02483328017236,8.912093874778511,8.625313556765999,8.098879457456702,7.443739234669868,7.8840770501295765,8.358129119783168,8.631370217192655,8.798037528449795,8.907770212176167,8.989055156127433,9.055913258070417,9.105673621032535,9.12217194388864,9.084990697108367,8.97689227572387,8.790818508483072,8.553992256993078,8.38322485183927,8.400539217798649,8.510600171410019,8.598009770892238,8.649506443674916,8.693816503918914,8.751092506583635,8.812248495609879,8.854712632281014,8.861765554010395,8.822352255291985,8.71912983932687,8.512379055411458,8.104415102221719,7.097446475770288,7.0482099677809815,8.090448856365047,8.485341399206984,8.64362226950425,8.669442213826144,8.639068236312637,8.633067572575701,8.677018908275876,8.7129258256492,8.67040323194945,8.495108489855658,8.129237483119365,7.6496420436359704,7.901923400335536,8.358284826296405,8.61290950060924,8.71655055200945,8.716570614077058,8.65097074201776,8.55882356912244,8.47598276404683,8.418152339954608,8.377314143868556,8.339480106467285,8.296914897190325,8.245665380241434,8.180180242326635,8.094544097862379,7.992706066017463,7.90203034690655,7.862041041821469,7.869211494862158,7.865844208885217,7.794135686174595,7.619474773571403,7.3394706628526025,7.089321523707498,7.176134653873229,7.435978322775615,7.632666963946577,7.737419058861299,7.765100494338359,7.731216005342128,7.647531052489876,7.521137389520558,7.351850102792747,7.128090154831411,6.823482439605795,6.411343656967206,6.064980676226444,6.276561548257871,6.620959472484578,6.835875722038564,6.932889375988296,6.939574054836173,6.873405924753575,6.737486591561493,6.518682548349241,6.197626258340204,5.79439307410055,5.513154921235845,5.693553992392946,6.156701187020846,6.573705528249297,6.833262822233918,6.903652918603025,6.738954687848537,6.204656988000402,5.926616804706612,6.807008686095453,7.303393595796616,7.586303361662622,7.75497721062693,7.854823405342946,7.905474414737989,7.911530475151055,7.866777144444338,7.751362122320791,7.522218024586298,7.087561984571785,6.351980437160279,6.774460026736718,7.416692426326085,7.8055930857726645,8.096343000013352,8.36120378665051,8.608762121923759,8.815214443229154,8.956862138074166,9.019663657124372,8.996171474797253,8.881499855494406,8.670525326710463,8.355018301605687,7.918694643801998,7.334261649688003,6.651000041428128,6.301441675340904,5.90571868235337,5.276567685713061,6.985784404704607,7.66308890502642,8.004896249589999,8.12337977186391,8.060863596593855,7.920280612716271,7.978701639056577,8.20850888054663,8.343761738007924,8.305444662031015,8.081329259634273,7.6738016455619045,7.165563596346779,7.016828965850313,7.507928115869608,8.007513138901482,8.318428543381739,8.43586526507442,8.36381289648546,8.099711927109311,7.740191741218894,7.759364720658445,8.035355501423219,8.192796147433846,8.20004017596381,8.054249216698716,7.714165445329177,7.231396718935982,7.422027955139426,7.824796360464563,7.96574414500948,7.855200174788242,7.4673412029851995,6.680876011172993,6.174537023265091,6.635821738778818,6.967077874658753,7.515872257921893,8.030695055608849,8.401021339170347,8.641556811315706,8.77051487307177,8.7986663684128,8.73627150363473,8.602601866749325,8.435295135371334,8.290286102519133,8.222510506443687,8.248514010572709,8.32257352910106,8.394355143089282
0.9432500012435807,8.625325412052458,8.568450452288324,8.48626692851439,8.425575170985082,8.38382186300092,8.294704286970122,8.117434912808896,8.053755079063093,8.37390232995638,8.723286237413822,8.922093904464495,8.96201510701498,8.846833793005825,8.57138919075494,8.150749699948483,7.84399572939326,8.011692797839967,8.264400489535243,8.437700519439705,8.547784144931327,8.624053718037365,8.698686919935819,8.78957851643507,8.879663011756955,8.932827825134636,8.920233350587251,8.827929126598468,8.66094941343817,8.46629643400986,8.353605548321735,8.376677269461203,8.44732605263933,8.498571747419492,8.537357113596252,8.596491130247136,8.684223156632056,8.774691201857358,8.837045101681298,8.851140245504846,8.802514030216939,8.672292887064568,8.426167199236795,8.0044216552177,7.509945505560339,7.837305764774865,8.30225854870618,8.564645193783582,8.686409953473161,8.723669186619867,8.727482074141557,8.734003005487518,8.73751377522911,8.694527674500048,8.547778744612879,8.215005207294995,7.484214479917101,7.083568035085735,8.055388493395244,8.497082194602436,8.701254442019486,8.763223833927913,8.726734235733941,8.628011501053345,8.512617120880543,8.427565307771209,8.387476462499553,8.370028708751745,8.351306189298276,8.319801322271125,8.264789518068051,8.168171210847174,8.012330663636154,7.808990629202287,7.656580405436675,7.673277222066803,7.762945976679715,7.781661367182386,7.672000506004458,7.412960528304203,7.041896385676217,6.910566528978823,7.17794885655721,7.423388414924601,7.555606647269522,7.597398559217241,7.574313775898251,7.506533368596693,7.4090962796193285,7.2892288698824945,7.141311829327941,6.942199195934259,6.6448373465366695,6.15819898884346,5.4796320812299815,5.915119242051471,6.460359351111966,6.752622474253723,6.888794120851435,6.915657966282393,6.8551085940325835,6.7135955410075425,6.483686902797697,6.149957232908647,5.714896407304218,5.303107771397381,5.42449337260747,5.994564369553092,6.463365852836632,6.731322363707909,6.780333367514261,6.543916923892771,5.740754193201242,6.017074332855861,6.903475874263803,7.317193052322895,7.516481010540766,7.590983461514775,7.592773566431292,7.561876569465514,7.524027592181007,7.476852709661695,7.383506807305538,7.183431270208463,6.843317136165316,6.783730569782575,7.294155983597219,7.731442722040963,8.032720231614986,8.254940023541538,8.443787532424489,8.619486244582262,8.773635194335013,8.883779856636346,8.929567261349694,8.897909159494006,8.782163136628528,8.582337083395501,8.311192161226455,8.010372488467283,7.75787064851569,7.602227356087388,7.508742098271955,7.471498639168949,7.572554965495575,7.792865690919233,7.98729957484841,8.058277968548463,7.942537824256338,7.534432419165804,6.938300661946397,7.657692078100746,8.172526638166213,8.385409769664728,8.388238571247067,8.20949681278299,7.85136543083936,7.326470737546917,7.042960158017422,7.539843028464496,8.025249781793368,8.329033073955168,8.463786815681406,8.445983287824186,8.310013395861763,8.173023097652926,8.19858683056215,8.305679752190278,8.329251516737418,8.1931731800842,7.811914505039163,6.805936386024413,6.660193008245525,7.700711642314714,8.032132390053162,8.075607514779682,7.889585521376335,7.441312767734059,6.566532082363241,5.499146746033553,6.3049168918819785,6.932507525443109,7.552600704066226,8.020892938932377,8.344527464984965,8.554501763502047,8.669130176113397,8.698844772794347,8.65672488958506,8.569599498713924,8.484738078287123,8.455815547216332,8.501752458867072,8.586724363186978,8.657816390038189,8.695082111344728
0.8575000011305279,8.738037195668472,8.755647950191623,8.73325980615064,8.68663997660426,8.610588885159363,8.465814523243486,8.207596695476958,7.996757878930599,8.284489988974325,8.663366235352603,8.874510095391582,8.918049841935922,8.811453629704085,8.576983809182762,8.28918123732762,8.12786922934677,8.156738844277491,8.23501003346588,8.284020649708166,8.282327420732116,8.239326535781489,8.227280626425415,8.3259014708298,8.477188269087268,8.578411568601835,8.587091776074278,8.505522100313646,8.377180409557313,8.297218668919685,8.324259426525938,8.390035493278637,8.419106291431364,8.40057094836176,8.375792863317724,8.40653282388485,8.50619597997455,8.62707627939413,8.72230823324348,8.76854050829927,8.755089649597723,8.675537486247384,8.529851394899769,8.346184853200379,8.226769556727554,8.278434375655504,8.422873750379532,8.545875857593465,8.619836264940613,8.663936897647357,8.703555385924332,8.739120461901761,8.74044424391455,8.664236972052969,8.457106538159454,8.013884573991534,6.91244626415946,7.337011631401619,8.170329468311706,8.532332044363383,8.68872823230593,8.711805193482121,8.635507660942611,8.493004195351071,8.337801307492098,8.23289222083949,8.191933397288118,8.179357315765525,8.174462109585326,8.17541866340373,8.16320162665347,8.095714581962262,7.930236572327044,7.655334086575126,7.4152542445424015,7.489677510783251,7.66119466273928,7.69960512995243,7.557034921362722,7.2012836276213505,6.643657593544038,6.627208664942051,7.047384918781534,7.277427843224723,7.350039559731083,7.319944655702211,7.227493781249569,7.108509148353426,6.9916184388449425,6.885108054470943,6.770858951539299,6.611448709573895,6.348852622574398,5.855387214975158,4.41850664513661,5.345178379678872,6.187978089589474,6.573517256582571,6.765029868750921,6.83113493364921,6.799516100010896,6.682249005131686,6.483453479941583,6.2062374853704005,5.854784041952922,5.399166786649189,5.074017037308776,5.7483751067709195,6.318804880207567,6.611513151433756,6.646342668803976,6.33757286234735,4.9646424545356735,6.107398743064281,6.928883888296703,7.284389391801246,7.4216237572412105,7.419519410433655,7.335161265773894,7.232862030936361,7.154642020823201,7.068517175066482,6.888946812769654,6.5281773628726745,6.342744366713166,6.969427955244591,7.506945478841119,7.869549856344042,8.119817239826116,8.299922175958345,8.440430286822824,8.56094264080196,8.66385588640084,8.735236887278663,8.755861186953698,8.711446546821053,8.597726299381822,8.42524703400278,8.22644971957276,8.05183587940873,7.936640194165341,7.883311597923721,7.8955259097552455,7.9784676850041425,8.09983683144575,8.200657258416422,8.227766170432783,8.132116708512243,7.83611703866636,7.145397792294236,7.043985678457032,7.894424227201251,8.299751761228235,8.458248093300549,8.434469214370875,8.23795486952892,7.839257047110256,7.162256517958609,6.923907181088177,7.61529444543528,8.079496899913678,8.361918240253765,8.501503158355861,8.514975756359311,8.429498212015025,8.317392530993237,8.281198875649284,8.305747498079683,8.270026955972323,8.072473782020262,7.586986539569571,6.743099542548151,7.486098380832085,8.01566173437534,8.222950656322753,8.226786584884751,8.069323421865066,7.789316713468184,7.488511850169085,7.32186297037721,7.373227865851046,7.657751790578141,7.984000262090786,8.19753934897716,8.260346419447073,8.162878209557276,7.8899099626694875,7.451369654553712,7.272183247440697,7.673968758894883,8.059660425360585,8.348128188621278,8.564888574535717,8.71719473534629,8.807010037014331,8.8518880812316
0.7717500010174752,8.729361693571127,8.824620422051773,8.867087740447447,8.859472977505893,8.793178316320251,8.642664746583147,8.384286043829018,8.152471932646904,8.335856514676584,8.655907788090012,8.835498484054474,8.856173718146739,8.73854682446371,8.527691918313064,8.330544698688266,8.255204487239203,8.25952712435334,8.264800125673476,8.23630462393503,8.13119838814214,7.888858753318766,7.500761213423179,7.397949604639615,7.718605457931165,7.9124318069958415,7.92413637663314,7.861160987295512,7.935515741054556,8.162337566091855,8.359958345132815,8.455459684493979,8.445630858171294,8.348526088416882,8.21148186567307,8.135099431023372,8.200202859980601,8.35012504734689,8.497210444351383,8.604848835721976,8.664878664354523,8.677595153500464,8.646693932313267,8.58117569742015,8.500055656481269,8.431351167411524,8.394802372303957,8.388194204790283,8.407711798098356,8.464610491221144,8.55563386916905,8.640255411006716,8.667887097854518,8.59827244273922,8.391216565113426,7.98060167267486,7.369340676937193,7.65047540563646,8.180005958889037,8.463499023016086,8.577239168195732,8.563259247634255,8.443967796235176,8.247104738496525,8.034133572558236,7.889047698885212,7.815597571993899,7.754912976869115,7.721679643921791,7.774931775471326,7.864044666602663,7.878920232642151,7.750738469565881,7.454791904459791,7.164038103678069,7.314951163998415,7.549885903989889,7.600242699511742,7.436230023703704,7.003418814404904,6.1347199297884085,6.213135471370393,6.800779157898064,7.004469037791281,6.9967511946673175,6.854787610297596,6.648414204406951,6.476883244900358,6.393860756574489,6.335855364774667,6.234094921767094,6.077919069481049,5.88454372751822,5.639909920981177,5.322186408841582,5.351852111598269,5.862543623314478,6.269186181597694,6.512595269578256,6.628229460661509,6.643930358347227,6.5802151550981876,6.454519240027031,6.279957585195134,6.044761212323218,5.656260146577969,4.9067447200909236,5.455092579146943,6.183110664218909,6.520597361475955,6.57931881449347,6.341237788635881,5.876376414213567,6.373333962709029,6.93326818047002,7.204880721268851,7.271505039867885,7.188032128969116,7.044197822533409,6.999525025048318,7.058586190527369,7.043802172951404,6.805915580853993,6.02318481192602,5.628523935577482,6.957313147768917,7.514647644389481,7.8530342819545,8.083526499828233,8.248337193051936,8.368272156047441,8.455792300573872,8.515810881762448,8.543521625205637,8.527710530393449,8.459308226822138,8.340193476110969,8.189930278744082,8.045405911028192,7.946332012914996,7.9224034465941315,7.9889623470696245,8.122436242083108,8.264418415540197,8.363502657145435,8.388271113423437,8.317010347122187,8.12993741696649,7.837817619634471,7.692540590459667,7.978586319087241,8.304462550922505,8.498025718122975,8.551640109694311,8.462656464482489,8.207340548062762,7.7105291863582455,6.736966699676528,6.9284035369534624,7.6652180508363434,8.060761239641948,8.304514554820404,8.4337744025086,8.451579420977916,8.365439746970187,8.21676454274787,8.103841278068277,8.076731576997961,8.028934747973762,7.827614582343362,7.37262214816681,7.1802266794624705,7.786683037324347,8.181155683831777,8.357260072826755,8.376748530254549,8.287655589915046,8.167409848477057,8.112367786224638,8.138598364214925,8.261824684381027,8.552204625931576,8.911081650450319,9.203199880380089,9.383813664938236,9.446386780377566,9.388561679024741,9.199324178045455,8.842785312249047,8.193091274691477,6.152228374795526,7.712117185270295,8.369494473942137,8.6629045740817,8.81644700521044,8.908108592866387
0.6860000009044224,8.549709190427262,8.755765068657773,8.883051131677075,8.936421647187855,8.914217592035282,8.807996351414527,8.616946905412142,8.412837979474888,8.392124085814956,8.53103102913247,8.614179589576343,8.561188587311225,8.383066391510319,8.191377299821717,8.165428324852344,8.24249190066747,8.28073115043038,8.265847490653005,8.216791540121056,8.105779749203949,7.85755492199988,7.356039253685285,6.434708393697274,6.438726326265123,6.561794281126312,5.147323061817884,6.939107943706353,7.813737786730555,8.25413627985704,8.47857458302972,8.552537503099954,8.502538867949445,8.340939130487563,8.083435196161172,7.800859705612495,7.704892134196587,7.876941182439794,8.11723492067546,8.325116290610916,8.483882551641601,8.589115509258432,8.634307362876969,8.612372390432885,8.520861607388838,8.369817002761904,8.192030528591047,8.048449142213975,8.016057707431994,8.131724509736522,8.323992171827275,8.487443151705444,8.562832889072926,8.52340520895411,8.347149905677872,8.002825020300723,7.542635867811996,7.605338058484299,8.013638508791109,8.266411703777166,8.361094713668772,8.32489445877505,8.172817819108017,7.927284098239478,7.66528024163563,7.514110729976993,7.4317132906314685,7.233370181543818,6.803794784260959,6.644712013101135,7.11680965908815,7.365347104011913,7.337839889142404,7.069105823266825,6.851723861540755,7.145053674975844,7.411258037563058,7.458925279985097,7.278833488586098,6.800986934568512,5.590494125464944,5.7701386795810246,6.4984944603759125,6.641028299813151,6.486405399693043,6.069301018358311,5.620167321176142,5.863182264206424,6.108503720305157,6.093368886769755,5.803096326606373,5.211365575417662,5.211637373113274,5.683522151909785,5.860524053959117,5.830068787904572,5.760396240760243,5.865152970498564,6.075780021489796,6.236204443791584,6.316173781781799,6.334304900886171,6.311463309451413,6.248077511994166,6.104379475322413,5.769100157082618,4.866194334245297,5.1752509727799865,6.093252073230556,6.479195799635378,6.588801122695767,6.487337204209891,6.349036093462235,6.578130803699795,6.920613877012316,7.098265608060888,7.076943704933026,6.8555459050497785,6.594844763522641,6.800598483921895,7.125183462632854,7.255826169832302,7.16002018662552,6.7869577282440225,6.25940445122759,6.793000544457461,7.342634221653823,7.686299026727061,7.925166119480119,8.103508016794907,8.234241114003176,8.320217252898097,8.362433633958208,8.359773991395457,8.309493805067696,8.213037488078161,8.085728706277775,7.964243674724395,7.898969762468414,7.926342751035292,8.043974984657678,8.21036223729561,8.371403420357936,8.484712885465749,8.521648352358524,8.459526540119343,8.276371739704508,7.972360924962821,7.758941116898201,7.996361361742857,8.329013617631949,8.54805850195167,8.645726065605679,8.62434237166271,8.46987029940395,8.140562159238426,7.513612612710982,5.9161103239224975,6.889622922637593,7.516571190766717,7.827414264345035,8.046284587081937,8.186666031167427,8.217909019605592,8.116643008718054,7.883209655238488,7.620099872178902,7.569933617764045,7.626722052897725,7.524055046727531,7.209597842536206,7.340846573934505,7.915711736538287,8.29505591583474,8.48530774319799,8.534487150817391,8.494735700452102,8.454116647283337,8.491111576695426,8.585618839670195,8.735959051178423,9.009971895270448,9.355597851136647,9.655243272551717,9.856773636372004,9.949476709053933,9.932265103697988,9.801987116503678,9.54688786488386,9.133225548169687,8.450244965820824,6.816821697165828,7.749197666710074,8.409340045765706,8.71259552482694,8.893902419977612
0.6002500007913696,8.116997732200145,8.516514861808202,8.769156214809707,8.903762625769176,8.936978062887336,8.876621911376045,8.724654692835788,8.481445522889675,8.151633234452982,7.731860217666653,7.09144894707914,5.04722622412131,7.212923216291573,7.889332806632988,8.200287503611595,8.311797596283892,8.294268632733834,8.21748990287108,8.148866276692338,8.090495240059226,7.991459023893783,7.843251508584583,7.725564595834557,7.693902473702982,7.66807455768283,7.64819454679542,7.826758755512431,8.15809025910334,8.431534887593608,8.584966188629501,8.616929617373614,8.530834693459498,8.32269906794219,7.974506001534461,7.4425842132308375,6.770704985428286,6.9663347343596405,7.496401119170148,7.875890824790652,8.152223606236792,8.341586277673022,8.439451389536607,8.435814858673519,8.320583831509326,8.089443687638175,7.767672014745924,7.4894862805409765,7.508369800505036,7.799662957292195,8.13302050122999,8.391092619222322,8.540754989044448,8.576330786994289,8.495908048810032,8.293844394106216,7.97447437261658,7.6699824188532695,7.711903983976038,7.923172087040563,8.040609775412628,8.027051603235835,7.888718578806025,7.651788984006583,7.456007272854766,7.512384070936612,7.655951546700904,7.676370494035696,7.500677159783016,7.053630203968364,6.112297204181469,5.653997005402545,6.178785498334972,6.217460418060214,6.54404331000691,6.995379366091206,7.2356820003829565,7.255468166811623,7.05013118815718,6.5338530568625295,5.155538275006678,5.655369489101126,6.275072449466496,6.322132644193152,5.967898946577382,4.70104471920419,5.287842137052562,6.073775415875516,6.30224118026952,6.235634955454964,5.850566015782984,4.715603908328927,5.055377550690983,5.857854612997335,6.109832219306689,6.110113870199043,5.940342424012744,5.682894616241498,5.522663686939999,5.582471278546375,5.732091206373885,5.881478241209221,6.005559118649096,6.068546859323871,6.009698027170106,5.714418435898887,4.711516727332013,5.038414186393924,6.053413697979498,6.460360912352259,6.602674536309475,6.570763069323967,6.49772970106246,6.612107811792327,6.84054283206694,6.964842704910422,6.889230642502268,6.504387022212056,5.746627792542896,6.5411633755900915,7.121806455842091,7.361693510007942,7.37051157799764,7.169558174982852,6.785410133274911,6.630675823091073,7.002051370337147,7.362249547238174,7.6430226771681875,7.870582964404326,8.046031689383572,8.16556507604422,8.229560720208056,8.2396556028243,8.197754686096584,8.110934242456258,8.000226568132302,7.908911604236617,7.891769314736744,7.964629096633679,8.086043641047038,8.213061083129256,8.326514545121023,8.408988320540985,8.428015073223651,8.338177416821313,8.07898451782018,7.590883667835092,7.486379883314222,8.065944529349375,8.451958391120062,8.653139564979059,8.716576761014297,8.653928872257897,8.450216837461348,8.05599129956348,7.32324835479966,5.446864294685569,6.620918277105001,6.951621354950976,7.10808439015657,7.470339425915213,7.786199470426826,7.916027558885838,7.832303236751008,7.469004016857272,6.582544211098509,6.658169686596789,7.301309908258713,7.403818032839337,7.1950861008757245,7.415428153497626,8.024298322179696,8.423705050996999,8.629652941038747,8.694321826607382,8.672350881843307,8.646118197062096,8.68993708416789,8.795064892988075,8.935176370435007,9.128529866239152,9.368412332753747,9.59741235261686,9.766290108296868,9.853531547827627,9.852557475578182,9.761075395938304,9.575364489272326,9.2845523116975,8.858040176197493,8.21719387416366,7.563745807438802,8.10926521955759,8.573878797009899,8.843990658574649
0.5145000006783168,7.8762289492233215,8.178014329039675,8.540760928485177,8.739179763654363,8.783428495544456,8.737388638518933,8.753183751625134,8.937107589625194,9.166444178343049,9.33323730372576,9.415460385202529,9.418250873070638,9.349543225145592,9.214605914790978,9.016206410442106,8.758943337322647,8.463627519609563,8.199602091026565,8.071917830767978,8.071532464054329,8.097214673536039,8.107902131795086,8.119451274794457,8.145366605202994,8.17149939049733,8.193782337276284,8.250306475985756,8.369462591675,8.50503871690404,8.58896031459503,8.581588476958576,8.462621856741661,8.21196410114551,7.788963557780524,7.081087257977658,6.116003602080775,6.7997346208569045,7.245818426040848,7.501563432752281,7.713373369481424,7.8962661260277045,8.004569973993414,7.992286680837383,7.822441103643814,7.472190242251233,7.102745303875173,7.1788075496653585,7.386789266019314,7.622079538807231,8.02065557528723,8.431600752270676,8.73550915834612,8.91573802032831,8.977456818477847,8.923613301748711,8.752547463920337,8.464720353554435,8.096610553274305,7.808924259552264,7.747224218131355,7.74365252718225,7.652195810291582,7.471663695325358,7.439144852531682,7.732797605388195,8.024180876796132,8.167644649824586,8.153213414673903,7.982914474141139,7.651048908484681,7.145678063845188,6.511505514194131,6.281350575857128,6.616341897048513,6.90118996995479,7.028494735717608,6.981750924907183,6.72548456852487,6.141174855920061,4.990945419815724,5.803005507992056,6.204258588640939,6.189127261581793,5.821302820848282,5.200203351764394,5.711967912398016,6.174605912027264,6.32755127542726,6.240445442612643,5.894138504922587,5.286538316551146,5.493050756287069,5.985804242476775,6.200579976383347,6.2176425177732115,6.084458302737976,5.82687310049002,5.47261328894959,5.099849192671769,4.952586881517835,5.189872691882518,5.522721024668541,5.749282190598629,5.790128247468455,5.537337387182648,4.453199318638027,5.092231859724082,6.034593961106322,6.4271108276987015,6.568491709817749,6.54123644833129,6.438306067079366,6.450794773045521,6.624658271099172,6.763679517487475,6.733990987615177,6.402422633124018,5.014042716287983,6.096771040431525,6.943040773785606,7.288846635784295,7.3850828253099206,7.290615340026589,7.038958365689552,6.748533570713641,6.730073080829403,7.00042386771977,7.325008462870441,7.61240228016657,7.838378837563736,8.005444861308233,8.123101828024275,8.195305780203004,8.21776707510079,8.178072266963744,8.058225128274808,7.874020306463436,7.823191931053176,8.066360996825845,8.320791633906165,8.431009090980252,8.379558720035712,8.187963336228249,7.940604741013132,7.7483178547974605,7.483877858305878,6.747349532932405,7.157257872085671,8.02878321417455,8.461919781697723,8.672823895703013,8.728238915219828,8.645365952374519,8.412719961197686,7.988102182570399,7.291357369490377,6.601856722231675,6.66699118029978,6.267122423460803,6.327458339879524,7.332577381253859,7.799794569321822,7.97927981253865,7.929733772268372,7.615285510563557,6.909428835308643,6.939591737567516,7.491382125112837,7.581744634976224,7.29967661762905,7.454646194538538,8.135158021239697,8.552800224593954,8.760178973169362,8.828880398208309,8.819188445906113,8.79080720074194,8.78392292829799,8.808887881276977,8.881336245016934,9.038203777003059,9.275823990885124,9.52479966171379,9.717775311674735,9.81871657023813,9.809652267619729,9.67779119585094,9.412118524792762,9.022690798255113,8.638040590929698,8.494526142253173,8.482533882634863,8.498217480942614,8.621422944625323,8.806485652466788
0.42875000056526397,8.5533078910324,8.387015946131102,8.45612832130286,8.458582234346688,8.226070206610492,8.76471578125536,9.548964747876434,10.059499620310751,10.375113212248737,10.545350089544336,10.594641252327863,10.535234193788899,10.37278834640271,10.108854082502562,9.742120685740858,9.271035422264186,8.714150905607347,8.220740981900384,8.079451194039622,8.144494013266668,8.21585891346342,8.272125313922155,8.316548539491599,8.348645772740989,8.368758715291623,8.376275565275845,8.37749340950188,8.391856058697323,8.424919407120226,8.441583246597535,8.389564091216283,8.224194713841701,7.898984100577069,7.333188191719876,6.6910126352549035,7.196061421418967,7.633958642476692,7.837834441675634,7.8821789760871255,7.805469077117563,7.647006578280412,7.442013985654945,7.139007734485254,6.468490512894618,6.215123333971082,7.202499559050205,7.5614859176438065,7.505565262968842,7.311469542906303,8.133502827960971,8.838444496415521,9.279594278477695,9.539036649395994,9.654761506347631,9.642729339634393,9.507621316154308,9.247644354812659,8.859825384467433,8.35901783598349,7.8476342567080035,7.531912335219014,7.358323159002799,7.195238184364899,7.393492519702058,7.8848134740837725,8.252461308580603,8.446907836344634,8.488046040937439,8.39276247276541,8.173503665175486,7.846236311002143,7.450622341429037,7.090718743707135,6.903792686649196,6.8614696738052094,6.822091721549707,6.687942781563943,6.381973263563282,5.80825912056076,5.49866813162328,6.013106612986887,6.253620026467464,6.208144184734341,5.889540230654646,5.37330927590657,5.550185982560164,5.9537557396688845,6.106731395081041,6.045810576318416,5.812369749737923,5.5951655891595955,5.752250294951877,6.01931056560042,6.166120515267665,6.1821202370198245,6.086526213205063,5.8970620307810035,5.6318599825742375,5.310184623066903,4.9321901655994145,4.605179593514681,4.912115583336127,5.3514809652255,5.523097282654646,5.330867499829977,4.298712974736453,5.148974956999755,5.994816446626774,6.358063585234937,6.474640580270563,6.4123712644340936,6.2218182703674865,6.055378030934891,6.164775852397689,6.408584307964422,6.544705421031414,6.4599940497200805,5.951268962073043,4.714975239005688,6.398580230476541,6.964776431860348,7.190493065577533,7.217643239909092,7.121871897491446,7.002661284177205,6.989941719433348,7.130930132659114,7.34234002494009,7.539902553988983,7.706677447834067,7.8670325962585,8.035498982864468,8.192225739069933,8.294689056685787,8.28233597235053,8.0655197240498,7.745458042716288,8.346922006252287,8.976746318878478,9.347481131588374,9.523469054322204,9.535064959751985,9.388154392296347,9.070777146636061,8.551293800017248,7.769543232933945,6.82095621862857,7.363599704377545,8.036618203348354,8.446213522168062,8.6578874206558,8.71017466972069,8.619139409293275,8.381452059557054,7.980731183688224,7.4501452764740685,7.136392406459665,7.17637294605048,7.294324157321817,7.5833085330938585,7.920074249493804,8.151165445573085,8.239648950336054,8.170276409924076,7.916841995154617,7.542562972017515,7.591500038183739,7.866727571075679,7.868129147234759,7.46955323967702,7.449836879858312,8.219181541206455,8.6462317425304,8.846587372714096,8.92319127121082,8.952199883699864,8.966843946195072,8.915425555668598,8.668087669099805,8.626815714757036,9.534920410650438,10.219081968940797,10.665111123239145,10.93823036601599,11.066669188181415,11.059191979004623,10.910175889584284,10.594927757959558,10.044688829341853,9.008392560357255,8.100817399343548,8.95750364762131,9.04146401943814,8.902819783712152,8.82597141318605
0.3430000004522112,9.032420664550864,8.88918996407379,8.80708992898126,8.423087108018152,7.660285055445966,9.604843741220277,10.402661531788372,10.887029853665071,11.18406756715466,11.338090034301946,11.36816851158528,11.281716362858145,11.078801675896244,10.753233725091123,10.291701250220024,9.671162881174563,8.870168202111511,8.163753317747108,8.21575270557841,8.361473945019348,8.418886351658609,8.4482583218326,8.470146101631824,8.463812909179712,8.425335372392583,8.376441216291513,8.327493693543698,8.271039842486445,8.207301725080516,8.130066669395486,7.99421853063565,7.719436055944856,7.155128180855595,5.431009047841924,6.867537781176945,7.606646051875265,7.986943514298387,8.191159666306278,8.258888596535924,8.204541868653898,8.040173722659434,7.780063744644952,7.443176319503957,7.165720632389775,7.3595883681886685,7.720933885038573,7.841934609293035,7.416292638226069,7.238965191974753,8.736675164601062,9.457065469413267,9.894287786592956,10.152173799947537,10.267816918132004,10.255873232454631,10.119745717291522,9.85494021308511,9.449853757654347,8.886876674247793,8.154285891802902,7.324348391576159,6.68587093739506,6.598160100175961,7.325386865865662,7.960736678433565,8.367931937649825,8.590519642120864,8.661105550218096,8.601705033373719,8.429614778646656,8.162220330075606,7.821918706414917,7.444030830681887,7.093620064218971,6.864352014601472,6.768608571508356,6.6869031475246965,6.504170151919598,6.197500079204324,6.048928945223543,6.261913769547162,6.416442961054633,6.372039427233007,6.109889128390875,5.599869940752767,5.10097588107,5.388648257029406,5.6583963598694185,5.750909856321483,5.768890569891661,5.802771592587771,5.879069759903753,5.96319669076044,6.014222118065515,6.007542392595878,5.932144894783924,5.784476381688844,5.565962799971231,5.286417093980968,4.9349913706000565,4.377813313709342,4.271208697903961,5.028314382720307,5.351721646201134,5.23954556013027,4.2921117881878,5.022314252239495,5.88924731891305,6.2414897229896535,6.330535986407664,6.227062535872309,5.962982804355574,5.538092370687717,5.116562908515536,5.674887018478243,6.237712052580063,6.503016722762118,6.480765510022964,6.056544124640253,4.30840177623892,6.0508013009530695,6.679820660692637,6.948047574151116,7.08347009715387,7.2019817246826605,7.356484592258856,7.525662823944285,7.655428052914121,7.714394724625096,7.726791450417424,7.785442199044758,7.9637155756060185,8.197430335837259,8.364254981039062,8.339047615436984,7.9335695733023375,8.162611347044464,9.15812641986584,9.74948887978102,10.09914352522317,10.275720034895476,10.30463780903537,10.191700325913823,9.928612251319603,9.490206206758508,8.8226430334798,7.886550341679433,7.7047449979506535,8.148912168322072,8.463569497117177,8.643489469850982,8.684953290079779,8.593367846226647,8.373659479274236,8.033080042410267,7.631975119212574,7.388736374320359,7.443012934631501,7.663436048432937,7.935962265541586,8.169929255666526,8.317587361294386,8.359443973625442,8.278756534029675,8.071586002982563,7.884038443246263,8.016505644764628,8.198841739287477,8.136181357748724,7.653911730554606,7.418093620047515,8.271183601684106,8.6966896615151,8.88881736825718,8.987711832056805,9.088557602133964,9.194684821230572,9.166208313263809,8.555091122431575,8.872501712122766,10.251006112030698,10.962725104860166,11.410273407369687,11.682287138658081,11.810601015909146,11.80587775514414,11.665216010499003,11.369970645966491,10.869662765628654,10.002643251967614,7.318409322522289,9.229876926133187,9.416130360993098,9.198836364478415,8.907621950388984
0.2572500003391584,9.298690437868135,9.241267048355208,9.20990605732132,8.837550446521625,8.98483050825558,10.279551471256001,11.00862205480598,11.470014091538287,11.755002928916994,11.899534458081325,11.919008737364956,11.81794750286514,11.592658479406246,11.230427293055005,10.704511234423995,9.958735145471355,8.877125315857423,8.181892060011108,8.521908427436037,8.65221819501044,8.671799147664203,8.650105429483819,8.619260387869867,8.545494302267537,8.400591982202762,8.24358599083119,8.16556224381582,8.126785680353008,8.043664304029491,7.896119471387363,7.680716999293005,7.3856310147133835,7.108447875271533,7.144803019275521,7.439602160711687,7.795278118663953,8.11494830769251,8.335879601118622,8.439286165253161,8.433698240541453,8.34222285433499,8.19803477955835,8.040595586313584,7.922894445500598,7.926730170338994,8.03283713005341,7.994525866794876,7.1195058828043,8.102792053080616,9.306262664836979,9.964009867217996,10.378429395961584,10.625713445846662,10.73523853433353,10.718502977789745,10.576744205428998,10.302455341707415,9.877316940254874,9.264759027146678,8.386939955063944,7.042555404120127,6.130412180413818,6.717624760937288,7.399020601116947,7.990859773868886,8.401393114056942,8.640383657472045,8.729746408279901,8.690252033920379,8.540400223084697,8.296616063574506,7.971916416946043,7.578618654672162,7.173886095761401,6.970025330165685,7.0249205736237945,7.067324825716157,6.9635841552393165,6.699403589824246,6.435085072735729,6.486955254296411,6.61923359158012,6.602326864858615,6.4103299837737024,6.046814780645896,5.532382515527734,5.1391884900954725,5.339375224394141,5.664205349895724,5.879100669894503,5.965711405306144,5.9383996053406864,5.844936446872972,5.7565381026355915,5.696056171093981,5.619306705602434,5.482775275228075,5.259359268272283,4.939697503478794,4.531889920153508,3.71991081852259,3.845992461592447,4.990451522681447,5.3980544977465845,5.366638381922003,4.632593123448345,4.502236651661128,5.678634526837447,6.073804359138786,6.1658344934826115,6.087542464040578,5.980384762855037,5.887857262860069,5.5412482492142265,4.431601497649905,5.983027036793,6.655439523450075,6.934520375628824,6.944621924624661,6.6726663466189,5.88681213263924,5.008897402753092,6.457564243192009,7.0076026715695185,7.369643553414973,7.648639040598666,7.847900097466279,7.945985493030286,7.93149167563027,7.832350895522185,7.769639762427279,7.912942670049775,8.196021582716593,8.400030654365107,8.323549371607971,7.727030311797366,8.814515910615674,9.723486596072034,10.26636359469457,10.596751345093802,10.767635068635277,10.799325732920186,10.696351019670757,10.451085215645673,10.040523873753369,9.41263831458912,8.46744131800092,7.881894136639768,8.272147893054932,8.504903761465682,8.633213460288856,8.657116951089797,8.571114484495533,8.382845710972962,8.102988946954824,7.761107764087089,7.469062143255183,7.428374777014783,7.644629890632168,7.923567040789549,8.148465806054409,8.286376576758414,8.330603189902371,8.280249623113564,8.172062494429307,8.16416406444803,8.330398919443914,8.445911187831154,8.324949533531962,7.769605430896625,7.406771988589542,8.31491982897425,8.724040003499468,8.911897537310695,9.04504454037554,9.21951212361294,9.406673499747113,9.420467521663786,8.703599850293982,9.482679252606983,10.744492201518252,11.435088245463158,11.874821520010347,12.143201469524753,12.270209819846853,12.266437745500934,12.1300164471314,11.84531169576524,11.371267563071902,10.591550340263309,8.993264304927784,9.402198162866966,9.656267778605212,9.419018716711232,9.024896088047687
0.1715000002261056,9.422249933978623,9.458963641732941,9.505541732980955,9.210738851733186,9.579434756904046,10.72366902132325,11.423660472549203,11.87426378670225,12.15297026599046,12.292068417407023,12.30519373168353,12.195254723293461,11.956125842293122,11.570234458234378,10.998947761165919,10.148488580988904,8.771275454553557,8.65698222750412,8.916002549490537,8.932237004987101,8.896574120803857,8.826850225858172,8.741403536777854,8.595401924158766,8.314316593363644,7.994938182122958,8.019755841164587,8.180523169943209,8.219112049641394,8.15236369847419,8.044068216741678,7.951131575915931,7.896990110899814,7.844931372287879,7.774431767168064,7.823827325018872,8.072341717839922,8.320520277105393,8.461423936393265,8.497723268857465,8.46290402041491,8.3937941529263,8.3164193074331,8.246511191901076,8.213738873776773,8.227423811000293,8.097508713497158,7.0610392206825665,8.650671827715493,9.691770176945498,10.313382321493183,10.713995699348484,10.95437543565828,11.059409082216957,11.038628582469599,10.891741856996893,10.60891302937768,10.166468779781585,9.512148746737207,8.508021349963446,6.946822578245689,7.348902216562871,7.429040900067577,7.58490853010544,7.987660755434604,8.370766753581442,8.61867176446207,8.720825223538993,8.691607861117642,8.5490874952063,8.308930012858914,7.979555663364709,7.569287834700036,7.193260508814139,7.179579753314145,7.358017826604294,7.426108623651279,7.32006391072954,7.034740116891351,6.682334787619748,6.6389389151363885,6.7711035455954205,6.776408552048449,6.624406604863878,6.344590238080717,5.980564005248042,5.625340063004987,5.544892903156291,5.787038709702916,6.007662850547861,6.071663752893616,5.962166126967067,5.7079342894588185,5.433914845495733,5.291230150379646,5.190517630327064,5.012298139886406,4.711445714933639,4.261679233348735,3.8844268511285622,3.5047698647801986,4.2909203596388386,5.182351778983145,5.591156473382982,5.631539288055685,5.218858365437392,4.183401421358809,5.394060047933092,5.891830235122266,6.054071571383544,6.121946091894391,6.2583365617539854,6.377139840823344,6.294442290935258,5.9356538253664395,6.262600225393865,6.928785063601165,7.288628746271387,7.4044489288171285,7.302642921652405,6.945414574327331,6.169792857240361,6.261323756462196,7.087230239425731,7.577376125269861,7.904015964381755,8.104916587745553,8.176955120724275,8.11565183224446,7.947376108753889,7.7961129692824525,7.884475502871719,8.179232913728264,8.389800379462272,8.22810674238774,7.808599644284239,9.262172162966616,10.087529261269708,10.598900758721676,10.915617561225886,11.080853438869788,11.111714856093933,11.011746151503514,10.773422065097007,10.374675109687573,9.764675383428498,8.821640006847304,7.923420056979418,8.336093527869355,8.52891400811029,8.611095629900612,8.620347273486503,8.547098557743505,8.396555788632599,8.173310031124192,7.8805351957345975,7.536828885052744,7.208625566592655,7.206414347598509,7.5855419362587035,7.929189854911513,8.144117357977013,8.251499619920763,8.285269838970274,8.306073798177815,8.399141962616074,8.54158169552346,8.591907622210446,8.408327204691853,7.762282025556829,7.486274981545083,8.378708746837527,8.754741704722404,8.942025820335015,9.102734384295683,9.314316547204717,9.539415542365353,9.57337816713907,8.890671344408625,9.899640085716955,11.052918654457223,11.72301584982278,12.15492503898534,12.419507620831277,12.54476691737631,12.540905546663803,12.406483462821196,12.127477683699484,11.667896942536537,10.933251734656217,9.60881594107015,9.514339666258167,9.79283314339578,9.55866515837083,9.15488258841038
0.0857500001130528,9.442074671903368,9.58238589546119,9.700813147441963,9.441514150557431,9.879047311926932,10.993774221992314,11.685517018414917,12.13224801443568,12.408014611334249,12.543986159179585,12.553064509573746,12.437252987598539,12.18881237032475,11.786607411183828,11.182299062561071,10.246116243640937,8.717428783038565,9.14723808392757,9.251475306693939,9.15276617418156,9.052751298296261,8.941394022966499,8.810886131885521,8.598415423020512,8.164618004135114,7.677511917526922,8.071903080250824,8.390801054187168,8.47799296718636,8.441639843867437,8.364042273776429,8.290077844072565,8.21612597098633,8.09303103256826,7.867694079863197,7.65268728684797,7.831231494430001,8.149621506758397,8.346243280540198,8.431207847480602,8.45484630513501,8.453159726258065,8.438821634618822,8.41160313324704,8.382071898328789,8.361042916343356,8.190462252523954,7.419841595027451,8.94257862769579,9.915872074995491,10.520776615334546,10.91477238880623,11.151504088669677,11.253666093088565,11.229712080618535,11.078318957644232,10.787847002761753,10.33022642676261,9.639367192121215,8.515542961601113,7.340418207277374,7.880582105064971,7.81924066486538,7.740259444983338,7.9544449582111385,8.290522156768839,8.540489335073165,8.649976232536297,8.62311026956288,8.476186624429431,8.223900399741344,7.872350000459815,7.442220472544888,7.179508383562951,7.365339173919139,7.58468053547477,7.645095644856238,7.524416890824119,7.215603577260365,6.8016561783818945,6.697217116932285,6.834630664671621,6.848727283904194,6.707665464557431,6.457371234639688,6.152698521648723,5.8401034863996255,5.658976664323868,5.813734222243228,6.037278810665864,6.100988586045482,5.9548116115220635,5.591126453024672,5.125718478919485,4.923168883351834,4.814989111478076,4.519287423230971,4.025298274777166,3.7807347007574,4.17183240570831,4.2755957903933535,4.660031981915193,5.370818183363689,5.7800022442819605,5.879368334904218,5.665493922543859,5.1652844279824235,5.334806015467815,5.808841458053628,6.070149757247238,6.282421062949039,6.512618432247585,6.665795332718746,6.638338073260859,6.431124924560587,6.609471692555001,7.1539374992525655,7.507027893121227,7.643979266428288,7.585025346590211,7.3213154436279035,6.850706296429291,6.7889221710920475,7.367914564960355,7.825872582752841,8.137644844457071,8.320534937982114,8.369157133932296,8.276141190607222,8.061346860836299,7.843383808736369,7.864879183295244,8.132075156347652,8.319832757394336,8.043827007031176,8.145086298215254,9.527678472030018,10.296546107708291,10.786072397514918,11.09251790681523,11.252745200735715,11.281689453055044,11.182134298067448,10.94646534104862,10.553016091452156,9.951602039426028,9.01119579429651,7.864077362787059,8.331560876788213,8.512910806655993,8.565026354902935,8.57076049819403,8.52062882964161,8.416289703691596,8.261467665764481,8.056570697569763,7.782430890908717,7.313235211616044,5.966701364148307,6.911635777846571,7.7126818000868775,8.070717690801045,8.251462695006692,8.352177559500603,8.437414096249665,8.544982282535548,8.64233850025748,8.63126080798006,8.379919144299826,7.631077028094652,7.692919412145934,8.466100035836071,8.795036695296579,8.976803527985998,9.141305085245694,9.344012406984056,9.564405117739975,9.589873625121616,8.932471048129424,10.1404628119065,11.216316350277086,11.866938358549472,12.290658135809085,12.550988612408501,12.673962208949774,12.669213255517954,12.53539489768919,12.25935571712016,11.808011850958101,11.098809659889813,9.898826977864791,9.569725354566758,9.84186081845365,9.627995163901797,9.282059156357171
0.0,9.386402711167845,9.635468581218785,9.810819197948904,9.552737831178863,9.979684531338682,11.116373769777828,11.81193706793443,12.259165605062725,12.534173848201887,12.668498480479784,12.674927424324519,12.554985168055651,12.29982391729716,11.885605933187895,11.255983956535713,10.247749051911816,8.830295604389457,9.454394777070801,9.47015214924624,9.291936492686672,9.131630003675582,8.98657214343239,8.823346501517316,8.550056792822891,7.948292822730779,7.511332243871938,8.24853035080822,8.562071421744985,8.624399439165835,8.567963828238664,8.478294747500714,8.391651036249792,8.29063834605927,8.117052713475836,7.77504499281771,7.1722091766337925,7.2382341274046285,7.8008843230313545,8.105155068348646,8.266316415408477,8.369165656717277,8.443519675062054,8.490981678272686,8.50607344738439,8.49105172567626,8.455367907788894,8.275024286651135,7.70607838116726,9.053100212724848,9.999906342890833,10.599352950781126,10.991334267148554,11.226624892355353,11.327020736685578,11.300409415698235,11.144697541646996,10.846649937404948,10.374069871161337,9.64709415974882,8.399161233148986,7.7534044990073125,8.16589901407885,8.027080972087079,7.827212398192467,7.900759135092448,8.179763233897535,8.42088708679625,8.529109206068565,8.496111338439968,8.334561847516515,8.056116116308784,7.661631278913514,7.194692677704617,7.098677027942925,7.430896190093558,7.665608369656062,7.71839470542036,7.585306226806281,7.253964868367165,6.784649983320856,6.642360643665063,6.797294902547239,6.813662297726271,6.666645175668907,6.421917964790969,6.148495421830996,5.84795407774021,5.54878682783087,5.635514887111065,5.9303450190481755,6.039522258041966,5.900917702409553,5.493786806193443,4.887119539749499,4.643487061608958,4.556530046000518,4.16566614609791,3.751480164962293,4.165666146097898,4.556530046000507,4.643487061608942,4.887119539749474,5.493786806193441,5.900917702409538,6.039522258041955,5.930345019048175,5.635514887111073,5.54878682783087,5.847954077740208,6.148495421830999,6.421917964790967,6.666645175668906,6.813662297726274,6.797294902547239,6.642360643665064,6.784649983320857,7.2539648683671665,7.585306226806281,7.718394705420361,7.665608369656063,7.430896190093552,7.098677027942923,7.194692677704606,7.661631278913507,8.05611611630878,8.334561847516513,8.496111338439968,8.529109206068565,8.420887086796249,8.179763233897535,7.900759135092448,7.827212398192467,8.027080972087079,8.165899014078851,7.753404499007317,8.399161233148986,9.64709415974882,10.374069871161337,10.846649937404948,11.144697541646996,11.300409415698235,11.327020736685578,11.226624892355353,10.991334267148554,10.599352950781126,9.999906342890833,9.053100212724848,7.70607838116726,8.275024286651135,8.455367907788894,8.49105172567626,8.50607344738439,8.490981678272686,8.443519675062054,8.369165656717279,8.266316415408477,8.105155068348646,7.800884323031353,7.238234127404627,7.172209176633791,7.775044992817711,8.117052713475836,8.29063834605927,8.391651036249792,8.478294747500716,8.567963828238664,8.624399439165837,8.562071421744985,8.24853035080822,7.511332243871935,7.948292822730777,8.550056792822891,8.823346501517316,8.98657214343239,9.131630003675582,9.291936492686672,9.47015214924624,9.454394777070801,8.830295604389459,10.247749051911816,11.255983956535713,11.885605933187895,12.29982391729716,12.554985168055651,12.674927424324519,12.668498480479784,12.534173848201887,12.259165605062725,11.81193706793443,11.116373769777828,9.979684531338682,9.552737831178863,9.810819197948904,9.635468581218785,9.386402711167845
-0.0857500001130528,9.28205915635717,9.627995163901797,9.841860818453648,9.569725354566758,9.898826977864793,11.098809659889811,11.808011850958101,12.25935571712016,12.53539489768919,12.669213255517954,12.673962208949774,12.550988612408501,12.290658135809085,11.866938358549472,11.216316350277086,10.1404628119065,8.932471048129424,9.589873625121616,9.564405117739975,9.344012406984056,9.141305085245694,8.976803527985998,8.795036695296579,8.466100035836071,7.692919412145937,7.631077028094655,8.379919144299826,8.631260807980063,8.64233850025748,8.544982282535548,8.437414096249663,8.352177559500603,8.251462695006692,8.070717690801045,7.712681800086877,6.911635777846571,5.966701364148295,7.313235211616045,7.782430890908718,8.056570697569764,8.26146766576448,8.416289703691596,8.52062882964161,8.57076049819403,8.565026354902935,8.512910806655993,8.331560876788213,7.864077362787059,9.011195794296508,9.951602039426028,10.553016091452156,10.94646534104862,11.182134298067448,11.281689453055044,11.252745200735715,11.09251790681523,10.786072397514918,10.296546107708291,9.527678472030018,8.145086298215253,8.043827007031172,8.319832757394336,8.132075156347652,7.864879183295244,7.84338380873637,8.061346860836299,8.276141190607222,8.369157133932296,8.320534937982114,8.137644844457073,7.825872582752844,7.367914564960363,6.788922171092064,6.850706296429292,7.321315443627911,7.58502534659021,7.643979266428287,7.507027893121227,7.153937499252564,6.609471692555,6.431124924560585,6.638338073260859,6.665795332718745,6.512618432247589,6.282421062949043,6.070149757247235,5.808841458053635,5.334806015467832,5.165284427982427,5.665493922543859,5.879368334904229,5.780002244281975,5.3708181833637,4.660031981915225,4.275595790393342,4.171832405708318,3.780734700757416,4.0252982747771275,4.519287423230944,4.814989111478086,4.923168883351841,5.125718478919467,5.591126453024668,5.954811611522052,6.100988586045471,6.037278810665862,5.813734222243242,5.65897666432388,5.840103486399626,6.152698521648725,6.457371234639685,6.7076654645574285,6.848727283904195,6.83463066467162,6.697217116932287,6.801656178381896,7.215603577260366,7.524416890824119,7.64509564485624,7.584680535474771,7.365339173919133,7.17950838356295,7.44222047254488,7.87235000045981,8.223900399741343,8.476186624429431,8.62311026956288,8.649976232536297,8.540489335073163,8.290522156768839,7.954444958211138,7.740259444983338,7.81924066486538,7.880582105064972,7.3404182072773825,8.515542961601113,9.639367192121215,10.33022642676261,10.787847002761753,11.078318957644232,11.229712080618535,11.253666093088565,11.151504088669677,10.91477238880623,10.520776615334546,9.915872074995491,8.94257862769579,7.419841595027451,8.190462252523956,8.361042916343354,8.382071898328787,8.411603133247041,8.438821634618822,8.453159726258065,8.454846305135012,8.431207847480604,8.346243280540198,8.149621506758397,7.831231494430001,7.652687286847969,7.867694079863198,8.09303103256826,8.21612597098633,8.290077844072565,8.364042273776429,8.441639843867437,8.47799296718636,8.390801054187168,8.071903080250824,7.677511917526921,8.164618004135114,8.598415423020514,8.810886131885521,8.941394022966499,9.052751298296261,9.15276617418156,9.251475306693939,9.14723808392757,8.717428783038567,10.24611624364094,11.182299062561071,11.786607411183828,12.188812370324753,12.437252987598539,12.553064509573746,12.543986159179585,12.408014611334249,12.13224801443568,11.685517018414918,10.993774221992314,9.879047311926932,9.441514150557431,9.700813147441965,9.58238589546119,9.44207467190337
-0.1715000002261056,9.15488258841038,9.55866515837083,9.79283314339578,9.514339666258167,9.60881594107015,10.933251734656217,11.667896942536537,12.127477683699484,12.406483462821196,12.540905546663803,12.54476691737631,12.419507620831277,12.15492503898534,11.72301584982278,11.052918654457223,9.899640085716955,8.890671344408625,9.57337816713907,9.539415542365353,9.314316547204717,9.102734384295683,8.942025820335017,8.754741704722404,8.378708746837527,7.486274981545087,7.76228202555683,8.408327204691853,8.591907622210448,8.541581695523458,8.399141962616074,8.306073798177815,8.285269838970274,8.25149961992076,8.144117357977013,7.929189854911514,7.585541936258703,7.206414347598507,7.208625566592656,7.536828885052745,7.880535195734599,8.173310031124192,8.396555788632599,8.547098557743503,8.620347273486503,8.611095629900614,8.52891400811029,8.336093527869355,7.923420056979418,8.821640006847304,9.764675383428498,10.374675109687573,10.773422065097007,11.011746151503514,11.111714856093933,11.080853438869788,10.915617561225886,10.598900758721676,10.087529261269708,9.262172162966616,7.808599644284238,8.228106742387737,8.389800379462272,8.179232913728264,7.884475502871719,7.796112969282453,7.947376108753889,8.115651832244462,8.176955120724275,8.104916587745553,7.904015964381756,7.577376125269865,7.087230239425739,6.261323756462222,6.169792857240361,6.945414574327339,7.302642921652403,7.4044489288171285,7.288628746271386,6.928785063601165,6.262600225393865,5.935653825366438,6.294442290935258,6.377139840823344,6.258336561753989,6.121946091894395,6.0540715713835445,5.891830235122273,5.394060047933112,4.183401421358892,5.218858365437396,5.631539288055695,5.591156473383002,5.182351778983149,4.290920359638833,3.5047698647801706,3.884426851128592,4.261679233348752,4.7114457149336575,5.012298139886402,5.190517630327083,5.291230150379654,5.4339148454957344,5.70793428945882,5.96216612696706,6.0716637528936035,6.007662850547857,5.78703870970293,5.544892903156305,5.6253400630049955,5.980564005248046,6.344590238080714,6.624406604863878,6.7764085520484505,6.771103545595421,6.63893891513639,6.682334787619748,7.034740116891352,7.32006391072954,7.426108623651281,7.3580178266042955,7.1795797533141394,7.193260508814138,7.569287834700031,7.979555663364706,8.308930012858912,8.5490874952063,8.691607861117642,8.720825223538993,8.61867176446207,8.370766753581442,7.987660755434604,7.58490853010544,7.4290409000675774,7.348902216562872,6.946822578245701,8.508021349963446,9.512148746737207,10.166468779781585,10.60891302937768,10.891741856996893,11.038628582469599,11.059409082216957,10.95437543565828,10.713995699348484,10.313382321493183,9.691770176945498,8.650671827715493,7.061039220682568,8.097508713497158,8.227423811000293,8.213738873776773,8.246511191901076,8.3164193074331,8.3937941529263,8.462904020414912,8.497723268857467,8.461423936393265,8.320520277105393,8.072341717839922,7.823827325018871,7.774431767168065,7.844931372287879,7.896990110899815,7.951131575915931,8.044068216741678,8.15236369847419,8.219112049641394,8.180523169943209,8.019755841164587,7.994938182122958,8.314316593363642,8.595401924158766,8.741403536777854,8.826850225858173,8.896574120803857,8.932237004987101,8.916002549490537,8.65698222750412,8.771275454553559,10.148488580988904,10.998947761165919,11.570234458234378,11.956125842293122,12.195254723293461,12.30519373168353,12.292068417407023,12.15297026599046,11.87426378670225,11.423660472549203,10.72366902132325,9.579434756904046,9.210738851733186,9.505541732980955,9.458963641732941,9.422249933978623
-0.2572500003391584,9.024896088047685,9.419018716711232,9.656267778605212,9.402198162866966,8.993264304927784,10.591550340263309,11.371267563071902,11.84531169576524,12.1300164471314,12.266437745500934,12.270209819846853,12.143201469524753,11.874821520010347,11.435088245463158,10.744492201518252,9.482679252606983,8.703599850293983,9.420467521663786,9.406673499747113,9.21951212361294,9.04504454037554,8.911897537310695,8.724040003499468,8.31491982897425,7.406771988589545,7.769605430896626,8.324949533531964,8.445911187831154,8.330398919443914,8.16416406444803,8.172062494429307,8.280249623113564,8.330603189902371,8.286376576758414,8.148465806054409,7.923567040789549,7.644629890632167,7.428374777014782,7.469062143255184,7.76110776408709,8.102988946954824,8.382845710972962,8.571114484495533,8.657116951089796,8.633213460288857,8.504903761465684,8.272147893054932,7.881894136639769,8.467441318000922,9.41263831458912,10.040523873753369,10.451085215645673,10.696351019670757,10.799325732920186,10.767635068635277,10.596751345093802,10.26636359469457,9.723486596072034,8.814515910615674,7.727030311797367,8.32354937160797,8.400030654365107,8.196021582716593,7.912942670049776,7.76963976242728,7.832350895522185,7.93149167563027,7.945985493030285,7.84790009746628,7.648639040598666,7.369643553414975,7.00760267156952,6.457564243192018,5.00889740275309,5.886812132639256,6.6726663466188985,6.94462192462466,6.934520375628822,6.655439523450073,5.983027036792997,4.431601497649903,5.5412482492142265,5.887857262860069,5.980384762855041,6.08754246404058,6.1658344934826115,6.07380435913879,5.6786345268374605,4.502236651661182,4.632593123448357,5.366638381922019,5.3980544977466,4.990451522681453,3.8459924615924272,3.719910818522581,4.531889920153457,4.9396975034787935,5.259359268272279,5.4827752752281,5.61930670560245,5.696056171093996,5.7565381026355915,5.8449364468729765,5.938399605340685,5.965711405306133,5.879100669894501,5.6642053498957505,5.339375224394159,5.139188490095478,5.532382515527741,6.046814780645896,6.4103299837737024,6.602326864858616,6.619233591580121,6.486955254296412,6.435085072735731,6.699403589824246,6.9635841552393165,7.0673248257161605,7.024920573623795,6.97002533016568,7.1738860957614,7.578618654672159,7.971916416946041,8.296616063574506,8.540400223084697,8.690252033920377,8.729746408279901,8.640383657472043,8.401393114056944,7.990859773868886,7.399020601116946,6.71762476093729,6.130412180413822,7.042555404120131,8.386939955063944,9.264759027146678,9.877316940254874,10.302455341707415,10.576744205428998,10.718502977789745,10.73523853433353,10.625713445846662,10.378429395961584,9.964009867217996,9.306262664836977,8.102792053080616,7.119505882804301,7.994525866794876,8.032837130053409,7.926730170338993,7.9228944455005985,8.040595586313584,8.19803477955835,8.342222854334992,8.433698240541453,8.439286165253161,8.335879601118624,8.11494830769251,7.795278118663953,7.439602160711689,7.144803019275521,7.108447875271534,7.385631014713382,7.680716999293005,7.896119471387362,8.04366430402949,8.126785680353006,8.16556224381582,8.24358599083119,8.400591982202762,8.545494302267537,8.619260387869867,8.650105429483819,8.671799147664203,8.65221819501044,8.521908427436037,8.181892060011108,8.877125315857423,9.958735145471355,10.704511234423995,11.230427293055005,11.592658479406246,11.81794750286514,11.919008737364956,11.899534458081325,11.755002928916994,11.470014091538287,11.00862205480598,10.279551471256001,8.98483050825558,8.837550446521625,9.20990605732132,9.241267048355208,9.298690437868137
-0.3430000004522112,8.907621950388982,9.198836364478417,9.416130360993098,9.229876926133187,7.318409322522287,10.002643251967614,10.869662765628654,11.369970645966491,11.665216010499003,11.80587775514414,11.810601015909146,11.682287138658081,11.410273407369687,10.962725104860166,10.2510061120307,8.872501712122766,8.555091122431577,9.16620831326381,9.194684821230572,9.088557602133964,8.987711832056805,8.88881736825718,8.6966896615151,8.271183601684106,7.418093620047518,7.653911730554607,8.136181357748724,8.198841739287477,8.016505644764628,7.884038443246264,8.071586002982563,8.278756534029675,8.359443973625442,8.317587361294386,8.169929255666526,7.935962265541585,7.663436048432937,7.443012934631501,7.38873637432036,7.631975119212575,8.033080042410267,8.373659479274236,8.593367846226647,8.684953290079779,8.643489469850982,8.463569497117177,8.148912168322072,7.7047449979506535,7.886550341679433,8.8226430334798,9.490206206758508,9.928612251319604,10.191700325913823,10.30463780903537,10.275720034895476,10.09914352522317,9.74948887978102,9.15812641986584,8.162611347044466,7.9335695733023375,8.339047615436984,8.364254981039064,8.197430335837259,7.963715575606019,7.785442199044758,7.726791450417425,7.714394724625096,7.655428052914121,7.525662823944285,7.356484592258856,7.201981724682661,7.083470097153871,6.948047574151117,6.679820660692637,6.050801300953061,4.308401776238924,6.056544124640255,6.4807655100229615,6.503016722762118,6.237712052580062,5.674887018478246,5.116562908515536,5.538092370687714,5.962982804355579,6.227062535872309,6.330535986407663,6.241489722989657,5.889247318913054,5.022314252239509,4.292111788187826,5.239545560130283,5.351721646201148,5.0283143827203185,4.271208697903973,4.377813313709346,4.934991370600036,5.286417093980961,5.565962799971232,5.784476381688861,5.932144894783955,6.0075423925958775,6.014222118065525,5.963196690760448,5.879069759903749,5.802771592587761,5.768890569891658,5.750909856321495,5.65839635986942,5.38864825702941,5.100975881070009,5.599869940752766,6.109889128390875,6.372039427233009,6.416442961054633,6.261913769547162,6.048928945223546,6.197500079204323,6.5041701519196,6.686903147524703,6.768608571508357,6.8643520146014705,7.09362006421897,7.444030830681885,7.821918706414914,8.162220330075606,8.429614778646656,8.601705033373719,8.661105550218096,8.590519642120864,8.367931937649825,7.960736678433566,7.325386865865662,6.5981601001759635,6.685870937395059,7.32434839157616,8.154285891802902,8.886876674247793,9.449853757654349,9.85494021308511,10.119745717291522,10.255873232454631,10.267816918132004,10.152173799947535,9.894287786592956,9.457065469413267,8.736675164601062,7.238965191974753,7.41629263822607,7.841934609293035,7.720933885038571,7.3595883681886685,7.165720632389775,7.443176319503956,7.780063744644953,8.040173722659434,8.204541868653898,8.258888596535924,8.191159666306278,7.986943514298386,7.6066460518752645,6.867537781176946,5.431009047841926,7.155128180855595,7.719436055944855,7.994218530635649,8.130066669395486,8.207301725080516,8.271039842486445,8.327493693543698,8.376441216291513,8.425335372392583,8.463812909179712,8.470146101631824,8.4482583218326,8.418886351658609,8.361473945019348,8.21575270557841,8.163753317747108,8.870168202111511,9.671162881174563,10.291701250220024,10.753233725091123,11.078801675896244,11.281716362858145,11.36816851158528,11.338090034301946,11.18406756715466,10.887029853665071,10.402661531788372,9.604843741220277,7.660285055445964,8.423087108018153,8.807089928981261,8.88918996407379,9.032420664550866
-0.42875000056526397,8.82597141318605,8.902819783712152,9.04146401943814,8.95750364762131,8.10081739934355,9.008392560357255,10.044688829341853,10.594927757959558,10.910175889584284,11.059191979004623,11.066669188181415,10.93823036601599,10.665111123239145,10.219081968940797,9.53492041065044,8.626815714757036,8.668087669099805,8.915425555668598,8.966843946195072,8.952199883699864,8.92319127121082,8.846587372714096,8.6462317425304,8.219181541206455,7.449836879858314,7.46955323967702,7.868129147234759,7.86672757107568,7.591500038183739,7.542562972017515,7.916841995154617,8.170276409924076,8.239648950336054,8.151165445573087,7.920074249493804,7.5833085330938585,7.294324157321818,7.17637294605048,7.136392406459666,7.4501452764740685,7.980731183688223,8.381452059557054,8.619139409293275,8.71017466972069,8.6578874206558,8.446213522168062,8.036618203348354,7.363599704377548,6.820956218628569,7.769543232933946,8.551293800017248,9.070777146636061,9.388154392296347,9.535064959751985,9.523469054322204,9.347481131588374,8.97674631887848,8.346922006252287,7.745458042716289,8.065519724049802,8.28233597235053,8.294689056685787,8.192225739069935,8.035498982864468,7.867032596258501,7.706677447834067,7.539902553988984,7.34234002494009,7.130930132659114,6.989941719433348,7.002661284177207,7.121871897491446,7.217643239909092,7.190493065577534,6.964776431860346,6.398580230476544,4.714975239005681,5.951268962073038,6.459994049720081,6.544705421031414,6.4085843079644205,6.164775852397689,6.0553780309348895,6.22181827036749,6.412371264434094,6.474640580270565,6.358063585234939,5.9948164466267775,5.148974956999765,4.2987129747364605,5.330867499829979,5.523097282654657,5.351480965225496,4.91211558333613,4.605179593514686,4.932190165599411,5.310184623066914,5.631859982574271,5.897062030781007,6.086526213205079,6.182120237019833,6.166120515267674,6.019310565600419,5.752250294951877,5.595165589159581,5.812369749737923,6.045810576318419,6.106731395081041,5.953755739668883,5.55018598256017,5.373309275906572,5.8895402306546485,6.208144184734342,6.253620026467464,6.013106612986888,5.4986681316232815,5.808259120560759,6.381973263563282,6.687942781563948,6.822091721549707,6.8614696738052094,6.903792686649196,7.090718743707134,7.450622341429036,7.846236311002144,8.173503665175486,8.39276247276541,8.488046040937439,8.446907836344636,8.252461308580603,7.8848134740837725,7.393492519702058,7.195238184364899,7.358323159002799,7.531912335219013,7.8476342567080035,8.35901783598349,8.859825384467435,9.247644354812659,9.507621316154308,9.642729339634391,9.654761506347631,9.539036649395994,9.279594278477695,8.838444496415521,8.13350282796097,7.311469542906302,7.505565262968842,7.561485917643807,7.202499559050205,6.215123333971081,6.468490512894619,7.139007734485254,7.442013985654945,7.647006578280413,7.805469077117564,7.8821789760871255,7.837834441675634,7.633958642476692,7.196061421418967,6.691012635254903,7.333188191719876,7.89898410057707,8.2241947138417,8.389564091216283,8.441583246597535,8.424919407120226,8.391856058697325,8.37749340950188,8.376275565275845,8.368758715291623,8.348645772740989,8.316548539491599,8.272125313922155,8.21585891346342,8.144494013266668,8.079451194039624,8.220740981900384,8.714150905607347,9.271035422264186,9.742120685740858,10.108854082502562,10.37278834640271,10.535234193788899,10.594641252327863,10.545350089544336,10.375113212248737,10.059499620310751,9.548964747876434,8.76471578125536,8.226070206610492,8.458582234346688,8.456128321302861,8.387015946131102,8.5533078910324
-0.5145000006783168,8.806485652466788,8.621422944625323,8.498217480942614,8.482533882634863,8.494526142253173,8.638040590929698,9.022690798255114,9.412118524792762,9.67779119585094,9.809652267619729,9.81871657023813,9.717775311674735,9.52479966171379,9.275823990885124,9.038203777003059,8.881336245016934,8.808887881276977,8.78392292829799,8.79080720074194,8.819188445906113,8.828880398208309,8.760178973169362,8.552800224593955,8.135158021239697,7.454646194538538,7.299676617629051,7.581744634976225,7.491382125112837,6.9395917375675165,6.909428835308643,7.615285510563556,7.929733772268372,7.97927981253865,7.799794569321821,7.332577381253859,6.327458339879523,6.267122423460805,6.66699118029978,6.601856722231676,7.291357369490376,7.988102182570398,8.412719961197684,8.645365952374519,8.728238915219828,8.672823895703013,8.461919781697723,8.02878321417455,7.157257872085671,6.747349532932402,7.483877858305878,7.748317854797461,7.94060474101313,8.18796333622825,8.379558720035714,8.431009090980252,8.320791633906165,8.066360996825846,7.823191931053176,7.874020306463437,8.058225128274808,8.178072266963744,8.21776707510079,8.195305780203004,8.123101828024275,8.005444861308233,7.838378837563736,7.612402280166571,7.325008462870441,7.00042386771977,6.730073080829403,6.7485335707136445,7.038958365689552,7.290615340026589,7.385082825309921,7.288846635784295,6.943040773785608,6.096771040431525,5.014042716287964,6.402422633124019,6.733990987615178,6.763679517487474,6.624658271099172,6.450794773045519,6.438306067079366,6.541236448331288,6.568491709817748,6.427110827698702,6.034593961106322,5.092231859724073,4.453199318638039,5.5373373871826495,5.790128247468462,5.749282190598635,5.52272102466854,5.18987269188252,4.952586881517846,5.099849192671756,5.472613288949621,5.82687310049005,6.084458302737997,6.217642517773219,6.2005799763833505,5.985804242476784,5.493050756287066,5.286538316551138,5.894138504922586,6.240445442612643,6.3275512754272585,6.174605912027263,5.711967912398017,5.200203351764395,5.821302820848284,6.18912726158179,6.204258588640938,5.803005507992056,4.990945419815727,6.141174855920062,6.72548456852487,6.9817509249071845,7.028494735717608,6.9011899699547925,6.616341897048513,6.281350575857128,6.5115055141941305,7.14567806384519,7.651048908484681,7.982914474141139,8.153213414673903,8.167644649824586,8.024180876796132,7.732797605388195,7.439144852531682,7.471663695325358,7.652195810291582,7.743652527182249,7.747224218131354,7.808924259552264,8.096610553274305,8.464720353554434,8.752547463920337,8.923613301748711,8.977456818477847,8.91573802032831,8.735509158346119,8.431600752270674,8.02065557528723,7.622079538807231,7.386789266019314,7.178807549665359,7.102745303875174,7.472190242251233,7.822441103643815,7.992286680837383,8.004569973993414,7.8962661260277045,7.713373369481424,7.501563432752281,7.245818426040847,6.799734620856904,6.116003602080773,7.081087257977658,7.788963557780524,8.21196410114551,8.46262185674166,8.581588476958576,8.58896031459503,8.50503871690404,8.369462591675,8.250306475985756,8.193782337276284,8.17149939049733,8.145366605202994,8.119451274794457,8.107902131795086,8.097214673536039,8.071532464054329,8.071917830767978,8.199602091026565,8.463627519609563,8.758943337322647,9.016206410442106,9.21460591479098,9.349543225145592,9.418250873070638,9.415460385202529,9.333237303725758,9.166444178343049,8.937107589625194,8.753183751625134,8.737388638518933,8.783428495544456,8.739179763654363,8.540760928485177,8.178014329039675,7.876228949223321
-0.6002500007913696,8.843990658574649,8.573878797009899,8.10926521955759,7.563745807438802,8.21719387416366,8.858040176197491,9.2845523116975,9.575364489272324,9.761075395938304,9.852557475578182,9.853531547827627,9.766290108296868,9.59741235261686,9.368412332753747,9.128529866239152,8.935176370435007,8.795064892988075,8.689937084167891,8.646118197062096,8.672350881843307,8.694321826607382,8.629652941038747,8.423705050996999,8.024298322179698,7.415428153497626,7.1950861008757245,7.403818032839337,7.301309908258713,6.658169686596791,6.582544211098509,7.469004016857272,7.832303236751008,7.916027558885837,7.786199470426826,7.4703394259152125,7.10808439015657,6.951621354950977,6.620918277105,5.446864294685572,7.32324835479966,8.05599129956348,8.450216837461348,8.653928872257897,8.716576761014297,8.653139564979059,8.451958391120062,8.065944529349375,7.486379883314223,7.59088366783509,8.078984517820178,8.338177416821312,8.42801507322365,8.408988320540981,8.326514545121023,8.213061083129254,8.086043641047038,7.96462909663368,7.891769314736744,7.908911604236617,8.000226568132302,8.11093424245626,8.197754686096586,8.2396556028243,8.229560720208056,8.16556507604422,8.046031689383572,7.870582964404327,7.643022677168188,7.362249547238173,7.002051370337147,6.630675823091072,6.785410133274909,7.16955817498285,7.37051157799764,7.361693510007942,7.121806455842092,6.5411633755900915,5.746627792542897,6.504387022212058,6.889230642502268,6.964842704910422,6.84054283206694,6.612107811792325,6.49772970106246,6.570763069323965,6.602674536309475,6.460360912352261,6.053413697979495,5.038414186393915,4.7115167273320235,5.714418435898888,6.009698027170109,6.068546859323872,6.005559118649098,5.8814782412092175,5.732091206373873,5.582471278546372,5.522663686939992,5.682894616241507,5.94034242401277,6.11011387019905,6.109832219306707,5.857854612997349,5.055377550691001,4.715603908328905,5.85056601578298,6.2356349554549615,6.302241180269517,6.0737754158755175,5.287842137052567,4.701044719204192,5.967898946577383,6.322132644193153,6.275072449466497,5.655369489101126,5.15553827500668,6.533853056862529,7.050131188157179,7.255468166811624,7.235682000382956,6.995379366091208,6.544043310006913,6.217460418060213,6.178785498334971,5.653997005402543,6.112297204181467,7.053630203968364,7.500677159783016,7.676370494035697,7.655951546700905,7.512384070936613,7.456007272854766,7.651788984006582,7.888718578806025,8.027051603235835,8.040609775412628,7.923172087040565,7.711903983976039,7.66998241885327,7.974474372616583,8.293844394106216,8.495908048810033,8.576330786994289,8.54075498904445,8.391092619222324,8.13302050122999,7.799662957292195,7.508369800505036,7.489486280540977,7.767672014745924,8.089443687638175,8.320583831509326,8.435814858673519,8.439451389536607,8.341586277673022,8.152223606236792,7.875890824790652,7.496401119170149,6.966334734359641,6.770704985428287,7.4425842132308375,7.974506001534461,8.32269906794219,8.530834693459498,8.616929617373614,8.584966188629501,8.431534887593608,8.15809025910334,7.826758755512431,7.648194546795421,7.66807455768283,7.693902473702983,7.725564595834557,7.843251508584584,7.991459023893784,8.090495240059226,8.148866276692338,8.21748990287108,8.294268632733832,8.311797596283892,8.200287503611595,7.889332806632991,7.2129232162915775,5.047226224121285,7.091448947079134,7.731860217666648,8.151633234452978,8.481445522889675,8.724654692835786,8.876621911376045,8.936978062887336,8.903762625769176,8.769156214809707,8.516514861808202,8.116997732200145
-0.6860000009044224,8.893902419977612,8.71259552482694,8.409340045765704,7.749197666710074,6.81682169716583,8.450244965820824,9.133225548169689,9.54688786488386,9.801987116503678,9.932265103697988,9.949476709053933,9.856773636372004,9.655243272551717,9.355597851136647,9.009971895270448,8.735959051178424,8.585618839670195,8.491111576695426,8.454116647283337,8.494735700452102,8.534487150817391,8.48530774319799,8.29505591583474,7.915711736538288,7.340846573934504,7.209597842536205,7.524055046727531,7.626722052897726,7.569933617764045,7.620099872178902,7.883209655238488,8.116643008718054,8.217909019605592,8.186666031167427,8.046284587081937,7.827414264345035,7.516571190766718,6.889622922637593,5.9161103239224975,7.513612612710982,8.140562159238426,8.46987029940395,8.62434237166271,8.645726065605679,8.54805850195167,8.329013617631949,7.996361361742857,7.758941116898202,7.972360924962821,8.276371739704508,8.459526540119342,8.521648352358524,8.484712885465749,8.371403420357936,8.21036223729561,8.043974984657678,7.926342751035293,7.898969762468414,7.964243674724396,8.085728706277775,8.213037488078161,8.309493805067696,8.359773991395459,8.362433633958208,8.320217252898097,8.234241114003176,8.103508016794907,7.925166119480119,7.686299026727061,7.342634221653822,6.79300054445746,6.259404451227587,6.786957728244021,7.160020186625521,7.255826169832303,7.125183462632854,6.800598483921896,6.594844763522641,6.855545905049779,7.076943704933026,7.0982656080608875,6.920613877012316,6.5781308036997945,6.349036093462235,6.487337204209891,6.588801122695767,6.47919579963538,6.0932520732305555,5.1752509727799865,4.866194334245301,5.769100157082618,6.104379475322415,6.248077511994163,6.311463309451408,6.334304900886177,6.316173781781797,6.236204443791577,6.075780021489793,5.865152970498578,5.760396240760245,5.830068787904585,5.860524053959115,5.683522151909778,5.211637373113271,5.211365575417658,5.80309632660637,6.0933688867697535,6.1085037203051575,5.863182264206426,5.6201673211761385,6.069301018358308,6.4864053996930435,6.641028299813151,6.498494460375911,5.770138679581028,5.590494125464942,6.800986934568512,7.2788334885860975,7.458925279985098,7.411258037563058,7.145053674975845,6.851723861540756,7.069105823266825,7.337839889142404,7.365347104011912,7.11680965908815,6.644712013101134,6.80379478426096,7.233370181543818,7.4317132906314685,7.514110729976992,7.66528024163563,7.927284098239477,8.172817819108017,8.32489445877505,8.361094713668772,8.266411703777166,8.013638508791109,7.605338058484297,7.542635867811997,8.002825020300723,8.347149905677872,8.52340520895411,8.562832889072926,8.487443151705444,8.323992171827275,8.131724509736522,8.016057707431994,8.048449142213975,8.192030528591047,8.369817002761906,8.520861607388838,8.612372390432885,8.634307362876969,8.589115509258432,8.483882551641601,8.325116290610916,8.117234920675461,7.876941182439794,7.704892134196587,7.8008597056124955,8.083435196161172,8.340939130487563,8.502538867949445,8.552537503099954,8.47857458302972,8.25413627985704,7.813737786730555,6.939107943706353,5.147323061817885,6.5617942811263115,6.438726326265122,6.434708393697274,7.356039253685285,7.8575549219998795,8.105779749203949,8.216791540121056,8.265847490653005,8.28073115043038,8.24249190066747,8.165428324852344,8.191377299821717,8.383066391510319,8.561188587311225,8.614179589576345,8.53103102913247,8.392124085814956,8.41283797947489,8.61694690541214,8.807996351414529,8.914217592035282,8.936421647187855,8.883051131677075,8.755765068657773,8.549709190427262
-0.7717500010174752,8.908108592866387,8.81644700521044,8.6629045740817,8.369494473942137,7.712117185270295,6.152228374795527,8.193091274691477,8.842785312249047,9.199324178045456,9.388561679024741,9.446386780377567,9.383813664938236,9.203199880380089,8.91108165045032,8.552204625931576,8.261824684381029,8.138598364214925,8.112367786224638,8.167409848477057,8.287655589915046,8.376748530254549,8.357260072826755,8.18115568383178,7.786683037324347,7.180226679462468,7.372622148166809,7.827614582343362,8.028934747973762,8.076731576997961,8.103841278068277,8.21676454274787,8.365439746970187,8.451579420977916,8.4337744025086,8.304514554820404,8.060761239641948,7.6652180508363434,6.928403536953462,6.736966699676529,7.7105291863582455,8.207340548062762,8.462656464482489,8.551640109694311,8.498025718122975,8.304462550922505,7.978586319087241,7.692540590459668,7.837817619634471,8.12993741696649,8.317010347122189,8.388271113423437,8.363502657145435,8.264418415540197,8.12243624208311,7.988962347069624,7.922403446594133,7.946332012914998,8.045405911028194,8.189930278744084,8.340193476110969,8.459308226822138,8.527710530393449,8.543521625205637,8.51581088176245,8.455792300573872,8.368272156047441,8.248337193051936,8.083526499828233,7.853034281954499,7.514647644389481,6.957313147768916,5.6285239355774825,6.0231848119260185,6.805915580853991,7.043802172951405,7.058586190527369,6.99952502504832,7.04419782253341,7.188032128969118,7.271505039867885,7.204880721268851,6.933268180470021,6.373333962709028,5.876376414213559,6.341237788635879,6.57931881449347,6.520597361475956,6.1831106642189075,5.455092579146943,4.906744720090931,5.656260146577964,6.044761212323219,6.279957585195129,6.454519240027026,6.580215155098183,6.643930358347227,6.628229460661505,6.512595269578257,6.269186181597686,5.8625436233144725,5.351852111598288,5.322186408841574,5.639909920981188,5.884543727518223,6.077919069481047,6.234094921767091,6.335855364774667,6.393860756574489,6.476883244900355,6.648414204406951,6.8547876102975955,6.9967511946673175,7.00446903779128,6.800779157898063,6.213135471370396,6.134719929788411,7.003418814404904,7.436230023703704,7.600242699511742,7.54988590398989,7.314951163998416,7.16403810367807,7.454791904459791,7.750738469565881,7.878920232642151,7.864044666602663,7.774931775471325,7.721679643921791,7.7549129768691145,7.815597571993899,7.889047698885212,8.034133572558236,8.247104738496525,8.443967796235176,8.563259247634255,8.577239168195732,8.463499023016086,8.180005958889037,7.650475405636458,7.369340676937196,7.980601672674861,8.391216565113426,8.59827244273922,8.667887097854516,8.640255411006716,8.55563386916905,8.464610491221144,8.407711798098356,8.388194204790283,8.394802372303957,8.431351167411524,8.500055656481269,8.58117569742015,8.646693932313267,8.677595153500464,8.664878664354523,8.604848835721974,8.497210444351383,8.35012504734689,8.200202859980601,8.135099431023372,8.21148186567307,8.348526088416882,8.445630858171294,8.45545968449398,8.359958345132815,8.162337566091855,7.935515741054556,7.861160987295512,7.924136376633139,7.912431806995841,7.718605457931164,7.3979496046396145,7.5007612134231785,7.8888587533187655,8.13119838814214,8.236304623935029,8.264800125673476,8.25952712435334,8.255204487239203,8.330544698688266,8.527691918313064,8.73854682446371,8.856173718146739,8.835498484054476,8.655907788090014,8.335856514676586,8.152471932646906,8.384286043829018,8.642664746583147,8.793178316320251,8.859472977505893,8.867087740447447,8.824620422051773,8.729361693571127
-0.8575000011305279,8.8518880812316,8.807010037014331,8.71719473534629,8.564888574535717,8.348128188621278,8.059660425360587,7.673968758894883,7.272183247440697,7.451369654553712,7.8899099626694875,8.162878209557276,8.260346419447075,8.19753934897716,7.984000262090787,7.657751790578143,7.373227865851045,7.321862970377211,7.488511850169086,7.789316713468184,8.069323421865066,8.226786584884751,8.222950656322753,8.01566173437534,7.486098380832085,6.7430995425481495,7.586986539569571,8.072473782020262,8.270026955972323,8.305747498079683,8.281198875649284,8.317392530993237,8.429498212015025,8.514975756359311,8.501503158355861,8.361918240253765,8.07949689991368,7.61529444543528,6.923907181088179,7.162256517958609,7.839257047110256,8.23795486952892,8.434469214370875,8.458248093300549,8.299751761228235,7.8944242272012515,7.043985678457032,7.145397792294239,7.836117038666359,8.132116708512243,8.227766170432783,8.20065725841642,8.099836831445748,7.978467685004143,7.895525909755247,7.88331159792372,7.93664019416534,8.051835879408731,8.22644971957276,8.42524703400278,8.597726299381822,8.711446546821053,8.755861186953698,8.735236887278663,8.66385588640084,8.56094264080196,8.440430286822824,8.299922175958345,8.119817239826114,7.869549856344042,7.506945478841118,6.969427955244589,6.342744366713167,6.528177362872677,6.888946812769655,7.068517175066483,7.1546420208232,7.232862030936362,7.335161265773894,7.419519410433655,7.4216237572412105,7.284389391801245,6.928883888296703,6.107398743064282,4.964642454535667,6.337572862347348,6.6463426688039755,6.611513151433757,6.318804880207568,5.7483751067709195,5.074017037308774,5.399166786649189,5.854784041952923,6.206237485370401,6.48345347994158,6.682249005131684,6.7995161000108935,6.831134933649207,6.765029868750921,6.57351725658257,6.187978089589466,5.345178379678871,4.418506645136617,5.855387214975164,6.348852622574398,6.611448709573897,6.770858951539299,6.885108054470943,6.991618438844944,7.108509148353426,7.227493781249568,7.31994465570221,7.350039559731083,7.277427843224722,7.047384918781534,6.627208664942053,6.64365759354404,7.201283627621351,7.557034921362722,7.69960512995243,7.661194662739281,7.489677510783252,7.415254244542402,7.655334086575126,7.930236572327043,8.095714581962262,8.16320162665347,8.17541866340373,8.174462109585326,8.179357315765525,8.191933397288118,8.23289222083949,8.337801307492098,8.493004195351071,8.635507660942611,8.711805193482121,8.68872823230593,8.532332044363383,8.170329468311708,7.337011631401615,6.912446264159454,8.013884573991533,8.457106538159453,8.664236972052967,8.74044424391455,8.739120461901761,8.703555385924332,8.663936897647357,8.619836264940613,8.545875857593465,8.422873750379532,8.278434375655504,8.226769556727554,8.346184853200379,8.529851394899769,8.675537486247384,8.755089649597723,8.76854050829927,8.72230823324348,8.62707627939413,8.50619597997455,8.406532823884852,8.375792863317724,8.40057094836176,8.419106291431364,8.390035493278637,8.324259426525938,8.297218668919685,8.377180409557315,8.505522100313646,8.587091776074278,8.578411568601835,8.477188269087268,8.3259014708298,8.227280626425415,8.239326535781489,8.282327420732116,8.284020649708166,8.23501003346588,8.156738844277491,8.12786922934677,8.28918123732762,8.57698380918276,8.811453629704085,8.918049841935922,8.874510095391582,8.663366235352603,8.284489988974325,7.996757878930599,8.207596695476958,8.465814523243486,8.610588885159363,8.68663997660426,8.73325980615064,8.755647950191623,8.738037195668472
-0.9432500012435807,8.695082111344728,8.657816390038189,8.586724363186978,8.501752458867072,8.455815547216332,8.484738078287123,8.569599498713924,8.656724889585062,8.698844772794349,8.669130176113399,8.55450176350205,8.344527464984967,8.02089293893238,7.552600704066228,6.932507525443113,6.304916891881979,5.499146746033559,6.566532082363242,7.44131276773406,7.889585521376335,8.075607514779682,8.032132390053162,7.700711642314714,6.660193008245525,6.805936386024414,7.811914505039163,8.193173180084202,8.329251516737418,8.305679752190278,8.19858683056215,8.173023097652926,8.310013395861763,8.445983287824186,8.463786815681406,8.329033073955168,8.025249781793368,7.539843028464496,7.042960158017423,7.326470737546917,7.85136543083936,8.20949681278299,8.388238571247067,8.385409769664728,8.172526638166213,7.657692078100746,6.938300661946397,7.534432419165804,7.942537824256337,8.058277968548463,7.98729957484841,7.792865690919233,7.572554965495575,7.471498639168953,7.508742098271958,7.60222735608739,7.757870648515692,8.010372488467285,8.311192161226453,8.582337083395501,8.782163136628528,8.897909159494006,8.929567261349694,8.883779856636346,8.773635194335013,8.619486244582262,8.44378753242449,8.254940023541538,8.032720231614986,7.731442722040964,7.294155983597218,6.783730569782573,6.843317136165317,7.183431270208466,7.383506807305538,7.476852709661695,7.524027592181007,7.561876569465514,7.592773566431291,7.590983461514776,7.516481010540766,7.317193052322894,6.903475874263804,6.017074332855866,5.740754193201244,6.543916923892771,6.7803333675142605,6.731322363707908,6.463365852836632,5.994564369553092,5.424493372607468,5.30310777139738,5.714896407304215,6.149957232908654,6.483686902797699,6.713595541007543,6.855108594032581,6.915657966282397,6.888794120851436,6.752622474253722,6.460359351111964,5.9151192420514676,5.47963208122999,6.1581989888434645,6.64483734653667,6.942199195934259,7.141311829327941,7.2892288698824945,7.409096279619329,7.506533368596692,7.574313775898251,7.59739855921724,7.555606647269522,7.4233884149246006,7.177948856557209,6.910566528978823,7.041896385676218,7.412960528304203,7.672000506004458,7.7816613671823855,7.762945976679715,7.673277222066803,7.656580405436675,7.808990629202288,8.012330663636154,8.168171210847174,8.264789518068051,8.319801322271125,8.351306189298276,8.370028708751745,8.387476462499555,8.427565307771209,8.512617120880543,8.628011501053347,8.726734235733941,8.763223833927913,8.701254442019486,8.497082194602436,8.055388493395244,7.083568035085735,7.484214479917099,8.215005207294995,8.547778744612877,8.694527674500048,8.737513775229107,8.734003005487518,8.727482074141555,8.723669186619867,8.686409953473161,8.564645193783582,8.30225854870618,7.837305764774865,7.509945505560338,8.0044216552177,8.426167199236795,8.672292887064568,8.802514030216939,8.851140245504846,8.837045101681298,8.774691201857358,8.684223156632056,8.596491130247136,8.537357113596252,8.498571747419492,8.44732605263933,8.376677269461203,8.353605548321735,8.46629643400986,8.66094941343817,8.827929126598468,8.920233350587251,8.932827825134636,8.879663011756955,8.78957851643507,8.698686919935819,8.624053718037365,8.54778414493133,8.437700519439707,8.264400489535241,8.011692797839967,7.843995729393259,8.15074969994848,8.57138919075494,8.846833793005825,8.96201510701498,8.922093904464496,8.72328623741382,8.373902329956378,8.053755079063091,8.117434912808895,8.294704286970122,8.38382186300092,8.425575170985082,8.48626692851439,8.568450452288324,8.625325412052458
-1.0290000013566336,8.394355143089282,8.32257352910106,8.248514010572709,8.222510506443687,8.290286102519133,8.435295135371334,8.602601866749325,8.73627150363473,8.7986663684128,8.77051487307177,8.641556811315706,8.401021339170347,8.03069505560885,7.5158722579218935,6.967077874658754,6.6358217387788185,6.174537023265087,6.680876011172994,7.4673412029851995,7.8552001747882425,7.965744145009481,7.824796360464562,7.422027955139426,7.231396718935982,7.7141654453291775,8.054249216698716,8.200040175963812,8.192796147433848,8.03535550142322,7.759364720658445,7.740191741218894,8.099711927109311,8.36381289648546,8.43586526507442,8.318428543381739,8.007513138901482,7.507928115869607,7.016828965850313,7.165563596346779,7.6738016455619045,8.081329259634273,8.305444662031015,8.343761738007924,8.20850888054663,7.9787016390565775,7.920280612716271,8.060863596593855,8.12337977186391,8.004896249589997,7.663088905026418,6.985784404704604,5.27656768571306,5.905718682353384,6.301441675340901,6.651000041428124,7.334261649688002,7.918694643801998,8.355018301605687,8.670525326710463,8.881499855494406,8.996171474797253,9.019663657124372,8.956862138074168,8.815214443229154,8.608762121923759,8.36120378665051,8.096343000013352,7.8055930857726645,7.416692426326085,6.774460026736717,6.351980437160279,7.087561984571785,7.5222180245863,7.751362122320792,7.866777144444339,7.911530475151055,7.905474414737989,7.854823405342946,7.75497721062693,7.586303361662622,7.303393595796615,6.807008686095453,5.9266168047066135,6.204656988000404,6.738954687848536,6.903652918603027,6.833262822233918,6.573705528249296,6.156701187020847,5.693553992392945,5.513154921235849,5.794393074100554,6.1976262583402,6.518682548349241,6.737486591561493,6.873405924753573,6.939574054836169,6.932889375988296,6.835875722038563,6.620959472484577,6.2765615482578685,6.064980676226445,6.411343656967206,6.823482439605795,7.128090154831412,7.351850102792747,7.521137389520558,7.647531052489876,7.731216005342128,7.765100494338359,7.737419058861299,7.632666963946578,7.435978322775614,7.176134653873229,7.089321523707497,7.339470662852604,7.619474773571404,7.794135686174595,7.865844208885217,7.869211494862158,7.8620410418214695,7.9020303469065505,7.992706066017463,8.094544097862379,8.180180242326635,8.245665380241434,8.296914897190325,8.339480106467285,8.377314143868556,8.418152339954608,8.47598276404683,8.55882356912244,8.65097074201776,8.716570614077058,8.71655055200945,8.61290950060924,8.358284826296405,7.901923400335537,7.6496420436359704,8.129237483119365,8.495108489855658,8.670403231949448,8.712925825649199,8.677018908275876,8.633067572575701,8.639068236312637,8.669442213826144,8.64362226950425,8.485341399206984,8.090448856365047,7.048209967780983,7.097446475770287,8.10441510222172,8.512379055411458,8.71912983932687,8.822352255291985,8.861765554010395,8.854712632281014,8.812248495609879,8.751092506583635,8.693816503918914,8.649506443674916,8.598009770892238,8.510600171410019,8.400539217798649,8.38322485183927,8.553992256993078,8.790818508483072,8.97689227572387,9.084990697108367,9.12217194388864,9.105673621032535,9.055913258070417,8.989055156127433,8.907770212176167,8.798037528449795,8.631370217192655,8.358129119783168,7.8840770501295765,7.443739234669868,8.098879457456702,8.625313556765999,8.912093874778511,9.02483328017236,8.98650052682851,8.79879197558327,8.463342854525527,8.081914703746365,7.991931668851595,8.10263618766679,8.132630024080258,8.092013416653812,8.121766415069922,8.272941246952858,8.428219434613196
-1.1147500014696863,7.8563695768962996,7.645144379547852,7.618846558700328,7.806724076521664,8.017442421116082,8.18146307554977,8.295693104064604,8.347642627135235,8.315376208377309,8.18025381421524,7.926859779995663,7.52919339932707,6.917339903064984,6.0858590948368,6.254355520511972,6.54772734384008,6.849538788007408,7.369313148221577,7.77624413247877,7.971752173748127,7.963783043374404,7.81589817345767,7.800732124863326,8.041476664038452,8.232740919888865,8.26054415891297,8.120584573383635,7.8058059369706685,7.22037167787825,6.545707234528442,7.562389065666003,8.1488062187788,8.430604098392847,8.494414316700393,8.355485963906943,7.9912301425322,7.343853337628987,6.431818133051146,6.256134242766003,7.125408110235597,7.784391805547898,8.145389852554276,8.28625523696771,8.280430362226804,8.237290828229144,8.257503064145622,8.289390453684392,8.221756719635923,8.002860319515449,7.683335708801673,7.536347237737597,7.588502880057924,7.501675654671354,7.047461643197475,5.920186687608392,7.293028266670019,7.995256447101194,8.417908143176174,8.704912360918433,8.894543507540824,8.99561552648372,9.008245993522966,8.930274616498648,8.759468958973466,8.496619989836407,8.155156788384392,7.7793987035756595,7.423054402906856,7.010812856260413,6.109975713349306,5.965455495961369,7.167479177112294,7.68331124762224,7.970934116984468,8.126900156073557,8.187422179707871,8.168846721491086,8.078707462246042,7.917418898755109,7.671876630710184,7.2965456160262745,6.6497150442865545,5.260395549911403,6.316106008048824,6.829621925531972,6.967887915521972,6.8831916103427355,6.615941782268358,6.197417683997319,5.754297003284307,5.603888792662357,5.859567000978768,6.2383555680236915,6.545030674653015,6.749108063439192,6.869429311678559,6.923896410215427,6.914545617904502,6.829086420720846,6.653416065582852,6.414736266102398,6.324029895706829,6.574685853519071,6.9139187943871505,7.200586209721531,7.42835150989203,7.6065589795268895,7.7372975741108725,7.815021566148686,7.8286092167046055,7.761804927253543,7.5924790408341885,7.305798423701014,7.039953125045688,7.215319022305935,7.565233703915049,7.802660829265432,7.920842755759329,7.961627906693997,7.984466635361715,8.040030079297662,8.123234504860223,8.191557685434756,8.21687793466969,8.198638825664148,8.158207858220326,8.13050388461134,8.144564250557638,8.202512166482185,8.287179075165188,8.383815240089774,8.482412290028943,8.566509176905054,8.608605258278185,8.574021382477117,8.422584555787434,8.115581268201575,7.79506288472374,8.044619638198812,8.439331426842884,8.667262749350105,8.742622803832917,8.696821446589817,8.572754767182511,8.464881726921814,8.474587346772902,8.54170074533941,8.532723058509507,8.358174071370195,7.930898903649423,7.454458989994045,7.982269281563996,8.433882090379585,8.662218827950742,8.761244769200799,8.792344766900722,8.792353811471063,8.77474484925544,8.742787657735812,8.70805509788561,8.687628731523015,8.677802739188763,8.646504041888532,8.562514447030551,8.44120337453485,8.40801299114165,8.57780310978078,8.82309134493256,9.020124993115102,9.143790443713826,9.203668487579336,9.216457996675025,9.197452587997752,9.15481202184463,9.085029000758992,8.97096532397175,8.77918006354996,8.44387052186988,7.788746984926623,7.07857475276503,8.140886457250847,8.665254323219914,8.923338914857709,9.011097583700233,8.952748242602587,8.744090682647371,8.366788408102359,7.875719501339329,7.734381075502255,7.900549639529062,7.916160750001937,7.74929861387777,7.631908137972107,7.884757284775808,8.197454173502335
-1.2005000015827392,6.9164773377771285,5.10626270121801,7.131892813717587,7.699892871703907,7.9502584805931855,8.024629263878648,7.955871592638517,7.729965748883924,7.294369604660999,6.720547286504189,6.8942382354125815,7.227938610027426,7.330878118246395,7.291787597799176,7.232120574325927,7.299570825286634,7.550927151774157,7.8427956055106085,8.0366172213928,8.082504532828068,8.00267166024136,7.980215919737386,8.19194746100309,8.415814415676552,8.487060308280075,8.360034559495737,7.977121135943271,7.151364357573868,6.885477687605768,7.71702100436827,8.163279478721895,8.445943651068188,8.591334648904514,8.577279165312929,8.363965134744625,7.859337079688337,6.741798821578606,6.6053147594501285,6.986469260794453,6.732118528458382,7.262942713952588,7.86385378479887,8.155674798234958,8.268251649681867,8.309403814777443,8.33699880979889,8.3257292626494,8.239760154731586,8.14476180544353,8.199317210725296,8.343264443476846,8.396316213739276,8.269056437065819,7.866202705405819,6.8029033115829645,7.216192044629849,8.049032012521373,8.445239750310927,8.676374438988322,8.816313786357513,8.883459851442826,8.873634966830414,8.773952691695895,8.56672344613835,8.227818932895598,7.73472708837959,7.206439619191707,7.098662633619039,7.106171215502785,6.818246342446156,6.369238066707539,7.116001626995536,7.719462236782312,8.067173165842407,8.256711826482846,8.33209664477204,8.315212713338418,8.21754997781101,8.042110427578747,7.777830049447984,7.382148079133833,6.718550273964263,5.274203209248781,6.312518456401228,6.828286796773931,6.9607987934989755,6.863477632374288,6.5653739865063745,6.07081346056178,5.507206649927468,5.3977025525303475,5.745596072519377,6.1622563333202764,6.482310188774035,6.683351305003496,6.789239094755242,6.823178800165801,6.791296215511957,6.684713078175991,6.502270935272,6.321940812358476,6.366904883669642,6.639798106145155,6.93438871786951,7.185103423530023,7.393215453700449,7.563485854844184,7.692254101773496,7.7678997758947705,7.772035298186064,7.677160608323969,7.438420171297174,7.004422109906492,6.8069374330958805,7.337768229659841,7.742410145052185,7.958057936285181,8.046356835744016,8.070311542454304,8.104930984343566,8.1909505848596,8.292182181849592,8.351884327612456,8.337814067512344,8.23727549609367,8.051482153145578,7.820627313651013,7.690021785658598,7.785967418271556,7.981663212842766,8.159654336551469,8.296136003372307,8.38660072128305,8.41571373310478,8.354059207190923,8.165044698194297,7.8721483709833615,7.87938177465252,8.270364990907856,8.57457594714046,8.720248947733296,8.727568528859065,8.617003722138907,8.426720128769222,8.274805205975648,8.299694347129773,8.395517974206205,8.393875638439257,8.214458164289374,7.864552727632747,7.855964047478634,8.283288709565774,8.574961353036008,8.700710114778614,8.71476469953361,8.674227602045624,8.628277924605248,8.594633295361515,8.567154024474366,8.551789718685407,8.565225343598376,8.595992350419857,8.602608356921298,8.553604855474513,8.46637454499001,8.447966453757434,8.597462141391452,8.822962801033016,9.014466415414446,9.142901438713972,9.214823104460148,9.24500929768955,9.246209762218843,9.222860532377732,9.167000350503542,9.056894985466386,8.854300679237777,8.48543957136711,7.72775306764722,6.816041919896609,8.101521488483586,8.58579439831538,8.799624772867068,8.846617624588447,8.746629624025822,8.480051768925543,7.9822225907202835,7.2590582883924855,7.446560875045505,7.791787455369343,7.810503863663802,7.521161178337287,7.038358252498271,7.472675346060829,8.005640765917999
-1.2862500016957918,7.200289216632167,7.341642845282487,7.648609403807257,7.900130255511843,8.033551061258404,8.030850380861109,7.868039649037913,7.538457187462402,7.353819090424324,7.6760910316161155,7.96437992333029,8.079843681428757,8.059617161330934,7.964170586003146,7.885762584352253,7.912183876512732,8.027686144426848,8.138509183826029,8.166003206474278,8.075999853110194,7.953194128736422,8.079839610480315,8.36898097145703,8.547202325464552,8.539318172887755,8.30995935359888,7.807079195883344,7.509113677284313,8.008704883560538,8.355301102453321,8.55207217498113,8.670447688462108,8.70515341249127,8.605228071027764,8.28571966437372,7.514997557922316,6.546426329712254,7.688881867737667,7.927018487190902,7.760024216914325,7.366138443249633,7.5409106253576486,7.945697332336791,8.157185324321393,8.247258999724217,8.284164094485252,8.296104842979169,8.333464088807785,8.478387115707868,8.68959613128387,8.847667183091888,8.886483063974756,8.771702124818356,8.448008386738756,7.716419027679651,5.789738937479573,7.846857026229767,8.341129935301584,8.550477913746422,8.630218497979651,8.634281043565737,8.573619012093516,8.429106021342719,8.15683903247595,7.667474924204786,6.723791002779805,6.677783928928019,7.3008344091463995,7.438445950380214,7.235130910485112,6.660530304127338,6.943144260504151,7.650449165760273,8.047207593507368,8.257415320732314,8.342841256348544,8.33435447782891,8.249479660072302,8.09638069635428,7.871776544794747,7.555990506636185,7.111257747756502,6.571446861028601,6.499826397623005,6.776187753189505,6.878773905732826,6.765090065007599,6.417307873023522,5.745864741686577,4.496637009043944,4.92172936981029,5.561761417773943,6.014351497517105,6.316947610075531,6.4769037890394845,6.531540501488765,6.514848093027192,6.429702128768427,6.248219082459415,5.978688146660577,5.914799643232541,6.261144983464987,6.6265363979694385,6.90193195789288,7.109577631801511,7.27396184273853,7.408586024018946,7.515426414885969,7.583237438524087,7.585568324977966,7.4761502061664435,7.164880585767104,6.446846909869368,6.6626018677877665,7.466762663732518,7.879660033725413,8.084844008910158,8.164400814662912,8.185673979810403,8.222258176479928,8.30665996320319,8.399035020210505,8.443751088981832,8.404613211198942,8.253588873045718,7.948048725034886,7.385655334662588,6.463903407414747,7.080955873061533,7.634333647626153,7.922285381602317,8.087522346007827,8.179365964373636,8.204046066021563,8.14589445897422,8.000583134590537,7.889955746262756,8.069822509859103,8.37875764454315,8.593641931693899,8.675567362362054,8.631117843630658,8.476780141769785,8.26415439744804,8.138138055985436,8.194063339584627,8.277996613778948,8.24317519588421,8.022249301438594,7.680385008620607,7.8321375185124555,8.248374976776612,8.488028547304758,8.561097445462742,8.52080906466065,8.433131321985872,8.364792956852323,8.331140057464145,8.305129085914805,8.287728046262854,8.311272153865268,8.373603605265664,8.427348066824285,8.440668001310428,8.436237977033695,8.492299872996757,8.651372807765089,8.849120831756455,9.015501497007293,9.127448000014228,9.189473216357566,9.215983764009845,9.220481200263292,9.206242486949016,9.16109010213725,9.058412843009219,8.85746072644483,8.486570099096872,7.736893531294733,6.057605310805707,7.837719125375566,8.312828275660667,8.48427584836772,8.480113153487729,8.316329407048594,7.937544825974737,7.099105425924008,6.449655288321243,7.504058373907522,7.808286226670088,7.7736792484124715,7.3975530849060585,6.467344921657596,7.224123599306052,7.901009078359326
-1.3720000018088447,7.676843849370015,7.815537128184071,7.903246289445598,7.966361409189663,7.997653567119817,7.947510349638143,7.751571426385667,7.3957486661182505,7.338417010410873,7.755698148732066,8.056888492680997,8.193803024352329,8.22360505693876,8.211880070357692,8.219042196948196,8.261217741269807,8.300991326609703,8.28339918238529,8.15640146690786,7.894090728899773,7.727421380569595,8.038772987390287,8.362309418007186,8.4900880281153,8.406549263815451,8.10306688616769,7.805648238461616,8.103238061809025,8.452920185705384,8.643251802943206,8.73348729770298,8.767657804344438,8.73145427128395,8.55806873779946,8.11355856818875,6.862720477395538,7.507972675083881,8.199080654612859,8.38068401168247,8.28008246143816,7.959828260972616,7.666895341291137,7.822194436032744,8.046906055134587,8.169068419321247,8.247301445121748,8.355381849700064,8.539939190513774,8.777048907129858,8.992885420614062,9.131207235321124,9.163741219149973,9.07064954456252,8.819527262883383,8.323187353735284,7.165979100133536,7.116610841818867,8.001472602748864,8.261289872293814,8.28889516881937,8.182077964410459,7.989206492313398,7.719054023690541,7.299132378731881,6.494240366541755,6.4662356852917675,7.2335731425171,7.541491303183946,7.5695287971485525,7.32313825681475,6.65085022060404,6.656259977385182,7.481796207972172,7.904986795738279,8.12224922312018,8.215155971166029,8.223345492777426,8.170162652160794,8.069347365495211,7.926134755556948,7.7359679865313105,7.484508787538108,7.163369967105533,6.84229127132531,6.71075398119762,6.705848517768607,6.593303203001036,6.264511562763487,5.649924702851484,4.893223418398355,5.178848861915737,5.722516085870236,6.103802725885062,6.273948179336411,6.227894101625152,5.976687575170567,5.594841092356853,5.259151713325582,4.720583277148122,3.765733386465662,5.572182832417965,6.232843396271913,6.609867914659314,6.849321183525486,7.00865022326427,7.112146413201481,7.1726967348112325,7.207626262779979,7.233688045126233,7.233149795898034,7.128788799669939,6.748259579153077,5.206227678562152,6.769808588063899,7.572726397163908,7.9723751112337995,8.177266042411373,8.264115455570971,8.293829159464439,8.326413229779856,8.387514970179131,8.448553193132065,8.463333459749524,8.394246942618958,8.204600670039365,7.83507790619805,7.175383531485363,6.886417814854934,7.510383004929272,7.860283801518828,8.030919767972987,8.110974839825731,8.14568500982686,8.151507810793625,8.128443987524825,8.088824869686674,8.094532693121177,8.210196911838084,8.379513456077705,8.50158991678899,8.527837475220482,8.450145437850226,8.29381301035143,8.146561666566722,8.12519756629592,8.191216929327974,8.209649115173121,8.089130431227352,7.742533043512096,7.092714336186874,7.320181469264541,7.88141145921532,8.131665695323429,8.185417474487771,8.131031805030611,8.066986498357924,8.059436559257245,8.071603541802364,8.043552870317852,7.972771094445084,7.920013780558826,7.952178836566171,8.053388100600586,8.177185888978363,8.324038081022406,8.511697635680894,8.721504115374993,8.910456110756282,9.048748474923125,9.128062981426734,9.156018605979984,9.150829312473585,9.132926760308756,9.110380294429394,9.068999146143954,8.977415839726714,8.794925053476383,8.463888681058279,7.856502261962833,6.312321882607788,7.106646123672319,7.701548128956007,7.844070443452553,7.7617357421371675,7.462820193068441,6.718692714364144,5.62769770834286,7.2207391048288105,7.687315046856003,7.819650058970069,7.692317895070411,7.215686940491079,6.210243670336621,7.2660993619199,7.87662754614039
-1.4577500019218976,7.783883605733661,7.885936659226246,7.880496966612663,7.81578449585855,7.742354079923947,7.638910031180745,7.397348890145947,6.876167375165525,6.777480406502389,7.470897027483212,7.885596833447156,8.113689427976526,8.246674551184574,8.338282964955235,8.40849059697701,8.446566456570912,8.424090395422207,8.301185414762793,8.014266626784357,7.459508861965519,7.235958751644263,7.86095384684561,8.19329138667204,8.258121014994838,8.104285828874183,7.8957466089826305,8.097361203168546,8.451326391517158,8.668244835373526,8.759773503051592,8.780209624848844,8.762910247754435,8.68242961055013,8.452437634087117,7.879808025736244,6.368225969907841,7.912087576677676,8.43708412863911,8.593131511201124,8.525258521234484,8.292700674910511,8.030082800724436,7.994790404486067,8.121681385728104,8.234608310292483,8.33912771141376,8.488278518040689,8.692694400575055,8.912097362132156,9.09650849413916,9.212009232203826,9.239238554468598,9.163690396772449,8.965290027782068,8.601524791380607,7.9496323094401555,6.244152771767512,7.133436820052099,7.650026438622476,7.651879641779882,7.291711579461108,6.326226697293318,6.383838434359182,7.138155042798617,7.414484966496229,7.523585820518852,7.572875226878325,7.56805254689984,7.448553822317935,7.107159946213378,6.246887202336154,6.3177678873388325,7.217258000201881,7.631469781173863,7.848079821369799,7.957161477285357,7.998926256725945,7.99741209342645,7.972906305392439,7.93669873578457,7.87488716187148,7.749030590819177,7.5139759329792115,7.134556013599819,6.6540053972489295,6.394686385113473,6.401206702334204,6.3397772081549775,6.154348822375869,5.819117885587296,5.467732017122699,5.954223453192163,6.413152189355196,6.572317668272065,6.457511674234355,6.05631798145159,5.630082755845126,5.91794201188482,6.157582325536474,6.217558890553099,6.2913046943758895,6.4810793060788106,6.686542866096673,6.8374816006929064,6.928391258723777,6.958831255064355,6.914903484789269,6.79073792394204,6.647312958036191,6.6008884309724145,6.549617616063559,6.129448994317449,5.169046890856779,6.927177293353285,7.624249366697691,8.010117462590475,8.224153653748505,8.329492381130434,8.375530535709904,8.404753198041561,8.435211479571723,8.45103191001604,8.419196902369723,8.305074602187933,8.074519954819717,7.724340156389428,7.536014505840879,7.8179872737363825,8.115032127526158,8.283787564654533,8.351806287812595,8.357269847727483,8.333019355195201,8.302473446846218,8.276865099122032,8.259693457637516,8.257875382543318,8.28125207570416,8.320376911129019,8.340225530346157,8.309202149104475,8.231030877968402,8.16522265724937,8.181920076130409,8.249347500419553,8.277984144582005,8.208778725921286,7.999520085804105,7.578167470432892,6.748793052973143,6.489622656999076,7.205785003229564,7.483148674731093,7.580715086628688,7.658053230556949,7.781242542856437,7.9004797708824075,7.954250086078974,7.914688328665723,7.768967904627705,7.5089840750801455,7.199563750931562,7.250910028572198,7.701943997132094,8.140580596026853,8.495640164322637,8.771901436350454,8.971529798001862,9.094429577618858,9.143164559305497,9.127153620178554,9.067035866096917,8.99454371525768,8.93597999495338,8.886638522254907,8.812452349799157,8.673372225944464,8.434054872563685,8.06470918040817,7.576610474209114,7.205998180003598,7.156823571982376,7.0872090995343875,6.877568122880081,6.727755543352999,6.971629218583872,7.361156109082078,7.654920570505945,7.801698300321871,7.779232699075406,7.542817286256813,6.997967696484208,6.813855972134769,7.50542430085109,7.922158217788469
-1.5435000020349503,7.695037826604721,7.712475366066034,7.603167709781638,7.372592273645105,7.096159876870384,6.863633910716354,6.495195090860873,4.923304531619521,6.499327665829103,7.360871314466644,7.816471205745362,8.105203608442,8.302896489835314,8.437458362518722,8.512053354742426,8.516187106296032,8.42920734254541,8.212514058948884,7.772405758479539,6.696112781298848,6.632191657542394,7.592431176653954,7.869538333523257,7.8707327830353835,7.81690571164321,8.05316388877974,8.410994410867005,8.654067602942455,8.7638524798915,8.776260104601034,8.741680918690182,8.690043901961431,8.583674369950138,8.316054968505977,7.6383517623037465,6.620631258159915,8.021429055454426,8.479940863265535,8.623708766267951,8.575973105080084,8.408207416339668,8.247043006319801,8.234475228163218,8.319229797678435,8.401915256799626,8.474849044894327,8.568086267619927,8.700781784412818,8.860739286901863,9.012074696668236,9.118866311907356,9.157258769514414,9.112997636011912,8.974837944349769,8.728248597349126,8.349540937946744,7.808472836346768,7.184808997522265,6.961118524896933,6.94412523358143,6.963617232289498,7.321618377033952,7.69650298723075,7.905570139433627,7.953838012045986,7.864070565624812,7.658505388207519,7.358940302564746,6.957946748406779,6.308511765969438,3.824083600901468,6.1998844254888015,6.88621729531969,7.267372850481735,7.525889811780496,7.69479217077307,7.780504166490889,7.811987198883377,7.8486890384839985,7.918075997030776,7.966646859706678,7.922253097300515,7.733139086867979,7.3456726946926505,6.654446816406776,5.807045831204166,6.290242338676841,6.561947678182126,6.538724235859075,6.192061029760236,5.088367923837747,5.974550599037954,6.659810908401924,6.889742058174809,6.8584296844049595,6.680791178151366,6.613318788284652,6.748103255771756,6.841967106195935,6.817120984589361,6.745736439097925,6.752970180640904,6.842286461140118,6.915772413499,6.924228997835337,6.857527828207901,6.694634225087841,6.365035508147913,5.684243806179958,4.971889311556527,5.62707492528826,5.61044641392222,6.060553172166512,7.003308807089786,7.6041763250633085,7.980828651688721,8.210774989897011,8.341250579428412,8.408274229137922,8.438235879701601,8.44118524641323,8.40801560203673,8.316272657247206,8.138849447934504,7.872012184569101,7.691751283229234,7.899012031122612,8.213964917591257,8.431674879305564,8.547211268597604,8.586409696474663,8.574284139525952,8.530780529788789,8.470680076677416,8.404194122708931,8.335893738163072,8.267581391359359,8.208833971937322,8.177956143491778,8.182692083845168,8.217445917745888,8.2837149119511,8.377570940861304,8.464108027474014,8.496232260701056,8.440871977759327,8.284128712894324,8.042169406809432,7.807112835082995,7.72220093657349,7.74975161848328,7.772104878932949,7.776285139883701,7.79755813938318,7.844910695712058,7.897116941192195,7.9329686862190725,7.934153510410123,7.877957567302335,7.73624246860876,7.4628914958974,6.918737830507188,5.923952807488871,7.2318225260122,7.981489319317767,8.456346667961348,8.78265681235919,8.998889629247035,9.119086417743441,9.149602134045404,9.09692323719259,8.975563516178374,8.81915266624712,8.682631844212665,8.603226965266032,8.557811417885539,8.498767944802983,8.40106429110022,8.27375264371198,8.159355516161645,8.101279621737389,8.088749036007925,8.07927505735366,8.054980328871011,8.02848392234377,8.019057710615085,8.026203680849806,8.021953762679379,7.963834249267592,7.807645030636786,7.526346344502802,7.272149912979976,7.467494086423018,7.802056402322689,8.020007246958244
-1.6292500021480032,7.651456411786413,7.440011159141665,7.036098613575643,6.200275920542046,5.676597803933211,6.597855390137785,6.949105109473968,7.16542780805043,7.434013104700432,7.744947871368788,8.025980243725037,8.250462800478815,8.415142502360526,8.516725740590374,8.546707244534428,8.49149393488531,8.330410357512672,8.028180520047863,7.522980893978174,6.893428450417579,7.060902557206788,7.3466558654272776,7.405186251947735,7.522389076546796,7.929643317530858,8.340825248754207,8.617085515653486,8.758552085581266,8.787219277688276,8.737268270331402,8.658343859677771,8.57986492523158,8.455033322169097,8.1640970894939,7.422449780914699,6.487372963983519,7.907645882140276,8.342791685349708,8.47620550127304,8.438866666136683,8.331094670855954,8.289495295804231,8.361165251353725,8.458818924670416,8.52545626428453,8.555244732927006,8.557530444884529,8.5615330744026,8.628235604156545,8.782111887247236,8.957483702891963,9.08303607310445,9.127045985724093,9.081163583294304,8.945884501654811,8.726962758242538,8.440678923150676,8.130068882968107,7.881404064467787,7.786637846511031,7.856896732614192,8.011535159555432,8.150993147970054,8.212577917657844,8.16569545698828,7.99055204223803,7.661156962175647,7.122987823472492,6.272451237570106,5.954772342617938,6.361719204278725,6.4583412134977065,6.601325383365454,7.066103518677193,7.485965145877559,7.724711304156856,7.7963280819193725,7.761845514337967,7.763940130735562,7.891613676978608,8.018136346017805,8.02626777749138,7.868840998400593,7.5000736425441765,6.782312135351542,4.439932902133792,6.234233000983627,6.693046809259569,6.7304699246957025,6.414573911338169,5.452561297842704,6.224581740559621,6.8899108903309445,7.128218597545624,7.1223731168434705,6.986920828398595,6.930066263848304,7.0290856427577655,7.098218224583763,7.053705688270752,6.951265936797616,6.931343970355288,7.014618686416091,7.070851403740684,7.020545978078143,6.839717995896692,6.520375861745847,6.083069987507972,5.758068663877469,5.872399022782619,6.045991904367098,6.112739382665274,6.401916480877973,6.987571222104763,7.49968177364936,7.868223007772261,8.117998679358609,8.276801977333292,8.366163649413801,8.399432285848532,8.379445553140538,8.297202054637914,8.132890296339145,7.869720883378291,7.611626172884444,7.745697451403299,8.107304621785003,8.386765287778312,8.558611458056005,8.64980926714415,8.685488351100657,8.680430316987543,8.638092588975743,8.555236851405176,8.425535131438316,8.240739267768731,8.022535289591572,7.952864121347814,8.19386501835849,8.499075666985174,8.72087356096696,8.850984936300941,8.905715665892451,8.895287788852997,8.816523612307883,8.656356849221275,8.410582547444104,8.147558623439293,8.06783459085426,8.177996053317385,8.284689779910996,8.329874323189772,8.329429235849279,8.295885129095689,8.223136435024713,8.109574888967595,7.982366918503574,7.881234923203561,7.806531992451988,7.730982331320408,7.651798305702738,7.573850573654202,7.5021506890037895,7.587904103467731,7.969064610584839,8.403092971664872,8.7436616689215,8.974045940418305,9.099640027412551,9.124588168326456,9.050556528108727,8.880605884427295,8.63086691842415,8.361976704231743,8.199795828137335,8.199421212612467,8.270057286301304,8.342680459931813,8.406655999247961,8.470374524499412,8.535135828099097,8.588428302510385,8.615248688443714,8.609945061663298,8.57727829047081,8.524535769664762,8.451514466617132,8.347388242999955,8.197271538164282,7.998386413705301,7.805589892999198,7.769458501172061,7.907382847868577,8.050993401705576,8.118360299500974
-1.7150000022610559,7.865903970240332,7.520828650727761,6.8848633521172,6.699187120788243,7.336133109884303,7.69910213214807,7.8854895446525815,7.988593374792757,8.07437118966209,8.180985748904664,8.30788170240462,8.430679275444579,8.522656503940926,8.561053986769966,8.524871831472842,8.391105200036174,8.131402898601277,7.725459343861897,7.3257181703894885,7.343261589282181,7.419240296025579,7.2181874345328465,6.905988025017981,7.55310884602411,8.155724175778634,8.517895163210621,8.715890899028118,8.789619775949951,8.76479424659642,8.672791654072725,8.558851431248396,8.449655958618381,8.299744015912752,7.992919392833954,7.2612495293694295,5.915615101699855,7.571285190231318,7.995799804978883,8.100695438751037,8.055280798903555,8.036950672611683,8.166174652158032,8.340958971288197,8.470790774011197,8.547166075541956,8.56995748149453,8.514720813875396,8.360642256168767,8.252347161724575,8.525742574756817,8.920287279202254,9.19576148253497,9.33554927893643,9.355394257730525,9.26964560975024,9.092382208060178,8.844757580549796,8.566812656269848,8.327110682778994,8.200764622203623,8.203427398848325,8.273826205825626,8.337385219752385,8.345673775236142,8.272830228375392,8.106103175893645,7.84778767004897,7.542978285550093,7.317979551178576,7.232802793379793,7.126854119054336,6.813776266779307,6.483353711189458,7.132977685783744,7.656921848109758,7.906897670080899,7.948911464045654,7.84170761478631,7.750221869617119,7.867394427956952,8.03198331196703,8.071950547697076,7.941543009709141,7.61108907978072,6.9916483056500915,5.650117138731188,6.058794098972603,6.652595734514135,6.78361842024725,6.669068602580339,6.570503473642944,6.891927804066425,7.235454223618703,7.385799987325951,7.345547004026535,7.161762361464987,7.002204466899544,7.047298815389638,7.128384501558815,7.106345820159048,7.037974014743672,7.078083858160395,7.205773125640495,7.266458395572371,7.180061111368445,6.902744353221089,6.389108771902718,5.985848073756523,6.327775788522801,6.568302886933907,6.607482966665796,6.550053558219745,6.593001587459611,6.8938579322760125,7.296011459847652,7.65079924794079,7.922046342571258,8.109379688417224,8.218479417533196,8.252443754935266,8.207029513462311,8.065357227106453,7.791736997464772,7.369744606579743,7.28492567513096,7.773487421812616,8.15607870268995,8.387716677822633,8.521114325017107,8.598877104118856,8.645782333943492,8.662916799507277,8.633936981747699,8.533624116485148,8.32102693455602,7.937569596849241,7.749112361783388,8.360538658478454,8.872107945983704,9.188557378612071,9.361487982865002,9.422835030278879,9.393614931307512,9.28912657626199,9.117369038682869,8.8752511890975,8.559824342892606,8.252755192064761,8.21464987603016,8.394796612462992,8.544637246848202,8.612993913353403,8.614394489533952,8.558406990259655,8.439681732963818,8.25279278753513,8.019884727371274,7.813420066808045,7.711317326454649,7.721944258680376,7.808695091225174,7.901007409687009,7.933321618088353,7.920256698797428,8.01835499272058,8.314944232968108,8.640630684109032,8.883707433220533,9.021633459586711,9.052525668884648,8.97462173143368,8.782750973396528,8.469828045082377,8.046160141177863,7.66736763439013,7.698707464322606,7.963871916326011,8.214297273018753,8.421779861961285,8.593548117207279,8.731414031963409,8.830561680283184,8.88565324412818,8.895783817926338,8.864833862274509,8.797903791020909,8.69700157153137,8.560949643410662,8.393535466291812,8.221788502205653,8.11141117933651,8.112693945919752,8.173750220552716,8.206631004513614,8.166226434321246
-1.8007500023741088,8.121968126238993,7.823145562956501,7.37749333221518,7.449821666552819,7.906429971246571,8.20679236385369,8.36486225601885,8.430112750209714,8.444661874917028,8.449640984902418,8.476080364317896,8.524606948576876,8.565759131032127,8.561411094272819,8.47572654269703,8.268564973560446,7.876230409866202,7.2148355964177995,7.022521711823192,7.450502041978359,7.52380114685125,7.1590894988889975,6.67638683712845,7.674609541500865,8.258597196418462,8.572889071798102,8.725342831627525,8.761055631083027,8.707018100384188,8.590726748980513,8.446614799887335,8.295988730334049,8.10922376188422,7.799180950529479,7.201887778001798,6.197513296037807,6.95211285619445,7.30529652614948,7.266848294515883,7.14578029256566,7.477478007194311,7.8897895623459,8.153634268965195,8.324641433052705,8.46431064822262,8.561683840352238,8.541059235941079,8.292320823985367,7.807474493426843,8.366011375360499,9.021354695161602,9.39201762039964,9.574150940581022,9.61417039350011,9.5350893858849,9.352355952026942,9.084372396336857,8.76615995408172,8.469587238298072,8.299233091705903,8.290828112935811,8.360932932191316,8.424998903782173,8.445991848718075,8.412820042540131,8.325612018970359,8.194744540964708,8.042804953334258,7.894400302108959,7.7454247441957484,7.534427244721489,7.122813974509741,6.427213368755818,7.115492888935298,7.718685000428195,7.9882495915248635,8.032552794819718,7.909228185647052,7.762653056861469,7.833161972144893,7.999755851282993,8.05610886609494,7.950573234139839,7.667624830153992,7.167231454449112,6.30158024548954,5.596779085273816,6.399010585929553,6.75781276044056,6.956030218745832,7.164890090913442,7.409600661110839,7.601844859612078,7.677257098826093,7.611282176609905,7.404002553017352,7.131936064256543,7.026539925075778,7.0947198568746765,7.132886972388032,7.160910070632914,7.2822449573944805,7.428053969088055,7.472299682372677,7.3488364663948325,6.99759457353906,6.3292680919240185,6.1736699705553075,6.6988512938265306,6.924202740970838,6.948622471751886,6.87300715989316,6.808876927423042,6.873928777112593,7.092137793273781,7.374794925636949,7.633614249193067,7.826123715075177,7.93679498092718,7.9566272721031055,7.868942922856762,7.629828900805648,7.101475688106749,5.755308479927964,7.038669215035589,7.7077726070143076,8.035832929533555,8.205176038603943,8.299147601796303,8.37528592790202,8.45132885614125,8.504039217602962,8.499012339321274,8.395915204596756,8.111952470276998,7.530523156762658,8.012583061232876,8.798298851954524,9.26988375223529,9.548908257608138,9.689257332799265,9.717533123642328,9.65146183565394,9.50700965513629,9.29886308508111,9.03379883380148,8.709942526750412,8.383474550825689,8.308793322544751,8.498095801043277,8.67010425803608,8.748003275926,8.74303435794419,8.671664712164324,8.539703195905027,8.347616656109684,8.110598314511495,7.8865713934348145,7.772317635174806,7.810419361198373,7.932228917417169,8.038545648741989,8.067668148516168,8.012752707741672,7.973525962689308,8.142092440688588,8.449739474605636,8.713119560599676,8.873597438744666,8.923434666844827,8.86128704008074,8.682279288963715,8.373776690234303,7.906648087772008,7.24177327836982,6.95312561337276,7.508600928476146,7.9592454212699435,8.292001836278972,8.550764712637015,8.74958677799812,8.889799186157482,8.970647319249215,8.994010923412098,8.965166244301768,8.891426694045686,8.780508712656829,8.641628974898714,8.492198318680115,8.365735805613596,8.299296012104406,8.2918064325812,8.295304108744656,8.255505740103919,8.1378159789783
-1.8865000024871614,8.263985794196394,7.989138266902258,7.581425488532264,7.708231648724269,8.172267761595293,8.475870335300863,8.63050842289342,8.67564327531882,8.641815013007548,8.565677180066695,8.500592984002491,8.49029941388967,8.517405731923553,8.520991488302647,8.444686319940889,8.236273157883538,7.805288368348714,6.812411190477259,6.296722962299923,7.319945263664129,7.472172680630738,7.136452441054792,6.723408761602283,7.659747660880672,8.219208623022622,8.513487676114224,8.647058409775244,8.666541193485575,8.599402044291374,8.467975492967938,8.294507356655817,8.095932335512229,7.868214200626032,7.577054651660793,7.171611323731182,6.662716335741632,6.370550554379225,6.297054605947475,6.19160679089762,6.727914715307431,7.280773358764223,7.577148420011447,7.733732458928586,7.969290176706146,8.317566821153552,8.583625011552744,8.649904396056886,8.397841398378125,7.182729098375841,8.18056134788982,9.088935295047154,9.509792686098184,9.704186715131572,9.741715099848497,9.651299956553414,9.44956674008328,9.151777336267982,8.781131594723362,8.394984317828715,8.151731797554973,8.181726766517249,8.331815800663044,8.467628449808004,8.558662544399906,8.596908430227506,8.576000441761717,8.496442918286862,8.369122535991844,8.209866091517707,8.023096558873775,7.77651853125181,7.360319693689806,6.4195841255935795,6.747493364748883,7.570673397835551,7.907404324047366,7.988458337260783,7.892202040141773,7.74366232643616,7.764832235641979,7.904168206015302,7.962839368233831,7.878342842442971,7.642228268162704,7.243027756151157,6.61451385451376,5.313646442932366,5.8721791014602225,6.724899631123217,7.1859205589656545,7.498881879972002,7.717705922125149,7.851056040985488,7.892775912290848,7.83356021296144,7.67222247566829,7.448846726910756,7.2944320249683825,7.293174936959866,7.3476289934187795,7.423188752728674,7.54354672124779,7.65002934636287,7.652834618786775,7.487624557377982,7.085965581858342,6.450158253256137,6.610759017365604,7.036096931940213,7.213343700896792,7.240184441765681,7.205049888556646,7.189222300033704,7.242224955651142,7.346191911312198,7.4546026948529835,7.541163609612554,7.597519929888802,7.613739415746801,7.569470025404292,7.436512651758452,7.190820063539415,6.912661628255502,7.005586861027622,7.3606113334977525,7.618312393034132,7.739914863401904,7.771276587014089,7.804693464261434,7.914297310665462,8.053543271257016,8.14663495007647,8.169558546510547,8.115722076414148,7.936238573447036,7.555703963458195,7.771548099396107,8.534573995928227,9.041495587641982,9.347025980524192,9.505331548829297,9.547709244426903,9.49960876968435,9.388832637322956,9.24098539142318,9.061019699380012,8.830044231829634,8.563142875016357,8.435664643849057,8.562994076672778,8.723317379131203,8.796042087854593,8.778550489466708,8.693335702112005,8.5628620344773,8.404995462565513,8.239418234529523,8.09784655300327,8.018222349050426,8.012607705624694,8.04645656670641,8.063620101033798,8.018147896047957,7.889932598916812,7.741557114049216,7.821098336488529,8.146221737455075,8.452613524227973,8.651119587067607,8.735906991335744,8.711346202496,8.579311762031956,8.336091256670962,7.9644631838202615,7.400621023508726,6.415361960247405,6.680156909212377,7.499979306899477,7.991374997128351,8.339158450720458,8.59156778651129,8.762964563043449,8.860480838037436,8.891488023754771,8.865739527586712,8.795677483820242,8.695851937596105,8.582712440719812,8.475551426267854,8.394257177432427,8.347498597886966,8.320697319329385,8.281026201580975,8.1924278139507,8.027616069456283
-1.9722500026002143,8.268446086942715,7.97096601396895,7.478100570463428,7.709117230769778,8.261231753738778,8.59046785868477,8.753825792966591,8.794815336817349,8.736518166879812,8.601480929664145,8.441088443256168,8.355189541633806,8.38980421880791,8.454404843598825,8.453287738831573,8.332976473652115,8.04071606999414,7.467424189708438,6.5726571979881445,7.050942709614933,7.334919730419526,7.159209708082616,6.808308622175476,7.454346751920651,8.010879109939353,8.312322865342452,8.44886973797649,8.468826518215137,8.399717955291978,8.258599067087708,8.05651209753902,7.80433834819337,7.527583841756798,7.286301677777426,7.14440875217779,7.098524477499004,7.143084495159485,7.3051762220406005,7.529695560442657,7.710916019338106,7.764291180003696,7.584785803135317,6.922490674324976,7.329812346833267,8.21513466373715,8.642526971854473,8.784562466114508,8.668249665209224,8.434475698670894,8.82049033015109,9.358688671479003,9.68882673183839,9.8434190928476,9.856821825489806,9.748566148551022,9.529866205945448,9.205377227362606,8.769533523580682,8.217098379282278,7.756528700178846,7.893702395373976,8.203729206353964,8.457470400366196,8.645164815085637,8.75210414686033,8.769150115886804,8.701681544286073,8.56676331446515,8.385847018260547,8.172680691983603,7.917452429723747,7.558397615793061,6.873749483542703,5.14908178548334,7.0986712992030885,7.618666574253443,7.792027608983381,7.7689036806038985,7.665568506531166,7.647479359493612,7.728175258897183,7.767140348072966,7.693725826668206,7.498656771989134,7.187192605020647,6.736354462553992,5.91784431284688,5.4202425097720734,6.731677349197808,7.320406123956976,7.655925217501193,7.84110390334089,7.925359429516658,7.944846714370834,7.924573254508331,7.877570313830598,7.8182913667459335,7.772189714159307,7.753278678549681,7.751461174689533,7.76624232306692,7.8045928689964486,7.83044942790376,7.7729787987972205,7.565699918875314,7.166137266787562,6.823975792960084,7.084336790823822,7.362042942294468,7.4843381175821575,7.519710396883968,7.5461599598684845,7.618766783063505,7.733523588916447,7.840018602570218,7.894724180411912,7.882882821445842,7.814822155841622,7.719198984284866,7.634204278029989,7.596162506679845,7.623834311005812,7.697767808896061,7.767323011100156,7.780896762858294,7.694053607475777,7.454090454068591,6.986626714522032,6.597149053198057,7.0555086566970395,7.373348520986653,7.43802243331495,7.398011717142339,7.599818550990027,8.082896540743661,8.582916967963152,9.011396492074919,9.340602904577754,9.555005952385052,9.643610026645268,9.592279499847935,9.374727579701615,8.947973426260864,8.429018087647588,8.57234664766376,8.842712229152541,8.886636676833932,8.761640018696104,8.612554786696387,8.626659799461025,8.73645328834674,8.793258057262193,8.762904027325634,8.664055652279437,8.53257948714505,8.40904276841813,8.321640764484425,8.272746050755794,8.244422430548594,8.210738009502126,8.144931349661798,8.023086198119888,7.824694333497274,7.53702199556784,7.24509657510858,7.361469281483718,7.789213628802168,8.149223457067729,8.387691441079577,8.514744911588926,8.540628109860506,8.471562027088677,8.309640248859019,8.049184380291138,7.6604021132602975,7.013979354617,4.716501233291381,6.822194490591055,7.572606765643938,7.980145060470137,8.233500136437748,8.386326119423945,8.464061889735245,8.485993612704757,8.471903219134065,8.440943539506687,8.405390272351402,8.367738617698427,8.326626123884955,8.283372129798748,8.239952527045089,8.191381566395263,8.122159549327685,8.011169183673362,7.845274906656083
-2.058000002713267,8.127823578760243,7.749500304849657,6.9124308036517315,7.531010673891946,8.224971889717912,8.583468614238114,8.761737388744628,8.813309717963236,8.758096552815443,8.605313335283038,8.38083588275928,8.198211743378717,8.22718737504783,8.37709883945965,8.474151879732005,8.454260171608293,8.289349894679411,7.940155417436034,7.358691935622786,6.933765571460616,7.160540139561374,7.178236332480287,6.887598207701099,6.94911039887949,7.501060461707787,7.865078926019024,8.049792649901041,8.109850169516635,8.073979809621283,7.947894231207822,7.713859670007653,7.335822053907842,6.91434013719668,7.085019549284894,7.470449919216248,7.694842885093558,7.787948259644644,7.826341709564122,7.895924777045843,8.00283033473589,8.04803707257575,7.898841819381593,7.318902686680241,7.260251718485353,8.23523705077343,8.700685005181448,8.944210769614134,9.207337576928095,9.621209782375699,10.03885433569507,10.35236909821746,10.544328128796485,10.619681800278713,10.583792730389554,10.43805570359248,10.17809939383931,9.78977383273427,9.237013752399868,8.419696569153974,7.125285982413209,7.499781776015468,8.001724478713836,8.373571846374542,8.665762030192397,8.837293049282632,8.884636358081305,8.823956191779018,8.678665775599166,8.475708883405714,8.24411592709285,8.013969348219657,7.792549705472981,7.5174955065551,7.0628195650573975,6.577812738934222,7.006533276860547,7.382642063996389,7.520742217003303,7.52563184369955,7.496169731718668,7.480978605978418,7.448227629618281,7.353251602748908,7.186406899814436,6.965924267964904,6.686200918132908,6.201939254658203,5.753494554293422,6.7642212926738345,7.36509260315728,7.670215848595939,7.78058475612521,7.780145065352373,7.818829081618895,7.98789963765615,8.175463363243523,8.288226990996703,8.314971800194506,8.27592245310177,8.1987493489395,8.111140205499254,8.03172977643778,7.947201303771296,7.805906167312704,7.554339088693904,7.247348892825716,7.242544474158082,7.485619088695381,7.6524176579767005,7.721342871435282,7.757433455780974,7.828932417445683,7.957298376592728,8.102216949269097,8.210606024918592,8.253832239851572,8.22930917506875,8.154570269306435,8.063107627686101,7.9948074320526334,7.975285471961747,7.998539705314888,8.033845245356853,8.04657988836376,8.00822509191836,7.88940533008076,7.641920568305442,7.175864382859999,6.524224619925196,6.803438968243188,7.1956947082158225,7.387296108569416,7.257117795121092,6.450357317623693,8.54537324882271,9.511745454523513,10.131758712607116,10.545328866810816,10.801305902210464,10.919856455597776,10.906261743678932,10.752982921746925,10.433354758288251,9.873217626178318,8.77550976613573,7.921262274313113,8.856892839489769,8.94491668358139,8.79721541043838,8.689336785039941,8.73011384762384,8.77431584128844,8.74113730444458,8.633982257949572,8.486703165812262,8.357009957677368,8.303271310219374,8.321810645506512,8.349613617867325,8.32615432371086,8.213536473727837,7.988599881740685,7.641552235895708,7.2384119061999215,7.134724284131168,7.423054735869282,7.7483157583004285,8.016395301181031,8.216170378982085,8.340791161848529,8.386435464864418,8.354549045755444,8.250161663703231,8.07306582020861,7.7977540141151716,7.339243038813796,6.593919232210236,6.930398403315689,7.5095579991021575,7.780689799523651,7.870431784633468,7.8575671758065075,7.816956559944607,7.812278655624353,7.8560774372840845,7.92159099963619,7.981597695844988,8.017064293452181,8.017336685871195,7.983178588192473,7.925528786994893,7.857315683575448,7.783933148485632,7.703496708628055,7.622959248047111
-2.14375000282632,7.814824227298539,7.261936898233773,5.336396281795893,7.524450588379454,8.173216979812839,8.509436228458712,8.684830552048231,8.74416353674028,8.700747866430623,8.55492075765727,8.313504243681836,8.070853385284869,8.085973757503545,8.304812061136614,8.474828526596262,8.521807542590535,8.430344622168942,8.179986883540995,7.729247436056378,7.091533793396428,6.945707397362496,7.139241040207003,7.04139264863544,6.487209838942621,5.467050149365342,6.877223874820776,7.464820286668603,7.763901504813297,7.882194592527665,7.826707529337214,7.534226442142445,6.6899939758841,6.3014871307587565,7.540516709254006,8.001545205493134,8.201007332021014,8.230370653859639,8.123047778320661,7.96840006413284,8.01315394243766,8.216726246995487,8.287094614257851,8.091904390763041,7.856268484193682,8.319615412744822,8.735926240638852,9.161885168115944,9.822881495481685,10.44032523736614,10.900242825397774,11.211460403500677,11.392245494791945,11.454147444651243,11.40184673361709,11.233685802447717,10.94068541584696,10.502375423794078,9.873439496153681,8.928799864973644,6.906309185811493,7.402685941444696,7.810270492752657,8.22429752292017,8.617537799263841,8.851282786250911,8.932811970180657,8.886402476747133,8.736608830109075,8.517406862793282,8.291437188459016,8.146269741516782,8.091768587354908,8.02545213947704,7.845151617456825,7.466778700807307,6.797857971192125,6.600151456686451,7.106322812994357,7.338125635097527,7.371033626843368,7.27676608137827,7.096812667584474,6.865876204991176,6.644481664970397,6.516057611761544,6.419277395955504,6.107009073550953,5.906313576863625,6.803982665862665,7.346699778304001,7.558600108300254,7.497788177093435,7.408274145872284,7.870481158237012,8.371522011905592,8.67863755859814,8.823116549924144,8.840743513895346,8.760423414270138,8.610273832332869,8.419488780768814,8.21217493402428,7.991114055875736,7.72808403175346,7.424574644432966,7.328790628380236,7.563785353302519,7.7813711747564644,7.880567833058373,7.901881124532175,7.921590666048601,8.009606530453281,8.16439216342973,8.321960205046608,8.428947260380918,8.466421671962536,8.439824095144848,8.368866998565256,8.280259115219552,8.199318279646445,8.140067743514495,8.100002196426447,8.067804771219597,8.042131105680454,8.034155601791143,8.02228669679014,7.9268690589895305,7.66355371195722,7.28185576514085,7.264491011035957,7.684936019783608,8.149104120213746,8.282576006068783,7.038516768171943,9.059725088794824,10.172369937950078,10.83723248810492,11.27175109396792,11.54104382186906,11.671569824625832,11.672912016965654,11.543050614002118,11.266713981757452,10.803839791678357,10.039363469127398,8.316529485689601,8.736738092972066,9.099705129852893,8.955949600710323,8.742233849147752,8.732705016823408,8.783768001114739,8.76121704317186,8.658702037354624,8.493112968010239,8.30232836913741,8.182079754106361,8.212840366472753,8.30625539956501,8.336910731737952,8.251612015007304,8.053540348608882,7.8234993144395215,7.724850947892678,7.779855214498639,7.881587291155344,7.997828470323653,8.1244458673116,8.235206168626997,8.296738024028333,8.291693076088684,8.228228102047941,8.133273956893953,8.013165321131517,7.811287026256894,7.4197267773276785,6.9228104799261585,7.309280809422347,7.7565256977620916,8.002496310100755,8.185298472500408,8.381861246117023,8.557847389322594,8.653824414762049,8.640933049233235,8.51190991485032,8.272396153762319,7.950311830694978,7.6187301699426655,7.370476254557192,7.220796461870947,7.147535948269642,7.164609170852302,7.272891618284424,7.440521545513976
-2.2295000029393726,7.258639024037653,6.850325391979583,7.407921247117431,7.9700683425194425,8.316483972151595,8.52808061673498,8.643402661300357,8.674247484426296,8.618914529295797,8.471413489834674,8.240195485202658,8.02492523229778,8.057459637129918,8.274416081193316,8.451191546342873,8.517597642654891,8.458362227233161,8.255945643935684,7.869337597371908,7.212065756611613,6.633522702954573,7.074626444308723,7.3115341728421495,7.318143764698377,7.284030335776932,7.497149358778359,7.854785365580962,8.121713811781555,8.232745094015174,8.157726268088659,7.823435995311846,7.043261655656349,7.346775127606949,8.061688312459063,8.40418192157296,8.541064603834345,8.5155132746506,8.30257435288864,7.854575204611636,7.856855564297975,8.413434784846471,8.660027009033081,8.561315307867504,8.236513064508786,8.457241413433882,8.771839056682477,9.424985081592656,10.346120137732026,11.036750302995404,11.516902590805362,11.833924616240266,12.014742008226905,12.072812322297006,12.01267822260893,11.831424390978432,11.517603242757993,11.0463957538068,10.364961056526777,9.341134881875357,7.822514701611979,7.924602335895498,7.782856334605593,8.081646633205214,8.533573207715648,8.810847306866641,8.93171372877689,8.910344657427997,8.765202040809488,8.548511076501487,8.378827172948068,8.351180988509089,8.389161784196872,8.381992840492066,8.272090050417717,8.015441695857719,7.528163454040123,6.536827098780503,6.420723857794087,7.12632942672007,7.326969181028671,7.288881580803659,7.089438156243371,6.748564595564565,6.283441918424241,5.9285640738877685,5.845224106742138,5.391762704338566,5.921122881571078,6.8752420596781665,7.3059651654743085,7.33617170534008,6.929409303246811,7.56868519886227,8.410472980570438,8.900606164299067,9.174340605824643,9.290906173792093,9.279717293823836,9.160049191377691,8.949689683491194,8.66871680704175,8.33616473272462,7.955214097054352,7.506361541078947,7.151823781543792,7.402240760729488,7.764638076469844,7.965689790105398,8.02960126713203,8.01332986409724,7.998233451611997,8.07084318212999,8.231328869734535,8.39683601753512,8.506608712051651,8.544904102076366,8.519837173299154,8.447238503634269,8.342559304636968,8.217977476567842,8.080692926440305,7.932449793171354,7.783554487313271,7.7208234669670475,7.8626396122893665,8.047406906043582,8.06252214528843,7.808137797118624,7.314765629355102,7.2359842672190755,7.876709471634786,8.536465593575091,8.760122801805064,7.737898024138319,9.494536036160932,10.635348443530797,11.310328753072957,11.750266558428205,12.023428569606732,12.157719882940173,12.16390937989049,12.041632996060375,11.778946637678576,11.344635732238803,10.657832033867729,9.402659959153322,8.55979531048635,9.217798483683499,9.07290731166168,8.784843078010566,8.776317281330254,8.849179332808863,8.83376096806122,8.741730607021966,8.580449391197503,8.339400458592083,8.048028279198267,7.926310148132511,8.091552941724098,8.244792705635554,8.267464631015427,8.203651261901854,8.15880003283744,8.173405864008934,8.18472189804377,8.164702115392487,8.161091522836209,8.22082674429391,8.30277760453567,8.329513736198765,8.259752370593361,8.107316720651314,7.954622332290721,7.856588010632933,7.696297246291957,7.300625695274113,6.879676177276378,7.399791472230805,7.847871968156637,8.1968310013222,8.566944489178573,8.901018303579889,9.131116348443436,9.236671749723495,9.215006499583424,9.063957778151037,8.775702204243048,8.332266980019538,7.696462738454412,6.7880526893744015,5.455106423213879,2.7699891998239283,5.785133306084834,6.805519911975939,7.424124235918935
-2.3152500030524257,6.651994014122196,7.439501416554103,8.030205275929191,8.392325939837729,8.617457851869034,8.753427277838142,8.821277847271805,8.824296675809261,8.757728719098715,8.620429030248262,8.433047882269921,8.269949065759144,8.23748673253679,8.321371545668157,8.412383024108125,8.441712184333472,8.377296626411349,8.191129353780797,7.832809904610079,7.16336415154866,6.193167958701989,7.1142596219214225,7.594546179441409,7.8298178959825595,7.987346249890018,8.167195038955605,8.376360751655326,8.541407747390066,8.592309098244662,8.47518446950464,8.120901133502791,7.572711209714828,7.902223634496161,8.394733505523366,8.64451822018962,8.726186991252352,8.659949667596548,8.381123880799498,7.585622676349431,7.736255542321098,8.648719753683295,8.957710386777107,8.868977819965595,8.50233229906817,8.689661072427272,8.856187629951652,9.679559630822947,10.74410990840446,11.466005990238159,11.955482224972014,12.275345258196662,12.45586016912515,12.51120905388549,12.445718411010564,12.255543737695303,11.927264210670888,11.431996703250961,10.708306897376037,9.620331712379302,8.576917073839017,8.520394381736393,7.973540351801255,8.04774319038184,8.464113809709524,8.735715389269837,8.897647607166626,8.910469462432292,8.77903728927288,8.5927472163499,8.515838830093639,8.564847517697652,8.615786861613989,8.604731857967979,8.508326556496762,8.299337712761792,7.920525925303222,7.208279393877762,5.57298797190539,6.900372060981371,7.318633837497373,7.392800881958628,7.282903545404615,7.033617436163461,6.678519545875276,6.331154490253846,5.991604815585258,5.112174705509085,6.204794784101614,7.004461379895053,7.289034162927677,7.052564377760044,6.899323519644213,8.180271717358075,8.889466363467543,9.311714496496586,9.54872002532693,9.640548687124678,9.606377365936572,9.456962803525078,9.200241701265435,8.844150276458674,8.39378240051543,7.830375221176464,7.071305269602108,6.795312562881979,7.454605072782962,7.850351189505633,8.041709359642695,8.094402329236575,8.05644081072621,7.993415806648843,8.008369874328087,8.14739760520599,8.321218796252971,8.445612260509122,8.497692472170352,8.48108635921305,8.400981734863926,8.257410888690012,8.045129480828228,7.74994157809804,7.34043856589284,6.753806016689589,6.826200575488048,7.604631029246418,8.015315719763668,8.07355958892014,7.735836998354135,6.970833123413641,6.877992671243905,7.80382834406791,8.691518770776563,8.979740874829362,7.97181442060199,9.82065116906938,10.945554246025983,11.61841993487261,12.058230591848206,12.331851683747477,12.467044359732885,12.474808754980861,12.355370323680289,12.098134959827258,11.675477442724869,11.019273249601552,9.899815681521734,8.416543455396363,9.285396226651294,9.135644297719955,8.814174721050835,8.855258434279673,8.942534788558707,8.916573018615942,8.826579151217109,8.685818405168401,8.45855102236623,8.07603394047332,7.5412920655737805,7.65735276177991,8.065105071998145,8.25695824136029,8.327448822607998,8.373989432099473,8.4041285082668,8.371721965192283,8.265390977275498,8.159402302209173,8.180821203089703,8.28945826783468,8.337382130793083,8.250319364935125,8.022145066151102,7.747735614365757,7.592362558836912,7.422645002406928,6.9473657768213,6.6027748378993945,7.257451005478628,7.712195537342434,8.221827162599165,8.748942620988533,9.150755921874913,9.402500846831984,9.5137584586285,9.493130445699833,9.342544450993445,9.056629807724855,8.623740200357371,8.042422087722558,7.439347859556661,7.127668160951369,6.82977363787674,5.646330647757202,6.607358020575623,7.6047215036745826
-2.4010000031654783,7.152036573631815,7.882493995809221,8.35403377719199,8.668721863003515,8.883678314942188,9.030378663380393,9.120771024690134,9.153254112743795,9.121758673297041,9.024132643600417,8.869463761879016,8.686435552022017,8.523611132504664,8.417276464306536,8.353361000237294,8.287381835962234,8.176299566957148,7.9762854216789405,7.616316871516547,6.896987521533112,6.113610180637197,7.278285087548981,7.797903976489126,8.083429278666491,8.273348116190137,8.447795952846942,8.626977319705585,8.76137833094884,8.784960812120463,8.640225283962069,8.271144828771009,7.86725247955893,8.198156575158933,8.567153447239615,8.739238751876075,8.768611563568719,8.668449731252325,8.351209015277975,7.235797897834682,7.889635092563668,8.843082601320855,9.152721026699231,9.054316460408433,8.698962370066534,8.950446125741621,8.990357970300565,9.879674097718675,11.01901120259543,11.755470362662745,12.249097301797626,12.569860857909607,12.749543910840703,12.802598995960475,12.733106191633565,12.536479139165692,12.197679642762287,11.684158142220177,10.925466752181956,9.784777009513366,9.074410508957236,8.965313968949191,8.255807433643296,8.091933305156084,8.415505789759337,8.632187348249746,8.83888373165305,8.890694002564278,8.776349464524104,8.635447224390434,8.638970331742133,8.711964014499596,8.740024329740331,8.702899775435524,8.598829121934097,8.407995182367284,8.0803144843185,7.492750155967392,6.072656386476738,6.627469057873996,7.250443709311965,7.3969274603442585,7.33150272818989,7.142770564114929,6.946470096901569,6.842150741054783,6.673147276622721,6.274679203816331,6.579855102229036,7.165603793604537,7.330038723992074,6.89014842223739,7.483462917155867,8.56808611266625,9.193391466959493,9.577490684463429,9.79264686143307,9.868604287600586,9.818617434638831,9.647691704554779,9.355735368460726,8.937909002468848,8.377985211736487,7.60635257726372,6.205427892577478,6.7163007625430176,7.461733260050216,7.826768496784749,8.01628160213392,8.082255410195314,8.050098943075726,7.946704699421785,7.848329754941108,7.8928416476834995,8.067188423965588,8.23202319856852,8.323826432453913,8.327337743174615,8.22953139522429,8.006735110249906,7.602995027557814,6.829940121810683,6.113357012448473,7.003028117409731,7.400202220578232,7.758690391697306,8.033832506305588,8.025423522869959,7.549918709253913,6.882082533375427,7.111545099095467,7.440014045947501,8.6510537082683,8.99807316063221,7.9260906923860155,10.040656241985502,11.128212394432806,11.792257972373704,12.228851230273456,12.50110351381567,12.635798853119866,12.64370805046038,12.525200115885664,12.270288414140355,11.853111063783087,11.211687937193865,10.152111290516832,8.352380193803995,9.284817216468367,9.129908946137773,8.811418798361448,8.919103396847548,9.007249069911744,8.95922385429826,8.85999266323075,8.73784059848444,8.55294738701744,8.212665311875103,7.48963445353294,6.880157363648382,7.8225247602963845,8.191775991398636,8.345931530196033,8.423635096842565,8.444761501395538,8.374165922382698,8.189443045335082,7.9611670770545295,7.956107360672021,8.155468596291593,8.275048206006861,8.224053934759606,7.9928235332684,7.626332354374819,7.285736451660543,6.961837883177086,6.294119995040665,6.479522996238652,6.970049386169167,7.288447030244009,8.073332772189936,8.753910256071935,9.20480185390531,9.473349759589908,9.591734482467201,9.57571685965711,9.430385033216165,9.153493027300245,8.740785685658983,8.214506511391464,7.730081343866818,7.467791193775587,7.140785786334355,5.939012718057421,6.873059255597263,7.867577523494234
-2.486750003278531,7.60087926312398,8.122078863335991,8.51900424060832,8.819172756558425,9.052394028566267,9.235258849488961,9.368394852584355,9.443053460006858,9.449634289732586,9.382235247292334,9.240454616320035,9.031922335197796,8.776834134338099,8.508931762450874,8.26031114281083,8.038649352187406,7.827259169293815,7.587288810217367,7.234041179647588,6.639148167709059,6.724808340246424,7.450465456956942,7.893478338216998,8.159551515122336,8.33755830827307,8.502988265208403,8.678813284922605,8.809537670706153,8.821904702853812,8.657061558830474,8.283249568931758,8.027794072772046,8.348141776943214,8.612012955408996,8.702020287894484,8.671210362121332,8.535839349922385,8.199438663513606,7.115409105615592,8.113673100532816,8.946329229848878,9.237212552839205,9.123818345410148,8.80977545462102,9.143884884855444,9.116843129974608,9.99875336188627,11.175900617455664,11.919464547930438,12.414825118885327,12.735557233269349,12.914196477667481,12.965284679796971,12.892678605058196,12.691211958818677,12.344556105541821,11.817024591979129,11.029446560072289,9.845432270514003,9.37191221179612,9.246794216525185,8.496647574548174,8.085445805534826,8.314855508247676,8.479448913637707,8.753326956855572,8.843445828380633,8.738592630391121,8.632946956540627,8.684926999305683,8.754673400921618,8.748287657337297,8.67601954572527,8.553945650237308,8.367972021518598,8.068475265274548,7.544745052733121,6.371218547437134,6.22064629384709,7.0511429842456685,7.227605206243373,7.17275339354355,7.0731706324999815,7.106969941406759,7.169227561313201,7.038059637131205,6.621586287036127,6.774897137288835,7.310075350994792,7.432816247749014,7.031119669961992,7.796458677597241,8.761444197598188,9.347295117062774,9.711752387908891,9.914445474310675,9.980336195439248,9.919425107145454,9.73292351631202,9.414547746067726,8.94757345591806,8.289463198309214,7.281252192532515,4.292040361905947,6.871197954133212,7.386999843762738,7.69565843071441,7.901692391165519,8.014863054513105,8.03094733497187,7.937189489950734,7.727094130771487,7.497860098016056,7.555526728318193,7.8172456380534605,8.004254340809135,8.042993944346598,7.9002440330527115,7.493042977640348,6.397666426438699,6.737383383809387,7.6474151282887455,8.008564442959011,8.127537873560932,8.143529393570107,8.142253484887817,7.9925335579651815,7.458153869207751,7.447086144506048,7.706634519296568,6.856025350514999,8.370074031975342,8.78932688304982,7.849224567566093,10.163613864955257,11.197573315867299,11.84695005865674,12.277611256994062,12.546977802782514,12.680157043432073,12.687344515340829,12.568786360677873,12.314736918141342,11.900270111097674,11.266726057874203,10.23768328934604,8.253670859364815,9.198211097582352,9.040269560581455,8.744717025861396,8.91449197574042,8.99891566394092,8.92825630630784,8.812891936333692,8.699639526066244,8.55144197304565,8.27238248802199,7.648881613871024,5.513532144859662,7.536455077945892,8.033254346799808,8.216246192277385,8.286319527340309,8.281295143226558,8.165333223817248,7.881725763241776,7.430840990224788,7.453859870091151,7.898320010172932,8.138090394780447,8.162071656372314,8.001886104595455,7.692729326513455,7.298714101017982,6.866040094659861,6.623033913482726,6.9051187246860115,6.906455984733823,6.24119203365203,7.7331197370225855,8.589293615020235,9.085886119018504,9.372310677977524,9.500776371248696,9.49301216640748,9.356943847257508,9.092648251723862,8.697930404498019,8.190341221755187,7.684507520940909,7.335069867224422,6.86712275869652,4.9072624453239575,7.305015040311887,8.107814073726079
-2.5725000033915837,7.846418945758933,8.234321298925643,8.573236568525694,8.864263958366498,9.119966530072178,9.341204578810837,9.515222546735597,9.625991331366695,9.661451147903525,9.614283690618224,9.480505807464075,9.259014755907385,8.953342000884831,8.575795764782047,8.152383511504652,7.733003497155355,7.425614804277713,7.316839073314753,7.284208105300727,7.2413365264253855,7.330698711102385,7.613509102703731,7.895054543787003,8.085046416601454,8.212327038003485,8.359313431634208,8.549142988973609,8.693714180108804,8.701589307601646,8.51657085774998,8.165703517271616,8.117805440572495,8.411736938782798,8.563284628857641,8.548980274332001,8.432557055479801,8.249021984512439,7.913880506945855,7.2670555635893574,8.224595040567662,8.941164986669918,9.20721096011361,9.069670632992556,8.80145132136874,9.227465848743588,9.181699678863472,10.020358015462199,11.216461111365648,11.964014542519028,12.460145149921756,12.780496360510174,12.958066403774179,13.007445156754285,12.932323001935565,12.727103353678713,12.374470155950807,11.836196070190395,11.025272793345374,9.805733470083544,9.50304940919739,9.376630331765885,8.630921483640892,7.920202448706782,8.033807521971083,8.237519932372154,8.636149302751155,8.754630732753043,8.637499133992486,8.538514329513774,8.616437748411817,8.674984055884712,8.629669563465733,8.514316226092287,8.366089452610067,8.179359301340535,7.901748523151985,7.424843718554825,6.426578716191845,5.7764759317148195,6.731989312772535,6.92961276266167,6.9779342152627954,7.148137589953286,7.363737467549564,7.429948557545426,7.222168017182714,6.556463028295916,6.73606042942362,7.411795300268776,7.568558117731927,7.308443966317839,7.914541448736442,8.803601560404607,9.370315909490577,9.724709728315739,9.92009515180262,9.979332687505348,9.9108039688182,9.713537246457356,9.377359258203207,8.87737058411149,8.149745871083073,6.9378463327588875,5.785358799122855,6.851273917715096,7.181776557264347,7.45637387103882,7.720840886651454,7.922888622537096,8.025723725887982,8.002792137932651,7.817830547530838,7.400553962912349,6.7383736484996515,7.00330147730214,7.441738132467781,7.528019720223363,7.234720866962184,5.953974948654656,6.894957595317139,7.775270825438029,8.196895756546716,8.406432717879104,8.45662313849068,8.389181888729492,8.253970934031072,8.00574208862968,7.604502581052378,7.845546475911459,8.08071417488779,7.4686990966359375,7.5968963453429135,8.18745788580465,8.276870705694934,10.198503582835878,11.161358942482229,11.789042623702453,12.210448016975405,12.47512032626331,12.605674993035718,12.611357830297877,12.492062668141523,12.238050308753056,11.824876304304954,11.19570700612378,10.182435807640877,7.951655898040528,9.009806271196888,8.851852146182994,8.575688845975828,8.799954517756538,8.885361781216096,8.798520190129082,8.665058677606925,8.548968298744535,8.418094834002225,8.169354112796436,7.602296362778905,5.584724313014631,7.250952610083702,7.7700492874498615,7.910710864212733,7.911868882640591,7.834592266966979,7.637856337755758,7.189666943330444,5.733146096036568,6.771770076626077,7.603018928747069,7.94804731379446,8.059892863997304,8.011973548080004,7.854237633621032,7.640284899716935,7.4341460723944275,7.332583202475474,7.338977836775697,7.200419828027062,6.27363061485548,7.181092242905314,8.233923572804093,8.780560262605274,9.089762019136792,9.233329260652726,9.239053606219873,9.117898879619146,8.871549828440303,8.494612706735644,7.976435608724238,7.314206468396922,6.53243170969668,5.3601751045463555,6.708993701536411,7.668689786392439,8.275119909565852
-2.658250003504637,7.9548944146785745,8.252851501669705,8.539151813324258,8.816868090992266,9.091274781561498,9.347256463303644,9.55708068888461,9.697789831644478,9.755984353381901,9.724463073650085,9.598505211605826,9.373874831200613,9.046576728633497,8.615683325731899,8.102668884414584,7.661897360401329,7.607213570404666,7.756181959859359,7.849446704486092,7.85510524556666,7.824408825339667,7.831134962212036,7.876385943600307,7.8904505964893,7.867268972910032,7.954250047918123,8.194159406012005,8.378612526840989,8.37789341830495,8.154925625319333,7.924544510575654,8.177040711870834,8.433705785277809,8.470733263292253,8.324608200538247,8.074130938942952,7.807693630530459,7.507912148188731,7.34181500807047,8.190334253334793,8.820765330670095,9.056452025369094,8.870340740958707,8.632838168357537,9.187793089119612,9.156788030537319,9.929482365153397,11.136961147459477,11.888117147046975,12.385019274396715,12.705023439871153,12.881605884874368,12.929463933985117,12.85220967670146,12.64396597400008,12.286725408631389,11.740385063850841,10.911640794801539,9.66450590576283,9.480955191843536,9.359499722772135,8.632545440842927,7.479592979585405,7.279529444965525,7.9477890979202455,8.505413689199996,8.6151399921296,8.441235662613181,8.301373790400982,8.404113135225458,8.459266117982981,8.37245462255967,8.200606834449468,8.014679369879635,7.82870262783556,7.583870144093144,7.173653536424634,6.487934396827883,6.327466356178053,6.7740218788861535,7.0423294393285705,7.302947444957792,7.564165443149067,7.724199271938346,7.7059691699753685,7.4071331201259465,6.379385237894638,6.53732493417403,7.47573197627562,7.699305673622757,7.570943498184574,7.92716612177419,8.719398957864989,9.272397555228984,9.6211328522614,9.81195558723219,9.866738660291068,9.793538729182142,9.591164266163965,9.24957844227264,8.746029482530416,8.030571694170446,6.97830188396751,6.067097670478514,6.510855484236059,6.777908192738878,7.115520118963427,7.50379747649838,7.818883088397311,8.014626555696333,8.076767743906979,7.989256920958406,7.716144344658293,7.159254522266406,5.928271522157063,5.814554731855706,5.946982842254585,5.280478115220553,7.118805874437004,7.824820074148999,8.22226904204598,8.457004983126533,8.572896967024077,8.576799755348768,8.476501262473485,8.294333472361894,8.032005333427687,7.817919810274446,8.07862994885599,8.295573377251268,8.05081427421587,6.750050078911975,4.872677047073702,8.765940139106887,10.152799032199042,11.02307563001435,11.61923992697639,12.026523110701259,12.28382102734815,12.410149883408206,12.413302434463992,12.29254963073935,12.037953878637506,11.625245436087322,10.998470370795754,9.992296714900316,7.150335046601108,8.719863282751305,8.562572508843298,8.25618259169076,8.527195706279189,8.627264546120522,8.535643923178164,8.385834081114076,8.252955015373857,8.109414149224103,7.838230340596946,7.212713985808262,6.178131103868513,7.209259068107877,7.547907967690775,7.556810165923195,7.420469429819786,7.296560927234439,7.308879184638289,7.407539926280241,7.4645029896364585,7.47542614384406,7.567401614288731,7.758083402828499,7.919772032237708,7.995709919233615,7.995350397705064,7.945280823031881,7.8693503972414796,7.7811888909756535,7.671779008494291,7.484817342862637,7.10062706962869,6.880509242537979,7.6638317061436405,8.23678618046251,8.571701918883127,8.736954262415578,8.764041634039733,8.667115319148396,8.449745112599283,8.103110600955779,7.593036951386953,6.844932415879487,6.437312918328343,7.003830467571279,7.472992200080551,7.919380724458017,8.350952367585604
-2.7440000036176895,7.934796480904223,8.183692456839767,8.426479414071167,8.68463639005842,8.969897261450066,9.254784734657616,9.495565859651983,9.662051278376602,9.739766131546608,9.722167961026988,9.605052115075987,9.383974424232608,9.054170813136626,8.618139788235643,8.141394457126374,7.910982599858658,8.033863411210184,8.195279641443191,8.2765027272832,8.272163870643272,8.203079560479583,8.097180009222978,7.957654484452645,7.724797765449139,7.273418718257914,6.8931565752845145,7.458046748219465,7.768094971049174,7.686031457396992,7.276708056924447,7.679569549416757,8.230255124682413,8.442914783115329,8.393840688429668,8.130987894624464,7.721758788161873,7.318264838112148,7.052576095308249,7.220991348925126,8.017090039339733,8.588135314129518,8.78239105922163,8.486892842277056,8.227737222437186,9.018534703793344,9.029613380158166,9.705321994066663,10.925579301354153,11.682674779181793,12.181370198074033,12.501473007672104,12.677272682952681,12.723752749922335,12.644586054883925,12.43379170330407,12.073007112012073,11.521096858135303,10.681120477122816,9.41836977676762,9.299883553317715,9.184420722659194,8.490780023751151,7.259599765762373,7.257971457230774,8.038613524949128,8.441240576903256,8.447733993950944,8.124957796321782,7.822218871800304,8.007612747692317,8.105730146543426,7.987480423711907,7.738919215688472,7.487299858653907,7.31204365020505,7.151571333155685,6.9220550664733205,6.762998245590716,6.9455013949931255,7.23038298846212,7.49399509441305,7.7494899173092,7.956493013261162,8.05761906877605,8.005559151187171,7.734827171396057,7.103473877492318,6.844198270678619,7.535818863483255,7.802113095533321,7.78471454454106,7.936422750972272,8.544020861340945,9.066189450244943,9.407146395437858,9.593781481873945,9.645793476662664,9.572173843845084,9.374813424191414,9.051573578155983,8.601273023312865,8.036125496221144,7.402885612928306,6.77895741344871,6.288929959263477,6.268170224782276,6.727225504592336,7.256058936398718,7.672148225885798,7.947078282262135,8.082768597299644,8.081491091278208,7.94328428730145,7.675442803250325,7.336220353236722,7.129133678402425,7.260368157471563,7.621404970919954,8.000178520124411,8.291528571985149,8.479749850787265,8.579359141215326,8.60351956214216,8.553125246054638,8.427006855613001,8.239388404722357,8.034318723419107,7.982419506665561,8.21101756160601,8.40354787748538,8.355160590201042,8.092974975870279,8.183341871440398,9.064872769993734,10.031665573953239,10.78337272297971,11.333362150384259,11.718679401643113,11.964100021254776,12.083459339466135,12.0823457304873,11.959015457694134,11.703085841736094,11.2902049718622,10.664774023658435,9.663960800847011,7.2812662611800825,8.428280074136243,8.263050763903907,7.78046088980948,8.00787328133428,8.149197513768808,8.07296409135923,7.9103395550811495,7.735836023953769,7.519603428864625,7.116465745943256,6.503264919239434,7.015483245393973,7.472273950359979,7.636196934680676,7.684035334417251,7.768441123058907,7.919534720884103,8.068993336899336,8.158197960935025,8.148858277569278,8.018918627262186,7.791328694915249,7.637967807193065,7.748131164942786,7.942886755169391,8.080297865460956,8.147174876055015,8.149532311171573,8.0835289396008,7.938149782427714,7.707572495172942,7.416629993688735,7.1825903629801795,7.205013979530805,7.437227298890296,7.675180350652803,7.828190747062622,7.877325149792706,7.827129248830777,7.694243909516299,7.519043426828936,7.396509193494664,7.43176698243198,7.584869364461113,7.750740098575574,7.898317931641783,8.076196386525345,8.337365298394742
-2.829750003730742,7.75807415602831,8.006830551852522,8.230314228737942,8.469745841080142,8.757555518843413,9.064402803480768,9.331774658292122,9.521351668942057,9.617075189806613,9.613009348311822,9.506013526022196,9.293129230270567,8.97328092404432,8.564478350343236,8.191945190554526,8.13573746256308,8.310452739937736,8.47054831034259,8.550601040142455,8.547141793898513,8.470211150262411,8.33136072196476,8.126784555323608,7.810694440808047,7.2781716394392,6.830896650300511,7.299404182039495,7.489408854649072,7.172508709772004,6.781006250481531,7.795618867760547,8.28990717999472,8.448702447213158,8.360230144982408,8.050751294928673,7.542510051468297,6.910592475039249,6.384259274520682,6.951493938575027,7.793612638108648,8.306121927808862,8.442282083255208,7.956802541430934,7.43767861734393,8.722152353487315,8.79930929363907,9.31120838766901,10.555758527117268,11.325877051703987,11.829295337700087,12.150791157193666,12.326366441182039,12.371695969022054,12.290767393481214,12.077763728855814,11.714460771401368,11.160055621683393,10.319279724408837,9.067512955099,8.925449377974424,8.808153225010967,8.235180500277632,8.000947580476165,8.250626839432613,8.455262813077212,8.526611156901177,8.351206088056275,7.781900497127901,6.649207528048919,7.422499835538007,7.717658283174015,7.632469043905143,7.32517260584548,6.929899297181758,6.746882079636089,6.841555443694727,6.968487003950456,7.124072386167489,7.334774362054534,7.559140629117077,7.788702652313332,8.018818100134965,8.206855020136388,8.305111009817509,8.280073680025938,8.103194812040194,7.757615480542486,7.44368542880058,7.6296984036250235,7.871582776589235,7.9468254293983795,8.026493694058848,8.376441772700689,8.801748729524125,9.113525872178938,9.289187615302266,9.338619118184189,9.27214519890823,9.09962479713672,8.836043885532446,8.508835338712418,8.155153985136785,7.795418614120013,7.419058835463395,7.020484614362745,6.638320967280383,6.512781638369767,6.927888031174274,7.420877015289417,7.7759432913033315,7.983402778862862,8.057332930152713,8.021191016595642,7.926951184417883,7.873103647618259,7.938930170798398,8.098472497830342,8.289124309831113,8.463388818361807,8.587273007955568,8.642695078580218,8.627247441629816,8.549053370505291,8.420352763025413,8.257144461620603,8.093921667378734,8.006651077324955,8.082804770822113,8.273670357695401,8.427526500562601,8.471190101995628,8.477410678131735,8.676144135940605,9.182174076854936,9.835813847040578,10.440946633474974,10.922501261453784,11.272399641733253,11.497656564072514,11.60471581783576,11.595795245418445,11.467505517430492,11.208669720111653,10.794794109865837,10.172358182782498,9.21203082411047,8.159475465008757,8.403830583474281,8.243600782359055,7.779744152087355,7.502472934738106,7.514762646640346,7.4427692388767825,7.254675473649334,6.990273281180322,6.697488800949461,6.7286768242625605,7.18105561772259,7.535325390416335,7.719127368171985,7.824752708659309,7.975977978747967,8.18725976738824,8.380303139641953,8.50705235203155,8.549434521434636,8.492230949631473,8.31505120136287,7.99838972954762,7.606532820608847,7.559847666026816,7.858795085371611,8.110722594098087,8.262677159637692,8.32322098164889,8.289884082044054,8.152398480356357,7.904861585125277,7.582366418131103,7.3375257366728786,7.277786762160492,7.228100722377022,7.038325113681586,6.604601240015159,5.5613984409366335,6.028231115823896,6.937309482927137,7.42659984779043,7.737992281913077,7.937728755231439,8.058341605467836,8.12223746598333,8.147647615793753,8.169356310174427,8.261865736872815
-2.9155000038437953,7.3775903208608735,7.660980575312207,7.916431868748846,8.162340520502331,8.455229499725293,8.779608202250035,9.069908789139253,9.280470579812027,9.393177602146414,9.402493804684678,9.306724480481826,9.105764636871516,8.805476449589657,8.444941856809162,8.190355861007086,8.24839730824037,8.455608549757546,8.625926535438138,8.712844514062375,8.71276992932582,8.632098159457737,8.479182731936925,8.259018397925411,7.98245073384022,7.762356626431084,7.83880919051731,8.048766705932382,8.143735357546847,8.079516625010008,7.9814038623474035,8.120698214220216,8.356009217001908,8.454477636961943,8.364269198669975,8.071210620139167,7.536946167550905,6.569266608176334,6.0009553785352345,7.195311256127131,7.822795837926738,8.194707705882436,8.288764050341102,7.961386463161561,7.518112987137716,8.361365595468774,8.495903712201722,8.68096586887702,9.965344614897111,10.76868581386244,11.285436409669105,11.612488921897492,11.78997028632859,11.835259532816305,11.753227559975464,11.538747781756749,11.174696553909314,10.623549757517392,9.804681812922317,8.640808210542644,8.255225022542488,8.08308062787228,8.0807628172241,8.481237270888236,8.71171483163056,8.777849341213738,8.695616993663682,8.421112545820336,7.841878940614557,6.813310031485916,7.261098437726076,7.597150779050117,7.55201400290357,7.233199365130854,6.689537555060339,6.621713533601317,7.027215199248769,7.26947065979157,7.41220455653901,7.542524490937955,7.6923584142432135,7.881405636168435,8.107911988521534,8.318473921897812,8.455137410280775,8.484963077074838,8.390053355113386,8.162286238230367,7.856113171382554,7.744317149696571,7.9068346846378175,8.059492517154402,8.17391741232427,8.3611635400459,8.62115383985956,8.848795687569298,8.986565547056834,9.024666294593743,8.97159107608967,8.845367910260428,8.672130019954597,8.479191767932246,8.280482437425723,8.070283270220433,7.831087123802431,7.53928829205393,7.166526441429177,6.705343655355601,6.504043052711108,6.9856299253748215,7.457622698644143,7.7575728333249705,7.911855800013553,7.971155945330338,8.020440139770225,8.140299388698546,8.31819303757174,8.493737340531828,8.633978657364025,8.726656681249256,8.762197585970176,8.730373234760208,8.623704491790534,8.443183708436102,8.210486247385571,7.991886730916657,7.896111233500689,7.9656883760602035,8.123628998860056,8.277060008170833,8.37531397071716,8.427701995942058,8.524412713843844,8.762733798024131,9.125440138430347,9.556269532826283,9.99264819906225,10.373179242706286,10.663867158305102,10.852606937739521,10.935691116328828,10.910144023497683,10.769900055261429,10.502821136246038,10.087091871156174,9.493971026424353,8.805005158918307,8.56713734431022,8.583965327610269,8.475519789960234,8.291963890041371,8.117402898113614,7.952786760926889,7.756373312819478,7.529757153140323,7.349228910698892,7.336478311261286,7.500531143994338,7.696359171161548,7.815753373474668,7.853001168551082,7.910029743363524,8.102608431773644,8.361101480811314,8.573614901238445,8.70075699694918,8.732683097211712,8.660239651935296,8.46641410815582,8.122644669617289,7.6222480736172225,7.390254597248208,7.765361720117843,8.103143476334596,8.314564770181116,8.41975436682861,8.42161929535135,8.312320086521511,8.080325170851784,7.724351155517517,7.330148901121092,7.175006278913941,7.2502605860117315,7.324529971021509,7.365362303836149,7.401261227656346,7.470568095582209,7.624138904552416,7.848510645689798,8.063383947723064,8.214673301321954,8.29130936556852,8.304473168269137,8.272217791872649,8.215721174394002,8.179730248094142
-3.001250003956848,7.108164944476405,6.992079719694304,7.369378597334697,7.725162744965323,8.069353715804429,8.420644728714365,8.731257957015568,8.958741993092833,9.085212685953115,9.10598612624919,9.021636514799983,8.837015000664694,8.56866189835241,8.277713440005982,8.140913648773566,8.280966826479998,8.516316814885219,8.699021495584963,8.791032773625837,8.788677755109118,8.696663357164908,8.523376773526257,8.28669146079821,8.05515991390625,8.018026542697818,8.21759626179633,8.430695329233926,8.540702994342286,8.530859749693226,8.439305874517265,8.377198740935526,8.420268777309202,8.467671073831559,8.409221761994937,8.202169212102513,7.845715860768575,7.474614586221966,7.504673804177063,7.819581940313173,8.1178824012432,8.32824797850609,8.405934750680107,8.31056328895147,8.109600055657394,8.155235151589286,8.22740764427031,7.928115012528213,8.95999673650546,9.875080637238417,10.442068806789392,10.794742294513828,10.986607805362635,11.040340602354972,10.963390300600903,10.75246317523983,10.393460619146918,9.859667527361811,9.12335817770244,8.270964782144398,7.36197273833647,6.801124742383475,8.232900363830863,8.731976460284661,8.935982826705729,8.96082470515907,8.839397517014456,8.572119915431351,8.155266206829603,7.705145469635508,7.595159790895451,7.641560453736194,7.518121925416412,7.147390072508407,6.767743893305894,7.105059004020184,7.433208545587806,7.560287293617631,7.576029428881611,7.573427085022602,7.612643010607468,7.750843804610442,8.012421901774434,8.296915473087681,8.504410723962314,8.596286492710355,8.559474594858681,8.385218859103825,8.08411336787012,7.8178585327058565,7.897621632879669,8.123269684989891,8.30667104136545,8.46551351571533,8.619211455988196,8.745214427632087,8.815261497044126,8.819121893894417,8.764200305768814,8.670033293958237,8.560564838048812,8.453048591409086,8.349518188883053,8.234996145150795,8.080791234928538,7.853055356408306,7.523852439128719,7.079063857113857,6.537543846659204,6.398046735106702,6.9523924803424535,7.383936937784769,7.631602510555915,7.7862632024805185,7.967615834912737,8.216869096142528,8.465056789708342,8.656489080677675,8.777959451140685,8.831432568157881,8.817579802076958,8.73094583590414,8.561155921964872,8.29968782993451,7.968240463000159,7.712920225299018,7.743117654489427,7.93382382372679,8.114796968226042,8.230372080791573,8.261097757774467,8.23699831068181,8.298569911423765,8.550437716012313,8.868354018268663,9.1624779319794,9.429678268211497,9.670052610514063,9.86370937825503,9.986018865900357,10.018485956473357,9.947770518585008,9.762198012513975,9.454664438096518,9.058919777692186,8.764209389928897,8.730614584061806,8.755580705717597,8.735088170343989,8.698001127383508,8.660425376820779,8.590325295824023,8.453333662335643,8.245644757556505,8.005433050958993,7.816046150851182,7.759197905972931,7.822341624415796,7.907626809872204,7.933751440167921,7.891234115449817,7.887920414052917,8.071482036248062,8.351041615519724,8.583559211699631,8.724383910353898,8.764775931532238,8.69782271691503,8.508916116426674,8.169401209950193,7.649443704712896,7.304110621702255,7.7009747061221,8.083914952153686,8.327483049493168,8.460860382737357,8.491637722178561,8.414313134995602,8.216075117004735,7.876107435977543,7.368982234184683,6.771622813908727,6.659897863516514,6.953183723362276,7.24875674371871,7.507788038775696,7.724441030050154,7.914899873253678,8.092480200917263,8.242880166438928,8.34050105277634,8.372812118661999,8.346986964377967,8.28403448633959,8.204749351208156,8.124490249288666
-3.0870000040699006,7.615882025053246,6.743927945510926,5.900880778391704,7.094313273408026,7.654394951427114,8.062356607756847,8.384657610702623,8.614722907623532,8.743118566146128,8.76769502370475,8.693018978927839,8.532758677912668,8.318903355992012,8.127937671825757,8.105580705598614,8.296876709601909,8.542073521698816,8.724461159572417,8.810174126913315,8.793803715491864,8.677278864434308,8.469112941846316,8.207026905794761,8.038389057438799,8.158698097562974,8.429332080816286,8.65638363229164,8.780465664536296,8.791047496497207,8.699845704566439,8.561445376586796,8.48241231943186,8.490986319869142,8.488449128440282,8.41033660618927,8.277342174962675,8.182308607632573,8.202757719078717,8.301598839519839,8.413024479124918,8.500991388038976,8.538254534841276,8.495033557390274,8.353811269162117,8.173830898846436,8.111128624145582,8.038489991042978,7.414660376789422,7.773800342948425,8.951952547341811,9.538914451352,9.860734958482361,9.998521456733377,9.978115312456993,9.801205479465745,9.452765379028339,8.92027613906144,8.36075332941034,8.13982037601781,7.888617298429066,7.824391479561468,8.420909779694616,8.827452385903245,9.008926717741293,9.025773581719587,8.912045172708583,8.688861033905889,8.381511762479848,8.050010041569129,7.790326506547453,7.5898859896826245,7.302309799000278,6.962536487598632,7.1953217305463735,7.5832148752905635,7.759389521065184,7.744576546701545,7.591853659881359,7.382095786807662,7.209653059815934,7.26621123346886,7.695149283558212,8.144757176205097,8.449266468989396,8.599799350221257,8.60256544944032,8.454446406788492,8.149531646629866,7.789563445382668,7.8259894254349245,8.13753381689718,8.384995443195434,8.553961095668408,8.667528704590923,8.730413490781078,8.739163945030654,8.695579687160613,8.612936339591426,8.515687353384797,8.431787808993636,8.378349067519517,8.348284252963973,8.30994092542576,8.222655743827392,8.053450662313853,7.78711180978858,7.43858213767176,7.059496700175138,6.7284885674379336,6.698653108614042,6.987117917083515,7.2282356019841165,7.417835226426817,7.717508422106963,8.092894896214176,8.409158479926043,8.624170166724952,8.743363685250998,8.779755516713768,8.74144209144643,8.627368460094115,8.427984356084316,8.135702883517636,7.796024291728158,7.62758341738134,7.749520097448774,7.939450875676266,8.089562049299413,8.171795170144712,8.153062200520859,8.00227907131865,7.796569330495613,7.929248849721744,8.298305399752975,8.566485632810016,8.717803594791567,8.818301927395899,8.919813504684225,8.99999693832213,8.989001462846282,8.81182607092676,8.351327497693154,7.407299979942721,8.012230941371293,8.560529921320214,8.761022952118907,8.802133737994607,8.808170192528964,8.846008808973437,8.878865247875035,8.843779709401593,8.713236508112518,8.493546769427752,8.225732801067437,7.992163974031232,7.877701192883131,7.8848260880243,7.931178063058488,7.934417828527083,7.869626247494979,7.815784152178022,7.939346154690259,8.204147187803281,8.447431347509847,8.60472518815745,8.662792637640372,8.615270972908691,8.449978611129746,8.14332652227033,7.67821378299414,7.3652708465464,7.710280315451514,8.08333707617678,8.327793332730641,8.467497621298465,8.512823088380904,8.460693756053516,8.300458845189686,8.015181528656974,7.583013613646866,6.99383425364831,6.298087174565797,5.737538451664136,6.503224856142143,7.227281605694349,7.685762987729569,7.984342481759895,8.179654281658607,8.297035196718245,8.343976184649664,8.32509641862616,8.256930146095705,8.173213385638002,8.104119725812877,8.047902870291635
-3.1727500041829533,8.06661111046704,7.542370703812408,6.681035529897864,6.702068089030093,7.4076925043869375,7.8440444384069465,8.146301368259236,8.349958360888657,8.458779864269292,8.474998712821305,8.409524322613402,8.288599248924056,8.158714443314127,8.089941192840989,8.161201552683558,8.362595626324971,8.583230714754725,8.740053796147048,8.801267670287418,8.75674036362865,8.60396081036397,8.355875675654103,8.100375789697434,8.07769072473853,8.325034181011121,8.61442565465782,8.838455233447947,8.966332813458434,8.986661643827066,8.899114964497228,8.729125504432707,8.566469321203229,8.525289918591252,8.568139547675306,8.599035970018772,8.60361318801072,8.609920711537065,8.629396747712429,8.648414266420986,8.654915285698854,8.647938567337183,8.624818064468455,8.565425706791036,8.43420578500131,8.224368109382553,8.090499650443617,8.204865072486085,8.342297899800823,8.448154492064011,8.754228056358077,9.175075730043119,9.48877603468019,9.643048923629767,9.63255137814823,9.44286404295138,9.027839709226171,8.28923731430139,7.797837414874671,8.150257673607475,8.186589400000395,8.18196476366685,8.490589493007485,8.804376396986708,8.966556774971274,8.989803346760462,8.903020577462888,8.732076256111718,8.499854379558593,8.22393995588172,7.902586174735184,7.477201865595758,6.821236943541193,6.887370413702938,7.536990756866043,7.8579323791411415,7.932686823400386,7.7944160801234545,7.430551009015434,6.784591600220636,5.572985944024956,6.201014997633974,7.299045025418943,7.925149613642842,8.29797695469886,8.484153793181365,8.508201212211253,8.369694925979381,8.049215339397724,7.614348414469427,7.692906074727059,8.109575805407642,8.39814608120382,8.565790121015247,8.647522327410732,8.661002315565424,8.615184154442021,8.5208093762534,8.399567889595767,8.288325273055449,8.228552447900906,8.236908669611076,8.285365104577622,8.321213489835515,8.299144329097924,8.193462923566804,8.000351229628913,7.747149642486899,7.49947711454937,7.32118888784273,7.230338358050994,7.196650938023419,7.111762509722088,6.915997839550487,7.098726191934205,7.679011533471559,8.112443818161715,8.375047842140923,8.509881409554584,8.54979751670308,8.51626285055065,8.41885237495871,8.25984293191582,8.05651496703688,7.88533377751923,7.853441785079407,7.933622671608731,8.03387840247657,8.122115521403261,8.182810948113383,8.17841748505756,8.052627230921715,7.723368603670851,7.037404261089161,6.7648552850780845,7.419855344907739,7.754042225816039,8.025058074176458,8.32316524520971,8.544710338980746,8.602808085199742,8.43410258762591,7.8979530745400135,7.150177790767419,8.073248559754024,8.518227781402535,8.681667200722373,8.73504361218249,8.805500505941488,8.912771535698125,8.980959840840915,8.954330108234668,8.816192132199642,8.572782181651391,8.257479960120184,7.9515094245999585,7.767288655743409,7.744903395743116,7.805911354186167,7.847438005903039,7.824014254062264,7.77276012885147,7.813010651322452,7.991156873471133,8.19957359714117,8.353474569578683,8.424831077367907,8.40335689186423,8.278960206500749,8.040283275084686,7.714733512300541,7.568431990657184,7.822927835046408,8.125593579173646,8.337318422479171,8.45937840805469,8.500509564218623,8.46108665085662,8.335421695498232,8.11855541154396,7.82579990674801,7.5348063460966905,7.346364470436044,7.211847347662622,7.133752492478817,7.355491440333682,7.727118548072332,8.013096472132727,8.182971614335946,8.251670471451243,8.233381733961071,8.143413789820345,8.015176112741864,7.910494792432058,7.870192642308205,7.860657780579078
-3.2585000042960064,8.329031905996876,7.970992898983444,7.4654989956205,7.068131936235179,7.382457425588456,7.782872884959952,8.057838157516505,8.229021304396891,8.312356494664103,8.31950829286919,8.270206924241018,8.199787580157723,8.156052739202186,8.185046533873804,8.307772994424573,8.490061352074816,8.66344408092209,8.775241506853927,8.797965898951453,8.718188608119313,8.534165446631588,8.286358887015698,8.147368365955344,8.284504893086556,8.551436513158883,8.810286391212493,9.013523519557689,9.135586385811347,9.160486839734451,9.081531247058846,8.908812247619473,8.701206800879715,8.591609869691466,8.63325056302309,8.726745368807467,8.809298162507988,8.870204750701433,8.90269445002083,8.898506183583583,8.858419113429285,8.794468561066195,8.718766863285152,8.624982070542947,8.484305933854916,8.277952807617424,8.101749696096181,8.175499829541128,8.384999481379952,8.55429708862265,8.710631611133316,8.903436612760261,9.081440475580544,9.164595351706708,9.10094325744345,8.83947320179223,8.264503017382944,7.113357854714908,7.733823426376474,8.130720102264817,8.169130629757719,8.194663650475006,8.428841444860556,8.682613417160752,8.827752342078405,8.862273105714866,8.810666718213106,8.697859404658116,8.539550915278484,8.331866443966586,8.037822509183945,7.546208653555529,6.351204974861131,6.7837164603611715,7.624349192648154,7.9202516760320805,7.938565879880308,7.697058813386142,7.055231344815205,5.210394509810395,6.922825752810373,7.425066060495609,7.687828457834955,7.923346444640749,8.13341831536354,8.258687081001588,8.260432813440133,8.108232466630815,7.755162786056861,7.279533423931483,7.567919547120674,8.06212453687228,8.35220835065604,8.490256762294793,8.517166246477297,8.45767437362134,8.331906064285599,8.16522291112955,7.9999590302755745,7.899359914702878,7.914602241339993,8.031425694706206,8.181319785700397,8.298382597817566,8.34403160802795,8.303084277313921,8.179305432959511,8.000540127637791,7.824428244848797,7.709064490347669,7.656100181660611,7.610555771365045,7.486896007915462,7.150426503447073,6.175273381915666,6.462225750361213,7.403191475025969,7.804251005691298,7.99293490637929,8.077693656900845,8.122766284114693,8.156110070276013,8.175652437528253,8.180802337472793,8.186838383756637,8.204932962114007,8.226698827336499,8.243551549876402,8.263928002127477,8.29516260783873,8.31793160561672,8.295234467398114,8.194056776238245,7.988640155446268,7.654733217855314,7.255179793426776,7.369680334320669,7.852005531679918,8.196844168991783,8.362233372414792,8.337204978038839,8.059183538114725,7.264704119953809,6.936809016052141,7.952557466918631,8.320673210518246,8.46051498263378,8.558799845678276,8.720508738146773,8.89008630405047,8.979766141871524,8.952872047099607,8.799639853527989,8.519751047059223,8.128735976590962,7.695516418744484,7.392119872186355,7.373014185864819,7.5370682064786765,7.697045999990857,7.780674137188764,7.802586441588955,7.815938204139773,7.863606518218447,7.9387715946980695,8.007308142885005,8.042169281049997,8.02817831312247,7.960203021807025,7.854235083624402,7.778919485120728,7.839590433527834,8.022770136369786,8.21827883339802,8.364823443187555,8.44813368851857,8.469109111514546,8.430350773159928,8.333048893838395,8.182321849308899,8.00375322540917,7.856311945436177,7.783213948456803,7.755743717199716,7.756598095002533,7.830650497937348,7.975908650141052,8.111923476802978,8.177783732214275,8.151107350854593,8.026485862965368,7.812866146867747,7.568354188933359,7.43198834136991,7.439123372227644,7.460224660923485
-3.344250004409059,8.456695337247371,8.18667034692423,7.772827900101267,7.245559982956505,7.28801619910138,7.745135350194441,8.056870798830404,8.23150885011253,8.30684543632508,8.311091101417446,8.275061030337143,8.239312091462235,8.248110938493944,8.328375110084002,8.469587172204108,8.629226458938533,8.760279557581065,8.828927653322106,8.814652528536406,8.707656357138234,8.520986354236948,8.343405202763295,8.349210600371476,8.535883433460379,8.767535311276111,8.98615308628501,9.164403092519978,9.276226326721167,9.302670197911759,9.234923463816498,9.077924311767719,8.869541810694228,8.713366712802433,8.710218636378018,8.812472424311386,8.930579638091885,9.0234822872097,9.074081070096543,9.075553425135729,9.031366399939273,8.953778146178905,8.85585085886819,8.738829095617529,8.586946740266367,8.382690002210177,8.16412614846674,8.11423708364842,8.28957833892811,8.471579066580809,8.55118281724156,8.512516521351516,8.35964721566851,8.103728829469915,7.792301762908796,7.62267337574453,7.760582176004484,7.957276682975662,8.040817631750498,7.987597993580856,7.883044923394641,7.970672506454351,8.242320662464522,8.47351130659645,8.603039263272393,8.646661537423286,8.633973803753445,8.58923344272225,8.517417717681164,8.39872588886855,8.189384695776896,7.802353941466331,6.950809861492036,6.0453417507777605,7.401061425057534,7.7577173098947565,7.764346959912034,7.4447696632731954,6.573411952950667,6.92839429628121,7.673784762572177,8.014072394658847,8.163246770745026,8.198795864251485,8.158845413230445,8.062977644994543,7.910629988973344,7.6684201009261335,7.273758597398429,7.024027790466246,7.552396420989746,8.011778784016174,8.26092180477306,8.341266013920555,8.274107276269675,8.065894229257955,7.721318981564792,7.295171126798412,7.0485428616365695,7.176088604200444,7.459781807305877,7.776884877578747,8.06118067304557,8.267726896022108,8.378810232519548,8.393118131776577,8.32050507911969,8.186163262911,8.037910621072527,7.932242336401906,7.884649228417407,7.8536376285337575,7.780788186692074,7.614658297711371,7.3203034828528475,6.968234522752251,6.897784004892581,7.016786095714225,7.03762936029478,7.1485831206304296,7.541189283640988,7.93431614814453,8.209709080621698,8.382320397842138,8.481654722750598,8.528609590925475,8.5338318858408,8.506330045944836,8.464196818261337,8.432435582078481,8.422583493825451,8.420336559655457,8.398476774174773,8.329956542706398,8.193431189420913,8.000751384213169,7.88445599287036,7.995499668668834,8.168522517347041,8.232130941808647,8.119617206184703,7.742796160068848,6.73027980905084,6.837347087235235,7.6910623800271605,7.979003557938231,8.088958493323762,8.258593178460641,8.53399868355991,8.76663676194441,8.8778179261339,8.850514652721591,8.678421848553201,8.350564613392633,7.853230496698901,7.2191079793594435,6.7476987995355735,6.818342654452364,7.177228425975429,7.517746198717755,7.750617423696566,7.883727639195149,7.936617667369919,7.922172950006813,7.849464943808,7.7265211849925945,7.561073194020034,7.395056640515456,7.390172326050667,7.6210824233914405,7.894476319826586,8.104374673027479,8.247491384626972,8.342706047792785,8.40305165192075,8.430749957957557,8.423516596065168,8.381465294923752,8.308876854786586,8.214563024241558,8.116082043188223,8.041056025466693,8.010264704512915,8.021859218645329,8.067167465386081,8.138492196413177,8.211667747384174,8.248093821934711,8.212861985203196,8.078448600309473,7.815544587437095,7.384137587320323,6.795796219453102,6.550997993009531,6.663949337380647,6.589479240801002
-3.4300000045221117,8.48312109971938,8.271698918618755,7.889271865333657,7.173258178528853,6.860920421207648,7.675788595491063,8.09359309341654,8.29570199511421,8.368780065664119,8.360299439050152,8.3146340213192,8.284005322997125,8.316284299013242,8.424231593560435,8.57624883702602,8.724627259969168,8.831178197005285,8.871694383123675,8.832451017442498,8.712548351937805,8.547623995196675,8.454331799681059,8.537564260332008,8.722320726300095,8.920928573058745,9.107617886089718,9.26312369161967,9.362814523522324,9.387972879144925,9.330814887662381,9.197084761709831,9.01687827994882,8.86264666104016,8.820582522750605,8.891296540061239,9.00469358341394,9.10686037209037,9.172707569222808,9.193701799748048,9.17052947930014,9.108484456684819,9.013355981412932,8.887372881791691,8.725798884014594,8.51734135584992,8.266057647492376,8.10444004768473,8.284448068467198,8.626423815721445,8.909901289437485,9.097209224656433,9.193981392158763,9.209182071477144,9.149787375369632,9.01992970271893,8.81939982222336,8.539431271577682,8.152211768222998,7.600553978782244,7.12622906260789,7.5582907451732435,7.9741153304029035,8.201062371484543,8.306400791263965,8.347363974156302,8.37274668265373,8.404673441637168,8.426390916284515,8.400809367119491,8.286559415789965,8.028959255733882,7.509947919288087,6.131213038554885,6.604339550691889,7.2982798346530995,7.3772360687168685,7.0323767755740745,6.494562829590268,7.360829565110994,7.945871332021588,8.262765879523037,8.415521499565969,8.442154699936257,8.355291055557998,8.157972896085964,7.85724575705065,7.489269045121309,7.179019996832737,7.2194490840512096,7.587601704574789,7.926695435679056,8.117868127968336,8.144729645780398,7.9979718185636415,7.6576434070299335,7.14257908909921,6.864310093184004,6.979967933440772,6.9919699191025,7.080664751602546,7.51118476922825,7.946614287169913,8.243976860218249,8.408233852065282,8.457132903481952,8.407733120001435,8.283462039694015,8.126442897173153,7.999562572026607,7.943404572873851,7.932612103383536,7.918100607690267,7.878399528316701,7.8313298019532125,7.814286884082995,7.8190963063445444,7.7639827288903795,7.523891412932864,6.824477470731578,6.646577084776964,7.725926421406661,8.241315961059566,8.532318438104541,8.697842137622356,8.778007796390835,8.790475106168852,8.744427720137024,8.650560284447248,8.528753326194481,8.41208393168282,8.338064998002322,8.31521602166994,8.303771871182903,8.254881966831704,8.163671263813912,8.10481517399318,8.15868652206042,8.254454580148417,8.27650137600502,8.159350854748789,7.838896446174377,7.155308215736301,6.452559842273845,7.255469353531317,7.536960419567555,7.5817848857584025,7.809250023332745,8.226086370907119,8.535631950654352,8.676298146734435,8.651717874741706,8.459682802421641,8.082927946844224,7.520661505568245,7.0904254031824685,7.1334854264360406,7.1348704845818105,7.117245459848402,7.376388142642373,7.732618768986573,7.979577386376706,8.088254556969497,8.066732059496939,7.928613742955635,7.684390908199968,7.290272270891423,6.3987986456263455,6.420728433053717,7.549195643628306,8.055115960066681,8.318667563157986,8.43604389271406,8.45930839306375,8.432274364945307,8.390990786145,8.352086368554561,8.313643514675974,8.270454976319195,8.222789404923425,8.17610251390845,8.140497896218104,8.12930935444785,8.152785553709178,8.209222277246125,8.279849806392923,8.33397113398683,8.340197692685916,8.271530068953707,8.100923664720957,7.789214890509413,7.256887356066202,6.263656721690643,4.1906024600278755,5.068352969309089,5.4243570301498245
-3.515750004635165,8.426385766422701,8.265487592046545,7.912296268010349,7.085015259734482,6.395469086538641,7.7143750596589244,8.177214215896754,8.377151708665565,8.426434424631251,8.379018954280667,8.28978016640151,8.233097688574736,8.274164353595967,8.410310084147948,8.584029136649324,8.739347143251647,8.841095849470678,8.870037180304964,8.817900297953244,8.693702343019172,8.554423983151704,8.523689831536903,8.644827976062958,8.822747142774817,8.998218045192054,9.159250027226895,9.29237062982316,9.376814516622495,9.396698684372854,9.34742923383992,9.238453289130666,9.09858802007666,8.979216951379101,8.932716731774365,8.968089656226176,9.050326705596966,9.14062669017004,9.21496292882952,9.260347980797146,9.268246684057685,9.232141727670351,9.14858891571792,9.01843350835758,8.84473687428068,8.625909824622669,8.355353912972939,8.104626534478838,8.21486911456757,8.624323636548436,8.98565887699956,9.23254186313568,9.371013663775406,9.409554636614748,9.35212894658919,9.197736790119706,8.93855787321047,8.55221132042037,7.97046004458991,6.898096545595082,6.619022063838385,7.520670732643942,7.858412479112784,7.986649942745829,8.0074981380771,7.999802338792347,8.035631845855962,8.129039520708885,8.234636983138879,8.30099106886895,8.288558105713234,8.161201473590806,7.869765102676813,7.305021778282123,5.974299667892067,6.184471211167838,6.708181154228348,6.455964965526602,6.275910427881225,7.335196639298393,7.943888376984503,8.297120072476766,8.489881661825704,8.559087094954835,8.519392635014665,8.375947201323092,8.135284441347565,7.827925219522333,7.550640838103545,7.452462848690769,7.559056597053733,7.735774108495822,7.859377095883548,7.889436621058433,7.867020582688068,7.8932153691798215,7.987843032862342,8.047986521192065,7.987572780064763,7.752979999064782,7.333832678181812,7.325611982458069,7.856294053669428,8.227591462412395,8.422009488260851,8.4786474152837,8.421351274033487,8.271881236585687,8.070764244687274,7.902308061016318,7.852430323501891,7.897608348169903,7.9643729090587385,8.027194608062326,8.097957851318123,8.183499641153517,8.25608694099049,8.26211457103588,8.137681673930734,7.789611853548129,7.16176895838,7.615252800780628,8.259589654559534,8.630369703857411,8.842957915044881,8.949990985975829,8.973280273298803,8.920138841949875,8.790025586952877,8.576960133125556,8.278179608479743,7.956269239924503,7.85046305491897,7.976769243861625,8.078076700473465,8.10431051468378,8.146927901115614,8.275440479729346,8.41832822297261,8.485406699097892,8.43310160588231,8.230112327622662,7.827874422853617,7.226938896874769,7.123270501755361,7.339929017803793,7.264457102611584,7.292011745011029,7.813454615620244,8.211505306985414,8.38558073604019,8.362757292240325,8.151796586232644,7.7623600477521,7.40439168758081,7.495226342604479,7.648293132330427,7.615761291184427,7.398607711901533,7.325081515195971,7.721454387400238,8.07001697563615,8.228011376572816,8.209446578581401,8.032830902704864,7.726210930225824,7.333344767414581,6.901547938199731,7.107039854280692,7.770628527094129,8.215578883992498,8.460707262691725,8.553689033290423,8.529939742149294,8.429158016843566,8.308862507040907,8.229182888063379,8.204479656612648,8.204246085395079,8.200357740075015,8.183116179507604,8.15720273125199,8.138609810176213,8.147147187775063,8.1909338307207,8.256797844828062,8.317402443361006,8.343198787532256,8.306932220663661,8.181197815284195,7.932390176731278,7.511742259049029,6.852411853718566,6.041955005528658,5.958293185793176,6.755435004503687
-3.6015000047482175,8.2926489124841,8.192228286904387,7.921579708285113,7.458970947410646,7.499065904611201,8.028598578656199,8.35340498506909,8.48822329117635,8.47706012811885,8.351879842020693,8.163768506124264,8.02609721319969,8.064137954431834,8.246605742988486,8.464086570605996,8.64842898195129,8.765627186627096,8.799069837353322,8.74442818840958,8.619929696834078,8.503069367099181,8.520707831730636,8.669504218094088,8.844431196096467,9.001640984933948,9.137060601378,9.243335508428236,9.305841477300447,9.313964286043307,9.268519210911155,9.184483822245033,9.090446045762919,9.019884867091939,8.993688280998835,9.011035376631531,9.05970472252374,9.128675671906407,9.207096698461537,9.277129052838605,9.315735530548427,9.303494698781575,9.230224472458438,9.095828762930818,8.908232103586815,8.676070391608429,8.396858733759613,8.087350823918804,8.01254246225983,8.372216040790953,8.756337867645492,9.019631381868304,9.16175523188736,9.192131119567005,9.114762875108633,8.92822537335466,8.627147681093474,8.211215353965802,7.758666529186152,7.619738278854031,7.82035728010023,8.00136998296543,8.068471951952874,8.0201825660645,7.884540471069134,7.732472341055194,7.66123945089014,7.719560669324782,7.884435843902174,8.07267764469346,8.196548253151931,8.205344613834644,8.067217691797147,7.735826078739243,7.086274387563139,5.750823731641819,6.38226703624654,6.529868200743427,5.5485517034366225,6.734980982348592,7.651653901556948,8.133078931976472,8.409547653330716,8.549792060702355,8.57925233767383,8.505280456664423,8.329254686622145,8.063520686699679,7.769357241052832,7.569751705748924,7.481691383977762,7.392339323633251,7.321556526238687,7.516569824490437,7.906536993788369,8.229019715130388,8.416905961396255,8.466546790523727,8.373838001433665,8.11542483473904,7.646320647583127,7.318255831553618,7.81100653020872,8.210713967581698,8.405927584142285,8.443873226464655,8.348757768363475,8.137152773949035,7.8538188946827585,7.65305472154312,7.696851710795618,7.859335186587708,8.01149615401536,8.140351930707498,8.266008791882248,8.395997770543664,8.50872994020393,8.565569195711301,8.528528088092338,8.368754095493802,8.11454631774098,8.071947629617549,8.403030133730327,8.729299515755118,8.943281261915004,9.05598994163464,9.08115206069284,9.022594370580695,8.872179574323463,8.601420545996437,8.129039225274665,7.117982000329124,6.669256610100356,7.7215826495035,8.026947408120673,8.104071838262108,8.153908551839201,8.305340578018512,8.48891328419597,8.598161730796257,8.591439288795792,8.453502357778602,8.179159236901832,7.82962075088688,7.645648214796278,7.62595118105217,7.464651865614683,7.175729630377141,7.440365480982949,7.854959025214038,8.035089234725966,7.996071075595693,7.76736493912501,7.4609449102593,7.456751262162886,7.699558095403829,7.850472725724284,7.821103816430421,7.568915672314938,7.294423094451523,7.715926645197703,8.148425009694593,8.342552358144903,8.32777703467174,8.117537812870507,7.727406598132144,7.343474186885279,7.379886504760682,7.671869094343747,8.022638971318205,8.32690627194088,8.519279443900372,8.58581335130239,8.533631809039983,8.382570902985194,8.182176994095343,8.034285681842118,8.016780915994797,8.072934826929094,8.116964264633943,8.11360334003402,8.06328436836217,7.990511858676823,7.936759406795659,7.939999629895099,8.01107645282567,8.125567171177943,8.234319253176746,8.287286999641431,8.246128047574274,8.07976155772083,7.756106080235559,7.248588741404876,6.650552533553666,6.522342086587244,7.086115803119487
-3.68725000486127,8.074650702635951,8.072459370995462,7.986424195891833,7.960625671968495,8.164091932681943,8.434472924197225,8.610565366749844,8.655720347290126,8.563760224811697,8.329031455280496,7.9610597848564995,7.616487315892852,7.6613519464870965,7.934792238006963,8.208473631874352,8.435312777476899,8.586082892186848,8.641036809180646,8.596198393165041,8.47769060572879,8.384958814941482,8.448792713693987,8.624124624854456,8.798138676706815,8.936669232676618,9.040892105952365,9.109800839229303,9.137234759585304,9.121806850841189,9.07455490868294,9.018572303474166,8.977840022525985,8.962381739500016,8.966743473899554,8.982196913908991,9.009796869136604,9.06303952310225,9.147898225912915,9.240958885101627,9.30349481249789,9.306624216214253,9.2376853891713,9.097236573180563,8.896791151511877,8.654346277957094,8.379153537220079,8.063781909025527,7.800834236702497,7.9405990861147195,8.297981009103937,8.560192118894683,8.682758595168389,8.668337249983493,8.518369820167342,8.249366238957528,7.987471433187658,7.982677131783924,8.134965093316255,8.257536043804198,8.32901718064839,8.352537357639848,8.308163348338462,8.171634783375383,7.939385236411492,7.643698772303077,7.326551761986417,7.063196907057777,7.283196106987161,7.750744412872709,8.05879237846511,8.177302687616432,8.111699350933346,7.836417561967825,7.2631390106358475,6.614479011466634,7.107297122731431,7.3410214424453075,7.15785671390143,6.241722430585689,6.763132814708212,7.707253682080923,8.171298219406577,8.424856284947495,8.534767213961604,8.519865544815524,8.383910448335472,8.136553626343304,7.837561360486232,7.6202250871868165,7.458894126547301,7.052117954420789,5.665584756082249,7.33958412974646,8.075380481263771,8.45194543049677,8.629338284470691,8.654219638801948,8.538227078872225,8.268993179004136,7.820227051603945,7.463332786213098,7.828702312652297,8.19170760194452,8.359092264472753,8.35792881104969,8.2014112578468,7.896541243401443,7.531875610197589,7.469220434001437,7.708701174769923,7.934146960220495,8.100134683895542,8.236575719727142,8.375724208310448,8.53083114251213,8.681922108906631,8.791242809484025,8.827429757909522,8.776122808505615,8.656582776501462,8.571126194856259,8.65842800445536,8.853048660857466,9.019508911654135,9.111058385673392,9.121979972697014,9.051420079278019,8.891442619141834,8.62092905591063,8.21274832191143,7.8100993710968565,7.9538254542168225,8.244501202416723,8.371745062206443,8.35543229919758,8.28246272902565,8.288787234579246,8.396035730676406,8.48741210028605,8.489420293159348,8.389298395119349,8.218824146081179,8.068248178160042,8.000522226878557,7.9206538928664365,7.698200659840675,7.309768598516966,7.219998747074582,7.51871466150237,7.6498650144773315,7.55718148142723,7.310783076158127,7.179693350857208,7.388858809756327,7.658378915012232,7.817386209379712,7.797201722158072,7.517998285817537,7.166875792207736,7.72850630490856,8.215617458667944,8.426453197023308,8.413766407890245,8.18239704065161,7.705301721756868,7.255464493448221,7.577820526813604,7.924972359091414,8.16599226782594,8.35729391107842,8.487795249818978,8.531218405441273,8.475372552836172,8.320963796788707,8.086053178752882,7.845388582382203,7.759109531998382,7.842238062181641,7.925571508957187,7.91544955278456,7.791382458295603,7.567700665339164,7.311097958763916,7.190218068596876,7.372468553996498,7.718466569054886,8.0216183603903,8.207846030199436,8.260032567355609,8.171643640563365,7.9385670724101045,7.58153646214021,7.220060957812992,7.051212897393615,7.235248701081455
-3.773000004974323,7.754494980797796,7.941497893421221,8.117467273706554,8.339850358239056,8.58241276341016,8.775334378615742,8.874158607481421,8.856102062310326,8.699581465477758,8.365628476336088,7.770830050393184,7.032836235175944,7.405148917138755,7.748518165561317,7.936627474618385,8.119318913914627,8.289706151216686,8.38143622395376,8.366008215785868,8.270214924447293,8.212292421320173,8.321383374251791,8.518826084090119,8.690205967032798,8.806872992253561,8.870966925403158,8.884793226008,8.851405685736863,8.787384393287367,8.730679698124474,8.718643112163951,8.749386530466653,8.793292572577723,8.829115188338333,8.852479905995562,8.876805563779754,8.93207942600534,9.032529487802304,9.145317907225701,9.220803410071026,9.22764916381892,9.154998328403218,9.006459428594509,8.798952208897068,8.560930514034554,8.31507697475097,8.054600642771984,7.777688778529557,7.630076683347495,7.770047973246409,7.962750946278001,8.026139320554066,7.903839779429154,7.5876796340318196,7.496571528810398,7.9522439041127635,8.315034922034583,8.509045079467255,8.585708172776068,8.588063796231735,8.538345906275856,8.431548615946431,8.246185995137223,7.965467527764061,7.585946638567782,7.048141706547399,5.706609997730589,6.725774922785388,7.584960949349189,7.96887407001882,8.099507804000476,8.012398481235383,7.659877569184457,6.861366874050003,6.9655595131259185,7.639408553927511,7.890036797373882,7.870471967698293,7.565757850355452,6.608036868409733,6.66350704810096,7.754085248878211,8.203924281414366,8.408576727275541,8.445948203802368,8.340533936672974,8.11307116390938,7.833401428359184,7.632195538236751,7.452781096032803,6.968732841850071,6.611685740901065,7.7320512817539875,8.315282085591807,8.624220061598034,8.755373504256328,8.74322988220122,8.59888486969928,8.319914123132891,7.919042326737195,7.662783208602235,7.907369458579703,8.186806519258713,8.308234012362545,8.2634026525647,8.050450271690385,7.692256118523897,7.453493573700552,7.640741340373194,7.887436933710216,8.054986132369539,8.172376378899607,8.278998238363776,8.41380150032658,8.594496636824802,8.789712440238624,8.947660100365484,9.033354443960897,9.034159340096203,8.962025528255445,8.873893859069554,8.868625430534674,8.96472859960638,9.072737427182423,9.126644445766521,9.10645627802605,9.01004259553563,8.841541426478502,8.623344652045803,8.444272070339688,8.44133811884508,8.566786355844648,8.671731743449945,8.693743225546768,8.625932957601878,8.487585931099064,8.325218716343725,8.197009920996036,8.11681347610105,8.060608374177452,8.042684981942365,8.09787098724613,8.184514166913111,8.214142526152061,8.121543789678398,7.858768235229542,7.391964479728856,6.972848485023631,7.101481415367864,7.177419712593368,7.020031296340372,6.807793697357887,6.862718918823605,7.098983600057002,7.3641686193621565,7.550409976592316,7.532390973555337,7.1674567789192976,6.953263936339607,7.789447756242531,8.274861230920083,8.477328474613627,8.460152385226195,8.220662797856924,7.69951045869475,7.155664356558557,7.626296982781903,7.996200223308974,8.180750050604525,8.28825291360952,8.364621544829372,8.408221019916544,8.40176117876974,8.32991941075253,8.18214410661575,7.96574769153966,7.753400344588561,7.6703028319778355,7.660569884847312,7.543870887423311,7.172990184909715,6.1986985362569795,5.969281006844741,6.915335332722852,7.2890372985456375,7.590431990731892,7.88997430675694,8.11519120681845,8.222371383187326,8.204187169369392,8.072096481977756,7.865508416910404,7.659767261461309,7.502213794757051,7.435647888655517
-3.858750005087376,7.371541543213817,7.872399288228151,8.267210046175938,8.595393395950522,8.850413855565533,9.017303437827298,9.08292138369953,9.032325623971895,8.839754709538012,8.44761448970381,7.692856958557956,6.928969318000907,7.708129736988216,7.969959013777589,7.951783366739797,7.851075948363509,7.885340392657497,8.011052772859898,8.064638767845585,8.027790044541826,8.013992503709591,8.146149092015124,8.349069083602066,8.51349083424101,8.606939201780445,8.62386640958496,8.558624636680248,8.411828089088045,8.232815621398862,8.169322777733859,8.278804603850896,8.420732005364258,8.51711180840256,8.57081922323236,8.604668698662184,8.64733331498317,8.731059699972034,8.857463170004769,8.9817191245977,9.055244517541198,9.05299064071935,8.970676563345652,8.82045369958531,8.631526752664701,8.442481777315445,8.273070527462124,8.110904306586386,7.946326260491342,7.812502540230815,7.766533950463077,7.789337172676008,7.783075847867061,7.678682046475497,7.572008088174218,7.806924412026525,8.210372375754854,8.507834061207394,8.672443418207205,8.726186249797916,8.692643040258345,8.58983080467076,8.42396897608662,8.186372729441048,7.858308566032879,7.407242195665934,6.696498539488054,5.943258898783243,7.110205029493841,7.689047004835625,7.965391356482633,8.021083727912474,7.842839778793101,7.273643765711491,4.435871162957266,7.389663593829192,7.978998426433624,8.215268383479518,8.244572940068846,8.080044125763056,7.635358533720925,6.511403903586686,7.2394016457317365,7.9487112914784275,8.245993110214433,8.329136414227014,8.25787826956398,8.071868628535638,7.838839510087407,7.628245806462529,7.341174262531203,6.659811072083153,7.159331444309009,8.02372644981625,8.489012258204424,8.732669496158506,8.816271973911734,8.76459095861585,8.589031757595821,8.30146843409159,7.963363299648996,7.826949746893588,8.01111664273614,8.214573718545918,8.296308463408254,8.229801977438127,8.013197706095385,7.719940164393592,7.644895312086135,7.829972989306243,7.999436218920742,8.098121504253477,8.157195503900855,8.220350539352852,8.348262048788389,8.56759299659002,8.815085182956775,9.014586261076433,9.129567830870156,9.151676570406972,9.093533528496435,9.003020805204692,8.966786169383939,9.018988983470337,9.08864810205459,9.105718340801332,9.043689876300883,8.902898009219708,8.71444301595091,8.576582815201943,8.60164541854562,8.729539466390175,8.840441745464304,8.887587274878229,8.865471050983613,8.7789417353644,8.630110444612802,8.4074699181166,8.070164808253262,7.5261682065700235,7.033784101327157,7.627381262223317,8.083257020283478,8.305454717773813,8.356273777131436,8.25171953946293,7.9789670007429265,7.501288318596078,6.823143214091403,6.479228133685951,6.527605235922938,6.52162758401548,6.6343135369083255,6.709118226232872,6.63658150840346,6.719599792403202,6.950675035265878,6.88861828260407,6.167745986651542,7.07729659704805,7.912589403503915,8.326244846482068,8.494081978245143,8.461557884609418,8.220508607693027,7.716689153157929,7.180936112508009,7.587234362710417,7.929217159854079,8.064144091241324,8.107069479272928,8.162717433612709,8.273362295026352,8.390549759597839,8.453104908829337,8.431312226305012,8.32310444814719,8.153337384808564,7.965462708084448,7.758442270410017,7.4238368916695805,6.809144633757582,7.001709851088795,7.65445132502955,7.989525376145393,8.126103354589006,8.145766435935952,8.125183459277812,8.131984819795825,8.169712495659798,8.190106636877214,8.159518510694424,8.077990897370572,7.964897425661631,7.834046817776422,7.701245217797788
-3.9445000052004286,7.2993006703450565,7.923991994685095,8.387398441745516,8.742161629045558,8.997584247360114,9.153042776419221,9.203318253669838,9.136568113396605,8.927233198296081,8.516165734945218,7.762123073971469,7.373784539684763,7.972953463978896,8.171801031715189,8.081480964986532,7.760510742774928,7.427378220708271,7.564271004167708,7.772255208911834,7.8281147957579345,7.821366366298418,7.901098521094082,8.072110112765339,8.226049824661914,8.303282207355455,8.276759081221817,8.110426724380922,7.736637741820566,7.182900706848621,7.462970386013082,7.942704676282469,8.181063424987581,8.267680575437002,8.284498289535538,8.30261400039863,8.368995558593298,8.489848849715377,8.630962864664035,8.743799687582525,8.795188137944411,8.775966708113517,8.699774429393681,8.599700434408332,8.509627393764708,8.434128418955641,8.353515820603743,8.259705963411625,8.173454716293122,8.132286382769474,8.155659684279524,8.21409408513923,8.243073299627461,8.180905669792418,8.006460752453844,7.889941063263471,8.136275580291112,8.464916492901624,8.66639234290013,8.73057121148215,8.676427798876126,8.52304134986941,8.28675188830386,7.975960817998417,7.579721820483368,7.0328090568058945,6.018775537707329,6.39275580380563,7.303760223130539,7.762898694088797,7.985340785224545,8.015938352377066,7.844838156657662,7.437474339412345,7.218115190887479,7.752439835946907,8.158918412973362,8.363831691771768,8.408861142800333,8.298379920905516,7.995996911306911,7.432733776881814,7.239887207496841,7.797135943190126,8.115498429876927,8.226679710919226,8.199002047687937,8.084020029406021,7.927129321806542,7.720281343093148,7.3048171980925645,5.568872260062066,7.268245306037172,8.118018051248956,8.5353470899246,8.736423563332831,8.779240463940477,8.686608971120847,8.473606775831191,8.17393317542976,7.910691061719926,7.90279260165994,8.092545308530479,8.266308827668016,8.33679464377252,8.279813729980114,8.097271693388885,7.855918255145996,7.756133255815953,7.853174212730376,7.962961371356682,8.012319224828914,8.012141137360409,8.014712121864624,8.140355719253073,8.429396903789858,8.74220917657983,8.97767918422593,9.10898679101587,9.136769463391099,9.078575103466553,8.986040680008571,8.94878980616395,8.997306238830571,9.053806810560639,9.044261159141218,8.937648763329022,8.73282144796583,8.498260377264266,8.451126935854582,8.631526130402335,8.818183381122752,8.922946823919002,8.944875180613595,8.90050026361092,8.805216758420913,8.660735132208572,8.44086195225537,8.070773583189588,7.321756393307018,6.505566196547341,7.737599299236761,8.214839262491806,8.416042599674839,8.442935371653238,8.32134266210358,8.0491220019389,7.608658688714603,6.9904793503999025,6.35462517133824,6.260591517786545,6.591919502728025,6.856636567015319,6.882176918856862,6.593186570055525,5.916115726532793,5.512250918231043,4.30026548799203,6.4220353202810125,7.488196987718309,8.055314085181118,8.361544025645411,8.474829205368144,8.41509546634945,8.176544598693543,7.75330739685845,7.387423989129124,7.5563536492345476,7.7610813776758425,7.810546629979814,7.802990819576217,7.930106528702886,8.200834925167172,8.45032863858399,8.605284663857315,8.658781637124079,8.623284103688826,8.51860456800297,8.36114189891996,8.14216618391087,7.82574034287898,7.529213635937648,7.773152815423994,8.18770129947442,8.45397812578427,8.575094296072438,8.575055333610983,8.474379367983497,8.311927638068383,8.17949950030035,8.165233863102497,8.21478704196599,8.232121740430474,8.185605593826097,8.085995164653802,7.960834031019837
-4.030250005313482,7.605300576372811,8.045355563683886,8.453212870635488,8.788149385623806,9.032212687100198,9.177168540370113,9.216043014397998,9.137319749583051,8.91815379105089,8.514164714137413,7.90703445086989,7.767014461248986,8.106961087399851,8.213113821101071,8.059771363580797,7.614724960188158,6.978359351847845,7.326553240866359,7.684313454856052,7.759267484052583,7.655300243407301,7.517765738303972,7.538342935358475,7.675294919234,7.765728486165931,7.722391370407239,7.446379063422343,6.547184053581685,6.503100356992104,7.646933091976544,8.095146315282994,8.294232867334202,8.350061329817331,8.325270562964839,8.281729283155217,8.27666048278634,8.327043202655025,8.397827396036893,8.444347852751381,8.451577545789556,8.445882374175701,8.47264263895809,8.53457281950289,8.584316627830416,8.582488173322638,8.522851364308929,8.429562482401407,8.348848339120927,8.325594394478179,8.37071061762691,8.447693153728876,8.489970305777648,8.426819758976013,8.183347434676223,7.705649095606068,7.693226261978304,8.23652441645512,8.54249008702608,8.635484561595305,8.564158069755393,8.356397760193811,8.037314086579359,7.6392075560454495,7.1846321148260195,6.607475151368864,5.298172666273294,6.213474256478623,7.194222414128943,7.704580746469904,7.9848111588415,8.094215005777173,8.060078510326578,7.927027098577131,7.842334823332037,7.97597455860211,8.199817997407218,8.356772652187033,8.40081957996019,8.314234301252911,8.075951834009354,7.700634886839857,7.538629500199834,7.822401728906953,8.068620979808752,8.180261209508018,8.197778420011616,8.16384637381435,8.094419896864057,7.953153336781317,7.630779128834009,6.906778096595045,7.294250510207154,8.072850186689587,8.466207910821558,8.635167341575439,8.635279333567514,8.488861613369064,8.219383765312736,7.909984841796061,7.776341055909868,7.912207598503385,8.138103688050352,8.32190223252187,8.409975473388576,8.382611718236301,8.239279218141988,8.011576492325846,7.808958700890415,7.758720059043505,7.794561772302894,7.7921244270331265,7.703643880501773,7.581555139924933,7.731435875317113,8.172900886510863,8.568272852329722,8.83255232041508,8.969965445453731,8.994251389622113,8.930846063428689,8.844198734246593,8.833735965000203,8.907671579631828,8.967532231957293,8.93905134051228,8.787580796705374,8.498204614180024,8.17005368755991,8.225953108767898,8.535124158051962,8.756187863982596,8.859610240861771,8.871336965801978,8.81818263638042,8.721827947291345,8.58780678164731,8.391010920871095,8.066492820607754,7.515451220486256,7.298680354399788,7.911540941078462,8.294056179739243,8.460623986504539,8.4641008761871,8.321235256721437,8.029427354596114,7.579233134840025,6.996682338144031,6.492166240922502,6.426746100328941,6.7135695624614735,6.964511013721702,7.013544489686084,6.828054884464017,6.43415377210315,6.132704087006182,6.486865802158699,7.186764629402581,7.766876712654804,8.152460112947775,8.362112901004005,8.414238313155431,8.319894940499148,8.097243895822457,7.824753827382135,7.679557885956471,7.667403439232211,7.606143180494646,7.431846389781562,7.362172465336199,7.731091286671326,8.174282874732638,8.496396588389477,8.696382186393691,8.792860068395909,8.802294244765879,8.736448505756803,8.596374836682434,8.363652788273301,8.013596928839831,7.752519263601909,8.077565569760559,8.486058226644648,8.744844660702093,8.867307142671882,8.870843805249354,8.762227342890236,8.551267555199013,8.30070493871667,8.192092646672073,8.27529900552509,8.366297168199024,8.378228857271953,8.316038984500851,8.212779943289402
-4.116000005426534,7.865732698388571,8.154258898658496,8.45899410197483,8.73883079170806,8.956130009475144,9.085612073592065,9.110699677526256,9.015589313890732,8.778476636641763,8.378421829500645,7.948909914166306,7.98627351745648,8.16729913381841,8.155003882793785,7.9020071022207565,7.37760862304535,7.171636363891732,7.625877653458184,7.856415198917582,7.851462524300986,7.648616141482107,7.249812758807571,6.627307628752467,5.901361788869917,6.02329237840084,6.181327058237104,5.5975967586749835,6.053203510725735,7.284457972050789,7.907462512178213,8.277710109526513,8.489989017097278,8.587678937579451,8.597655752962533,8.5426053317154,8.448517689785643,8.343814331053684,8.245057495392219,8.160825709318932,8.144955793164282,8.272564253362901,8.481004002133922,8.65383792298109,8.7418428263577,8.740207259938877,8.66437481840023,8.547103606138839,8.434593543838988,8.366380998584537,8.360097594891842,8.404387225417524,8.441659864024363,8.384505018781978,8.12399101689818,7.385964073958983,6.655853966128599,7.953504696684251,8.373950082043308,8.488901377169485,8.404382025553305,8.165716317482197,7.833774639929644,7.518073318163198,7.263500080622314,6.960449006909254,6.412536423608423,5.410929561060524,6.845802369762467,7.571878599927423,7.97355556967522,8.181503400283354,8.247490682578382,8.210639126212094,8.128275212653014,8.087709614983652,8.13450680270076,8.207258655776144,8.223434658370127,8.135932947504044,7.934297840045059,7.711003076284035,7.726386516254266,7.930163921658438,8.096040422282273,8.18728441328575,8.234296946688247,8.260498755432797,8.25551414522795,8.172381678920623,7.924766704053574,7.342621863621129,7.14628277900358,7.9748166817323,8.397700786660481,8.560549925198742,8.533971499180835,8.350820145987193,8.071365097092086,7.864980685929511,7.868003862393676,8.000258633733377,8.196450877547475,8.388847974658832,8.507712267959894,8.522039615346104,8.427958609085403,8.238505146325103,7.994322968126612,7.778454140265592,7.645725334369173,7.514003943830444,7.2222303223857764,6.611636847210754,7.083299189577199,7.860862424947064,8.320525579728079,8.58844913317236,8.71577228544529,8.72876790913434,8.664800272032188,8.611721687807933,8.666056458290383,8.781788679359549,8.84635533642124,8.796810723866427,8.595306167629417,8.19408732623559,7.6730048785804845,7.887881286621089,8.319693929631178,8.561057874913457,8.666165087751786,8.681973016665303,8.63929795040876,8.559654502529515,8.449528605081369,8.286796744566072,8.013614039202618,7.559511210499918,7.341677939808699,7.8568681401801355,8.23449532805501,8.402336888244662,8.399374306506072,8.234950711172834,7.89085725320286,7.313844077692238,6.449370229397419,6.1031378124607585,6.377570444544696,6.6474076178615,6.8880573113500185,6.96409284096423,6.846535184532247,6.640925360664494,6.6512041962521895,6.978817936672194,7.442410253991004,7.863972091470778,8.15587966047857,8.299795272180575,8.299860542916834,8.178075313192146,8.01314114725619,7.944063513828527,7.958343425631162,7.901215858659423,7.665140528644349,7.140975767855637,6.723359761159265,7.5216399490719,8.086717625770397,8.449321033580613,8.68295770102577,8.815621981495186,8.858479175791361,8.811222694907324,8.657828331475427,8.357441594495354,7.8870796168235975,7.881716058526735,8.434374047132739,8.820575251465506,9.039528233624912,9.131832853406264,9.115445751968963,8.994900137448612,8.772532835691315,8.4864386035766,8.309087877984652,8.382773753665504,8.518067453552698,8.581332885868218,8.561504639441575,8.482110488164956
-4.201750005539587,8.010508717364138,8.219724648917826,8.412985449733961,8.600612632249975,8.770422571308718,8.88403021209632,8.902679042623664,8.793303466659872,8.517671147292843,8.04006613392055,7.671996310575926,7.946388284385966,8.150287961300773,8.130093087760613,7.943184480224823,7.784097571103124,7.898744018943113,8.083537853897816,8.160210006293958,8.118730641796379,8.0042230370213,7.889105635941924,7.807698540927104,7.710894554333795,7.5464385459289876,7.320986653225302,7.0836130363026415,6.961007855757826,7.314135348611915,7.864472223655686,8.290156283685807,8.57085470928153,8.727769780180616,8.77805828990661,8.734303690825628,8.608497045311006,8.416542982195947,8.188320651672822,8.013543806508727,8.06837180932025,8.322694231065997,8.576103019752237,8.745609061809983,8.819956934729744,8.80685944150318,8.723028028623506,8.594841490242759,8.45101300560814,8.305336747576145,8.168951141936969,8.092663116120725,8.099982123697899,8.081917920651522,7.887245478631461,7.331911809119931,7.040438981790211,7.846174097261507,8.231838235289683,8.348176100186125,8.288798298096626,8.132571801206684,7.983154088971886,7.878304386758072,7.73273398276046,7.453733410147145,6.933645776500562,5.461642482197974,6.614500189446944,7.511688654793881,7.9701777979855715,8.219111611202994,8.324250372183606,8.321626211761718,8.243509121266026,8.130531847079657,8.029203573722128,7.954651513650281,7.863525072532198,7.705253928749394,7.53677860805204,7.599460057746063,7.847012616727231,8.046353859929265,8.155553252951922,8.211845326072792,8.259266516042548,8.31150766440758,8.337988422547642,8.274276794566447,8.010846981442786,7.208761087052574,7.030191780608688,8.175795522152917,8.62419721723598,8.795211477013124,8.77875452702914,8.620748136424961,8.400851115222922,8.258473164871623,8.22817827663756,8.243467292181453,8.331962553984566,8.492630866896794,8.630826511672415,8.683763327807775,8.638004738592423,8.500723658515957,8.289083952366857,8.032032064905989,7.7623801868572,7.4627401315632405,6.9857630474166115,6.173742036504377,7.049567480065937,7.7188078749893,8.087718932165856,8.288934275760344,8.371358457905943,8.366097501689511,8.331772404342402,8.374222327705406,8.52162748251587,8.667529440367176,8.722186746472177,8.641320134004376,8.380511892616624,7.8341515385726215,6.809305633941473,7.456724709355165,7.996867312889526,8.237220127045013,8.348985426286344,8.39652194676725,8.400466718722898,8.365517425230818,8.290861054294892,8.158785734162452,7.914912647221987,7.441577087083255,6.80911385847094,7.458344761933732,7.971497838302208,8.19729115008629,8.220863647465954,8.059194602705908,7.680020220867124,6.958537412393486,5.7499447027095085,6.382326683792701,6.624001267882282,6.6454800887336205,6.704460541400875,6.7303636947066,6.680867750395114,6.771212960476008,7.0272208729145005,7.271041878258344,7.524131082414714,7.804595109996975,8.029749431497157,8.135114001884922,8.108629381845226,8.003919587391927,7.979614751678795,8.095352836137547,8.185762068756896,8.136354214595574,7.89181946949709,7.342213772297934,6.026074959178207,7.087043261526692,7.819375558555356,8.24692252371376,8.53274758571777,8.711710217821926,8.787761626904453,8.748348924988552,8.558864010808321,8.160266486201952,7.866567208206779,8.428589886195967,8.911746488433952,9.19757392868144,9.34399989968055,9.382060012727123,9.325793658957641,9.180068225632956,8.948894665591622,8.666045938033541,8.478552514457176,8.537239464746111,8.690386165994106,8.790390325723672,8.808227090695398,8.75246964462455
-4.28750000565264,8.07892924429332,8.253626877089829,8.335831643883195,8.378680919778,8.47619530640382,8.623838130118994,8.719852439640428,8.686603149363663,8.467303983976988,7.955003406368281,6.872541209030601,7.454027974064182,7.997127302617502,8.190465541891514,8.259642172157323,8.326683500506116,8.416804302221196,8.485400375621152,8.504191876428557,8.486943173168909,8.473078422899507,8.484571688979338,8.495454174356635,8.462071587848342,8.357309931412761,8.172388421358425,7.898038069866591,7.485629229141957,7.015671583462395,7.5255588356708385,8.137399298416028,8.516169148433335,8.727306257991318,8.807489000779855,8.774622632605979,8.6384088528256,8.409110165821827,8.126403332105504,7.953627045726205,8.081418341627524,8.341605467155993,8.561056837544813,8.701870999760295,8.764664773167398,8.758378508428677,8.695987454192652,8.590984293828928,8.446202408113418,8.24038757344951,7.932650647212587,7.539722584254111,7.404646502325521,7.577018174268691,7.621636882784384,7.480231201690076,7.468805840642363,7.803241124424753,8.09105446897324,8.23051478261874,8.270629231967522,8.279126011990316,8.281782491094036,8.23812369674339,8.088663192401851,7.776909379009897,7.197717775992774,6.028519537501136,6.873298299759268,7.582360619672993,7.970615220647967,8.192460070616036,8.295828629868243,8.306477317157743,8.243615418373247,8.122948543776758,7.955035167595575,7.730194994064814,7.380970329573599,6.767871398650938,6.864418039058433,7.578661893255871,7.9688705267220294,8.153256221658644,8.213856290640287,8.219375348680785,8.232930584832605,8.277312173952915,8.309579187037398,8.237631202785105,7.894955551644836,6.382516339039271,7.790176546935382,8.633316355118092,9.016876221480803,9.166917320509816,9.142106122301632,8.972192488315516,8.717112401159198,8.52468656516331,8.478102908918906,8.478077616776487,8.512351079332015,8.626013323701072,8.758720448552422,8.830290158975492,8.81346823236791,8.710635136483104,8.53281715060989,8.293358650057856,8.007111539348358,7.685085588224222,7.352331801982348,7.22930444031981,7.4929502575255045,7.786801398109954,7.963359876417989,8.033106866870481,8.034369109943396,8.024363636063235,8.0858454857704,8.256650274418806,8.459823116382521,8.602039783516258,8.632182358327364,8.516620823775654,8.204273224390674,7.547491534883469,5.301090398273567,7.093286543400533,7.596430816503147,7.782840071720037,7.9209581201810515,8.060983332907135,8.15225374035662,8.163113319481914,8.098096465834239,7.971278694691885,7.77088627926763,7.418322484056626,6.651063476271813,6.253878828205816,7.312223204623218,7.739370471300349,7.889595707980883,7.847421370992049,7.649392966445011,7.3731971259901234,7.196739639547868,7.139917053501074,7.022996546121009,6.78812132280259,6.504557491377254,6.351003418267845,6.680364859694607,7.172037732487074,7.497985873446695,7.644520375925734,7.667448970076126,7.671787023599396,7.735231812090055,7.79972454428597,7.8113176499021435,7.856780287733581,8.039689742220434,8.24856126052176,8.356176144531446,8.318743727611741,8.115766189834074,7.707851827857427,6.957547335730538,5.952851713942613,7.128961572927189,7.770226833967216,8.183149837699151,8.447023064804656,8.574379454644559,8.554024779915066,8.361250461284952,8.106101139455172,8.400120004281883,8.909036715309277,9.260178748288718,9.464838621295165,9.55420210989916,9.547764285315296,9.457047216511976,9.289345589645086,9.054738015021702,8.79320569586463,8.633895341053643,8.693242783111241,8.850333266355467,8.971099180791756,9.015558873318355,8.979724429781866
-4.3732500057656924,8.136365619711535,8.29246294279649,8.26190949417007,8.061287274695708,8.057202158184845,8.46470692074262,8.788159671080434,8.918640453636488,8.860013619197343,8.590083488689793,7.994894848748484,6.599337648926479,7.643808858722225,8.225528615134058,8.498062318442543,8.652191498820478,8.745267067852,8.796273094195326,8.819032962215651,8.833242823099294,8.856112708271448,8.885761022706394,8.899834293678605,8.87076898736033,8.776428522468299,8.598821877095018,8.31210498536934,7.842729054865993,6.848662575203205,6.867178118434015,7.888755037386904,8.351920133573381,8.59307864826391,8.687059974402233,8.65859187125267,8.516480201151902,8.269940717741445,7.975189353558862,7.839038273018321,7.980439679435392,8.19178799771784,8.362106685513332,8.48305134342279,8.562654465996566,8.605134820405532,8.607964983748234,8.560977830602004,8.444583775306027,8.22460372875,7.8344018539033335,7.099303872166169,6.201635681050233,7.089477687880653,7.395169877295217,7.407198953232485,7.380342222788367,7.569250469883869,7.856077687789452,8.097407069256375,8.287051523777123,8.428349294058565,8.500042465213912,8.471912375682676,8.312083514541762,7.970866255103852,7.308304633418654,5.861617973596138,7.1047608022298565,7.675984492569318,7.959334061525083,8.112647204743556,8.183665227685543,8.191617669298989,8.144669195322315,8.044622736427433,7.886345282898518,7.639957821960491,7.189357635711058,6.177318246952114,7.0175350643067524,7.75107053794354,8.101250574475262,8.246313640766443,8.258509327374044,8.199792918487399,8.144000140255274,8.14340806814723,8.162401706783754,8.07405007582018,7.616551408634325,6.128781321741019,8.245839942585846,8.936503360798694,9.283796609994475,9.420723189047653,9.383069750469398,9.178059420723821,8.823641341829864,8.490384055912584,8.47608932355495,8.579398480423889,8.653196115515529,8.747115662970185,8.857055656336929,8.923152965207402,8.912878627837122,8.824739203480627,8.668266863073727,8.453453189800925,8.191379870494664,7.906403555988529,7.6666351049635075,7.598763410521911,7.710585880979938,7.844281591317595,7.906432152733266,7.893533115607784,7.8582344916406806,7.888321698344563,8.036313379460259,8.256406284035268,8.461442604143683,8.588842107461765,8.602514437181203,8.473597029179519,8.16014081998801,7.578934590158332,6.771045865957529,6.965683254219485,7.161170620972128,7.186257407882494,7.429122834139023,7.737387144374642,7.894758514970628,7.883396637531904,7.756865982837518,7.68440360345115,7.7998101497356975,7.929333714938542,7.91624006694854,7.680582450068551,7.078575193367136,6.525566674402434,7.346796024937068,7.736116613236301,7.863672128406293,7.835008466128732,7.697625727472256,7.469928631495581,7.152886386421831,6.744204148366641,6.212415456150749,6.196672453575823,7.029716343803901,7.585206529301844,7.894164823939966,8.008155540919875,7.943656760455465,7.6981158003078285,7.296837953344749,7.099709192192723,7.4461767479309895,7.851202774248143,8.16918330100298,8.380260609674078,8.47291350289205,8.44173006917889,8.286272718555173,8.014356768180269,7.645778531201678,7.159652166743262,6.147559236694912,6.342351365291149,7.459466127161157,7.960399827050827,8.21076923175494,8.293726553132789,8.298216145584927,8.444042498584405,8.80007418671565,9.151312652159975,9.401285025476053,9.54430837547136,9.591405546472169,9.55418656349598,9.443150667458346,9.269094030263556,9.049632264502044,8.832628008280869,8.727292814849195,8.80328464798351,8.961762945007587,9.09326892257925,9.154326560271404,9.13242362451287
-4.459000005878745,8.24346900482116,8.374223221902584,8.245735600244384,7.623584538150053,7.419899915347998,8.514012639936766,8.997647025348043,9.20482431832486,9.218954741190155,9.05488667315105,8.677113405868095,7.928679331569867,7.187778090483905,8.135898353062315,8.577185430035161,8.806068718726387,8.93616802631633,9.014127529681852,9.064450533132486,9.101129879343283,9.130177663465316,9.149488996437608,9.148801796628746,9.111358500057767,9.016318176253721,8.838469744720312,8.54018828612817,8.03820035936498,6.999723477175853,6.810242233636756,7.787664695336821,8.183937973958129,8.375213192865438,8.438118150611693,8.391192316509821,8.236887660633078,7.98671655049731,7.71946759174033,7.618683708894007,7.695665689671238,7.802691082445805,7.9174448030707385,8.072656022180684,8.252957023674679,8.408285672878415,8.500181496705947,8.506162687398552,8.40761748488398,8.177116088580622,7.755044334846393,6.950343202254345,5.537561551963213,6.835391081659865,7.151492018179083,7.134873403433508,6.980215251802427,7.048913564163568,7.476076723550704,7.923265947600275,8.270758147567342,8.501762629901522,8.611459288725937,8.59236754851313,8.425915558681968,8.061893231202772,7.320174527359511,4.609807555415269,7.24330331940135,7.735659509181572,7.932311515611315,8.003975421210036,8.015661984943641,7.994912275228773,7.944561015457381,7.857936511910387,7.729613307594088,7.5395309175425345,7.230625101403128,6.95377912151686,7.407363489908576,7.913470808494304,8.203715745112698,8.317494195865674,8.29360303292814,8.172907173490014,8.018814158119781,7.923371397133295,7.913716848941324,7.8261551097009985,7.256079945049703,7.26373871949757,8.564021642338826,9.18686019811418,9.527658526976087,9.673764130133893,9.648326921632487,9.442677712356835,9.010667978142799,8.268593213309998,8.020827367776135,8.484111411516178,8.708975740106258,8.822750107999292,8.901349359367272,8.938595477332862,8.914333765327473,8.827060622693848,8.686843109823279,8.502486756716333,8.281150235037776,8.04500880436188,7.851708520567626,7.771979352112694,7.799595351691062,7.851920745494492,7.868983165740633,7.847988229856877,7.8320072468018065,7.882883832658223,8.036389423961612,8.25850935801162,8.468724086116138,8.603157720178025,8.627221320832925,8.518853237775064,8.25447307430947,7.806968039758629,7.2192015583869305,6.842487566146075,6.599541261754198,6.362650590557709,6.9760640021104825,7.409541943204257,7.513937795244369,7.3164121408277385,7.152800046528869,7.738529645142292,8.238164676648944,8.504088332350761,8.57544670950286,8.4538819269687,8.080823574729989,7.180280583855196,6.7516054560687095,7.742244691461236,8.043866055044209,8.068021989829274,7.893095080604683,7.51994352351348,6.909050839289675,6.150932677721033,5.980023257624664,6.595814684434823,7.354686122267464,7.868866455108601,8.164848484769994,8.278529172920361,8.216630854095019,7.944716989970244,7.298816738540819,4.684089665216678,7.373387774943753,7.987432625062706,8.304034417749646,8.474785657252854,8.53851520127652,8.509370649259813,8.40300768463187,8.248308299024911,8.077256177809463,7.885494485200743,7.621530705654038,7.274319402624279,7.192643198356662,7.557669160315047,7.917328060693712,8.207064722624157,8.485220445241962,8.778630907890346,9.058818308313862,9.28439332234091,9.431376176329012,9.49206997710407,9.468553104661074,9.37064867682965,9.217326667105514,9.037237327200923,8.864940597492414,8.742728994673012,8.72773616350775,8.838508133693077,9.004296908380729,9.143607679491632,9.214042352312264,9.19850156699844
-4.544750005991798,8.398589645315448,8.507333507948925,8.359735297657437,7.774289412995945,7.944964194074667,8.808593121218953,9.251083343093756,9.454221829093783,9.483297041110417,9.354843444328738,9.050478522291286,8.48103233149479,7.2920264119085605,7.85180957020762,8.517061731494598,8.835880851962324,9.022125265085673,9.14437822559518,9.227912272572395,9.280875788878312,9.306581727155496,9.308208570427436,9.286657096378322,9.23505832843372,9.13524987408288,8.95692407296414,8.651151488304738,8.112297040134012,6.919578714877234,7.18051851961087,7.921745532821202,8.180967415480607,8.246750367257027,8.202812539387606,8.081555536136822,7.896185723661296,7.674138290125838,7.481503076473617,7.346683587943235,7.202564392769651,7.113827548620922,7.369435143004387,7.77581797423066,8.095518830186103,8.30150964406996,8.400144307149173,8.389542562938109,8.255221615722055,7.964745851895771,7.452297600977388,6.7351300152138185,6.8857015058688775,7.238057779919536,7.344034717092473,7.298319777484514,7.1490887751405,6.948854551741951,7.160985431336672,7.750210657831412,8.21156830023024,8.497954893340573,8.629764550957091,8.615114985484672,8.44283968388731,8.066636843130887,7.3400539073313595,6.645087360830109,7.439403723569909,7.7919664670542215,7.905120376010984,7.896327028038238,7.830808635959715,7.7478791128585955,7.659198943003329,7.56780559916271,7.4815837670880985,7.371012401780361,7.151463212209241,6.958083741440867,7.414531358873132,7.926707314170993,8.228578368829,8.351559987116193,8.327450914156577,8.17755143754074,7.926360126224687,7.683515998477288,7.649012493330887,7.591011052587534,7.518591018413565,8.505858487269801,9.288801203476938,9.789370357815445,10.092953775581483,10.236855120413784,10.233480950831535,10.07715587718025,9.73724610891552,9.116952852524522,7.757026859214559,8.065684664635882,8.671782434784374,8.845169860635687,8.882655312264042,8.862383823661556,8.798589853046353,8.698760796991076,8.576767480411196,8.437324604761447,8.275757188824878,8.10279113152597,7.959023243069682,7.88772998591806,7.887184531730396,7.914227065826532,7.928245124165854,7.913471529228842,7.877145455639201,7.859705653303259,7.9533332554833835,8.184283752107284,8.434272160098777,8.605454979642778,8.661895308296714,8.590321138735113,8.379608164331485,8.014719860119312,7.478898496463304,6.751503813537852,5.507563137375267,5.727450111712944,6.6841204091378374,6.9547906569912685,6.687566402678288,5.978828134132083,7.549152112875302,8.289562969754071,8.711796377356166,8.937294511686463,9.000947084245436,8.903433481644607,8.612096413478879,8.020815046438889,7.0891392791925965,7.710410075966526,8.096260418535135,8.141645648453869,7.935315061868104,7.436350014033487,6.330732739591774,5.936867557672345,6.647189781396185,6.9870663504727935,7.548900401991651,8.029850108014625,8.325138171978455,8.449811477405426,8.411826163630662,8.190550619026167,7.710591568926952,7.0600790486327245,7.615442036884176,8.125695217739292,8.393437197621438,8.51901607429594,8.55146567760093,8.524179854387697,8.469700655516828,8.412436974112017,8.350991336571274,8.266692719793637,8.157809786263025,8.058472753752183,8.01055803620075,8.025278937658266,8.12130375601939,8.349493669111856,8.699152577991523,9.074562789148597,9.395217149689707,9.624307309898715,9.747620029570125,9.75764483742974,9.646097158018838,9.400630752625641,9.01039562688898,8.536529497031564,8.324136106385021,8.447342711531757,8.609118120777541,8.786637891145315,8.975197546450858,9.124970971944927,9.198303647992265,9.178415680622466
-4.630500006104851,8.556982674193389,8.669069701609754,8.628911750983699,8.64708891615239,9.023265487639161,9.44353206608014,9.721223991161178,9.850826064284371,9.843729047497286,9.700892721412012,9.404280299675138,8.888814695527289,7.8568896704192825,7.210365469465305,8.365323838102668,8.78335110092797,9.026473456042313,9.194421280356126,9.31015116215579,9.37695415507535,9.397544199592936,9.379345671334104,9.332657452564002,9.262632416528636,9.158773758130534,8.989874133021187,8.700315764361907,8.173113632027224,6.862878808206064,7.230126241173414,8.026435633864988,8.281812744286777,8.323655057351289,8.243717388453067,8.095395468503577,7.9214888107150765,7.746648317455574,7.544032708543957,7.206559426173111,6.630848885177078,6.998788364091465,7.667365229538643,8.048358062064098,8.247846361812972,8.320472164536977,8.286587238692038,8.141748270293725,7.863461472005882,7.4776951373394365,7.380728439755176,7.671955652302988,7.877495548944701,7.9267160116519655,7.861404456376782,7.742366594381615,7.603654612269347,7.407702213554702,7.275272309623797,7.654877870723023,8.131387230426729,8.43684790034522,8.573222746408238,8.553950553450324,8.375366337449877,8.016884722968898,7.522136612625059,7.43976827219965,7.733678224561688,7.893910218261178,7.904993821706911,7.8156435838256995,7.674990184089453,7.530339487880881,7.431811353714072,7.431329927158187,7.503737135895917,7.529453953100607,7.380711000840907,6.942305359225542,6.992109177801853,7.710254014233568,8.131564599894059,8.3292537309766,8.362156631084565,8.241079008758275,7.942511261176714,7.570844120648022,7.5704430610609625,7.541526862569624,8.342593053683833,9.35210051683156,10.022885257350763,10.466382593172932,10.74076346801955,10.872268619545256,10.870415136675899,10.732142912291716,10.43868396508207,9.938175766503162,9.057990667136856,7.081804682900421,8.558958227619602,8.827191756698443,8.804114960290677,8.68083722674777,8.529204582164354,8.388249587584182,8.29290107486809,8.233237952263645,8.16822175885711,8.090274780892495,8.030125580078256,8.02093196026362,8.063858541841729,8.122116588207803,8.149426769659238,8.113489689553715,7.996136873744307,7.810999412499896,7.734861987439626,7.994486776817411,8.33323430572342,8.561802755552563,8.655040971932467,8.615586002015581,8.445215926997696,8.144258342875865,7.721923157768944,7.236481915429439,6.880543896395809,6.796721819914479,6.7501246744660355,6.3792078351609165,5.907971759648606,7.423757489206429,8.222109159081066,8.730688251676318,9.057219676386703,9.23720932456776,9.281325975919241,9.184231789124736,8.919597225394448,8.413799513151602,7.502528787654,7.543120559872211,8.036759625735087,8.13312880564762,7.964742313296078,7.575787166543079,7.1689302357323035,7.17690442415676,7.217519315672531,7.222113721432785,7.614265639280263,8.08514886436629,8.39220070229993,8.53394797733244,8.52227091206886,8.348525062521832,7.981304470320031,7.530563426403015,7.755229598710999,8.17228791763305,8.406731962972469,8.499792202623533,8.505766300673338,8.483825985269695,8.484472686974794,8.506023246032,8.508534541486826,8.472981927025868,8.422384404534935,8.394318941526949,8.393278693451457,8.392803818892643,8.379827680377677,8.464304135976066,8.86590540103394,9.390942142003164,9.819445215136106,10.112956530041062,10.275286821499284,10.310725169747572,10.216688469546467,9.979587048616686,9.564038255522895,8.869834721979448,7.413615882945269,7.715729003523211,8.34990773440022,8.655085635179061,8.891982518362273,9.0564076082823,9.123008369428392,9.082125324115884
-4.716250006217904,8.693291684012316,8.831478377405874,8.978743262851737,9.339589591726504,9.774134721870578,10.110976679167884,10.317453616972234,10.397381946665694,10.35461337145958,10.185431863650797,9.872965731957029,9.37038907479038,8.522145673918212,7.05193281242715,8.231770966805245,8.698119535954,8.970644343982757,9.173081721739498,9.31671104531136,9.39636291191781,9.412250726475413,9.372967688258457,9.296617839592393,9.205712715992735,9.107603971569969,8.975990193497907,8.755167982909285,8.359876240643997,7.629253471671528,7.313806487557454,8.00313566104802,8.321428239442248,8.42672196824182,8.411655701811656,8.329229765386913,8.21074402643713,8.055108927221218,7.810173744903215,7.337577882504974,6.5330231559177,7.362433577720303,7.976886312650196,8.277181402883405,8.384341845524736,8.331620614739968,8.10394611206508,7.621727147133466,7.078892280594117,7.730788273507917,8.232753567186037,8.481578066421227,8.558166699742493,8.497715586821647,8.327203783932402,8.095056376129317,7.866970365512931,7.640912093350931,7.433596800746209,7.623832167819767,8.0498302710523,8.34112975628093,8.461809297872765,8.426565605504537,8.249424164868651,7.981357192930452,7.820303168354259,7.903876829536848,8.017324968117785,8.032607813895803,7.941926793267616,7.771381733922827,7.569598277392741,7.43275084704684,7.488013177459841,7.692296856227731,7.885033235227343,7.97715221756577,7.917572907119954,7.622952731186262,6.879121863326222,7.054662174615656,7.850050691562746,8.234292519358602,8.3915198082744,8.349819577700348,8.071648804187165,7.70986218925452,7.780800038307419,7.791948687581875,8.949111839181327,9.919819678590232,10.558203170557322,10.982452440308604,11.245019669240783,11.369775625770014,11.365757011214887,11.231061725320837,10.95111205078109,10.487950813468121,9.735567595102625,8.209027356513444,8.417354549648362,8.791888062908246,8.678422277107718,8.376537723679178,8.017366869025734,7.710055656846564,7.663794035017065,7.816825176672058,7.945444130368262,8.022924599309324,8.092676378123633,8.192356932244211,8.316841281934241,8.4182502555257,8.448361043511472,8.375466705079397,8.169152132257336,7.7813216299984616,7.3391461611384194,7.70750548068311,8.195132813955956,8.471657783515868,8.580206502215496,8.551442024432399,8.40841610397151,8.188981736313915,7.963303799021937,7.7939299217106885,7.657923868714072,7.479768579466566,7.17421771320636,6.742210530395829,7.238658503208167,8.028189006974033,8.59723773002367,9.001348393102973,9.270698376202757,9.416687174952585,9.440873992248164,9.335334233851684,9.076128780944478,8.599725898672542,7.709610310448963,7.2197240123040585,7.92878324926192,8.13317982169243,8.096219365998925,7.952367063735497,7.8235916989786,7.7282180893994425,7.55018834008926,7.300471572743083,7.5405396720249565,8.038299232579776,8.37299211560241,8.538625172114319,8.55458016361729,8.41832828490452,8.10532882985397,7.658202035416364,7.6885949243691964,8.084610041551958,8.322882597271,8.404022996374122,8.392036571107946,8.38019396914906,8.438825349760435,8.525605350756614,8.569777168186251,8.560219611831196,8.534227122329838,8.526519671842921,8.533886364260391,8.52968622447859,8.46434015283811,8.448057799425506,9.004629248818432,9.680474085383352,10.175012046308384,10.500948785184116,10.683547533859613,10.736102565831507,10.661868963060327,10.454582875193946,10.095032223221795,9.538047088952654,8.659486482107894,7.289469592706354,8.015058723457777,8.494738699897173,8.796065839176022,8.970197140851718,9.014057145586786,8.929240475613554
-4.802000006330957,8.809498213876788,8.974292853762615,9.317986809366925,9.854856783194405,10.320665130912072,10.64521949692032,10.834246919756229,10.898053204012044,10.840671366378205,10.658110662538398,10.33533335652275,9.836816783275541,9.078802988217515,8.056791246818328,8.283410002966004,8.638644460170081,8.879478767280773,9.093452068411166,9.256835958752696,9.347002205136418,9.35814180805486,9.296428261946732,9.186771756917548,9.079662692377857,9.016064500833886,8.967466817697701,8.862370064452431,8.638593887589069,8.251343927874032,7.8141376005990795,7.930294199647757,8.2532110565873,8.434588565418213,8.49725000378222,8.482617762379974,8.413016696747368,8.283714510552295,8.05295193179156,7.617669019903795,6.887381441701465,7.409153962861645,8.011645129297882,8.297860443510867,8.370842027664535,8.238096577545702,7.78699956268841,6.014432736468357,7.706322121890401,8.471532867003862,8.8423715763822,9.01503258858263,9.040829776210535,8.936879611224196,8.712651938285616,8.392634845903492,8.042104906134162,7.721372807931584,7.460341340070812,7.580958090967516,7.964613036575373,8.223664216402351,8.311240132901725,8.253464512098478,8.110161607334213,8.020016459844122,8.08196356104016,8.184004553893224,8.215561027579884,8.147567722572166,7.984635960245156,7.745483863739181,7.4832595199131795,7.40710486299929,7.669003735555063,7.988131399266482,8.212866289840541,8.327148846241721,8.323753866424742,8.166614351572845,7.747113634178466,6.527796042112168,7.220153842744742,8.059036601471158,8.401473478268779,8.45954405337138,8.250739036906017,8.022432083489583,8.133608359213325,8.16679266024821,9.345050959900723,10.29254514932946,10.919162642918165,11.336613108648926,11.594891773496336,11.717017011173493,11.71189695887986,11.578138922561598,11.302885223055624,10.853616968224983,10.146999684662767,8.879906470226663,8.306102782414056,8.75345138877996,8.523438995254672,7.955984346247091,7.301389583143395,6.562468703846743,5.923991473107221,7.153046368765367,7.653247059007976,7.937294598818233,8.158556844962753,8.376671070266768,8.575051313212988,8.704143222829073,8.72708743057451,8.618316589895478,8.338314195868133,7.772316917031044,6.713436716443367,7.586235009684779,8.153153928649628,8.39656849921223,8.455372794918771,8.384131635926442,8.24726794954336,8.155036493027854,8.158079726348987,8.169503746909664,8.106810356723765,7.933387362830175,7.623678812988135,7.304246290474448,7.67514301094253,8.294430890993466,8.777754728543432,9.128668337892842,9.36111509620004,9.47993122369372,9.483849769880395,9.364289062829183,9.098468332086293,8.625840364471983,7.732873504589564,6.8473166792594515,7.8683776706868445,8.188993765834383,8.277270845599206,8.260586561961691,8.180529901860591,8.020659245958267,7.716052333285642,7.21315418626416,7.274922656121405,7.878021990694503,8.262816258411688,8.461623400047335,8.510093058128206,8.409163992921581,8.128272929986682,7.6196105921977075,7.354041939735837,7.82222801673175,8.12550933897955,8.22293885618505,8.201933783479875,8.200387336608197,8.31828884619802,8.464322857154132,8.542196172156252,8.548764560466566,8.527066029761018,8.507262405665264,8.491830176230401,8.47065671773834,8.354142465645626,8.278913883521827,9.109009184923014,9.87887199963164,10.400266098897252,10.738391367791994,10.929326775416557,10.990026662345871,10.92627481542943,10.735371198486096,10.405800118784743,9.914226178454106,9.220796448466913,8.321482163906492,7.997480150825036,8.408729231159608,8.729964812597796,8.890478250786183,8.892905385341047,8.742554051781335
-4.887750006444009,8.912232656341333,9.082791753685298,9.595712326981285,10.22915330390723,10.713473681107105,11.037430116232072,11.221658897632146,11.279404260363016,11.215102995439446,11.024833383822287,10.69457708462012,10.194761097548133,9.475516539122566,8.637318861256352,8.516619972920106,8.643955688688736,8.783235974615273,8.979917226301954,9.149079973495843,9.24210674171666,9.24561837924231,9.160606544407756,9.02033137214808,8.922017363250575,8.942581392628442,9.00299074651151,8.99923443235894,8.885945910014929,8.64629877949823,8.29646582820161,8.03090133892261,8.13394072432864,8.34324953668989,8.47356042073373,8.519317846613761,8.495433446855415,8.402225227266797,8.216455721824861,7.883772820551778,7.35847579274761,7.315838393833909,7.834210650519933,8.131222651466244,8.196286311284636,7.998733901769789,7.225651751588411,7.087107177750459,8.358345855448507,8.915816723088874,9.220136247321648,9.360816022937911,9.3658847478938,9.243152367950767,8.993321387713326,8.62379512941221,8.176253560296434,7.730705801045113,7.377953531162686,7.491492693522248,7.8652099346067335,8.083610220286849,8.12029916178612,8.037743684993133,7.985253166376897,8.090231058430305,8.243346502727423,8.324226956517109,8.302596706802463,8.183392594131238,7.981551949935919,7.702224100356323,7.350774613852833,7.300027954239929,7.770583363561774,8.17037168998348,8.414243029940494,8.541668729537976,8.573555627096779,8.494789397939826,8.245960257762853,7.643216373547679,5.564151356087103,7.804251519100592,8.371545510116823,8.531763120080853,8.425701345900828,8.360441158187731,8.488971591316938,8.507952975247617,9.57861790471988,10.512161194538734,11.13529507914361,11.55113877857945,11.808519880345424,11.930184371543868,11.92504837264602,11.791980764682348,11.518907664605143,11.075707909570047,10.388438064876299,9.21441889360355,8.220560343197192,8.69951951744697,8.347618660751161,7.659507946987604,7.852374324222528,7.968053241961354,7.795930397021869,7.5721918706764075,7.62312424807368,7.8964941899068855,8.219402809724569,8.53330039405275,8.782589165837953,8.92474828927447,8.937130759418661,8.798701804155998,8.46017447546782,7.742947924544037,6.4262961281348465,7.828238990515799,8.284175652000874,8.423042461577753,8.362452959526788,8.149866734739726,7.947470797164869,8.048608811970364,8.266924430878868,8.382621974047824,8.367560967418939,8.22582063030956,7.954567793064783,7.637111361789117,7.810607742768443,8.35054433016015,8.802249150909839,9.126415787142161,9.333381000663465,9.428146267484884,9.409824952573947,9.270332145662945,8.987299495926248,8.498403925863746,7.565166014215998,6.826298501382725,7.887104617936796,8.258933883413844,8.41129455122373,8.440853608756793,8.363865254815195,8.158402793508193,7.756747020475164,6.944373815728498,6.670322579373207,7.597427675667168,8.04961830253316,8.28875924515636,8.377957853661746,8.318926610155351,8.074821572504483,7.526539101293114,6.502050188769148,7.3303454300631605,7.824205171526998,7.9739642479527095,7.947499591903896,7.935967604094027,8.104382890824084,8.310154904939331,8.42166214728548,8.436891588360412,8.396948951473055,8.327416536945062,8.24708699859354,8.188267414739247,7.989774654092348,7.936332336157643,9.146060986849236,9.958583003638717,10.489210060891933,10.832142285632333,11.027257665705564,11.092728191830593,11.035441658421174,10.85454938572156,10.542505832607443,10.085841581355265,9.471875035169829,8.740590868367985,8.263426533805816,8.425586695296932,8.687366762607121,8.806096054783257,8.753757268636829,8.525619336683738
-4.973500006557062,8.994920679902629,9.143849241638309,9.789752853624078,10.480293360953159,10.975991883451398,11.300813428222089,11.482875338451716,11.536953312306135,11.467660630743223,11.270946414680415,10.933045731569951,10.427562351607724,9.725850081936231,8.993592164759017,8.772466659546875,8.699656617166754,8.70743012365721,8.871107646229524,9.02867153755237,9.108617847529535,9.097102170012699,8.991571822223058,8.842005868618475,8.805078092919743,8.933185147742384,9.066538078427156,9.111063635705477,9.049131273421715,8.880912860741807,8.612143625557652,8.290312807613656,8.109874037019452,8.203241543468078,8.360218255101836,8.455365559121676,8.474645337873365,8.421020731314615,8.288370742865345,8.057912729451223,7.720727613355969,7.448686191182997,7.598843843791593,7.836813227487006,7.883896172313044,7.591877074782689,5.924882779863508,7.795384849596377,8.675570768873957,9.154576243960179,9.430178451444753,9.555992222951078,9.549732166510516,9.414419098353758,9.145893155634376,8.741533652459902,8.222277364788862,7.652199781394343,7.168130268279955,7.361693441773065,7.76378889578596,7.928512380353,7.871886659603972,7.729134030747083,7.828346404197304,8.10348432149557,8.289104088845788,8.336903220612719,8.262767865736254,8.10111276651984,7.8983607619633265,7.6410469953956595,7.1642736867500885,6.891829854661937,7.729846368554327,8.238749869722001,8.511257489429482,8.650904698541362,8.705063901522834,8.672340432180036,8.508567004975216,8.107245083870701,7.028876073193568,7.459160267477773,8.285417048238156,8.556583839854415,8.580414056783566,8.651983009810008,8.78684990961322,8.783940086135631,9.680927913101973,10.600004229026105,11.22335192709679,11.640140698002028,11.89834656353403,12.02071157220933,12.016237528437061,11.883947720694602,11.612118960023702,11.17164012840171,10.492341548251016,9.351290129696194,8.072022309904625,8.597031833030854,8.129174936390788,7.802356744750211,8.354523567748878,8.498712879250727,8.392763836829692,8.158779296564525,7.920851157665865,7.918606848582185,8.243633834731341,8.625092136763413,8.906932325196198,9.05335445984633,9.054370845850125,8.89246213652919,8.511147995704546,7.693339728003957,7.0985198794448605,8.100027983915433,8.455103247708848,8.527100460503139,8.382060626092876,8.001113931733773,7.535731030392815,7.855951242035109,8.26133078674619,8.451978973785229,8.481404802951841,8.379957443041453,8.149024952733978,7.796515319197554,7.693837646773672,8.193589049640872,8.672725441199082,9.002143461306037,9.198888965514406,9.27534800298496,9.234841661889954,9.071912611444693,8.766134344211382,8.257239377505552,7.359842739703132,7.19510635149731,7.9345941272292855,8.293111277472825,8.467194691780385,8.511571403484417,8.427204113999759,8.18447683283302,7.702196772175773,6.657019354172668,6.397818395714731,7.34307228926401,7.747299461417017,7.99495034215243,8.128498589009393,8.12485303649591,7.939963474886017,7.465280483364638,6.233653859470534,6.924282148930393,7.573147723267778,7.764225499241102,7.720027247093596,7.629906454473916,7.784814303981872,8.042502474599585,8.186255562587327,8.194494957232095,8.094913934419658,7.89789945568299,7.644923018317762,7.546071862921832,7.1721422852455445,7.533509250509927,9.087427917818337,9.909823291714618,10.44276112190826,10.788154976012006,10.986255611760145,11.055457663189149,11.003184348799314,10.82974451598477,10.53013378665549,10.09678130209662,9.53070706917437,8.889459634772669,8.432094090469542,8.447299497250524,8.620582941406468,8.68039593948078,8.56217371398618,8.240622602672266
-5.059250006670115,9.038776527416065,9.14355493350434,9.889373424507086,10.61667846531129,11.119831367087185,11.445324359845566,11.625741336751826,11.676774242746493,11.603054797297274,11.40022894129685,11.054293889270816,10.540620456326499,9.847813916512491,9.19719111782365,8.957513065316713,8.753317723133788,8.647301896197426,8.790551069034166,8.930292456142054,8.98306278548181,8.950941306627524,8.839335707370159,8.725369129966861,8.779472267462618,8.964188463727853,9.11067894780283,9.161794401558968,9.11753585132276,8.986542220023791,8.774352288885181,8.490328517474467,8.194923909485196,8.067419432885092,8.158340525272424,8.281459926763786,8.343160008247237,8.332707460736762,8.255018296345508,8.1142443525594,7.9216528839270115,7.7292141906822485,7.645319388400406,7.668934395268138,7.613448147841246,7.174857863861741,6.17911055373472,8.039814219008496,8.792891346790904,9.2379321132768,9.499152513727326,9.615171571949693,9.598284253224492,9.447912439307427,9.154985807853206,8.706864625636664,8.103307651216362,7.366733150351219,6.681767944516733,7.2583791503743615,7.718859217050514,7.822910495887761,7.601501851448501,7.176466107851811,7.534858888914428,8.006582838259408,8.21488953160968,8.219680878159904,8.070161822285861,7.863637199387595,7.75871748195172,7.66946588858922,7.252807341633367,4.396761737808124,7.545170318013983,8.215296694126115,8.530126523059613,8.683533375512615,8.749035617518444,8.738693598707231,8.615765916629815,8.294715383137222,7.4867314090430455,6.953566246123221,8.159372882705485,8.559314834654131,8.71868300290513,8.877014199726256,9.009548795535936,8.996261063436952,9.675648049736505,10.56607696964665,11.190169394423803,11.60909607775664,11.869046998461005,11.992750457579405,11.989299701323574,11.8577881862078,11.586563298971507,11.146675237028177,10.468509519540536,9.32793296591513,7.739471394322364,8.41258667450367,7.805927167766318,7.994105246147685,8.586871196303283,8.737869193730331,8.666119456195124,8.460466794014163,8.160298286759158,7.922584136542524,8.178858184324072,8.618207200275576,8.92515093073014,9.071765751549762,9.060938585121978,8.879942411358286,8.474607440565846,7.699740651909259,7.625710214944153,8.28419614641316,8.569489036462313,8.619787923222407,8.468685953769834,8.070257796175536,7.337316557922061,7.538780759500366,8.111728196892571,8.37800566042568,8.460015848080488,8.40926815716586,8.228262493425103,7.86053339281369,7.261032955587074,7.6987462585652695,8.385869569358235,8.794652749409419,9.01909522959471,9.101645862431507,9.059200659878872,8.896327533846167,8.607939765739138,8.181282202577298,7.676373610246766,7.623426155079564,7.991968682720675,8.285121557936144,8.453073361417326,8.496915527388149,8.400517546789583,8.12319977242216,7.576808290415003,6.824408171954608,7.17296253262417,7.47495784197922,7.534538333339374,7.578378999619528,7.697201899691118,7.765891873967793,7.681045023421467,7.408697654303685,7.113494693413671,7.308571955279051,7.61610408112636,7.739390502321238,7.670265719812497,7.4685135605485815,7.414674984894752,7.6275009840473444,7.772314534404366,7.721806137489116,7.429840630262715,6.685095489330195,6.314542211718863,7.305775362390455,7.449954393412649,7.7268050002580235,8.920120925080054,9.72249338129453,10.254460514893182,10.601810393440324,10.802807909782901,10.875614765404597,10.827975055998618,10.661108199141713,10.372075404333692,9.957952454617269,9.429562451696436,8.855727974824225,8.448191979553382,8.400951422664937,8.492514580644729,8.481004177174043,8.272970066158605,7.799876459677464
-5.145000006783167,9.023767483241782,9.064797921115238,9.885965148063818,10.640487245977166,11.14929632015927,11.475230732345446,11.65410721945859,11.702301492029852,11.624419416379498,11.41575721691517,11.061905619910739,10.539568033085057,9.854244447220033,9.275610042678117,9.040437713604048,8.753232755562005,8.557433303960693,8.700412168086407,8.835579408955851,8.86993527877266,8.830430575182037,8.742621117640544,8.696094815377952,8.802235566236513,8.978527379397796,9.10126546038743,9.135940759226038,9.088523197182521,8.971695334860105,8.791662271988242,8.543282711888297,8.221523550982324,7.888903586741152,7.775541679708976,7.902713092602874,8.033140619804325,8.091014812472636,8.085166464177846,8.037485135714514,7.970153199857143,7.90497315159038,7.856667792045558,7.808293167535146,7.6805745364288445,7.290378434980557,6.955255452186222,8.058159656598928,8.754771987263176,9.183573905198008,9.435088283364772,9.540861789055747,9.509496098224338,9.335945590236602,9.002381852590341,8.47511546668887,7.698298301343289,6.469597616566732,6.240837539401496,7.3685658948568635,7.80205015436761,7.873214853499083,7.568596414961588,6.361338290728584,6.996750461670087,7.7901386525307865,8.02677707759991,7.9672985860215135,7.66622701554547,7.430904458794952,7.692886074078959,7.859986677685104,7.6864378150578005,7.030003078201313,7.444785245203296,8.156004063534034,8.50174370185198,8.664209617605707,8.728447758104444,8.718353009034127,8.604699751745144,8.307881807812375,7.571418183745067,6.484726601760282,8.082679974562215,8.583491506164824,8.83812510236358,9.031576712134747,9.154696977909248,9.143468397572164,9.587239668888504,10.413015934656285,11.034315612815819,11.455497688070887,11.717647299548798,11.843037283554045,11.8407428017244,11.709802676146875,11.43835181966394,10.996843580021661,10.313637123588082,9.148449651163748,7.138039092581757,8.14037447534455,7.25457831909859,8.05277861430117,8.646143410166061,8.806457764994606,8.75889508704608,8.573426769971165,8.248071196731956,7.809425231675,7.939955482697502,8.469759034967986,8.809415431732036,8.956574109062856,8.933146869582556,8.73582039563176,8.333952637600706,7.800466993054442,7.9678999671375035,8.392650661672388,8.615328741900187,8.661776230864733,8.543976486905592,8.235945327824272,7.6776293701868825,7.306785596642098,7.802288547946406,8.144311839875764,8.300933277880048,8.333720510040205,8.250037430883776,7.987292756489034,7.263636482946092,6.710978344672148,8.10613371992054,8.665620190266294,8.954240250250198,9.07639121548304,9.069534356506114,8.951745920005544,8.735209638649042,8.43837363477504,8.124429690028277,7.9697646585981925,8.072987625337491,8.258973528857297,8.392523608339147,8.42143405584789,8.307613968328962,7.993293924902512,7.378244255690627,7.014883734426861,7.520933236247416,7.7165236425845585,7.620420262723869,7.2964483335387005,6.972671256936162,7.044033805613043,7.190825839354892,7.271218027386883,7.40118690365886,7.594078273446509,7.749598335518677,7.804800597249252,7.734930228144198,7.533079462264644,7.255131164677029,7.084938722065557,6.980507469955594,6.51415609816239,5.132745917542064,7.148856333725263,7.7985862494327804,8.110364594594973,8.182964112454489,8.140898420660784,8.652696072513194,9.374152462769798,9.901327276459792,10.250945116282956,10.455125004531913,10.531561726458607,10.488370933436464,10.327764411651897,10.04906965954664,9.654477762429856,9.16539374290192,8.664104731897249,8.334684081742527,8.276903885229338,8.29609613279337,8.192079352055206,7.831812617832265,6.984691840945768
-5.230750006896221,8.935565249734903,8.882239895086379,9.767329204655606,10.54796650294959,11.06247497915849,11.388959403214672,11.56634762499297,11.611742650167102,11.52980248347555,11.315594285802751,10.954559753675325,10.425595169762762,9.753950097573801,9.243309146275934,9.010989938392683,8.661390270806303,8.369172114433852,8.512181420313995,8.662263119385733,8.707255102566776,8.695596154612188,8.666162983983408,8.687533253419085,8.803420255796697,8.942147783204755,9.024896378322698,9.027528378227007,8.956130406006508,8.826192621988653,8.64842134327158,8.413972994741284,8.084742472978649,7.585048770699074,6.827722752932411,6.766113587804621,7.270151976036667,7.5409711419199335,7.688841856602841,7.7881961014379595,7.86976226861249,7.936775534821466,7.9763332237964955,7.963069618821148,7.850445448663535,7.548406403638396,7.187529861151364,7.897793453875321,8.569581440833987,8.99163795793109,9.234520956120306,9.32716038483113,9.274805983955332,9.065039323303024,8.660748264750799,7.962798299200119,6.5171583440775676,6.3634443180863185,7.195838696064924,7.690958069362143,7.991490496770511,8.05430958441675,7.844674156098145,7.247484607640097,6.87433599730847,7.547528369741907,7.780199769541698,7.622484480306765,6.904219590538161,6.9235022814692355,7.769325699738816,8.063699334661605,8.03579747483758,7.770218878054889,7.733238616400153,8.150552129824062,8.460060476161797,8.611655443517812,8.659520937308852,8.62946626558509,8.49944948690861,8.19192001717552,7.477392805144139,7.055430902926366,8.138688132735266,8.637939391335829,8.92250158092246,9.11519359782618,9.224207860796273,9.219284000347873,9.444247727759333,10.13802357256576,10.745021841160765,11.167174844388677,11.431660965041495,11.55893568852158,11.557730226297595,11.426801258656013,11.153679182290551,10.707341272025289,10.011975195676698,8.813047124695535,7.407710437942988,7.890223919369537,6.148000231912013,7.969421263114352,8.56511512003882,8.7379278112112,8.710048852213099,8.539615582848425,8.199619428677218,7.543616802558465,7.2842570791201915,8.094299056413993,8.50489239713508,8.659135861241461,8.62130706724444,8.411092966694044,8.074032934910889,7.908866363789622,8.155440347655178,8.434862180676905,8.604271468745289,8.655543956292712,8.587863494365422,8.398627947491462,8.094958036547176,7.744376459306853,7.5809139796878595,7.736623984940497,7.992458652408178,8.19963731115796,8.298161603112126,8.244828777157084,8.001532416800535,7.8062707485969165,8.2710078867913,8.753575391321252,9.046434387011146,9.1856959933105,9.200878495438532,9.110103501516882,8.927727554944033,8.674310382429615,8.397715970882741,8.19849629796747,8.163154783909137,8.237759886302827,8.31291915074778,8.312930453534399,8.178995570722519,7.8294210617865145,7.079243108490144,6.838486313944359,7.541520510162021,7.783048586482046,7.737362949219231,7.441590863587318,6.79729923316233,4.778043260663728,6.463032720242434,7.123817884016365,7.467959849414651,7.673416826674695,7.783477090985953,7.811769803356367,7.759578884026042,7.6207674947464525,7.385413746596721,7.037749655901786,6.6375314570052355,6.923102840266536,7.584009767628734,8.063903295680797,8.368947215626902,8.522882635665736,8.52705881580607,8.384711237196566,8.340437488761173,8.807869848010904,9.319017080913198,9.673330104800135,9.880885871572474,9.959457860675252,9.918541984975397,9.762244274452996,9.493822602701659,9.124777665701199,8.697071004062693,8.320237603864536,8.133981172735808,8.105250069966297,8.0523635662116,7.815016902912619,7.1310906216627625,6.074242927098891
-5.316500007009274,8.770239050654977,8.548974837654134,9.510809206945483,10.327739254616342,10.850384853270988,11.178099326023268,11.354050662395268,11.396430528266283,11.31018029566036,11.090500008552134,10.723669695972157,10.19419321380942,9.555246234637243,9.113145811565564,8.865645734664472,8.44694492439663,7.987720660662907,8.094314587411642,8.281522922646081,8.37854840605687,8.450968100704065,8.524958227681699,8.62383918691476,8.745949321809535,8.84569005499224,8.880943175996563,8.834346126852305,8.706038870606791,8.510528294600526,8.280833341777647,8.061059014715088,7.873603271038384,7.7089176352903035,7.54955192242977,7.360218051172184,7.073928539005034,6.687047987177329,6.738732029169501,7.215526414938539,7.58397722279474,7.823574906826248,7.960226279104447,7.996460242489229,7.9106480406599475,7.64544435423821,7.1853082182448675,7.537541482816072,8.220541595533687,8.65059963192881,8.88908922643768,8.969053385638666,8.894191439826406,8.644320897661787,8.162174707441205,7.343960630199688,7.061925237995767,7.501558005837791,7.76143654273496,8.00649682560523,8.196420779257291,8.247874439772112,8.121968345301818,7.805167216468129,7.455740337601523,7.520362077017255,7.637146547399407,7.435198768371552,6.540128785842538,7.014826781944011,7.844995006828384,8.164052669595856,8.217732507185074,8.10921716930397,8.046174660754893,8.213242988286188,8.418831477710349,8.531332467056737,8.549606922973092,8.486925903105472,8.323958910296705,7.987313354131371,7.355551888898734,7.5148080125637495,8.244367170053321,8.680890429206542,8.952521577272412,9.127925970567725,9.220160720862866,9.216445951964614,9.26990563225736,9.734773215854707,10.296361024416743,10.715472735498482,10.982350188511269,11.111762594872122,11.111293067086475,10.979004000926132,10.701280805551653,10.245052338985063,9.53461101230353,8.440715060109852,8.00817574438551,7.872761090796382,6.225736918321985,7.720131716943056,8.34320039153295,8.536880236963981,8.53220858529865,8.389173319137981,8.090034149132398,7.494092359424064,6.0289172469807,7.336499923193294,7.884711476206138,8.044975124926399,7.971919721209926,7.76634638629098,7.707719821504758,7.936566503851766,8.198683493624795,8.402756511169855,8.543301311667527,8.613051941834712,8.608377224392706,8.537794267424756,8.412492010116218,8.217927200554975,7.887541449374767,7.376794087060985,7.519767622799867,8.077798202880107,8.387217042735625,8.488514669882923,8.43534061557419,8.369395046307618,8.554673082428323,8.87941263627948,9.126039210932348,9.251740434628577,9.26377793582235,9.174736516151947,8.999320360579448,8.761695695908951,8.50888898453866,8.312866249367223,8.222598448716537,8.21542781205576,8.229531945472216,8.200653170554304,8.064787134013525,7.734932163838518,6.971578305869562,5.596660889422678,7.1979019214713675,7.59521574258949,7.674795174517966,7.5684674683184205,7.343512705611337,7.129926872715875,7.157682893810899,7.372972002861822,7.568803057204857,7.687168616452595,7.737148074523221,7.7392190526227145,7.70746689104096,7.64451201187117,7.548838682411922,7.450406549713603,7.490255503907312,7.775751847859577,8.135053050970471,8.428291266016089,8.619689731557152,8.699774816309864,8.655840895189291,8.460458776654137,8.08278720769013,7.839379833554825,8.27678606975093,8.67637303233564,8.889642934714338,8.951257881929948,8.883341200637618,8.699134467146422,8.419457432936383,8.1053321111589,7.88899068470258,7.8580752798307,7.918035722398345,7.933106921522481,7.799391267258186,7.365807182133036,5.703811131618482,7.138526360865372
-5.402250007122326,8.551985447274145,7.958471688358896,9.068299972575248,9.956533726633722,10.49400823890295,10.824525185453794,10.998912517349083,11.037313360185244,10.945391297480297,10.719260674573086,10.348685860657497,9.833588018650845,9.272320252182052,8.908125319139923,8.612125243912864,8.07706572997437,7.1757024918394015,7.061706789334133,7.368082480955133,7.613580397904912,7.930150727997111,8.224181284485018,8.455022489090855,8.613427997298553,8.690158534664254,8.676154069108513,8.558453452862313,8.311257307659144,7.895660818178828,7.464966739680084,7.722415508737263,8.113980316978154,8.335084155584365,8.412800907471897,8.365185889853484,8.185883275092841,7.836939902884368,7.187893204798114,5.698504938376075,6.921334271775555,7.5189663737730035,7.79114543254373,7.888855274343916,7.833701785826494,7.587065547090932,7.020928184803785,6.8247226481119805,7.673365923357119,8.168235992153186,8.431518836067346,8.528460798544698,8.47855740510777,8.288849589566976,7.997281444014919,7.7780465382788115,7.802657160346899,7.924966353566161,8.066177127940582,8.227156574636933,8.355495799514463,8.390873000590412,8.3002529076254,8.076133923707236,7.7850036882019955,7.648889318040927,7.664048980634047,7.55710788374684,7.260072643157204,7.363005498936232,7.855248749504854,8.157657694260633,8.26602464655519,8.247800437569778,8.210691182078198,8.258048945587813,8.353431023926554,8.408732780382316,8.391793552366659,8.297078526867406,8.100909544110506,7.738068534220738,7.282934210013631,7.706315248121108,8.28737540645298,8.668083512032268,8.91518255234669,9.069321497732725,9.142260700830516,9.127269170183384,9.061551225462082,9.198582553687405,9.62656855688876,10.031485759091542,10.302430582584494,10.435123307235195,10.434002060065412,10.296023143248643,10.00696776681069,9.5398996440265,8.894586355627915,8.408645274881207,8.301317873927028,7.952309078102256,6.698738910680516,7.214690122444936,7.96893279652619,8.209876318261827,8.25714818116114,8.206720155670126,8.10119817355403,7.964713535418649,7.8255360804453336,7.703904535507666,7.552027089551065,7.223160062855834,6.273746471385578,6.320701967100035,7.390755799389994,7.836234131616942,8.091417191573111,8.27570322047348,8.424462510741712,8.534189822617035,8.60179579195005,8.63076676711349,8.610656637033538,8.500746092346857,8.219236484752692,7.561369506210103,6.895619784391472,7.976272405771079,8.435200647783216,8.612932173822117,8.628086049786859,8.593675220456289,8.680298904376597,8.895214200995554,9.0884587445434,9.18833079098755,9.185158698156126,9.087513519197259,8.913706906500732,8.69681783585718,8.485965989557672,8.323488357654657,8.21807615960076,8.159372767303356,8.131891177711704,8.101177363506393,8.015059780490306,7.815175785230288,7.422439453191269,6.660683474446163,6.1801493970907995,6.958685848190698,7.312132594573658,7.476447859819842,7.572352462578089,7.6581796864915415,7.746638354181394,7.81634707236391,7.83978973923725,7.806794849961353,7.734355935246453,7.663470193207564,7.631867878074011,7.641748536798399,7.672801561550674,7.7269944021404715,7.853941106872261,8.081917085363898,8.342559715927397,8.555651119139057,8.683446137825293,8.710369043851516,8.620273712328395,8.376521269707368,7.8723017626732075,6.683096567209949,7.368861223762787,8.051211598345807,8.322984978514318,8.387224606164464,8.297671395535387,8.061786632943633,7.648841720208054,7.024645790356212,6.969863389769046,7.477766773930999,7.744822069419782,7.7813795347948735,7.565493990014433,6.863435182241766,6.01251816714882,7.514932058502482
-5.488000007235379,8.376282581020355,7.2228459342627325,8.339504631881923,9.39505490375469,9.960041275465075,10.29519928441078,10.466351153660577,10.496928641827147,10.393721685003083,10.155211647758854,9.782519844509714,9.321873941656078,8.936719442578834,8.679990842660246,8.308650856837406,7.5262046352042145,5.86475569676335,7.246378941660471,7.409060776406932,7.008855396894728,6.605310181224667,7.600818468886382,8.132390991251174,8.391936555079866,8.478017749133546,8.424006821196148,8.219916747827961,7.769264400841085,6.436348238018047,7.26837162766279,8.150400874739525,8.564471648437795,8.780194729233866,8.863361681125062,8.83491940675418,8.697191789509976,8.438104642303777,8.020191722085308,7.316687075323475,5.407143991024906,6.813054609783314,7.407875687340069,7.6225525249523525,7.624418403266514,7.406052544817877,6.781391034967415,5.071470701558324,7.182799176565651,7.805322742656532,8.131211149248237,8.295018391815958,8.34022073774878,8.293053104011273,8.188820218272424,8.085731070359941,8.046318952239139,8.094142599686675,8.209488714702598,8.344825863492344,8.443712517573314,8.46319030766378,8.377298800181554,8.175663547501557,7.89451335721456,7.701330866171462,7.704303678130599,7.713213509919397,7.647874153212798,7.673463629509022,7.898119045435038,8.125461035302067,8.246726007333468,8.267508355520196,8.236557240290406,8.213106365866022,8.21382337372418,8.20542295070798,8.155304475211665,8.043103343315696,7.832058004730168,7.451465559596754,7.1277216048030745,7.683934321946492,8.225235773958557,8.578734317469078,8.805402320217144,8.937892696614766,8.98586158532656,8.941124724926231,8.784146180101715,8.542122903003003,8.533209430905153,8.885652436585652,9.189018558014144,9.332010482013516,9.314657721055324,9.141739703559695,8.840498306346824,8.572519788441047,8.54202442370586,8.544272012096453,8.372758272389222,7.920623512408732,6.931601731671047,6.984355561609919,7.659061176983517,7.930081613985197,8.070747459760799,8.18253940012888,8.28868313831421,8.373584160534346,8.414502369886888,8.392162798016754,8.28951366568799,8.090039558717853,7.789134202450973,7.470742330550662,7.405531838045838,7.58981424509784,7.808678730452979,8.021396584665624,8.221652754056452,8.396228835569017,8.539489772791436,8.643256801778275,8.683107422625937,8.618218542550744,8.384324125412727,7.826875434160397,6.582779712169302,7.798791425091708,8.356758698009342,8.577294924019895,8.62318304431055,8.596825960256112,8.627315952061801,8.75907262953125,8.895640979184368,8.959539262073529,8.930396754911214,8.816670146682442,8.648142484864165,8.474907005800741,8.337415468967741,8.228042197916382,8.121845115773322,8.029803487650456,7.991141018457086,8.005648324932647,8.016122583400952,7.963766431905347,7.808741286475801,7.511712609674474,6.984719493743652,5.761206477509373,6.107186982481669,7.073731624538517,7.555503705277124,7.8594068847036676,8.04409927566542,8.125343393789922,8.109274405619573,8.005498164653693,7.84345226438136,7.6941480058350775,7.645630673774127,7.702434704177218,7.796440771783437,7.885322829393927,7.984846191922214,8.138870906484069,8.335147793199269,8.504460455712254,8.592837234720498,8.5738868591929,8.427517498701732,8.11456317117139,7.572124510116773,7.494655061078906,8.17041214448065,8.624582699363373,8.89010854585229,9.015442230033605,9.01860752986474,8.901131524968577,8.650180840211041,8.23482749351696,7.643780373496261,7.347122617799649,7.5752719526254975,7.629987354034553,7.362908993145792,6.365744613434666,6.574513537992906,7.629988274041345
-5.573750007348432,8.362393523791267,7.852308411185849,7.7949175132997786,8.676004654455637,9.22993222135458,9.553172282031905,9.70679736167625,9.711285419154763,9.569153520247506,9.278736207057788,8.887105914310633,8.63245950780751,8.610369272592102,8.508846272344215,8.122773172894508,6.981624680368007,7.168932987568102,8.031075281454179,8.257298151286694,8.163131596247473,7.730578171880989,7.034964202272635,7.6266368851944115,8.073766263855058,8.215619435672336,8.153267441246422,7.913386734470441,7.534961558830261,7.579158737911046,8.133072029946195,8.572772794022221,8.862764658248382,9.034255634595665,9.104801640339762,9.081622193443398,8.965263417912603,8.750731739882314,8.425278527692775,7.957347778578293,7.2545571689889545,6.2520463280351475,6.788941733502309,7.218481006046478,7.318402849436034,7.15142561054117,6.723874794051044,6.872916548927312,7.5174478834982885,7.93703272321707,8.18576634161556,8.315367588257136,8.351815199693322,8.313102150606769,8.22316169234285,8.123825151099666,8.074539340675994,8.11812956430567,8.236324965512996,8.36672986538957,8.452094016583537,8.456259435319753,8.356726843494673,8.139939802618944,7.829374269502955,7.607060189297611,7.666799788228482,7.793214443395296,7.860423639073945,7.92015834212259,8.029507677881034,8.150872604229686,8.219546710164261,8.210622016164411,8.135542265455166,8.02873885925394,7.9272687818270375,7.8463521585272815,7.778980652604017,7.695806742924548,7.523759222378697,7.128179227557257,6.684785963147021,7.453274829911658,8.053394696796119,8.41405062251843,8.628263217074418,8.735031468234922,8.74440649897298,8.643058230865002,8.384952914564277,7.838854353214012,6.6222740407094065,7.512284625027727,8.007309724974567,8.038795454496137,7.638207465104191,7.070492084699907,7.966638869737179,8.44503235497154,8.606041894196357,8.539534049901354,8.26199788584331,7.7965282069897,7.529530547709054,7.766038193348348,7.978399140845581,8.104382828467346,8.21157413713288,8.337808877489595,8.482062005865421,8.617971320236055,8.71292360787195,8.74236900797868,8.692243269840382,8.555750642551704,8.332005021297878,8.031668867993812,7.697482021880602,7.442456528131452,7.4187081215097725,7.615305117326364,7.887406960908186,8.149684967547358,8.372958224367757,8.53782934949359,8.620606626205872,8.592759336404281,8.413905275598076,8.004489845512234,7.252831382000038,7.50173846005925,8.077722870760256,8.330935274188601,8.400241247177389,8.38188021150376,8.377558130982672,8.437093369833706,8.503979757626487,8.509271957982875,8.4278186366813,8.276011194445337,8.119572724848073,8.04001170492596,8.021164425043,7.9805923414586575,7.884871594579704,7.784044700634262,7.787100711569432,7.898369048194611,8.005176118373454,8.036169651574218,7.9733355884194275,7.823381325687243,7.602003117511123,7.2969811661789725,6.817778257419535,6.621799426961223,7.354461669576422,7.861880829059422,8.14437681359607,8.265803543993188,8.258103564365964,8.145958929465678,7.972756306233452,7.830078814851771,7.813703978451715,7.899739660234425,7.997226907811171,8.048510238578263,8.045238976026075,8.04501460565553,8.13171156588558,8.268173395166029,8.34312828029493,8.289256424091647,8.067784098615158,7.632240614676488,7.140844119757787,7.627576639240727,8.241269909893942,8.675287411356146,8.965889364503852,9.12991664992656,9.173283406384051,9.094351146737534,8.881064997178475,8.502345686506725,7.894050110065609,7.172800193706894,7.322813368298567,7.4657697437635395,7.21311534985428,6.114979282924064,6.667752654231622,7.594523743253129
-5.659500007461484,8.455859582835584,8.307404003836886,8.282196169627463,8.44070902002754,8.662747503453243,8.834102855181511,8.903571824053849,8.836864968358228,8.578355267899795,7.9649834890248705,6.528436874572066,7.909612944543966,8.370237659890464,8.426721788605036,8.130144650653783,7.033551121351246,7.359115395948771,8.277335450342347,8.57711238460121,8.591555778990045,8.369377088362649,7.904903872755033,7.509057851269447,7.762089609436159,7.9527455336330615,7.939868105725555,7.841305152535969,7.894142045609848,8.177709390009406,8.508777102303936,8.790775815756053,9.002577593314737,9.139354024175235,9.199043621027656,9.179736475803884,9.079014524272889,8.89413163358285,8.622876245811081,8.264912283231386,7.825487203954025,7.3499019114091935,7.056970019383053,7.064059114409346,7.042215881272213,6.8725132994315645,7.011737442446094,7.533509904511258,7.930796346293529,8.163093800482,8.269091368625316,8.282078363609191,8.232838022267929,8.154988978422018,8.080672703616344,8.02897779476326,8.013699512877652,8.061336728053844,8.175752778291189,8.303048149335678,8.379495920716575,8.366127621431458,8.23949531914775,7.979463644426195,7.594803082216446,7.3428569016741685,7.535188226066594,7.779894427199651,7.933030952154664,8.032101983908147,8.109465207087517,8.156775021304123,8.144165419726257,8.04821411506617,7.863182898605794,7.61087266410836,7.367603088337735,7.273680461139355,7.3641929620819315,7.476743908572532,7.455080280442056,7.152770167337803,6.163053328084025,6.9816198530246,7.797411207005011,8.20648853667067,8.416465996715306,8.48786287164575,8.434154704066117,8.234853018448893,7.83318167271047,7.407295292573998,7.848841836658867,8.291164768090248,8.491085187012724,8.499498249902569,8.376033852618587,8.286213498035886,8.391949102247878,8.524932323226087,8.523943625323883,8.345294284042325,8.019809397442515,7.858337730256804,8.072750386333166,8.282157149083798,8.390316280912513,8.434267901728086,8.454121000039276,8.492273463984123,8.587562695339795,8.72504180722314,8.844547517087808,8.900044025238929,8.873265179541939,8.763029581228167,8.580100271566904,8.348809643474862,8.103099392839399,7.861129712269246,7.609475715618943,7.3789332991628696,7.3909257270256665,7.694581144933564,8.022035989646279,8.26615419801683,8.41048926995953,8.4501582079764,8.378467087362402,8.188084319839671,7.891946157288706,7.619366454216674,7.608605952194741,7.7348623906370815,7.811482532972821,7.830961141987891,7.834704491433767,7.833727719183401,7.793140122580571,7.665301609299866,7.409231625748174,7.019400442709474,6.790131577248435,7.043984216363953,7.290718605326393,7.3831081743913405,7.36884234239678,7.387668654664253,7.567424713136863,7.7986130195843,7.9491275803764605,7.982122120913333,7.91276871533384,7.81188217540028,7.777621736103478,7.7787629200763595,7.685393189245792,7.445282360314643,7.377432415878084,7.762568155123446,8.096751223667713,8.259565067870804,8.277533321585082,8.190360578740664,8.066519247354485,8.011699814849255,8.074397353624933,8.191174592064241,8.285842992681783,8.307477848578596,8.21950483948754,8.00864210372599,7.7734020063647895,7.7728445210688255,7.887891394186397,7.8517426580337855,7.56693144940023,7.031332171835333,6.995871473831975,7.478222665905429,7.952603637446864,8.415541193213723,8.782041607545056,9.014725061734001,9.11155023419141,9.073319268023129,8.890524555930746,8.530282035515352,7.895575599015115,6.690701993435556,6.956472246667099,7.318600036093553,7.128926174378737,6.12548621550357,6.512671587291584,7.449204688263627
-5.745250007574537,8.541866886475471,8.516122181100537,8.522739872987431,8.54954730535278,8.598641983112866,8.668806779563184,8.729289854104053,8.727394917419357,8.605271896875758,8.293455703242348,7.762453839039192,7.795410830180357,8.23339358700598,8.375585257733494,8.179296320407467,7.345432865861327,7.132912138262298,8.262952491632948,8.647332611450619,8.742375560037045,8.633170205030085,8.351661714598992,7.988390483548184,7.821023349776369,7.868245121340879,7.916013291520501,8.006820794325153,8.208792736935848,8.451060091448005,8.671164807006296,8.858072957545648,9.010122606328755,9.118707243159319,9.171701249637351,9.158582191197082,9.072304513093506,8.910253340906626,8.67699143455572,8.389934810449377,8.084909528962417,7.809625395200308,7.585897637635021,7.345808639919144,6.9040952886382945,6.534823866422258,7.389049217529672,7.943208821573451,8.228627526884518,8.329521989915136,8.28196773768813,8.115909271739106,7.911441885570224,7.834744093926889,7.905555050698487,7.970432396432606,7.976717026024339,7.982113264514358,8.058959455488974,8.173509890943691,8.240002003759914,8.207522227913811,8.048465178472464,7.729088547079704,7.2070231037341,6.86201757517983,7.288361576178545,7.642212383251073,7.841564349535815,7.950650462584133,8.000026312241818,7.985471808194868,7.880512518097789,7.651538931405671,7.28823650557674,7.004102888096909,7.192141936807668,7.494189420012474,7.709493462061186,7.822327200352568,7.80067581355067,7.5658439177619226,6.861767522611235,6.314562050806851,7.560618279499435,8.051070958459597,8.266936374379933,8.30409700997373,8.179649092827447,7.870689669923148,7.415374077752222,7.5086491520764325,7.949115106074767,8.184804559211889,8.211320168006093,8.054250807575704,7.841645850835557,7.937885220023879,8.191166820066725,8.29958112912877,8.213184206432901,7.971812057284546,7.871552541171958,8.138201637931726,8.40969268323154,8.572637341939538,8.649081411092594,8.659387852216394,8.61691200433971,8.56365473822592,8.587353492540046,8.711649082164596,8.847131864277614,8.922710807394417,8.920901284622449,8.852718556557468,8.743640829490408,8.620902767799741,8.492548353482682,8.337493199175238,8.117701593838856,7.785660013710757,7.276974293616752,6.799209739170228,7.263802869787805,7.75980816589456,8.081253666515584,8.28263238011948,8.390191879165162,8.412126551611552,8.345611488523671,8.176751770458408,7.873477571022529,7.358783127987518,6.374295621309514,5.744246737226385,6.545406281296445,6.672237054870367,6.632645908300736,6.824597898611076,7.1198174222408,7.278883179487458,7.255776753164632,7.02014488809019,6.452559159679441,5.509711476995644,6.539410066910576,7.15627893277668,7.533573563695227,7.772827237084323,7.877197002970429,7.824249843597283,7.602026271444955,7.401450387624357,7.642839218907611,7.946092990513685,8.06975172221971,8.02072657994419,7.8858194397930985,7.881523669878217,8.053297565506002,8.199020271588493,8.241594552376188,8.20737709204317,8.175164333630343,8.22322590513768,8.344573846488899,8.47898988110305,8.576470888651606,8.597535164539218,8.50262904780664,8.240766394453189,7.7212816383407095,6.879560670478962,7.030512810910619,7.282488399958256,7.147692095769409,7.018071310991566,7.205422109016735,7.194435111703301,7.100042988790702,7.825366775290958,8.439945008509705,8.79423767109996,8.955695153722184,8.955231782648793,8.795604391789741,8.447905077597472,7.805664228670266,6.2793021059083065,6.7877131066974385,7.252993397077622,7.102351785484587,6.220010660134629,6.117408337173986,7.219631730015477
-5.8310000076875905,8.590058935784901,8.589228367383308,8.563705541806748,8.48859657133653,8.402526894416244,8.39866503815829,8.486675173604114,8.558992414771312,8.527121833887337,8.341720931004291,8.00387980240356,7.851524623376907,8.120227848019919,8.28687052937582,8.182032285834765,7.666846710983245,7.09044861570403,8.070201843864977,8.533681185373801,8.704501920213975,8.68691523382402,8.531231828359825,8.301052356464163,8.108917250861866,8.040140940118368,8.08430291548098,8.2252698305837,8.41552819412505,8.587595829566435,8.716398284748696,8.814995995827486,8.903995268659141,8.984622718068806,9.036287104866854,9.034488208422513,8.963554776159109,8.81997732094125,8.615500261949292,8.383162074287787,8.17406300138458,8.019670704058889,7.878581865721026,7.623006728562735,6.932901368874934,6.165028497423656,7.674372456819667,8.204720856584759,8.426894461144318,8.440021043807599,8.256275568422422,7.844946298213924,7.327658479932678,7.553312278345865,7.903165996976954,8.031534691795398,8.004574119567879,7.928797055939184,7.937446375268411,8.03037456605136,8.093910436786604,8.060848029257274,7.90218257983571,7.578052656802925,6.981239896859838,6.228286947614166,6.91540434544655,7.370267641990218,7.572433494578456,7.638668068529126,7.621079865360634,7.534558369348915,7.384187228500359,7.269919956156236,7.411844390388234,7.703409444511478,7.9435390742587355,8.097956939628517,8.180771864894387,8.194273362609607,8.111034080220033,7.862662671685807,7.261941383430157,6.137643214231828,7.504319738648413,8.048264370701697,8.274998127254808,8.303699598607885,8.156581015588293,7.826095088153833,7.454234491691711,7.598941748652392,7.879905107037682,7.942962200753331,7.722357686777499,6.976482675031206,6.2940993470676965,7.5238145175685895,7.874334651349044,7.880951944569196,7.669815162317096,7.625711717994369,7.998371242820688,8.338713264516137,8.560319143593874,8.698233357553098,8.76819608346071,8.762572767821037,8.674322739884262,8.537980467135206,8.478551793418452,8.58164287707474,8.734638938443117,8.841859865649942,8.892954744451444,8.907474419890137,8.900829944110647,8.870650413180803,8.801395051559096,8.675303838749056,8.476296281737433,8.184169853598055,7.752453273029946,7.013077096537175,6.054129735926708,7.3151994027786325,7.918607177785586,8.27802768911828,8.501694475702834,8.623082183630718,8.65384077225825,8.596447716039071,8.4488037072534,8.208447753980556,7.8822904191083625,7.509990158524924,7.189254982061979,7.057611886237476,7.220754618488547,7.547061723927684,7.842728135850722,8.042119258401845,8.132686515233813,8.109789315047557,7.972827874692581,7.752401609327704,7.584238604344541,7.621378910226063,7.754024009136797,7.8498165919140215,7.858989680664632,7.719833423392063,7.271051717396174,5.424384444087688,7.227709407538571,7.930318980377333,8.229149639081957,8.32524350602488,8.30389490825006,8.255135086578857,8.258106505325745,8.29977639682358,8.32469425154302,8.32879427975829,8.358386512773409,8.448277257662534,8.579220339378237,8.710028700207198,8.804326776281417,8.828876449042678,8.750177447864779,8.528602901945133,8.09850402298176,7.2894110519184085,5.78568964320494,6.71521649057414,6.962995607438303,7.212747229145603,7.449812940914769,7.387778025483238,6.822287363362858,7.354918781476147,8.166979482206767,8.583693089655764,8.769164079013201,8.781193570055331,8.63532335591974,8.320192404654579,7.801335288527681,7.182305404447852,7.185743747256134,7.324591190549117,7.156780857239024,6.4804913796421415,5.336021091628759,6.907601944016334
-5.916750007800643,8.623154380469476,8.588020227696123,8.499471862148235,8.302035463537681,7.97531796195819,7.690431693258712,7.80412261133777,8.013528173792642,8.079468926337222,7.9814235243439935,7.76600436657911,7.693961169565617,7.9240552698153754,8.120484806588383,8.131489379934996,7.923460954963584,7.607371673903127,7.8220620097389535,8.240913981971053,8.479497233886349,8.556911971561814,8.518850635671383,8.414154974419096,8.30279980837273,8.246623255343643,8.28514285150562,8.406077287482772,8.547320439370287,8.650842806271891,8.694946949146237,8.696121207299017,8.70155831366753,8.74652522169353,8.805319058736108,8.82444701591163,8.771799631769106,8.6438423828794,8.463651038962558,8.283264570725938,8.166437559847878,8.124367868392186,8.076089280274081,7.8875526930720055,7.324408458502303,6.5847251012078205,7.808340687922816,8.319649361985524,8.510362086892199,8.472759897485107,8.194588697888143,7.520677670044566,6.412983216055563,7.599515400090184,8.017818637051228,8.12444414118836,8.058212844473873,7.926109194615829,7.88372031345889,7.969123565682693,8.056560241755477,8.063249983046406,7.955834945458449,7.695988356222251,7.20396245035249,6.510556478675688,6.833167557774827,7.218066640996806,7.331862452162569,7.336666914324731,7.427268453551703,7.638566892861622,7.854647022633361,8.031036334263677,8.174470375485784,8.289219295384704,8.370193563196153,8.41362303183738,8.417969453158442,8.372633730624521,8.245206923419646,7.964923485536844,7.334623742531264,6.044575210241912,7.579119239594045,8.13353911697647,8.366785920341268,8.397854041711659,8.241563457103386,7.861229597783196,7.288607414695965,7.415964240891386,7.798933906178732,7.917143723523444,7.826443681775636,7.661857188366793,7.659550764826136,7.742885223102498,7.663233163116782,7.3094832388014455,7.136250446414642,7.703507914571292,8.112779177015529,8.35587529715391,8.531100257725994,8.673364389464956,8.75755414141075,8.746823548440274,8.622471281706993,8.40980517813019,8.255431009838048,8.330991432832,8.516917540767267,8.691618876644652,8.842470574232587,8.966419379404776,9.046942109108663,9.067695030880623,9.019612903253543,8.899187198026077,8.70512101606209,8.435307845482397,8.083870271921123,7.658815822478809,7.395775178852406,7.690236638778627,8.100005441212911,8.411912943205348,8.6295939634859,8.770506212299,8.844702531823883,8.854658259871576,8.796914595079944,8.664134860008751,8.447559676269856,8.142676903631923,7.770487907063103,7.441166958603435,7.378558123066093,7.631764080570109,7.99301872538031,8.301094872948033,8.499838918198511,8.577206772268372,8.535457117163611,8.392269704638904,8.204524713711402,8.069493128581744,8.012122436717723,7.9663175299454565,7.908573577521774,7.841565472768841,7.709005662637806,7.446937869136959,7.370197546168433,7.818710609976472,8.208922235277122,8.428923038351794,8.526198903678631,8.554298964102543,8.558385830021985,8.558074496091153,8.551608393502878,8.546827704192504,8.57250112398937,8.648252648558904,8.759038308111917,8.871737077810103,8.953338561029401,8.973380347633487,8.903530325372518,8.715915135025519,8.379239090105067,7.861575442380805,7.21716373346003,6.908524505018054,7.141139167897383,7.556449547625051,7.870447921133245,8.01042892028153,8.031594351095315,8.090330994031302,8.277161594134803,8.46621364758636,8.559384310578805,8.540343341597863,8.422135049954267,8.228720031041645,7.995189236855182,7.777533340083614,7.633435911318079,7.529714841406572,7.337969601439656,6.882199239018869,5.4718386457753825,6.361011144388528
-6.002500007913696,8.674977476844697,8.566797320278273,8.390837779274214,8.081033437197476,7.516498445694528,6.18673262721329,6.396424563801327,7.092195353217164,7.234827086832235,7.17566611503589,7.085265049171829,7.211274181944565,7.553143389964561,7.862876639358412,8.043003133300957,8.07841215855086,7.975557964384162,7.799670150374888,7.777581936623601,7.98590374597843,8.194047809379903,8.3100968481123,8.345286868496233,8.34021397017143,8.34827019992822,8.408930898800204,8.512891446247506,8.613287937632448,8.664576460077733,8.640451780725133,8.543595072939437,8.434387115236218,8.422454362632827,8.502716088868494,8.559944034451782,8.532566800214191,8.421980153975548,8.270433508663789,8.154806194383871,8.14690975349359,8.222411244630944,8.268190175105229,8.172347454565717,7.822080477164998,7.266939647415709,7.779400178295898,8.271199912932344,8.452934688855004,8.388801353255973,8.04872103403738,7.141187860290443,6.565057754010537,7.755054140172537,8.10707003341633,8.186299247305172,8.107441432051004,7.967977775574183,7.924255487548213,8.027063796590664,8.14537236730242,8.182468096935446,8.094865472966836,7.841910601661033,7.38439347627374,7.023693055648947,7.282145577047982,7.461004786033034,7.469334841310595,7.596379707657938,7.9423080946200315,8.254857817648254,8.45209693053227,8.550426269103475,8.580570248430623,8.570283108464867,8.538157327881358,8.492405049782972,8.431814235106874,8.341008525720982,8.180663703941256,7.867911259152908,7.149943080124312,5.897373963534887,7.643273100683129,8.18826187166991,8.42803960888362,8.466340210638128,8.30365091563665,7.850623916940537,6.555834317784821,7.0271167440911615,7.7842807663396565,7.985055343289408,7.948185551077497,7.8219598302177715,7.737939050911398,7.63472788101278,7.309288015848012,6.802642297873336,7.356475289247694,7.837207731247989,8.040636287866105,8.135616363450021,8.283608386266838,8.47878050523896,8.60412440081647,8.597641082743761,8.442614518644,8.158325018169526,7.899395664144735,7.950601277627943,8.2132201491075,8.51441953643656,8.793644262904552,9.009994782129823,9.143493959233199,9.190414603616622,9.153487790484796,9.036779339384223,8.844064845886734,8.578905839949785,8.24791942350879,7.890681039813473,7.711057602901131,7.910976107010341,8.22634401290678,8.488722272583695,8.684957916226196,8.829336615994208,8.93031045045428,8.983451342723535,8.974459035536086,8.884710007347348,8.693361578404303,8.376106027075696,7.907335020953884,7.297833142341623,6.831220725093725,7.205434655093909,7.860231077588617,8.34657395572692,8.650291265917163,8.797388981909018,8.80814985597657,8.70350336168581,8.523626660843366,8.33823450982482,8.18851888918366,8.04708465984515,7.955792437006762,8.025740452932391,8.144912324675358,8.148163451681294,7.990532846828129,7.819636440028277,8.006383374243851,8.335458898834691,8.565190740100787,8.693638530009475,8.753550318792708,8.768738557174617,8.7551573545225,8.73405622340715,8.737296311735058,8.787289182819222,8.874171421951726,8.966156236422721,9.029954287783674,9.037269287205651,8.96468480992015,8.793153560194794,8.51016018800386,8.125066516594737,7.725152270368054,7.544341244615965,7.724408170906744,8.047931310819433,8.313791730821807,8.472067354928408,8.534999004307597,8.531544447979032,8.484053452426734,8.39592687291678,8.275877434800831,8.18929550332087,8.209584095652223,8.270568647592533,8.265058946137453,8.158415201502192,7.98221241246159,7.806184510635921,7.636241660030704,7.3557638824138865,6.748981321820244,5.77437137077288
-6.0882500080267485,8.75341538717565,8.57212234393075,8.299645795671392,7.882303741281219,7.259015297566244,6.8206548288658055,7.070599281253248,7.163807868724297,7.010668238946554,6.667905291419949,6.1681205807968675,6.033265939627154,6.919977921310426,7.5585749383577125,7.945680472859874,8.141007140774075,8.162175633660816,7.992773012927414,7.56817043294539,6.937775277108988,7.344591376850222,7.826133943254775,8.069496233813615,8.198768928218145,8.298401449991912,8.407569188027916,8.519170595257691,8.603960170280441,8.630253138997018,8.569554830417804,8.404194180976887,8.171313692833923,8.064755618559108,8.181742710354332,8.299901219422958,8.311870193709264,8.232835656779722,8.129413445547646,8.09810537730597,8.195287315915218,8.353828672501425,8.457732239888866,8.427560934962647,8.207708368983832,7.788960891840804,7.68220644132177,8.046330112711004,8.226207321213884,8.147616997111225,7.7493240184714285,6.506520585557148,6.999340602059196,7.839730220188078,8.138958965472613,8.208970548136447,8.137893552263069,8.017348850239514,7.99851519835526,8.119795656673118,8.244345929139515,8.272985897336541,8.158036797755875,7.8579763513785155,7.412758101901588,7.387177040754877,7.6459087192898965,7.676948685311693,7.551427147568226,7.785098153739934,8.254056600265585,8.579688536470965,8.747226870336474,8.79053280979857,8.740423886312522,8.627058672771236,8.481337583325672,8.329707778331906,8.185868296762774,8.041927579982907,7.857354368311046,7.5440065233514515,6.927865372665039,6.859192018740124,7.708918677850923,8.189382876711301,8.437256185317477,8.505246388243934,8.392401436178764,8.061664457891503,7.546208396680342,7.621876204141041,7.9798961129450126,8.0803366592252,7.94280080853903,7.633835829521523,7.354671182438646,7.21557388460484,7.0116397627950535,7.13271679052446,7.576594541129097,7.79436806804247,7.7315288741107855,7.486771277978997,7.635938132257595,8.044464974412314,8.26162075293131,8.26665531788991,8.076307666125683,7.711212011513704,7.336330690010705,7.409418764292001,7.845307003105178,8.321249692878412,8.713034060707345,8.991470770163831,9.160654731229041,9.23066854911639,9.210009874505444,9.104402994152093,8.917186933575344,8.650017663839371,8.30427713475278,7.898477843904668,7.6087568510118295,7.775837657803847,8.123108898206118,8.40710746846182,8.61694919653245,8.778934591129168,8.907863632197417,8.995813635450531,9.019945765545915,8.953563101043091,8.76674042851613,8.414423297046957,7.797891553386864,6.540367093134167,6.163409455595712,6.995810582582787,7.670449120055042,8.254191142214582,8.636274282630502,8.83973783356886,8.893076392730453,8.819363257837042,8.650762434198787,8.442084972626722,8.238408541230907,8.032284770092215,7.923564149903751,8.112502880955441,8.362782741120535,8.46650637933563,8.376359019241853,8.06772463840291,7.701640284851564,7.990669021205844,8.415575570942865,8.673985324901098,8.807842822326267,8.857489375943095,8.8520102928556,8.822799496480316,8.809274480089504,8.84176976357849,8.915210109473675,8.995574812285925,9.04629168632739,9.039831998760308,8.957511237534998,8.788827611524296,8.53662437231613,8.236898596530773,7.998087361659443,7.9770156938711505,8.17300893302925,8.426925133626131,8.631592965294473,8.753451365197698,8.787832433694101,8.732929955298282,8.57463631947433,8.276832309607489,7.832266719351512,7.752554075821466,8.16018927679771,8.419233126899043,8.486894746433617,8.406229305958572,8.23953924871861,8.083053224318903,7.975266192450206,7.827960781951403,7.544616417207641,7.139741776742643
-6.174000008139801,8.82872432520749,8.605991203281748,8.274117202876624,7.769107798630591,6.997497750327046,6.796357152490916,7.2665766783703605,7.470290262555966,7.487559260883155,7.358609011303691,7.0250416446182085,6.0743189322212645,6.213471733264988,7.365794641657567,7.878122288532578,8.14292142266868,8.233501023983868,8.161505008046221,7.9017490135791055,7.364303201947522,6.430652091070311,6.962470491447216,7.513177232019669,7.823265025134866,8.052948495934796,8.24442429697947,8.396716440128994,8.499068225753259,8.533909623371041,8.475645261859096,8.29639754683034,8.000975450129403,7.7964626779624595,7.938208768531747,8.122654112974988,8.1893677938337,8.16609967998099,8.130647632867413,8.171614888134666,8.316497459369431,8.492987874586728,8.610183133268233,8.612789665941012,8.47006864737486,8.171999854022502,7.829468686665106,7.778275520968934,7.861085708942944,7.756636522959642,7.292607362433499,5.676481204797007,7.174085158654166,7.833766508986798,8.106730582963305,8.178788587111358,8.119599400172907,8.02153407173799,8.032860714693188,8.165430847221488,8.276197782712492,8.271787848599661,8.10304055478601,7.736008720349473,7.416434656162815,7.668262823526814,7.860334415268141,7.726844607808159,7.237879548244538,7.652251482170285,8.323264763778544,8.679794436324045,8.829963659226948,8.827310504451846,8.698860214178008,8.466332195438627,8.162858378076688,7.845575908724261,7.576574011432365,7.37929314636587,7.250478957835899,7.194188272812863,7.260436639846202,7.526583815831917,7.904425389082874,8.243577726310917,8.47886626831567,8.591926272828088,8.579019717702899,8.455641884753947,8.301278530573512,8.256371151778767,8.286967095531619,8.224288649457304,7.958988864803702,7.379980654316226,6.425531158104181,6.73015804520512,7.067828388384088,7.335734121797776,7.607225862762429,7.705681161594259,7.522970089892749,6.887778410089427,6.596811245819363,7.385389192156175,7.663766228944226,7.627759839979941,7.328579149339164,6.754090409475243,6.088979289012447,6.483933606273496,7.352704944344006,8.04149778286523,8.533507056678237,8.870241274244249,9.081670125279357,9.18599373984913,9.193758862946448,9.110491207534396,8.938332815622843,8.677320074643234,8.324841000002188,7.865291945926433,7.265958770548222,7.054923049587509,7.6312699316826125,8.072432190371385,8.365054358706372,8.580489436916931,8.754728874436916,8.883785444543783,8.940498405764957,8.892655165811881,8.701472152302609,8.294821435356447,7.455802648825438,6.802921093771686,7.65620796088371,7.877336985200328,7.908785562182174,8.121703721867528,8.468262049743009,8.714202648193483,8.811128878742938,8.768336174450845,8.60789002713022,8.371445470232793,8.110334527127915,7.841928525118077,7.733303101373672,8.054331273645362,8.407177963043345,8.587557906222186,8.576392923968998,8.34419209019878,7.776277262778348,7.2133934267303,8.033984650575661,8.501371060057075,8.729424451529525,8.821202694389338,8.828296780998084,8.794082643413734,8.768434778962527,8.793583146152075,8.869884893556877,8.957438687242737,9.012126460802369,9.004001098842036,8.916920763844255,8.7475455305417,8.513085960507658,8.27301229340162,8.144510585075842,8.218505335691653,8.429266059874484,8.65027525047094,8.812084257771842,8.891600376093598,8.880854016888652,8.767907230552717,8.51870261526775,8.035139585307428,7.109650871211457,7.666970681756678,8.287702338770805,8.553208292976361,8.616324841275151,8.543770191375334,8.409306795752867,8.313759027944116,8.281757683455004,8.23089687865496,8.099935259501173,7.8947936637698
-6.259750008252854,8.857461099659309,8.619924921481312,8.282264181035375,7.793428947563202,6.987994380881822,4.248726119600211,6.735462106081017,7.242855594333746,7.414311834222258,7.372040737564215,7.073512659269954,6.164656340413268,6.326944804415462,7.376655574730589,7.860409209125051,8.120382447556974,8.236630079366625,8.238048842388881,8.137986976266955,7.945758261017605,7.669439754617803,7.313773226042993,6.96450302299276,7.071094394322332,7.499699599784849,7.852448533789204,8.1010616660816,8.266141086046003,8.348237006564638,8.329565010817499,8.187195407700088,7.92786950908512,7.737251384886438,7.876188824989196,8.087773542758999,8.202100016072793,8.238008502340723,8.258912152041457,8.32737675270579,8.458248366351995,8.604106079709263,8.703533725157397,8.716468524688581,8.624121241201603,8.426431181490209,8.160268789697405,7.9261150615407,7.784029498597791,7.620762746364698,7.289402754668038,6.866547951847184,7.238954610171091,7.725175319673321,7.978634878161423,8.050997562647735,7.997095756913793,7.923085460315523,7.979831525706756,8.130839669795373,8.223837210751775,8.17791543822317,7.948456401476434,7.560452603648581,7.541889866876129,7.873359437205935,7.98193752889948,7.7270187515853594,6.463452569819022,7.388101252582334,8.268740303141568,8.63342119406879,8.754954602617078,8.695265161082817,8.46781849258516,8.08078342322916,7.683423125842131,7.667319057052359,7.8028053534497905,7.822471407789655,7.728775530327382,7.623667233929829,7.688492870842111,7.93893355831963,8.2278938020608,8.480377596220691,8.671291711683148,8.786411472814889,8.819314785292189,8.778241963287263,8.694203699861955,8.608593907816603,8.520242765969535,8.36501645392593,8.054608337781483,7.467963867824481,6.432589732871334,6.700972860405834,7.167975689564125,7.493712827235288,7.7931761360299605,7.993067679860365,8.074230841201711,8.06294689708585,7.98561762551559,7.83587162157253,7.573111558586407,7.157657927252762,6.685916444825786,6.527156363746992,6.409795325822197,5.524055615490772,6.289261024507287,7.506272196816236,8.175051252686433,8.613263571977306,8.896750560370574,9.056519768314434,9.108139503767038,9.059765003592942,8.916560884433157,8.687274615464313,8.395274949344063,8.076532492644382,7.714567257386994,7.122782776458249,5.617414059396638,7.088074856912883,7.749339597181829,8.127194971378112,8.403484450923258,8.605738776531693,8.710259322083425,8.682863337141052,8.474189326228345,7.962369437173642,6.754751192423976,7.61925900040541,8.176157249661514,8.32977700455865,8.254266664491725,8.094326524551837,8.153098061882648,8.390248248033679,8.539840376656779,8.534208582185304,8.37243293697878,8.070520899006898,7.67599498711655,7.263092753204102,7.220098213197004,7.811289951487377,8.294104589704856,8.561654915187146,8.636652039944233,8.512460002809675,8.109809533422888,6.948807903842361,7.296536053289427,8.194319677438747,8.541539576533717,8.675350327083954,8.688426889243958,8.64048705466238,8.597819112884366,8.623570744644871,8.724792131264051,8.847099521713936,8.93229666461255,8.945423785064952,8.87067532357979,8.708060313266333,8.482817360024107,8.269443158437493,8.191300850717278,8.308481153117926,8.530710613487726,8.739798743773806,8.875911754811648,8.918638304330818,8.858552590609111,8.678455327031031,8.328320169834896,7.644238766317146,6.929451340243847,7.924406514306037,8.392468245689576,8.593852753088363,8.633947851704988,8.572668121879595,8.4922990955658,8.480052936295923,8.522092543456447,8.539772123775679,8.49233851814195,8.37889503032195
-6.3455000083659066,8.8016630370559,8.556017619485358,8.240238551383513,7.882090223575288,7.549437167376619,7.284203925368693,7.0700291740865016,6.9642729043653375,6.974898176879762,6.9079110328587525,6.519068246707883,5.211221479139777,6.756473301064252,7.490029209632125,7.879369426799212,8.09471013153633,8.196816033165549,8.218047274248685,8.178584504984109,8.08761038382069,7.9385206954586724,7.70175362989261,7.308500132685959,6.572971517810814,5.986333102631343,6.98842344758192,7.516424645398472,7.837356651996212,8.023324474625811,8.082980034730566,8.018416162979198,7.874518129609684,7.82338496024666,7.980859474135187,8.177294857883258,8.306524341774352,8.373941574501025,8.418620753180408,8.478981402134623,8.566860303639958,8.660114104790857,8.723737683997273,8.731382523260523,8.671969069471803,8.550751930324399,8.391559952032134,8.2309749925327,8.087001805376863,7.930440679296647,7.7083659137122815,7.414421910709992,7.2745122959833655,7.473944368165298,7.673513102680766,7.726248307576703,7.661162210312104,7.637569004111221,7.80581428761481,8.011201635939418,8.101050836484351,8.024721651177844,7.7649165341856765,7.494375275596936,7.702762324979661,7.990725963149275,8.062937727381591,7.886175395723603,7.567819990601436,7.831829217468247,8.297245098430722,8.547271091136187,8.596992188284636,8.464081969346733,8.167974747618082,7.930183979960301,8.126333339919041,8.393423034693114,8.52196012112151,8.50845214393077,8.361055840850359,8.10329482303652,7.946461885601104,8.19515593368544,8.541990352195773,8.796655197958145,8.955002464553422,9.03244039024367,9.039471444878401,8.985583123178902,8.886323607485243,8.76237450883945,8.62121281400167,8.440347339478473,8.185907412795698,7.868015846642348,7.627533064002727,7.61679214749801,7.7644682053549445,8.00122930706435,8.253035462127237,8.448288177829928,8.560601126548415,8.586219099376056,8.52350848406056,8.371068566895246,8.14343372655576,7.8996102907136345,7.713792559937792,7.552914318444316,7.323523052093342,6.969880167200271,6.243957462998727,6.140473239287604,7.5131163585938605,8.192069849541738,8.604674553872973,8.847548993881718,8.958739804355643,8.957704570928774,8.861156858847279,8.700904851162216,8.53984405969393,8.429199917368551,8.325817733808979,8.136537379906116,7.781591918126524,7.154030779483327,6.047721782591364,6.850087844211746,7.588407429207199,8.01908909308586,8.23596577706446,8.242126318685582,7.976336182262597,7.117425342793801,6.886185543310508,7.994573888727087,8.383676838353042,8.49277673221906,8.399557589979533,8.117123362849803,7.735656452513142,7.730270665375652,7.971359179453479,8.040269314995157,7.867845934320669,7.388765351841483,6.356309540096741,5.555982342045064,6.4114508427618055,7.333890920282792,8.006465083629948,8.399178257495203,8.57309343257394,8.54749163632008,8.289071452487887,7.627732202385153,6.699112862847292,7.8624039565139245,8.305463566144448,8.45862415966598,8.45214313210507,8.36164554301604,8.28255790528923,8.32099632551102,8.481921197322526,8.670745679697418,8.809380424556027,8.86049406064726,8.809510902308842,8.656812277584644,8.427438610304288,8.20092105892365,8.118352040229116,8.250893378985461,8.493292863282965,8.712717612280123,8.845454632219214,8.871085847550024,8.781181676570409,8.562475873250571,8.186594752257987,7.677287775052745,7.6589654049728,8.085914340627044,8.36814617375848,8.496984285108379,8.517483755377183,8.490244044867772,8.501191808284963,8.587397056582436,8.691991428472862,8.75576018158651,8.75827939635362,8.698023314284251
-6.43125000847896,8.631526074534895,8.370191647447328,8.102148512698635,7.988973250780752,8.056496534935242,8.125020781660881,8.10461767390379,7.986961028649945,7.7875710551065636,7.522259712272718,7.2022470241224195,6.985955043127753,7.234226127534144,7.62353018969016,7.8998378035675705,8.05487364240187,8.112750388804875,8.098287482910358,8.035105001589226,7.9410867805508305,7.820234795086425,7.6616481529654425,7.450162030017503,7.171078135014161,6.771154852717596,6.020142875535955,6.049124209764017,6.9776904821013686,7.437136282015386,7.656864538307091,7.738806468897302,7.791886459516752,7.924151308249944,8.118909535656258,8.292664566437892,8.410576711234453,8.47949525317676,8.521446057839984,8.55734661224712,8.595634270686183,8.630038059161919,8.647587419800061,8.638178350093623,8.599638528678119,8.538342986597097,8.465217766072334,8.38636549916884,8.293708074457424,8.164696283692026,7.969519908050382,7.679681667297891,7.297855872328033,6.979027650685819,6.90923617130451,6.828801894308564,6.652452617033686,6.986091516336839,7.51225914899294,7.829635573563603,7.9402667959609765,7.85972793093243,7.621791891556363,7.503211139636772,7.767674896547309,8.024834499082123,8.133283345937597,8.139057537200857,8.164068197237228,8.29786460755459,8.457527707500295,8.539073278504254,8.504574638978998,8.368721504337758,8.261862042479233,8.39172406326588,8.642144841049841,8.830890729768607,8.912863638550313,8.879628010411006,8.714682811249741,8.391135575126766,8.058985750402567,8.340325377568346,8.776156899746402,9.055547860625662,9.20091007031511,9.243914818174572,9.205717908898281,9.103064861604407,8.954886291275955,8.786428281531943,8.62353306337299,8.479510611091516,8.35878550723668,8.272993944925341,8.233956331328807,8.247454628518073,8.329456245552624,8.478668809714106,8.646737335791087,8.780771338340958,8.852693848932391,8.851941131760192,8.777489413469318,8.64066046427924,8.473235088726438,8.314344441716546,8.159781512798448,7.9565321405600296,7.677201083274587,7.400638892653064,7.203686463553967,6.8797648085055965,6.79660927184269,7.650794773707158,8.23402201588041,8.578164023673605,8.758605965062998,8.815344091915502,8.784864681091,8.723452880057799,8.695278189717197,8.70308215441526,8.686001669061751,8.594787073002225,8.41798761854033,8.173580693163707,7.875107067986498,7.4507221390871665,6.665386556382609,6.6365400343329854,7.268605872772359,7.371057075815088,6.947868340645681,6.599353295519347,7.644813542403804,8.151132169879931,8.375315817942456,8.41563106282107,8.301443488416957,8.016724624004988,7.459241800997533,6.0412596265266485,6.596704224667663,7.19536036352491,7.263741019888077,7.232250758133147,7.4203284639372695,7.5861777502333805,7.489969577912233,7.144471790608906,7.507818451072429,8.086825164455758,8.382786026530184,8.44261959343226,8.273536784185652,7.8151674723138935,7.237959171692981,7.741096602074999,8.13303095240387,8.251181812766463,8.185557206077148,8.017690052362704,7.90481600319972,8.003022270165257,8.23713622636165,8.47499407703941,8.648262510098894,8.722883504335467,8.681827824913595,8.519929465752766,8.25340682150168,7.959754823552014,7.822168486963254,7.9765949517752395,8.28564980528789,8.562641956055696,8.73506749022266,8.791731486777163,8.741181538064016,8.60358278936725,8.418531537423368,8.252615985477416,8.167825401114035,8.160995611882743,8.18233513897301,8.199709679060712,8.228684977957908,8.319661704470604,8.482090000022641,8.659311549336532,8.800462712940394,8.887304214831685,8.91749320115545,8.88940879893563
-6.517000008592013,8.343395624570801,8.067089846460393,7.9579445679045,8.160343731062056,8.4120326711295,8.565184127013678,8.602605448809758,8.531080840244822,8.359785570226283,8.100880774201263,7.784238844396072,7.5184688687893395,7.506026170199741,7.690742830385208,7.865111298715154,7.954775001560489,7.950589547826669,7.861036225856361,7.707693851949318,7.533844713737152,7.407405768710961,7.387530430232661,7.45992440661455,7.539883798577409,7.542064377924141,7.4022574356777575,7.048267523470699,6.387485346831459,6.347387942866498,6.969356606884056,7.3811752712244285,7.70579407529151,7.981666144338387,8.197405275245837,8.346870709514516,8.438069982252527,8.486700564141966,8.508422098551984,8.512471645424545,8.500777149470506,8.473646329183865,8.436358268236681,8.400773443848754,8.380121061362809,8.379448062941487,8.389318742475295,8.38903979273272,8.35482230317236,8.26358267754145,8.088914929218424,7.788271463965402,7.267099461429538,6.2199604369228725,6.148689290373104,6.791298413443337,6.946074802042908,7.081961463643454,7.396628692690383,7.665308696220689,7.762645313488284,7.669345056281115,7.433082296754887,7.397484671609966,7.720024522710682,8.008911111876913,8.188429871459814,8.307472387704918,8.410856604939292,8.504924984399961,8.567117347507809,8.577782623195679,8.541751065609066,8.508229742280475,8.563903571964095,8.725484336352697,8.910119883907093,9.048264245872922,9.108525712721667,9.06997906301572,8.90071577418712,8.541921798445864,8.059148536759361,8.395164352473044,8.914682651106036,9.214728160845043,9.354574854527169,9.375842474630984,9.30359134838863,9.159779745117856,8.975138398747445,8.798468688357756,8.682169202164383,8.637940793287115,8.633119269047285,8.634483710248146,8.631321528948293,8.638428639600372,8.684938247682554,8.778314520265395,8.88650779658975,8.967976739364127,8.996007451156691,8.960126115079339,8.865609702379496,8.738078997302905,8.61554372184383,8.505527617595094,8.361260701983504,8.12393056882086,7.7812323614374215,7.490450050226447,7.4536681698610785,7.415477594303375,7.212951019994098,7.321641065611552,7.871885676230151,8.288152961679689,8.531859369017562,8.651131168530007,8.699750651436968,8.73767798548559,8.796468954678579,8.85100223994443,8.85916741657353,8.802317260911654,8.691687957040374,8.559415933419276,8.428592749096103,8.284897144189246,8.104384407252576,7.905893077124442,7.7446822031137925,7.632627762150178,7.601964663612711,7.757393387287142,7.9876711907838125,8.128409818265599,8.140110178377316,8.053705186515648,7.944571489173495,7.863862663493726,7.766888106567421,7.615480965560432,7.503169248823704,7.561744054505131,7.728999689231565,7.919291501992069,8.078920277976724,8.137653699801692,8.022619502225258,7.6387682153264285,7.085662126248246,7.603770811223695,8.04961501247001,8.185040604386089,8.065227065009914,7.689645082400728,7.378652256412283,7.7540547790673635,8.050081646440033,8.11515431096627,8.00921306749164,7.864255333924594,7.894519211019382,8.06492388054351,8.228716354148167,8.361932021102218,8.459387842106784,8.486723167447359,8.402638635074,8.174486940360579,7.786354119559157,7.291009264065504,6.912595214134825,7.1135741388037035,7.741899714104398,8.23333982405055,8.54041747421828,8.706971184463443,8.775976776571278,8.784010616345164,8.75210515599047,8.675888294004126,8.529740462215514,8.276971857920818,7.880643813669621,7.491424993549956,7.754248660512172,8.198115286158087,8.512182216387227,8.72136900669886,8.858205179549048,8.942374573092556,8.980855777868975,8.968701747980512
-6.6027500087050655,8.082174410930657,7.903183958382329,8.062931429929664,8.384070465700127,8.645018401616548,8.796520736324945,8.83489084451599,8.761934034867322,8.579184236387256,8.291299830732676,7.925311371372598,7.59469637482785,7.498314328007505,7.593473322096459,7.69294781517704,7.71263707861164,7.6276510212002275,7.452985349626656,7.293891044791679,7.3160072590668195,7.478302207599938,7.662330901617804,7.8300413265446815,7.953662291825571,7.999830529855686,7.94469049240888,7.777180982874502,7.502424207233367,7.181999007289297,7.069530030090897,7.339963759127367,7.70130267352145,7.9911341189810114,8.186193886438911,8.295376180758922,8.33847933694355,8.341370965490771,8.32584626545519,8.296406106306279,8.243252086007873,8.162418065088827,8.072027626309923,8.010556272047392,8.01302202431414,8.08269754093134,8.187314380524503,8.280973330077686,8.324741798067627,8.287394708916093,8.13151291791551,7.786445404458687,7.101990610322352,6.969134788265714,7.659836816977,7.970984682984514,8.038250806806698,7.941400333938454,7.767182754946137,7.633316630831175,7.530707115969908,7.307892405758294,6.947262482680196,7.154552282297643,7.662207467309986,7.995145517000724,8.198907946845726,8.332559848422749,8.426467655143732,8.489480140645348,8.525930298946292,8.547871137541424,8.575915583665337,8.63282565485673,8.732447248927983,8.866891157793862,9.007326420381682,9.11960539681293,9.17347987229036,9.138739870697885,8.972807640578141,8.59555323340787,7.975151136251763,8.364793121083634,8.953239347101965,9.265508145681501,9.400008181573188,9.407519474874075,9.319297642471396,9.169962125882059,9.014779448094098,8.91987801629411,8.903922170332507,8.92570436783854,8.943270076106156,8.93911565177966,8.915089390762112,8.889082068919521,8.888430569965347,8.92664060579603,8.984085391222205,9.023176574985966,9.013228864783448,8.941321837092634,8.820453035628013,8.697495415109024,8.617511372200402,8.54974086089746,8.41245724436918,8.137624986175464,7.696903878130189,7.313940773492352,7.388460402647765,7.45106487416724,7.279991353040549,7.123691873854114,7.547606802132352,8.00554780779795,8.299222295165148,8.478130839798526,8.600982564908477,8.709048461732564,8.806421249312637,8.869991962067582,8.879957414010057,8.836337369071574,8.761978047938552,8.69284106288562,8.647981745752597,8.612041884720409,8.55935640908851,8.476675606960576,8.363679791263696,8.235756088834577,8.135155855658837,8.091708448765026,8.045391206125087,7.889841811269289,7.584530388123872,7.5123991175687985,7.8960432989177205,8.178884158785229,8.277658043584116,8.237159545396183,8.125628850021698,8.043157882816795,8.069443906895792,8.180937922822693,8.290995247337001,8.323215883623554,8.221751880562254,7.929163675726988,7.392334940268259,7.181258088883196,7.60134239981187,7.777749075059664,7.66177398016796,7.263558500672022,7.147696026562118,7.637376405523474,7.921753410842105,7.988215326473469,7.9501589560699015,7.9968997247997144,8.177328230582289,8.338827549130768,8.405296151493099,8.377604924151393,8.272989423152184,8.08893618119559,7.781105653442589,7.311750878980232,7.1452461527986975,7.462027754498076,7.53867642141086,7.152582972560309,5.766830984746696,7.561638036243237,8.24060415313794,8.603659320278867,8.814852906180436,8.9315589289069,8.971583903189506,8.928913978435894,8.779604204169296,8.472394682318107,7.858575007677477,5.933915134935356,7.663473048163783,8.303835303308528,8.60965945245684,8.774765520982024,8.868847345154318,8.925919232398538,8.954331876682764,8.94252396629291
-6.688500008818118,8.108002979686528,8.093517238398496,8.306247313958062,8.570357769009975,8.774468951872977,8.8848017914528,8.889162545539584,8.778805210305512,8.543073934574782,8.170448733357066,7.67753087799272,7.253813270043864,7.175789789926773,7.228425252885255,7.237952960828174,7.143154569495782,6.8964982925031935,6.805722329458538,7.272815014165936,7.701339670365464,7.974486205317056,8.147514205289733,8.263918135848067,8.335770389286418,8.351469809414043,8.296756665948687,8.169203004287054,7.985078775043032,7.785374917680927,7.642846860954384,7.644712585109776,7.78855820503594,7.963914289928558,8.08308995319886,8.11312504619525,8.055842925337206,7.9504112351059675,7.875971081215437,7.876550110439048,7.905919317612968,7.918432751661782,7.9070654919245404,7.869759876899561,7.8112700554707875,7.798766255682833,7.923567155685421,8.120260469082863,8.26236943683403,8.282233117679484,8.125299639355235,7.665465949122917,6.697240552599655,7.658874728587839,8.25822269092537,8.51139785015498,8.554872908466663,8.429456098979525,8.149005606217836,7.725661504185321,7.166444502467395,6.307309989124982,6.373462483686941,7.2919003396203665,7.75491862165545,8.000625772069473,8.12798751297646,8.193774985303133,8.228759890609089,8.2527977306697,8.295988804638903,8.3845325718595,8.50595931046691,8.629676845206367,8.745517996340967,8.861471104697689,8.979778971696687,9.083494788860932,9.141847118442284,9.117400837012719,8.960467524261665,8.579282089236132,7.845136934778693,8.239541857997281,8.882919674655874,9.199511180994437,9.324599529004278,9.320304134983706,9.23265184311634,9.123484398145896,9.066432101798982,9.08366753989086,9.131510084452428,9.167701489752877,9.17597158329271,9.154336302342568,9.107340905857757,9.046155731681853,8.989870917326272,8.95889191174918,8.955667862877194,8.953195831107942,8.91207579686179,8.806854465894629,8.651121192241323,8.521785931594863,8.484272993877193,8.461056523771667,8.333659711712212,8.020671980469954,7.442792197674906,6.8770061346346525,7.157200940352696,7.253915996903994,6.944153861761566,6.2849284393542595,7.049802213111348,7.674024941542547,8.034103523579564,8.271059584666636,8.449239237153101,8.591747815281323,8.69593271435457,8.751977082446713,8.75712891378864,8.723185648820776,8.679748867285163,8.663638129737244,8.686910668884437,8.722876922115747,8.733312109060812,8.691780558357094,8.588664451935864,8.436539057680468,8.27373093725098,8.120494147461624,7.905304102282735,7.517214943043206,7.457845828412683,8.055029589787253,8.456418210587968,8.641578645950444,8.663653545449506,8.560959091183335,8.379887534267246,8.197473166649042,8.108798646457833,8.142166853270957,8.22245815743508,8.257273566160988,8.190054251168862,7.9947594692151265,7.691103292784746,7.459846710079102,7.4912918946149665,7.533408976766429,7.365348951799182,6.802597378895048,6.224985972010935,7.167771984918632,7.598099295365893,7.790058485150579,7.9486752783238765,8.174229784381637,8.398157511318805,8.537804328003714,8.561693562818261,8.453523609309508,8.17563944473792,7.587158922502414,5.259912634925053,7.437552035272476,8.095769818178088,8.373467152607212,8.437097276354434,8.305055452503094,7.928924910755134,7.408271905744422,7.89558511783734,8.450935991849402,8.783925550951514,8.975880462954347,9.062298692808817,9.049492463853074,8.924747842144576,8.655375990764606,8.187120052925486,7.729084844489728,8.099852148176113,8.492413498177232,8.699588921133795,8.791529621400354,8.825694567644323,8.839989671865514,8.842201785788385,8.813570459076914
-6.774250008931171,8.182163492673677,8.238110844201769,8.437687878770891,8.65284568594714,8.804400272990392,8.86207936732074,8.808393619257071,8.622354638319761,8.266271102834608,7.660713029474058,6.783623864388577,6.878714713466186,7.068470578360236,6.867161875252845,6.270725971416676,4.993281731956162,5.896328512654045,6.884557361843585,7.517692347598013,7.938381046449757,8.216755278975198,8.40045150344262,8.518355405029919,8.580319685982728,8.583557901838352,8.524320062531427,8.407742878800864,8.253399742574658,8.094302776123985,7.96625798405292,7.8961566544388555,7.891434681715717,7.9196225653508465,7.91261582634596,7.79412923938006,7.476259647002326,6.909290957114686,7.118183099088902,7.703281360791332,8.035267508925607,8.20458603667935,8.261753852582158,8.214780508686577,8.05019195643826,7.795423476584481,7.721968694481423,7.978380919186299,8.202270763634004,8.245938879015608,8.039898945090329,7.310282896008133,6.82542906567039,8.135191322383555,8.629018825159566,8.839338477974716,8.86098337912839,8.715738404414552,8.390465109646026,7.822930727466096,6.829273221265559,6.801637570417402,7.452627542273837,7.777609245063948,7.938853838347237,7.980034107897459,7.934367621603516,7.849516598448994,7.7671287043381065,7.726532850512892,7.817755286318627,8.050547055360397,8.296698702336636,8.486200755643745,8.624397251997722,8.741633723864174,8.859115309522556,8.9692957500445,9.040234626894366,9.02982352922798,8.885851341019547,8.516672780306925,7.734034007845835,7.994313095442635,8.682505356679691,8.995922950029325,9.10201957654466,9.079785280123227,9.007053478413589,8.985677461026622,9.056966749791712,9.160020998806194,9.23869571547605,9.278535826669843,9.283179193387134,9.257858482849901,9.204873132161298,9.124824485544943,9.021220005766713,8.909076975490533,8.817223448465048,8.758450346072475,8.696221883952777,8.57571812515613,8.38413460760501,8.216040140802876,8.200189285198167,8.224828304232915,8.119092622915614,7.781602295877614,7.051115914629376,6.393689905697084,7.077798297123455,7.247936208693743,7.04790820746322,6.486376429090796,6.4583599484008385,7.162460395089863,7.62110229219685,7.933499197344382,8.158652264073043,8.317344047078578,8.419477561836151,8.47450615143784,8.494017842219506,8.49358517052213,8.497403382863553,8.534664095701064,8.611387694514288,8.692993527186287,8.732634652490912,8.698447078675017,8.579255446572445,8.393159259180964,8.201457491393647,8.052953113526712,7.901023956631,7.827405208476959,8.139557363448233,8.548752403538874,8.815203712610082,8.924294238758746,8.891319552134751,8.731461000865297,8.467959594234296,8.154687717951228,7.899259786674396,7.811590384827523,7.868717492552959,7.949021729852904,7.973814628577107,7.934945850110392,7.875787424625222,7.854642589810134,7.873171704077183,7.866463214020972,7.759041793129245,7.473452155956768,6.895974475986848,6.533492082938285,7.218248829379315,7.697358634148868,8.048920586769533,8.333326367178962,8.542056753499885,8.65684571382359,8.66266151211487,8.538204892784947,8.23993361037349,7.731651932787686,7.715180582936722,8.283007575178393,8.649597431437293,8.835640937864634,8.88266213606334,8.800887707375352,8.576759599327596,8.191705227395325,7.896561754080263,8.243932629483318,8.645991167232099,8.899527105006953,9.02894886060468,9.049704699796658,8.959486378823208,8.745461065288561,8.418427916514124,8.195447321511532,8.361599634560083,8.590724703662625,8.710644113554862,8.73733920754944,8.71714757838609,8.687623980538907,8.651874920891316,8.584718584077933
-6.8600000090442235,8.048688556011024,8.147493464232355,8.374590396198814,8.592755072022552,8.72467859137138,8.742481320354154,8.624076462607219,8.32566943538101,7.717160907593118,5.829652495196062,7.081291497916041,7.620344552762449,7.677246128174088,7.463240773294858,7.128021228280825,7.10304496016771,7.310350459629721,7.4722204799881755,7.668952981025868,7.94789546873803,8.226457501646664,8.446586985886933,8.595497454556396,8.67333675455107,8.682293417100352,8.627997243651688,8.523766641276069,8.393057397589171,8.264510495638886,8.157663609004947,8.073430710560302,8.000300711843098,7.917503191708533,7.7803560083875265,7.495637194506064,6.878222939516017,6.86503344675726,7.701362395162795,8.16237801569204,8.413413359676202,8.531041796849955,8.542886663091027,8.446649885077408,8.21693905230429,7.841507224051205,7.6194889732412285,7.900914440039934,8.134492738306681,8.132027289527404,7.788618334121008,6.36122515645231,7.704754126232351,8.507788749057118,8.885397942548689,9.045014968272215,9.036414546320453,8.863308343559671,8.492463190751241,7.824534745119221,7.137772205331258,7.701412580148107,8.02829177649484,8.123121064711144,8.0667343857351,7.875068650634741,7.552127293791117,7.1736568319004625,6.900413354249402,6.690400851307905,6.887964881305154,7.485597722911897,7.928016193478812,8.20755871175479,8.391103386473938,8.536488294907285,8.677094104641,8.808248573899082,8.896610168413867,8.899976747287283,8.770391961281591,8.430612746085739,7.716211614220736,7.616535711594097,8.31204180204821,8.60866233059842,8.66846972835329,8.59531152062686,8.551009730035032,8.690860563386796,8.91010787506386,9.082785444229073,9.187218491740895,9.238339455375234,9.253735183817925,9.242745141852893,9.20410254787513,9.128110884843176,9.001259252147339,8.816882349388127,8.602138010923893,8.4426066387791,8.380248495964988,8.315323219982973,8.15839650672037,7.943482389027452,7.849454291410378,7.878513796748901,7.810433617177371,7.500045665460003,6.741222626263201,6.346087195790273,7.188309195367034,7.516675684690642,7.6008962000060425,7.51828110988375,7.2743276872051394,6.888666831239815,6.789328381666916,7.18155043296518,7.513827333586968,7.730084167687162,7.889494421075921,8.035399686488923,8.171059368929397,8.276553920715171,8.345963896240944,8.402453678624957,8.473959976891647,8.548810917038733,8.580906750075162,8.53065412297256,8.388424544431402,8.208937819702966,8.133343836385137,8.1842553186453,8.234217095708868,8.291219488359884,8.47603324366387,8.738887397933699,8.93894299193604,9.019025535764323,8.96716372927526,8.779759689615188,8.453723748772543,7.996699369668239,7.483710990301369,7.18882452581979,7.294372370241685,7.541083198261442,7.756915459063492,7.915539252446634,8.03473086822045,8.13051544837507,8.199793172960703,8.22241564088805,8.172757008893415,8.031738531426225,7.811289957545808,7.637147389246676,7.727227309930089,7.994070394337849,8.264006447317227,8.487482965985246,8.649335882652762,8.736297773381828,8.732834008853844,8.61819391666943,8.372590806390013,8.091984080571777,8.231250634543006,8.622098425770831,8.907689277482296,9.062239631384942,9.104068143246323,9.041809528145269,8.870628083253274,8.574223221978087,8.176388530078466,8.04979718308882,8.37987032174397,8.682260492420445,8.857318250228218,8.915683523497028,8.861707885564632,8.6951792628507,8.452249789885713,8.309725399359538,8.407315872619764,8.547648936199373,8.606387163356242,8.590457413814114,8.541990884130415,8.4853379556019,8.403559186367495,8.265480523005866
-6.945750009157276,7.755445999080691,7.755310314183888,8.040906471826196,8.339547131484311,8.510141616040475,8.529658514063529,8.37780139505689,7.9905384582136065,7.182152932424824,7.12463904912308,7.805689385423093,8.057461052295782,8.062572328416852,7.903347351388424,7.708550825955156,7.685409786673441,7.770598125752526,7.784091870300817,7.725267007779948,7.776347135447767,8.033881762788843,8.31579287140411,8.51639530772838,8.623634370987249,8.648109578932523,8.606874661237523,8.52376559607391,8.428822763760532,8.348376246705454,8.288843563580816,8.2330539818259,8.154226203004988,8.02815944110487,7.835077419991459,7.590543018855078,7.534760455225346,7.872551269045438,8.24490857379158,8.5014884731476,8.643181810868063,8.684103755596658,8.627362469280014,8.457387772785692,8.136037939818324,7.657923460008345,7.535326747345784,7.871279979535772,8.019690387356176,7.876614075108735,7.316887058397038,7.46169412541252,8.323341235308687,8.803610666797912,9.061834766503924,9.158162006027943,9.105978260874295,8.888787703169035,8.444948077524364,7.632100291079146,7.559441349855265,8.129676800870385,8.334355977715688,8.308752680398062,8.091197137491807,7.641725191033376,6.801898343508151,6.413182101200264,6.905612730597901,6.827079644357637,6.089185959753636,6.645770954661979,7.426178120482274,7.826608347037749,8.074311600436369,8.272559333265027,8.461862154552733,8.629191811791275,8.73780552620717,8.751546707751777,8.635309679060391,8.34098726925486,7.800198540409766,7.3915560897092965,7.79272510337625,8.00755235365812,7.923615905255357,7.541574151918847,7.432175545991905,8.074143328121176,8.527825336069638,8.796307941005983,8.950858758149272,9.037821192251315,9.087539612943196,9.113151187401336,9.109931838912821,9.0604042128698,8.940084970797129,8.72141724587953,8.390290249325565,8.053242563182971,8.01887888437071,8.142843685417716,8.163560096623266,8.06727130801049,7.938163397757727,7.852961239879093,7.7524266855542425,7.499844347626742,6.8991171099458075,6.166632099945873,7.186195761388287,7.673317274566009,7.877706512516404,7.8992282543913,7.764119106425315,7.468312895727202,6.974585800935404,6.161069336759849,5.901961883282252,6.790170588907426,7.384465951512718,7.8103995405823925,8.106144837459876,8.282820043508044,8.351892970429379,8.339258981040174,8.296351881988556,8.274584543232088,8.263237355361902,8.213950933907029,8.138029185492444,8.152836042150021,8.30358557332434,8.457037976604454,8.526634959484406,8.525991329864413,8.551981581652857,8.6834757268808,8.842865152596152,8.926403631956846,8.888607582400667,8.708940256373923,8.365416263121679,7.834293735864326,7.265357825517208,7.271558693105529,7.4903011593948605,7.659667974906437,7.825838512192971,7.997501257543459,8.158587110570627,8.294747618274371,8.39193770588846,8.436212106924742,8.418862581536908,8.34397048163632,8.240717650443422,8.17292895857585,8.202275063635984,8.320170999582244,8.473438260591065,8.620705455655886,8.736384092027542,8.80011616007248,8.790891847782442,8.684698269527072,8.464345199133103,8.22451598893887,8.344887774612829,8.702254930017643,8.97573417541896,9.126194705402332,9.168690113418078,9.114555427574933,8.965889170982813,8.71576167365514,8.360428573593866,8.005079729232111,8.02506845875767,8.301599112974682,8.51582073174452,8.613485867662936,8.591062242663874,8.451369265533675,8.24353436472431,8.141197883371039,8.22979808089655,8.33438377761966,8.37012919973887,8.362666638299142,8.342794895872219,8.287314568373143,8.144387832705466,7.882294169763616
-7.03150000927033,8.063985971438452,7.632380871036492,7.296655221431103,7.752764062298853,8.115195247113006,8.241132121064208,8.15927326732085,7.864185561861596,7.469219241292618,7.641552097635289,8.014581953992565,8.19586278292631,8.201994934318261,8.081320269568462,7.931229674324349,7.890656806625011,7.928586774793518,7.896469092816391,7.721046355296093,7.492694943644657,7.640108610938267,8.020117539237107,8.2959233369419,8.442754326444923,8.48969757079735,8.469640954635809,8.419670256035792,8.37790897410166,8.367168782082398,8.378203006239875,8.37681005867531,8.325886395771334,8.197849843113213,7.986678009753519,7.790810681850275,7.895951629699011,8.218072751313725,8.491416713523344,8.657238133973722,8.718192992581825,8.678021458847358,8.526491913631219,8.224943729820824,7.683355675214305,7.093524897670048,7.562568420312292,7.872314386726511,7.849701029836967,7.553651183304886,7.653497722029074,8.290119608205192,8.745770004343195,9.024269338635554,9.167071258604599,9.186612852053651,9.072166281335658,8.782255440523073,8.193594096613088,7.086138906069833,7.906510045865011,8.380662399517288,8.498168706516973,8.38050739754482,8.018367603037191,7.235658737141787,5.920880824932562,7.178735667316541,7.449260895682725,7.325295238160741,6.892317582065052,6.678547020294258,7.1271178024592805,7.450099872461186,7.680523107276312,7.937328006271895,8.214883862672322,8.443782552301919,8.579447556927816,8.601649575862243,8.497906713298546,8.261211457699549,7.927920159118742,7.7167367259050605,7.808766258506888,7.950030412817472,7.987140061773502,7.8635502810681706,7.479673039550062,6.883138860431088,7.573187755160675,8.164133738721901,8.494026001530111,8.687508075308024,8.81100813452543,8.895861481515663,8.942949260764825,8.93366972646367,8.841514733248703,8.633794666418572,8.269219025839194,7.781586722016654,7.7505163874037155,8.087336857186358,8.28295947068774,8.33831364102544,8.305236591712282,8.215009279767141,8.060549139685078,7.785710614202512,7.241744327919189,5.737976464017602,6.964783994585704,7.62697914166961,7.901282864051576,7.984012501403109,7.94467546445649,7.836355299108524,7.720712570283041,7.657107357919699,7.671429486891441,7.757921354848802,7.909601952006879,8.106575936060482,8.293356528112078,8.408914350934996,8.412234790908432,8.27969466427406,8.016409875236823,7.765339406707947,7.812660174809926,8.018080296493231,8.210767803433054,8.395945142094387,8.564837773644,8.677613893088926,8.703102365002392,8.630249893717856,8.486755495436121,8.395427229770991,8.47382328268964,8.598199994512123,8.626689062607735,8.506934137685738,8.2123983096895,7.746042819839659,7.435024251704212,7.6206535720198465,7.792344921365044,7.854695672032202,7.901978114637098,8.01559878392302,8.183412496457647,8.345373846286543,8.46215069277976,8.519513542076446,8.518692658590371,8.474511768680115,8.417339143304812,8.387301340371815,8.41166901992912,8.487075554388806,8.591239836144664,8.70063340826455,8.79391928404429,8.848746083633195,8.83932058731682,8.734669377256811,8.499774623103974,8.164084943902798,8.17414296997264,8.578297969081458,8.891411476594314,9.058835649904056,9.106152067968145,9.052918253335033,8.911226470406238,8.690398519855929,8.40708728133716,8.116889442407503,7.964229197563426,8.038422046587833,8.189639141802148,8.27361071706529,8.228646771401205,8.023344951068127,7.680653307972171,7.511953980926961,7.710184565636999,7.904175934369262,8.039992924193292,8.16066022558704,8.228636066895382,8.173129622634878,7.937119177608578,7.482016584364689
-7.117250009383382,8.581001685366866,8.262150503505499,7.600737994227155,5.888489123592273,7.506684376042747,7.990324563131788,8.105824269709997,7.9938168356292865,7.745703303366285,7.678071524517657,7.910340185952068,8.096737932357708,8.138392909675547,8.060096552353672,7.9401439337673345,7.890188253134119,7.9053803626845855,7.863107540960781,7.662393124000826,7.243396202201305,7.056588656522789,7.5726928968017715,7.956125812045584,8.157741613666785,8.24244789605752,8.261347364040994,8.259699836749826,8.277519994739261,8.33469658295615,8.411818504072148,8.462358583308367,8.441707494950048,8.316133091851912,8.0687765806058,7.8149664174812274,7.957148285815417,8.30818963836574,8.557077764470103,8.672752652363263,8.6651941667412,8.531403849546786,8.234427199704069,7.63043485769714,5.443643170346726,7.3185631213679,7.871496204813146,7.970792395107009,7.8068923430547565,7.817893663173813,8.321819610488166,8.75383836132878,9.02319527193163,9.16460103105908,9.199148795740351,9.126718516111115,8.92054488423621,8.498296438955421,7.518084629940962,7.21866393105692,8.24414989661745,8.560612705492765,8.589861985954427,8.386035441136592,7.880769173341024,6.626123775386463,6.968601849767903,7.6044633300321625,7.697002058212465,7.4952510183075844,7.12698418698823,7.029945463206438,7.173194364076796,7.136907163401079,7.02584566813061,7.413462923437432,7.923910726098367,8.258942817270329,8.429052815754682,8.459215179875429,8.370479553835052,8.203371069390037,8.060114443993989,8.073831387227683,8.233365185876895,8.42358624562389,8.55851423863724,8.583874398703454,8.450869070298316,8.072746641726091,7.1580447791460005,7.1977703542299425,8.040913832305131,8.404898764472424,8.590777055424704,8.69970516927083,8.763989535414511,8.774697066044293,8.706033189639424,8.528137801992083,8.210825015371478,7.807534848395308,7.806825745829118,8.158676213891143,8.413812314336226,8.539681083614159,8.56211109421757,8.494046184936881,8.330568570729003,8.041270845416822,7.534456969091931,6.37465905118158,6.385840684188323,7.328108815268826,7.668607134454041,7.81693232272698,7.8892826052653255,7.947895039995875,8.018458525784913,8.097241440891487,8.166963458681597,8.21622033815955,8.260139790802373,8.332947962893508,8.427990917299207,8.478330250092782,8.406205256468164,8.124861241046183,7.4362763323325165,6.919514783563444,7.886284391577148,8.320496647259832,8.542224720073367,8.678933881628993,8.778040288539213,8.838546544278191,8.838401836840072,8.750381718864356,8.540620663617926,8.169233768870802,7.730465541381725,7.807342375444372,8.07341053922124,8.134747837646323,7.975595446057377,7.633935753912983,7.402987917203023,7.564413970396043,7.7072695241281055,7.711042486649532,7.6883327666217145,7.81609109378339,8.059923553703124,8.278492032684719,8.422113522935904,8.490689634621411,8.498083072298698,8.466127847035027,8.424759200913995,8.406416215348795,8.431787920123984,8.500337078285702,8.59744550963076,8.705128985186294,8.80346194240785,8.867994244788612,8.86935090292594,8.771525974128952,8.52114908461509,8.029617781331842,7.640371144588656,8.239945574790443,8.671506970528604,8.879681727206835,8.935885971111496,8.877967637392006,8.73410123291021,8.540230249393229,8.354337380874046,8.255424231124648,8.292829463892044,8.418245718135719,8.532707697766476,8.564326987039497,8.46960273830425,8.205801318650067,7.686423264743993,6.539361580484634,6.4612359386323055,7.4239901985813574,7.877516633846813,8.141921355592842,8.235453111705654,8.134693509854149,7.784909192599682,7.0874423434838
-7.203000009496435,8.876295513955858,8.648748450948668,8.20314717607925,7.264870210783674,7.244335092635482,7.997984018429856,8.246494559164827,8.226440869210363,7.990629666777171,7.606337141268476,7.489258484972386,7.7219770160161465,7.860628611745435,7.854461779708646,7.7808795203750165,7.745478144958544,7.7610781926375605,7.729483467287695,7.554028594756097,7.137789160085978,6.556561596078407,7.056234404597006,7.579536734495291,7.871915766345193,8.036044978545576,8.125313968753746,8.170396563619036,8.205849187450216,8.272542522536943,8.372688165282023,8.45391041081029,8.456122317682912,8.330966755657158,8.028430646214236,7.595386912679812,7.7551946898353235,8.214869301459872,8.479648433535804,8.565157218222922,8.494163762932706,8.254034949336729,7.770679215607829,7.063117155126633,7.581497357943529,8.071127041021319,8.2434164478012,8.182248897390423,8.036684501143192,8.265360305767043,8.69813225936365,9.006820010681563,9.17209687427917,9.216193903288062,9.150520644764999,8.965938025419774,8.610639447315732,7.879043401003355,6.169274159629152,8.062079207622366,8.552080199970002,8.71026733691334,8.649092798976204,8.361611647511776,7.717238894667841,6.3330121104461075,7.454867981480943,7.8599335405692425,7.884523758767607,7.670607837615002,7.347377185475701,7.243728617150914,7.278936865030706,7.047689448759713,5.914278642334043,6.849228994284753,7.727314771131953,8.129347942133583,8.306056403727538,8.333948771127892,8.26904605185501,8.193760766733398,8.204466291245943,8.32616216385429,8.510926445239374,8.698352031854217,8.834693758344757,8.879964498588977,8.80437776861352,8.579996881706402,8.211031606837333,8.017245206103947,8.297147559597535,8.562044162751317,8.69167699830643,8.724417664088111,8.702181372974824,8.645633326172193,8.545353064693463,8.376909023792642,8.14610691888701,8.00468007293152,8.155099205476024,8.410333705569437,8.59916487738974,8.696289552939032,8.707162970482589,8.634363549643762,8.470704749757102,8.194197669069958,7.753950672245612,7.010287702428132,5.653329052672791,6.552433734439752,7.0193706520784405,7.298585581004651,7.56781321059268,7.823026127759795,8.035725192436727,8.19387979480953,8.2908970942739,8.330063984926367,8.343122947375463,8.383328522381417,8.450725981380936,8.464538860295187,8.323200072873862,7.871938704361742,6.460849311210183,7.689398900664202,8.373285144577451,8.678106450399202,8.821085449474488,8.892690955826286,8.941840850422876,8.979433809456163,8.989427775021179,8.945609884080234,8.815119022109789,8.54899161932134,8.046413721351543,6.903258683843329,6.642693522097049,7.484473105659539,7.573445523773043,7.29998088106903,6.8768105789004315,6.982236275814241,7.149663124917741,6.999313349855808,6.735710491168827,7.247681936214293,7.786434151503529,8.114081102598211,8.29829474635661,8.386909982146193,8.41303981543526,8.403962033597908,8.383682920078924,8.372363393503695,8.38545292625426,8.433179433467716,8.518558598619512,8.632302251202246,8.749955048786713,8.838056781659455,8.862334852646411,8.787022898038295,8.559689174616437,8.05205111850346,6.565223848737393,7.636813120652224,8.33589472869395,8.608521975345141,8.676924393886503,8.612784541433541,8.470266919098698,8.320631871010354,8.252228844685426,8.338870617094761,8.557087183822507,8.788725739200869,8.947222463297946,8.999115771238749,8.932777695413346,8.741705339926032,8.422088136095066,7.993480788356655,7.63631613771034,7.7289408543233185,8.020888575221726,8.215330052500983,8.244747955100797,8.068876405506046,7.594445222172224,6.559328205453754
-7.288750009609488,8.979165164671889,8.792155337523832,8.410570539494188,7.704553307742063,7.614737720157561,8.231449442455812,8.496476381618049,8.51652527542058,8.329832624034058,7.909984128167067,7.168723828966399,6.787420379529743,7.24377781909596,7.42512127970881,7.464775025033859,7.508117940971487,7.571700423913167,7.576721253352718,7.453261410809258,7.14292238700362,6.666926438059857,6.851889038383375,7.4167716864724,7.8053727696989315,8.054050149111687,8.195360091840833,8.245845705300974,8.232785128835934,8.216915630447224,8.260477711567294,8.336375464309802,8.355703641158739,8.240216856614227,7.895768249298584,7.09058576903376,7.170932475340545,7.939612885837533,8.25522364754006,8.319718665133056,8.184953793210424,7.8629271721069,7.582536972872309,7.890349374106471,8.27109151285811,8.473949344758935,8.49834753662149,8.36014450196675,8.223034863740603,8.464855689888559,8.837047881998807,9.084698328435618,9.190584364474342,9.165995689203621,9.0082072778067,8.68029987954958,8.027473287755209,5.783625820483596,7.9534110583690705,8.544288545976544,8.78340540252012,8.819683869257524,8.673648867362333,8.299503197633245,7.49163937548471,6.795189341602678,7.7739956337110305,8.0891567079993,8.123035251635697,7.992172839530843,7.810724440380159,7.7337219710057115,7.738842898949235,7.6770877099093475,7.545547726594911,7.603686651777648,7.893440003788885,8.130840243902746,8.237439547840975,8.242887175868738,8.223447445931717,8.265722140783154,8.379870290301126,8.523811951053489,8.677245866655591,8.825460818363933,8.93821593013886,8.981542158009656,8.927488725557074,8.755235995101991,8.484862712037513,8.351890870448173,8.569861411734383,8.814830395764696,8.935360202839895,8.93013033210211,8.820637820163755,8.637429314361277,8.419178759919832,8.20945302679597,8.108632055456482,8.248717313122231,8.506852752833463,8.713679491406124,8.824652621034703,8.844431818406502,8.787989139044038,8.668918257706395,8.491047150098796,8.241990230234899,7.894198320951415,7.4188119869907325,6.846208553085603,6.3453691220256205,5.664815370293008,5.467708178776263,6.7693023681408855,7.391043595051455,7.773305386027498,8.013429413093743,8.143240465593694,8.19121991682288,8.218277186861183,8.293252647349,8.388483922710414,8.40005134156318,8.22905477066148,7.775335732630845,7.604347134782539,8.271655157275807,8.692406202105957,8.905797207506177,8.999263153721879,9.037636368150242,9.06916286433391,9.1099752134014,9.144003463264774,9.142954582634136,9.078329318825498,8.921465732613681,8.63961540254757,8.192616809501663,7.568660760910572,7.0722297923718305,6.884766977919908,6.225391079221038,5.814667943804244,6.942342288789772,7.247883184030245,7.177530503665572,6.882715361867573,7.079150935320293,7.601095514311638,7.953011429370211,8.16465626035663,8.292758383690524,8.376012505789905,8.434663362759087,8.472525588992832,8.485543826516787,8.473481316034663,8.451341184161736,8.455439341988344,8.520706501552567,8.633938467414257,8.741312372176731,8.793013815427688,8.75301004099439,8.582994563142401,8.21059205311512,7.434037986886511,7.132148798469808,7.944436830574656,8.269273013513088,8.347536126577475,8.286179040996412,8.180258214349351,8.115032094850209,8.136781998180512,8.328719717967617,8.659552310032788,8.962931037971233,9.159118667204394,9.235189917299461,9.195148045350361,9.046614032351076,8.802108211026953,8.490456210932617,8.19337812924073,8.072739534142304,8.145698110485514,8.219003936168859,8.160328506776107,7.884347621117712,7.20096681343127,5.645373459503344
-7.37450000972254,8.921386065413119,8.736125247788193,8.322852775478005,7.594787605435195,7.967768029177912,8.53582739203573,8.783024258148844,8.819593730867307,8.68292688948647,8.370106245722107,7.8342864435961586,6.889752500533502,4.777634469280954,6.542652441118393,6.975399862675715,7.257307683219168,7.451972222035386,7.530755842641528,7.47911203211008,7.294516735873271,7.053448336488976,7.149449184234715,7.585047941338284,7.968517429505482,8.22708610984426,8.366765664934286,8.396276228136461,8.327947670393241,8.199387699527104,8.103752872540078,8.114708888424582,8.150383652132884,8.083380258097607,7.80740738811119,7.102464514890397,6.459421201034842,7.500892615165304,7.852880533099479,7.869192680567311,7.627516767856185,7.425936300871878,7.8552421110000985,8.296129230726573,8.554456067207788,8.6523454193878,8.594399827193891,8.374869219390751,8.138997006081473,8.36404230556552,8.748282246282749,8.986536527295797,9.067042875790767,8.996540943174283,8.751669733981988,8.221639389326958,6.559241054114924,7.753450237992925,8.499632031563301,8.81155011256374,8.9172888035978,8.861441935855657,8.63121052760874,8.140268338330948,6.971388348701069,7.303842740104208,8.05774295187104,8.329084525452464,8.400478301113408,8.371951596533684,8.322774996544476,8.305635956863117,8.303546954561307,8.270331383168065,8.201813614552757,8.154967834449236,8.176735904421156,8.21867793077124,8.22060173232407,8.203313166852228,8.257932719553088,8.407024741155343,8.569710688323106,8.697034217999128,8.793499540584506,8.875183588492611,8.938807364019894,8.958871008772281,8.900648369833368,8.728542324904144,8.44227059588128,8.325524838240593,8.648613871222363,8.963277928421773,9.120929152763217,9.128300253852101,8.999917284782022,8.753487217567766,8.436688427921453,8.187259377196261,8.21609842732685,8.480716116271038,8.756996374120451,8.941059961504635,9.011508147698725,8.97178285862844,8.835978896671689,8.631649305156483,8.399951363369999,8.168385096203156,7.92020872846753,7.631928599410562,7.351397288606624,7.171894258426353,7.028245564435896,6.749262365080205,6.233254482050133,6.381225029176764,7.045849929221932,7.449023438189008,7.662436434435563,7.777261596116301,7.910821421377221,8.109981085962696,8.2825750858496,8.33612915023601,8.229700196735795,8.030482901738349,8.142268546132264,8.534537128526745,8.835751338842542,9.005425021828431,9.08267696857018,9.117604851440506,9.15640280556549,9.214879935853064,9.271451736450869,9.292778539054638,9.252733906664036,9.134059511010387,8.926837734555294,8.632162925428053,8.270817109179895,7.870951481711786,7.411435597301824,7.063877553776696,7.423192509097173,7.8071927591436925,7.985685825117114,7.999556256432761,7.9043372484789876,7.798659535951461,7.81178280612186,7.947555299988418,8.118738739969459,8.28539236411295,8.438443623447101,8.567399657196866,8.658124545565789,8.6989592292722,8.68441460313337,8.619625001870896,8.531281958658425,8.47653080350961,8.502939632101867,8.58136080818536,8.642682716893846,8.637410535977063,8.533344199951783,8.296330999653783,7.8879846020986735,7.462353087246497,7.624990341354589,7.884387470430741,7.955501529387582,7.920611772971537,7.920921208179465,7.968571400035331,8.004522636090066,8.191319287253027,8.588188037733048,8.951365331014815,9.183860426652615,9.284774005274743,9.267963947459092,9.147882184225764,8.940369885957896,8.667694400092303,8.377190529026057,8.1749463704028,8.128151314610708,8.108919505938237,7.9566797865477366,7.516834107690971,6.182860136678781,6.94842561131903
-7.460250009835593,8.721274911159835,8.47772736437977,7.8613809554065694,7.318395931127545,8.355855803252364,8.84040283185251,9.0514338788096,9.084659506190512,8.971598607002662,8.720699714191525,8.32801309587042,7.777070019068631,7.001836279987864,5.54391626906846,6.407026256695302,7.141339882174523,7.493661731969927,7.648225435284286,7.66124457758186,7.567548739543978,7.44285772576079,7.506460288186775,7.8297078648979905,8.16827975515357,8.405898944165758,8.52647683127266,8.532170322931691,8.425916740122783,8.216597822705168,7.959634343268558,7.826656309923566,7.886308273476233,7.945818920349809,7.88463153319744,7.689965417222423,7.474934073671449,7.447932601483683,7.457000033989197,7.185367895366387,5.9900128287454795,7.178200157817748,8.01016818270863,8.422674737669087,8.620877514409587,8.652251549612627,8.50835301971738,8.120268087707204,7.4404243476540906,7.88748893577986,8.472258749800348,8.753196684058485,8.829383482053771,8.72113287776096,8.373711511135062,7.467912696714017,7.132823714647983,8.305210483078307,8.743548687518706,8.930582830147687,8.95143426000519,8.817778548063412,8.491082116567387,7.799443427215862,4.776013786692976,7.7748503795523245,8.320802857384502,8.55958328368411,8.665698401543834,8.710503436505132,8.732505069625551,8.740894646754386,8.722838948744924,8.664447621020438,8.569032759165221,8.462332358570105,8.372102169524068,8.295212275240473,8.222563887388272,8.21332877969842,8.347451343534726,8.556345969295267,8.731597238620035,8.83761751839549,8.882621135953912,8.889682188668292,8.87762667850572,8.842150212691312,8.747918571748558,8.531774960771674,8.133130200659963,8.038326395897164,8.607168782785884,9.014623804921804,9.214643018378018,9.24839032679184,9.137641013973996,8.903252335559385,8.60659902004536,8.410583204860144,8.460431282213836,8.673144824794008,8.902266991392459,9.06025973784482,9.11109322625954,9.043278847015001,8.855091907842677,8.558130365752373,8.207858230615667,7.925734161812697,7.752357858492086,7.5932179439987815,7.432802304293609,7.340766945523526,7.3027161105615574,7.226350515454973,7.043871857565771,6.685100106084895,5.993415450159825,5.545867715157871,6.365487383849645,6.9515902817551725,7.469597550062111,7.8915794490377476,8.177495999580879,8.323651035223975,8.349156274599522,8.32300004935464,8.393261444482702,8.604718144137053,8.826771375765228,8.982550591038617,9.071942139747454,9.12874122375787,9.19422981144551,9.281364084921686,9.36240672022671,9.399335236091597,9.367199382220711,9.256426885807059,9.073284662280225,8.845864254678494,8.617606235809916,8.402561041917185,8.176658956268957,7.9978077329804265,8.036272638741021,8.204702775910151,8.317649588362302,8.329561930589808,8.256486469029129,8.14008192498025,8.04589490207508,8.041324757475229,8.144176560525807,8.315469549920017,8.50291205760612,8.667946058400577,8.78816361458424,8.852222241250377,8.855722629292089,8.8003229665163,8.69699905341089,8.573327895838558,8.474617631074597,8.434324848856798,8.436052772379249,8.432217761082219,8.379250285709052,8.242326228510214,7.994723879609026,7.661171232096286,7.45531522645451,7.489541648935197,7.513392756582968,7.539195666993754,7.703928447086022,7.85380910901711,7.85228459180027,7.890047393282057,8.298627818574714,8.737523340332956,9.02161745808554,9.157154673535805,9.167863862009876,9.073137673134251,8.888406845949275,8.62795142092794,8.322897435715653,8.073455279804978,7.983217319518035,7.926910538815429,7.701844218502075,7.089313489278938,6.7987013746666936,7.679902686984609
-7.546000009948646,8.416836140739532,7.986277721244208,5.994315159281878,7.945639941384438,8.72738821934596,9.099554938950499,9.266841023922321,9.285946509582505,9.179053438723445,8.956550580223142,8.625734154453623,8.19474575892083,7.661297106838305,6.99091731161077,6.752593721356646,7.311669506430023,7.680388084135345,7.855426318218197,7.896035315737688,7.844039722805528,7.756784548659247,7.77765353373187,8.017493492474179,8.319099141100583,8.541149121675595,8.647852433688904,8.635573648954797,8.503423483145689,8.246837504308711,7.876151703967251,7.567764705209847,7.664786822050209,7.892061969359366,8.017316441290388,8.033492525390121,7.978695125808385,7.8947297365509845,7.780884565053082,7.573494661362281,7.287910428108408,7.501576005707824,8.02024612795732,8.363624847459077,8.51465860231769,8.477202685664418,8.20263570134315,7.481755242178932,7.204552664811753,8.172883412169075,8.601596462281739,8.778742245403338,8.777993041292111,8.595140228349015,8.131514111242444,6.775391080747326,7.697519080733155,8.469423297783989,8.803001251538735,8.926382716500191,8.890006375316373,8.68965369609589,8.260898120954208,7.345927367402823,7.2997083166872985,8.14745040287645,8.536129407004683,8.74903971752582,8.87913657719199,8.964703699822712,9.016010324270443,9.028088660132942,8.992745796512933,8.907178675763562,8.778632777542114,8.624621309509017,8.464844092999666,8.312839505800815,8.203155081994588,8.23299670724594,8.428246299593317,8.659682691392607,8.832822887665241,8.923194230413896,8.934496329354571,8.88113313079846,8.782291573954966,8.651102025173651,8.469419030212103,8.148568864791024,7.461860310876748,7.665531294509475,8.533651149243019,8.992697521667557,9.221546889136096,9.284079284403482,9.209562858078623,9.030532567503531,8.821585561959552,8.701803942293045,8.7150813998392,8.816662465153565,8.956534881654777,9.071666967269584,9.107857446164198,9.034797522211354,8.834904544897476,8.493047787525004,8.005175944739483,7.471123212493329,7.193839165273305,7.093026007307701,6.965225216365645,6.899891879861914,6.949282069792661,7.031307322799255,7.103427809831383,7.146299363953175,7.12878403884614,7.007621958510736,6.696957399135531,6.286999760676801,7.0083407930329935,7.69812630549874,8.128394834287487,8.382706389408401,8.503595015305924,8.524937144622992,8.505014398380801,8.539535656543677,8.670024139293513,8.828939902282752,8.959185389583626,9.064229756844671,9.17590631717166,9.303882115966067,9.417269669411912,9.476248001280156,9.456095523692392,9.349705121417873,9.17234419534961,8.977261809429296,8.837571544464064,8.752203584844107,8.653132761565548,8.51719686614347,8.402639903557883,8.37575559528692,8.396572320072243,8.389224960045146,8.327569248262385,8.227927462098323,8.13240402910093,8.093054082653454,8.146007328378381,8.28809827362808,8.477794571678006,8.664498727756987,8.813359441472965,8.907685837006282,8.942552741722505,8.919872608028873,8.846258579983415,8.732560859076258,8.593860445127198,8.449175013069551,8.320430061280234,8.225255562554834,8.156556174623896,8.072302196975379,7.920485762695409,7.67744703957482,7.401987386791472,7.229481750328075,7.16208356789447,7.255804934801107,7.551859677988658,7.772670225549373,7.762645607651345,7.507974281467869,7.629441131985531,8.225695332187703,8.626508171253366,8.83029350362986,8.884972175518831,8.818960694722623,8.647396000315016,8.379115466945585,8.049850069206654,7.82034809242848,7.8148566968424715,7.808221000319346,7.61254842144625,7.279483470966202,7.561783217274755,8.064268385261952
-7.631750010061699,8.139107352474612,7.555907980462156,7.645849975813483,8.510687017026665,9.008845285942607,9.288139079825017,9.414936734105012,9.417458633039121,9.310121108052476,9.10273474357304,8.805873046205814,8.433741737800165,7.99981391906642,7.5368581717568235,7.347122806353687,7.629263832126203,7.90812951916205,8.054542809467026,8.0912672385151,8.052938092161451,7.9786973297103465,7.962963305083752,8.133291207145474,8.405724608305817,8.622728271627205,8.727059013496518,8.708281568254828,8.563041268396354,8.283082409163454,7.863708337129568,7.464147675699678,7.58268690161188,7.894526207490417,8.099474948742785,8.196545061145173,8.218403904648671,8.202334566116608,8.176565073372094,8.139186195414931,8.076885194338612,8.029949798028907,8.091166892668808,8.22284878749777,8.277152543947599,8.146839287120427,7.806480990154542,7.929702142205095,8.525688431856393,8.919846652472128,9.123714504381418,9.178902883062431,9.100336376517529,8.875879789059505,8.44398703570174,7.635192730611461,7.681377589043405,8.376404742358481,8.697358277435061,8.80189322160608,8.739265663682552,8.507119496558682,8.071245237681092,7.612003449087214,7.953844435175616,8.393409153985173,8.678751826122102,8.873301248002003,9.016210009532077,9.119029561964515,9.178125553574345,9.185851541140389,9.137075964481461,9.031890593600055,8.87637086295213,8.681547956369164,8.461389598115973,8.241607763064934,8.106945818323625,8.192742238696932,8.44167788921597,8.687090262102,8.856812109853895,8.93615442426216,8.927042531094989,8.835712652716188,8.667578144546702,8.421111108111255,8.071179327426005,7.486498305523626,6.104813892758851,7.7164696589883,8.48470740837072,8.916940077067592,9.15681180582152,9.250857673966097,9.227670821087775,9.12545037794778,9.008138319511549,8.935903554355328,8.908123258694665,8.903593940713781,8.930186736234834,8.979079144457454,9.000290609276709,8.944078147590059,8.780388960931756,8.490211326028007,8.057817825445653,7.479206597326048,6.8250270678333695,6.392286055001825,6.457883323113957,6.679683776798798,6.754337084292229,6.6633971745323555,6.688951821982711,7.026432244180669,7.319782398069656,7.419068649055815,7.257681067711733,6.585846841189992,6.572595995046822,7.661739530072832,8.193953329207446,8.485465462539917,8.620885794070391,8.631640212125223,8.539361254020537,8.401474790215266,8.36787684121936,8.519023485560707,8.726485480450513,8.914783051953963,9.09548590561199,9.277109029347667,9.432082241677195,9.523331694200754,9.526750697303948,9.434051936341813,9.260687925130984,9.075761755265432,8.988673069954524,8.989318174435132,8.965485733586016,8.857657325315545,8.668615096150976,8.45360468898128,8.302533003721296,8.236199895486672,8.190331829058639,8.131388625221541,8.078582665886556,8.056663951406389,8.072630887113613,8.149860400180053,8.31751019367987,8.538454210860191,8.742146393233826,8.889004770156912,8.96946757766271,8.987609604923648,8.952342923729226,8.873233209610058,8.757799409172843,8.610230064972402,8.43395035239095,8.240928077475685,8.060811398971737,7.919573901134156,7.795281902579664,7.641950191932872,7.457679091518668,7.292755924801645,7.186339558831092,7.234705540453209,7.501273633245377,7.754249930033837,7.824355804706289,7.611009868392869,6.7996835312411195,6.821354228904538,7.82521380219645,8.227975779120815,8.37347713478436,8.345714436520213,8.173200311507763,7.879075437595744,7.597086063156932,7.618360918704607,7.7767694242073695,7.8082982292145156,7.671607496730346,7.565623944431708,7.855022492476385,8.221098267157613
-7.717500010174752,8.03665456002115,7.879020218579374,8.317951833663003,8.829215681851222,9.185326473102842,9.399907953731722,9.494302739853875,9.482461290292518,9.374312808459667,9.17916996192646,8.908946060195637,8.580591819183644,8.217531351260943,7.878443127467165,7.751510878047779,7.90279807998527,8.084644112084709,8.180256415861184,8.193083546667125,8.153612444475518,8.088758719129956,8.05646569056963,8.178407287546179,8.428961361902624,8.648471366199022,8.760037901073254,8.746540670883617,8.603200181738972,8.323100165739127,7.910372006610573,7.535043382454794,7.625879707606535,7.908674676754837,8.117244318944309,8.239005413970503,8.29705282853982,8.327795583796997,8.370130793476562,8.426769146715055,8.459257945271808,8.434391499452717,8.355630300424663,8.255406201075113,8.13824938826686,7.992098577685928,8.100185169684215,8.593719292326366,9.035802444671011,9.322277852943158,9.46811718292141,9.490100355615938,9.395538338648171,9.178946409949953,8.810500371118225,8.203173942510094,7.455173467159219,7.974720821871801,8.390433418210701,8.540056441040928,8.50984945036275,8.3386445984359,8.101161817594097,8.03581882371553,8.24858008294055,8.512899157314898,8.736011099997075,8.918207268669592,9.064089791498944,9.169619757761975,9.227193529306971,9.230135856749989,9.174195250249982,9.057482893460836,8.879779351231965,8.641732699338625,8.346787370729473,8.024111921101897,7.835374509537501,8.00928038278793,8.341651948957626,8.618139092628974,8.792434605645699,8.862809470057835,8.836956176740241,8.725612742256816,8.535762730376769,8.256002186013458,7.8389773462031025,7.249438824551138,7.2972630004784245,7.94907367487638,8.449187732983566,8.809727143995286,9.049423604038324,9.179179415423429,9.216155577176833,9.189812911825461,9.138366945953354,9.084531996656589,9.017468059549023,8.92215784180162,8.824724096879486,8.785248812232958,8.80396763044996,8.807120635293263,8.736957446300305,8.575429638083692,8.334165999692745,8.060355250317155,7.845814199460711,7.774755852766546,7.822572506233164,7.881910953466806,7.857873188762959,7.681645334812557,7.281708652165125,6.7727440531849155,7.040275761607613,7.320486802347911,7.199601335096267,6.188502614819836,6.868426397035022,7.882524170060284,8.347605868963246,8.581978988084485,8.668687043184484,8.642660436278645,8.516993008406525,8.293342735021927,8.029890634454413,8.026503040254767,8.339810893187138,8.664521265395646,8.944531505189337,9.19531359273342,9.40182907314474,9.5337284725993,9.568650655846428,9.496913048708066,9.330450709122918,9.143896508857742,9.08194794373049,9.138154336108451,9.16419816383657,9.0835644454879,8.87666563572602,8.546199855339289,8.150038892096738,7.885340313054328,7.847833853157377,7.872887113341992,7.900427405054587,7.922820000667965,7.903224474284587,7.857027774228853,7.958583560732866,8.271770779949176,8.593509431169425,8.825991036134413,8.964552442094458,9.024623228812485,9.02365210052013,8.977059141069681,8.895715071995587,8.783805497277786,8.638493708953,8.453244922090624,8.227351616333316,7.984023701019859,7.7824450500974365,7.670707578808746,7.622491877522613,7.581511520203153,7.516736925833819,7.467599312529132,7.5629736126602705,7.779215153933012,7.9409109755102545,7.952779780779442,7.767382614730015,7.337517398538725,6.938186162900821,7.271509896027437,7.525190971336912,7.52675763072007,7.345177565454556,7.208394926551746,7.401552513403745,7.658903953957198,7.7859255765131925,7.7561925859833325,7.603992451057562,7.571476740546378,7.865873421036931,8.175634054609398
-7.803250010287805,8.006077355977581,8.16382834234625,8.590971521256975,8.983541504782554,9.266310436708617,9.439003312914629,9.510256078214105,9.488674257539634,9.38275070766932,9.202215523772818,8.960016821981496,8.674689957122743,8.374657034214792,8.11836864607661,8.01383849276271,8.076624250890493,8.166926838652389,8.1951808243533,8.160527792581656,8.100160454326677,8.039864053012737,8.013313937980927,8.129208178636548,8.383715754410293,8.616599833931144,8.742082657695923,8.741041849727884,8.60968002529904,8.345648675527954,7.970006733138122,7.660188787279529,7.708926271738708,7.913265307866679,8.079307891579244,8.184979306364001,8.24233256983932,8.291671146291346,8.39027266706782,8.533917245778754,8.652446901039706,8.691472307895303,8.63623950765937,8.505052635556575,8.352275187175964,8.301341797005342,8.522467239017306,8.911211031046872,9.257557430625788,9.494273558497309,9.616047625130049,9.62897383540843,9.538400977201825,9.34462703036664,9.036067012377599,8.570159986548251,7.809083303782805,6.928443647036685,7.721736990999691,8.1019258072514,8.232392150910524,8.239914254718649,8.20941146239931,8.226647831189304,8.337815126661738,8.514261607433742,8.705334962914526,8.879461177043096,9.02125371547543,9.122404383722564,9.176976234887974,9.17925403904931,9.122531129476068,8.99804317928994,8.79364780954378,8.492140735648597,8.069341269429346,7.506271533284391,7.115230021124716,7.572334126841324,8.0822400885969,8.42754744335885,8.621958321351027,8.683022461547528,8.633227509604177,8.514723129026232,8.390080398496416,8.288224686497655,8.175230204584015,8.046092034823802,8.009673733338374,8.166746894768684,8.437452657592662,8.71678259270883,8.949038258047661,9.109707608428623,9.19638450073928,9.22146395076088,9.201873042595716,9.144224087174576,9.036053499183277,8.858686172357103,8.633831851888251,8.507838652775234,8.592489058441968,8.719388279714646,8.762544270394843,8.706453197075724,8.577740269203135,8.431231792481643,8.337832804473823,8.333190575147741,8.384577020246367,8.42861335643984,8.408648616598443,8.277767833839027,7.983471299727553,7.44872729346281,6.802189158188259,6.919138734679156,6.847119726697061,6.39572534378676,7.471701781163521,8.142817084972902,8.487277384668587,8.629992734979153,8.631553900460537,8.547270893352966,8.432956944903387,8.29183951704513,8.053268961885966,7.713663232135511,7.8026753389849075,8.294147012842831,8.717444072557392,9.061615596716218,9.33171052328942,9.508760291595442,9.575889924574406,9.524956347998936,9.365360577100704,9.171386434976164,9.116661811977417,9.209294797810566,9.272779096419008,9.221514252131813,9.032774286726985,8.689564055947715,8.164982722097143,7.497987259085586,7.253712645945343,7.445569092736017,7.591018210110114,7.660299947440148,7.5975315374746115,7.306762673334568,7.135167779274156,7.82389418149097,8.376471768372632,8.71888423351065,8.920582435435064,9.023849890146993,9.057346712108552,9.042712633810837,8.995082064725091,8.921019728625195,8.816774237709032,8.669357702076143,8.46259625578787,8.194222693766381,7.924426296614249,7.805600591638159,7.851924563846657,7.907455295650698,7.894909630825139,7.8189744523139915,7.761416123268527,7.842767607402086,8.013652042096087,8.13516764009096,8.144200033491268,8.024527241683748,7.770524802310519,7.365348856462091,6.713138482454949,5.64202264236405,6.639734922742981,7.244301118343225,7.5398852570629025,7.657724603385469,7.634884252997161,7.469493763760736,7.190689938291551,7.188205210338076,7.590243905947441,7.907874001755166
-7.889000010400857,7.931840095541514,8.266403575476966,8.679049886701346,9.020993634156698,9.265720291663474,9.41377809760991,9.471216871228556,9.445945507143021,9.347333288336662,9.186526187115762,8.977226557178954,8.737295636862152,8.492232865822238,8.28367592170911,8.167154658652166,8.146551966406209,8.140643729426877,8.075929093057617,7.945185438990382,7.8069588917420845,7.722925567612189,7.731110940832171,7.932451985732944,8.258856245931389,8.5280679242963,8.673126019064489,8.68561719216896,8.566459416185635,8.318878284831378,7.979875318510095,7.731468581240138,7.76343178005544,7.89525248993278,7.9930478354713275,8.042959831829466,8.056382901741475,8.097741578229808,8.268508545125426,8.521673494394083,8.72869398603782,8.832454724014275,8.827858980328378,8.737873313252694,8.621437386158929,8.58812166510581,8.736860021203796,9.0135577654994,9.287772179641882,9.488583171676224,9.595707604177298,9.608324864655199,9.531563198083326,9.371083407639157,9.127960055133016,8.78868261516956,8.300405060289647,7.464033000016089,6.078295675528027,7.531638313626733,7.990168442689261,8.175455936950291,8.225706835688424,8.224333091503233,8.268389757750326,8.40759602993211,8.593215039344177,8.766967490693872,8.906488795091963,9.007001652020383,9.064983660995503,9.072530632813692,9.01637334060673,8.87693760304116,8.624062558853991,8.203018749539504,7.478159450860497,5.683264872078465,6.542094269473721,7.1856150849570755,7.685937042445683,8.08643401435705,8.30937015727198,8.35258561753055,8.254454091794743,8.162993616245734,8.271140953526315,8.450638259725103,8.543163152400528,8.53367097130102,8.473266495124102,8.450596643547161,8.536812975677204,8.714657362807838,8.912659867896648,9.074952900126139,9.177338735967183,9.216414710213607,9.196301579839366,9.116094251741162,8.960401256097104,8.701764724790111,8.359445647337619,8.250076533403714,8.516375862893465,8.746986559319241,8.83970806409413,8.816677963440851,8.720682501153082,8.614282504303834,8.563050899336739,8.5843998198149,8.64159561956101,8.686223767351525,8.676825560362094,8.57702538357841,8.348782568627291,7.944624869796259,7.343219289041998,6.909437805451695,6.869925038219675,7.107172379918002,7.789335404095344,8.285114344049688,8.541659971715948,8.5990191235682,8.492599152991948,8.320567421512974,8.289496627593058,8.36981460350702,8.345660016365594,8.123846466863444,7.769499713837307,7.911149081647162,8.44818737975862,8.903769658376548,9.242401562517719,9.46064879815135,9.553362834229175,9.517558225773536,9.36160404486588,9.15523694743193,9.093102757871259,9.2093917536065,9.305216336901761,9.286921010206399,9.135565410169331,8.838887185747168,8.36514857867298,7.628323837776543,6.559443958371736,6.782676178949693,7.081897224054718,7.142490818075216,7.062096760111899,6.728459476543362,6.473713419670508,7.45219085119441,8.116015472556537,8.530195201631075,8.790887575475903,8.946200137075131,9.027063274513239,9.056567820826771,9.050974561442624,9.017143402434185,8.950272304458975,8.835464914022431,8.654201356661371,8.399784774939919,8.126397829751882,8.005061408350683,8.076527738753326,8.16374433602435,8.177890846234748,8.113325552829009,8.008646225998197,7.963067628001175,8.045711163196987,8.166992334582378,8.22067360257013,8.161075268312452,7.9626365762068065,7.575584027464675,6.825934583327297,5.836708565252236,6.937375630039202,7.343806757476252,7.459004653292289,7.407089079596346,7.243373616422396,6.956064103472658,6.3286721025967845,5.295890483892448,6.805202964564438,7.33566019106236
-7.97475001051391,7.822866128358576,8.247391448410221,8.648071743718896,8.967244749290105,9.194864652511077,9.332140030095449,9.385162434649557,9.363200545242169,9.277912946391723,9.142335975562878,8.969728228550782,8.773499430667178,8.56905943261656,8.377289108697498,8.223887066830997,8.11507918940436,8.00680667999215,7.828682565902214,7.531937260334112,7.143501167416554,6.894931244763097,7.127028501035096,7.6504234717882404,8.110538396563328,8.417613795952878,8.57377284536547,8.58969334873053,8.470888667642004,8.223957619430042,7.90200899141883,7.711554213519038,7.766125945603344,7.854616929379583,7.875946016402843,7.829404313557836,7.740794455799775,7.765934934654961,8.086286617656873,8.47388578308465,8.754106547465074,8.904576060146695,8.938922322630772,8.884025909325251,8.788676526015909,8.73147714340963,8.788117218784627,8.955808939389044,9.156790278633244,9.320756501956762,9.415283920308905,9.433295019406005,9.379921130873674,9.264807885361332,9.09533265110246,8.868458215749538,8.562478246521147,8.131822567240727,7.576327402658488,7.500107603409375,7.86700656958665,8.068374658638268,8.10148450297972,8.048761757482904,8.052254093725137,8.202652852688686,8.417884926852203,8.617301251098553,8.780227580354143,8.90214480064553,8.975480317398908,8.987742663571536,8.921193652537363,8.748024761155916,8.414069330625132,7.769013219966545,5.539982045170466,7.278449476087017,7.775224202924837,7.835316124644111,7.728569398553126,7.718959790087393,7.810615967071994,7.762258401548352,7.554920516336007,7.7669711169260465,8.272464631860883,8.60471196193979,8.76575042096569,8.805136561745087,8.773715725137194,8.731433296322889,8.739447075630665,8.824374409246174,8.955615149841924,9.079514786219935,9.158504404301683,9.176377890486728,9.127884287015949,9.006406710741684,8.792562593780147,8.4548927111999,8.082530531042055,8.213724791837352,8.585689824451823,8.814547900791181,8.895937448919453,8.865777058388248,8.7690427909978,8.66988219867544,8.629730684012847,8.656775847620384,8.714585524592893,8.762938591099216,8.765944227017679,8.689316846833412,8.498964842338442,8.16036966834142,7.6705857140368,7.256952993363956,7.196309701758674,7.392135520105344,7.8728682100227685,8.280140855465914,8.480646654196367,8.46182646061947,8.213964067024104,7.916338459484346,8.170611258056878,8.500212659664403,8.614865614438866,8.528838592223964,8.27691720020648,8.040666362792651,8.296612906594548,8.777013011632736,9.158017422267825,9.40160616893382,9.5088654111444,9.48121247063398,9.325434503836467,9.10136218537133,9.014686306929008,9.14368622569878,9.271655453909554,9.291273315275092,9.186504769731526,8.951764249499579,8.56591638464052,7.965709120704021,6.941420397038289,5.4035472084644836,6.011802921946412,5.642868763607183,6.938503133535795,7.562146126922506,7.840048904235341,7.9379752369877155,8.01840202395481,8.226111186554412,8.498270874545847,8.727205065956781,8.887161032006551,8.9886147797943,9.045385390716858,9.06264109158039,9.034382212498645,8.94723184189866,8.787910144256024,8.558288041607305,8.317172873476384,8.207506537870678,8.256148050040126,8.323874894878152,8.334278669654617,8.279258401571393,8.180050515239634,8.089029313261133,8.067502292496947,8.100417203003571,8.106233792023115,8.018698523264234,7.789514260493801,7.338098198351286,6.35342808375973,5.860801852122716,6.870141583017663,7.140873448302197,7.19492711629125,7.274321139962882,7.442851492869137,7.540716924447505,7.445521168294962,7.03835490077115,5.740178463079377,6.270826512411615
-8.060500010626964,7.69390008844324,8.130867442685924,8.518656101157486,8.83104840898208,9.057397642956685,9.196903976097934,9.255653814106392,9.244599612256849,9.177858458672604,9.069844014033928,8.931616301144683,8.769323741514782,8.586109814594991,8.385654215805364,8.176770669606684,7.97576715185204,7.7959318294199385,7.642154702326855,7.545386744375484,7.550095277478972,7.628114028944036,7.754462421259297,7.961248616511623,8.21125327538862,8.413070872950787,8.514085049948878,8.495134194648143,8.346613473803517,8.067003397884964,7.7256339359210155,7.596453185588704,7.711197318961097,7.788762992829632,7.745841127920405,7.578280956740055,7.340992008350879,7.497013054280095,8.053754225779684,8.50827488401149,8.803712642570046,8.962937669740224,9.007809157452574,8.961810826435086,8.860299798473617,8.758095926835628,8.716919507073756,8.764839323539489,8.872599295065656,8.985135784394485,9.062732886189593,9.091136152856155,9.07338419398942,9.018576156365034,8.93112208601179,8.803504090003587,8.615864669506962,8.343898336872734,7.9956522570509945,7.743179898742602,7.775347903686291,7.845828429183541,7.7932440880564124,7.6612024373863115,7.660764892372266,7.899827802517466,8.209423122811263,8.492304512727433,8.722179158922135,8.885574561128212,8.973873242132635,8.980080502038463,8.892795033320738,8.68681093882021,8.302186885171723,7.591161598170127,7.22544995547404,7.927333989073472,8.238444917285696,8.291768376922438,8.158486184330485,7.876477413759899,7.480654163592263,6.9987336837220155,7.193516520419946,7.920212298691141,8.410307206697347,8.704808061086641,8.86259970076571,8.926855339372246,8.936107913792103,8.927142033275928,8.932416915418438,8.972047328385916,9.040427021235443,9.107200673745513,9.138654678045944,9.11238349658952,9.01591372794612,8.838221539086605,8.562231256460976,8.19631303467301,8.033714408105277,8.3420889581982,8.656692094450605,8.8331698169178,8.88550543632858,8.842194823279883,8.743696748924394,8.648497674700053,8.607543020414129,8.625431444232971,8.675131813274314,8.724410329805147,8.736501547724256,8.672719516051824,8.497330192417166,8.18168873175541,7.750632127775988,7.450613991822262,7.415495513932039,7.478793206254988,7.789330875287393,8.135356625484647,8.291477182200286,8.1824999155856,7.683298607413758,7.438197646820003,8.262120610830792,8.68276355985121,8.840840502904857,8.820130564016184,8.66225816204593,8.431725587444818,8.384676483639028,8.71085612386118,9.0801013970462,9.330671185226754,9.444223366408632,9.421041476015823,9.264516058615122,9.018529902920141,8.885622047443883,9.015432875665505,9.179742180350068,9.243440161475913,9.188844780117964,9.013287008108522,8.700417337153677,8.202678440737166,7.392394881821283,5.922335632819873,6.275581363295292,6.995822729077007,7.690888885917223,8.144361253515132,8.370718186331766,8.402870890311725,8.25438082548071,7.974921520684781,7.902374018091091,8.228119920794175,8.556694254361068,8.790939181178025,8.947476922518572,9.036381380761835,9.055242977609966,8.99717170192318,8.859316243198457,8.658297177229876,8.461876563108655,8.374973357644219,8.392827529349837,8.417875494008369,8.400319976821278,8.339096059726323,8.25124512305103,8.157912379566854,8.071109774519877,7.977481403438077,7.838605513386696,7.603344974643559,7.197032276930207,6.423777344842608,5.453539457952955,6.553322219310276,6.98141951060194,7.249076628990847,7.552066746257825,7.856640809509024,8.068078856197694,8.14203498905859,8.054806811816881,7.766253061520847,7.165104026635155,6.225367730604337
-8.146250010740015,7.481961419138045,7.892980943023497,8.277321851979293,8.601428014281609,8.84505215968595,9.003082022183342,9.08048822978916,9.088682523627918,9.042815420653142,8.957578679981708,8.841676330745468,8.694937081708412,8.510078515146615,8.276170027321067,7.987489557526308,7.694246638238821,7.61067965925002,7.812728330503234,8.061275008554736,8.250318840862839,8.375236212946042,8.455405042182237,8.51529339141484,8.567113224821883,8.597228593190057,8.5746644898288,8.466669237444831,8.24237449585282,7.875380982683167,7.434760480004748,7.357388935457157,7.5606449502542326,7.645756662648669,7.5546357660547265,7.265401651152709,6.991747427914488,7.5875185564185985,8.214651580481695,8.635520184120507,8.898391558364436,9.033721790680007,9.059847413938016,8.99333178770722,8.858016286571557,8.693082549533493,8.54933721171333,8.463888059037812,8.440897149407023,8.461235841971712,8.499601831088967,8.538461914573569,8.571709390881516,8.59570768345033,8.599285435148978,8.562324704944634,8.461113570130387,8.276193105483271,8.008705408265252,7.7191194032391905,7.513700083044645,7.3546371331774925,7.101575354312244,6.780199096116542,6.897153898263573,7.449312990750322,7.984141074119384,8.407255691008405,8.710225288891731,8.901635375712207,8.992501170270183,8.990581513121239,8.896969079563501,8.702418025637396,8.386836738276738,7.976775584375716,7.866749507122431,8.175604386251283,8.414516866079346,8.494847199567467,8.425401482879076,8.208827015766175,7.8623601548124595,7.643297952673279,7.934755671563981,8.311739041424735,8.583457246678519,8.76037670238956,8.870562162570872,8.94091639930526,8.991627277881047,9.03269333793553,9.068285658726507,9.10145078370693,9.130074068033487,9.141606156115975,9.116900270198032,9.038020503975696,8.89162941350627,8.669694408329933,8.384123042104784,8.151872019980308,8.214145608688623,8.460504121815761,8.666434309359385,8.778421687093298,8.801071867545684,8.755261147670685,8.676171881887681,8.607005826712827,8.575321146267358,8.58216529790247,8.616380665749588,8.654987909053348,8.65883027265852,8.584732902414212,8.396756531315674,8.081550218201583,7.741462863081714,7.640899224629752,7.651085568438064,7.5894530990406865,7.660854139469304,7.892457136385961,7.974823090648499,7.693785369132079,6.267366990218177,7.744732254248927,8.523266786379311,8.883272707734433,9.031616976390353,9.033434384362163,8.919355307792578,8.716871508814018,8.54072760968056,8.663584446372798,8.981755310097038,9.233124113599283,9.3536175286086,9.33694138146092,9.181929825703591,8.91164571893822,8.70602731397963,8.822679824762634,9.033911924348693,9.148840902361611,9.143655960588175,9.018091892767455,8.759911110559115,8.331973777174206,7.645643804222428,6.75280883401912,7.205268382819194,7.7578136500493144,8.179726213512069,8.480082675002619,8.640683852847253,8.65499904047865,8.511828509297498,8.170581970251504,7.472597224269015,6.586402376280547,7.783742558021732,8.367430864739617,8.709999404628185,8.909589811388203,8.993194032494804,8.971857139682246,8.85872018658828,8.688921189394648,8.542010222403803,8.4924039210659,8.505976965449069,8.508653447066584,8.472412520182328,8.402355774236701,8.309308167607982,8.192752280465927,8.034032041872285,7.796711939093374,7.421557293041237,6.787182577300067,5.774994412533635,6.37982669432354,6.847202870230917,7.083477361937336,7.338208729877393,7.689656958983227,8.034652505767932,8.290907398030068,8.43313827312711,8.45400270887391,8.344864665380602,8.085391422386001,7.625339014048125,6.837676929431002
-8.232000010853069,7.1030149849218525,7.475853984219648,7.873823467480555,8.241392708996383,8.535675666574347,8.740452855379118,8.856766496645763,8.894311387047994,8.867096525642948,8.789656942687879,8.671339951958805,8.510397140473138,8.290923792872698,7.980151883680545,7.533434837395352,7.170053320227682,7.579703085697038,8.061126182422507,8.392341787513807,8.614437946699061,8.758970047713158,8.845062355489247,8.884083279963802,8.879952891151023,8.827800966743215,8.713392293872577,8.512677144943865,8.187218398379814,7.669100993515697,6.910392097540371,6.867566864805401,7.227510341774165,7.301753132528606,7.120358630532667,6.623460532061906,6.8667252982416125,7.779838843464994,8.370067837383848,8.752332282459223,8.983793972046735,9.089852868920254,9.08426143672657,8.977981125691631,8.787356709855105,8.544917458283736,8.302042282124978,8.097056249664272,7.9235899222687465,7.7703470886179185,7.666105066420939,7.655116108652378,7.735360345781543,7.857660918355953,7.969159356081932,8.030578436271389,8.01458860744665,7.901557547690361,7.6734120957778105,7.296837747547244,6.6582286318042705,5.251882878203581,6.0613522982891235,6.392684843287733,5.563738123000681,6.534936125797311,7.67998919350958,8.27044304257451,8.623103548304275,8.824539199717096,8.915259810021235,8.919806511008117,8.854002257431471,8.726167520274192,8.541117592285037,8.324302136495254,8.18403084750202,8.246199167268138,8.40531655317281,8.510527761202049,8.506244244405865,8.380164880086623,8.175010023042184,8.112597770984683,8.330926311647131,8.57640563818662,8.730806696952616,8.805193790362607,8.84572673576658,8.902110847399797,8.990395847838515,9.087232058585231,9.164612476029466,9.207854057558635,9.211086391774325,9.17089036849569,9.084419513028845,8.950450364819146,8.772649993846038,8.56924549649094,8.395268340349453,8.3401292513078,8.418623922315232,8.541042048112157,8.63455719793015,8.674938285031823,8.667293578968165,8.635491690289824,8.609526888263108,8.603605500596123,8.611485939582717,8.62610311546151,8.644739347028235,8.652363124895741,8.616035714489238,8.498736682528968,8.278189553595048,8.001476608845744,7.8787188156817995,7.947223232231993,7.96164939507004,7.845096266623143,7.715013736618015,7.706047592057084,7.600382874760246,6.8875917490950656,7.016796607475309,8.224286066390688,8.76583152882716,9.04979148695634,9.172974554391102,9.175772150889237,9.07707785017756,8.885039311393987,8.643050312137628,8.582150896816886,8.829994409915344,9.090179817039077,9.227276093861319,9.223998879010312,9.074594172343765,8.77806277872832,8.464344513557867,8.55055215711687,8.833732087795061,9.008581681366511,9.047600009656655,8.95850422267892,8.735733657308282,8.349290091776917,7.725020669578996,7.099049139689878,7.644432658158009,8.132782356369884,8.447607637463362,8.643151749557637,8.732025468439083,8.720402213485837,8.621121655024528,8.45444052017547,8.222461984219258,7.843036349709521,7.063366362728434,7.43746715888275,8.237338803266665,8.639379236210589,8.822817587615395,8.853371019849755,8.771931330154043,8.63787577715373,8.54716731590977,8.552382287076776,8.599297468567894,8.628878833165833,8.622937783400644,8.576196909506216,8.475456282275013,8.294379176621694,7.989593862136292,7.489033651805876,6.862525031991339,7.1147502565093355,7.48409007394665,7.599340026846584,7.517136418241497,7.344382938333723,7.470878212237141,7.899535856604154,8.259264607916554,8.483221938592715,8.582620279201587,8.56990168205889,8.45347509260447,8.238931054735852,7.9279857012983985,7.5123830868560155
-8.31775001096612,6.898702507435092,7.09660322114533,7.290219349147223,7.672851561060363,8.090431448758483,8.403036558172758,8.592994736020886,8.672928853776535,8.658459412487442,8.564529852713886,8.403090066532386,8.175092292045539,7.853068507589585,7.333663039210166,6.072663997970399,6.764434818408792,7.694425004715477,8.19892282563727,8.540285630151514,8.781763513634655,8.946731909736345,9.046304948243975,9.086016967845318,9.066824669266792,8.984045013231697,8.825045148968334,8.564497770566131,8.150708545597427,7.447426136097386,5.5752860230358765,6.539725868869894,6.944843402334824,6.774179926855051,6.136114128725866,6.27606903444487,7.237537239975923,7.932413596525922,8.44140792674691,8.792315345468674,9.00282061285668,9.085114545588718,9.04637625583597,8.891484243363442,8.630813222224056,8.300594732901653,7.9852542144782745,7.749138593419265,7.536405269038388,7.273716854537441,6.951779475562666,6.5946470966989414,6.189257682453136,5.685323899755155,5.824008080440815,6.446891773087588,6.796156502773194,6.861788986575165,6.569912765874257,5.70580762774503,6.696694375261797,7.380077983983333,7.679823468813952,7.713980125113041,7.443104424650851,6.584425647008848,7.087645255618796,7.911169593995059,8.316933483731187,8.531354650763047,8.641369552563141,8.696591227396977,8.721029643633582,8.712976797759014,8.657031960553526,8.541408219901356,8.378104324694098,8.241753923775502,8.247221326797844,8.355366027752313,8.429771656318666,8.411461257345772,8.33892632293594,8.3647287886399,8.551177224008201,8.745560081843747,8.854351353516288,8.875205334111465,8.85645493175986,8.882103771535752,8.993706660924467,9.137652082885971,9.249372042028268,9.298711932776648,9.275944533033304,9.179930165561407,9.017930673248456,8.8150753085645,8.627361871987269,8.521212710242425,8.505732170522307,8.536953229829644,8.578480737472104,8.609659198424568,8.614856018348958,8.588246573349252,8.548177756195795,8.53863308769433,8.58646856496185,8.6642298027224,8.731025226414742,8.76937115163911,8.776121516756733,8.743670840238277,8.654282555084814,8.491542251516709,8.277908995210991,8.147363793061222,8.208124702178795,8.304345946311544,8.30391352143987,8.191548316019805,8.018080940880571,7.830069135843634,7.503439095639771,6.884718334279996,7.768716678551447,8.502010066724306,8.917402630932097,9.146382107014105,9.244452458327848,9.239865254974791,9.14495653483438,8.957431585043174,8.679930037711193,8.458371073122857,8.606059519008966,8.887259028607529,9.055392433001641,9.074663542845723,8.935432206914918,8.610085116289193,8.126921138936023,8.150263809737467,8.572477442102965,8.820002002062004,8.89404626278407,8.823786978822193,8.613209268663445,8.234006237969195,7.6047208236823085,7.210159115150608,7.864606372670529,8.305458195833472,8.546303254088345,8.648131657110497,8.642476844104374,8.575889703649924,8.53879025454497,8.586316532262819,8.637147392075681,8.578451364112313,8.31557280063877,7.6917342154293,7.366699750321239,8.137399611743229,8.499527094932622,8.611600648767517,8.575493435492504,8.488689402470317,8.469325337169808,8.546424798254442,8.651071236266164,8.737423025525427,8.78859212591592,8.784687801862898,8.694637548820895,8.471892824006513,8.01958602170383,6.939909152905477,6.956239084884902,7.858464523938572,8.15664636673434,8.197277789488496,8.035395655605965,7.663212234370196,7.378625707685907,7.8230641865993755,8.241462124246356,8.469253805680724,8.552973567294472,8.53173827428769,8.442680302138239,8.322132591893427,8.187762207025456,8.028717464046307
